,aptDong,aptNm,aptSeq,bonbun,bubun,buildYear,buyerGbn,cdealDay,cdealType,dealAmount,dealDay,dealMonth,dealYear,dealingGbn,estateAgentSggNm,excluUseAr,floor,jibun,landCd,landLeaseholdGbn,rgstDate,roadNm,roadNmBonbun,roadNmBubun,roadNmCd,roadNmSeq,roadNmSggCd,roadNmbCd,sggCd,slerGbn,umdCd,umdNm,dealAmount_clean,dealDate
0,105동,래미안신반포팰리스,11650-4439,158,0,2016,개인,,,"355,000",24,1,2025,중개거래,서울 서초구,84.49,17,158,1,N,25.05.07,잠원로8길,00035,00000,4163529,00,11650,0,11650,개인,10600,잠원동,355000.0,2025-01-24
1,6,임광,11650-341,1015,0,1985,개인,,,"264,500",5,1,2025,중개거래,서울 서초구,136.38,6,1015,1,N,25.04.14,방배로,00014,00000,3121010,01,11650,0,11650,개인,10100,방배동,264500.0,2025-01-05
2,202,서초힐스,11650-3821,773,0,2012,개인,,,"144,500",31,1,2025,중개거래,서울 서초구,74.95,6,773,1,N,25.04.30,양재대로2길,00090,00000,4163748,01,11650,0,11650,개인,10300,우면동,144500.0,2025-01-31
3,101,반포리체,11650-3617,30,26,2010,개인,,,"353,000",25,1,2025,중개거래,서울 서초구,84.967,16,30-26,1,N,25.03.31,고무래로,00035,00000,3121001,01,11650,0,11650,개인,10700,반포동,353000.0,2025-01-25
4,108,래미안방배아트힐(1008-2),11650-658,1008,2,2004,개인,,,"228,000",31,1,2025,중개거래,서울 서초구,127.61,2,1008-2,1,N,25.09.22,남부순환로,02311,00012,2000003,01,11650,0,11650,개인,10100,방배동,228000.0,2025-01-31
5,102,동아,11650-102,157,0,2002,개인,,,"260,000",25,1,2025,중개거래,서울 서초구,84.91,2,157,1,N,25.04.30,신반포로33길,00015,00000,4163453,01,11650,0,11650,개인,10600,잠원동,260000.0,2025-01-25
6,103,반포자이,11650-3500,20,43,2009,개인,,,"405,000",25,1,2025,중개거래,서울 서초구,84.998,3,20-43,1,N,25.05.30,신반포로,00270,00000,3121017,02,11650,0,11650,개인,10700,반포동,405000.0,2025-01-25
7,101,방배블레스밸리,11650-585,1019,3,2003,개인,,,"189,500",18,1,2025,중개거래,"서울 강남구, 서울 서초구",128.4,10,1019-3,1,N,25.03.14,효령로34길,00092,00000,4163634,01,11650,0,11650,개인,10100,방배동,189500.0,2025-01-18
8,105,동아,11650-102,157,0,2002,개인,,,"274,500",23,1,2025,중개거래,서울 서초구,84.91,7,157,1,N,25.06.30,신반포로33길,00015,00000,4163453,01,11650,0,11650,개인,10600,잠원동,274500.0,2025-01-23
9,104,방배아크로리버,11650-640,752,36,2004,개인,,,"190,000",24,1,2025,중개거래,서울 서초구,84.74,24,752-36,1,N,25.04.11,방배중앙로,00207,00010,3121011,01,11650,0,11650,개인,10100,방배동,190000.0,2025-01-24
10,2,아남,11650-54,1641,13,1989,개인,,,"169,000",25,1,2025,중개거래,서울 서초구,84.96,9,1641-13,1,N,25.04.18,사임당로23길,00053,00000,4163318,01,11650,0,11650,개인,10800,서초동,169000.0,2025-01-25
11,101,래미안서초스위트,11650-3515,1301,6,2009,개인,,,"215,000",22,1,2025,중개거래,서울 서초구,59.9958,3,1301-6,1,N,25.05.07,서운로,00221,00000,3121016,01,11650,0,11650,개인,10800,서초동,215000.0,2025-01-22
12,105,동아,11650-102,157,0,2002,개인,,,"263,500",26,1,2025,중개거래,서울 서초구,84.91,3,157,1,N,25.04.30,신반포로33길,00015,00000,4163453,01,11650,0,11650,개인,10600,잠원동,263500.0,2025-01-26
13,211,신반포4,11650-125,70,0,1979,개인,,,"390,000",24,1,2025,중개거래,서울 서초구,107.39,12,70,1,N,25.04.15,잠원로,00037,00048,3121019,01,11650,0,11650,개인,10600,잠원동,390000.0,2025-01-24
14,102,반포래미안아이파크,11650-4678,1341,0,2018,개인,,,"440,000",21,1,2025,중개거래,서울 서초구,112.95,4,1341,1,N,25.05.30,서초중앙로,00220,00000,3121024,02,11650,0,11650,개인,10700,반포동,440000.0,2025-01-21
15,106,서초호반써밋,11650-3963,753,0,2013,개인,,,"175,000",31,1,2025,중개거래,"경기 안산시 상록구, 서울 서초구",101.0482,7,753,1,N,25.08.22,양재대로2길,00109,00000,4163748,01,11650,0,11650,개인,10300,우면동,175000.0,2025-01-31
16,,방배블레스밸리,11650-585,1019,3,2003,개인,25.02.20,O,"189,500",18,1,2025,중개거래,"서울 강남구, 서울 서초구",128.4,10,1019-3,1,N,,효령로34길,00092,00000,4163634,01,11650,0,11650,개인,10100,방배동,189500.0,2025-01-18
17,107,방배1차현대홈타운,11650-290,1344,0,1999,개인,,,"167,000",25,1,2025,중개거래,서울 서초구,59.94,8,1344,1,N,25.04.15,서초대로1길,00030,00000,4163389,01,11650,0,11650,개인,10100,방배동,167000.0,2025-01-25
18,102,롯데캐슬클래식,11650-3300,1312,3,2006,개인,,,"268,000",27,1,2025,중개거래,서울 서초구,84.98,5,1312-3,1,N,25.04.30,서운로,00197,00000,3121016,00,11650,,11650,개인,10800,서초동,268000.0,2025-01-27
19,103,반포자이,11650-3500,20,43,2009,개인,,,"400,000",21,1,2025,중개거래,서울 서초구,84.943,19,20-43,1,N,25.03.27,신반포로,00270,00000,3121017,02,11650,0,11650,개인,10700,반포동,400000.0,2025-01-21
20,101,신반포청구,11650-141,63,2,1998,개인,,,"228,000",23,1,2025,중개거래,서울 서초구,59.91,18,63-2,1,N,25.03.24,신반포로33길,00066,00000,4163453,01,11650,0,11650,개인,10600,잠원동,228000.0,2025-01-23
21,307,반포미도,11650-172,60,4,1987,개인,,,"299,500",22,1,2025,중개거래,"서울 마포구, 서울 서초구",84.96,10,60-4,1,N,25.04.29,서초중앙로29길,00028,00000,4163713,01,11650,0,11650,개인,10700,반포동,299500.0,2025-01-22
22,3,진흥아파트,11650-66,1315,0,1979,개인,,,"256,000",25,1,2025,중개거래,서울 서초구,101.32,5,1315,1,N,25.04.15,서초대로,00385,00000,2121002,02,11650,0,11650,개인,10800,서초동,256000.0,2025-01-25
23,101동,방배아트자이,11650-4706,3278,0,2018,개인,,,"285,000",25,1,2025,중개거래,서울 서초구,126.6226,1,3278,1,N,25.04.30,명달로9길,00057,00000,4163195,00,11650,0,11650,개인,10100,방배동,285000.0,2025-01-25
24,203,서초힐스,11650-3821,773,0,2012,개인,,,"130,000",25,1,2025,중개거래,서울 서초구,59.91,10,773,1,N,25.05.08,양재대로2길,00090,00000,4163748,01,11650,0,11650,개인,10300,우면동,130000.0,2025-01-25
25,101,반포자이,11650-3500,20,43,2009,개인,,,"400,000",23,1,2025,중개거래,서울 서초구,84.943,23,20-43,1,N,25.05.15,신반포로,00270,00000,3121017,02,11650,0,11650,개인,10700,반포동,400000.0,2025-01-23
26,101동,서초센트럴IPARK,11650-4827,1582,3,2020,개인,,,"173,000",22,1,2025,중개거래,"서울 동대문구, 서울 서초구",80.5154,25,1582-3,1,N,25.06.30,반포대로18길,00036,00000,4163228,00,11650,0,11650,개인,10800,서초동,173000.0,2025-01-22
27,102,현대,11650-152,53,0,1993,개인,,,"205,000",25,1,2025,중개거래,서울 서초구,84.87,2,53,1,N,25.04.30,잠원로12길,00004,00000,4163525,01,11650,0,11650,개인,10600,잠원동,205000.0,2025-01-25
28,143,반포자이,11650-3500,20,43,2009,개인,,,"380,000",27,1,2025,중개거래,"서울 서초구, 서울 은평구",84.982,18,20-43,1,N,25.05.29,신반포로,00270,00000,3121017,02,11650,0,11650,개인,10700,반포동,380000.0,2025-01-27
29,109,서리풀e편한세상,11650-3573,906,13,2010,개인,,,"187,000",23,1,2025,중개거래,"서울 강남구, 서울 서초구",59.97,4,906-13,1,N,25.05.30,효령로33길,00050,00000,4163633,01,11650,0,11650,개인,10100,방배동,187000.0,2025-01-23
30,104,서초푸르지오써밋,11650-4550,1311,10,2017,개인,,,"279,000",22,1,2025,중개거래,서울 서초구,74.96,13,1311-10,1,N,25.04.14,서운로,00201,00000,3121016,01,11650,0,11650,개인,10800,서초동,279000.0,2025-01-22
31,115,래미안퍼스티지,11650-3559,18,1,2009,개인,,,"559,000",21,1,2025,중개거래,서울 서초구,117.12,5,18-1,1,N,25.05.20,반포대로,00275,00000,2121003,02,11650,0,11650,개인,10700,반포동,559000.0,2025-01-21
32,,서초이오빌,11650-521,1593,7,2003,개인,,,"42,000",24,1,2025,중개거래,서울 서초구,45.96,23,1593-7,1,N,26.03.10,효령로53길,00045,00000,4163646,01,11650,0,11650,개인,10800,서초동,42000.0,2025-01-24
33,207,신반포4,11650-125,70,0,1979,개인,,,"360,000",26,1,2025,중개거래,"서울 광진구, 서울 서초구",100.11,6,70,1,N,25.05.02,잠원로,00037,00048,3121019,01,11650,0,11650,개인,10600,잠원동,360000.0,2025-01-26
34,브라운스톤잠원,브라운스톤잠원,11650-530,67,2,2003,개인,,,"230,000",20,1,2025,중개거래,서울 서초구,84.94,14,67-2,1,N,25.04.10,잠원로,00046,00038,3121019,01,11650,0,11650,개인,10600,잠원동,230000.0,2025-01-20
35,207,신반포4,11650-125,70,0,1979,개인,,,"369,000",25,1,2025,중개거래,서울 서초구,100.11,10,70,1,N,25.04.29,잠원로,00037,00048,3121019,01,11650,0,11650,개인,10600,잠원동,369000.0,2025-01-25
36,105동,래미안신반포팰리스,11650-4439,158,0,2016,개인,,,"355,000",24,1,2025,중개거래,서울 서초구,84.49,17,158,1,N,25.05.07,잠원로8길,00035,00000,4163529,00,11650,0,11650,개인,10600,잠원동,355000.0,2025-01-24
37,15,방배임광3차,11650-342,1010,1,1988,개인,,,"141,000",25,1,2025,중개거래,서울 서초구,65.85,3,1010-1,1,N,25.03.20,방배로2길,00024,00005,4163264,01,11650,0,11650,개인,10100,방배동,141000.0,2025-01-25
38,2,궁전,11650-160,65,1,1984,개인,,,"355,000",24,1,2025,중개거래,서울 서초구,205.22,9,65-1,1,N,25.06.24,사평대로,00142,00000,2121001,02,11650,0,11650,개인,10700,반포동,355000.0,2025-01-24
39,707,서초포레스타7단지,11650-3954,615,0,2013,개인,,,"103,000",17,1,2025,중개거래,서울 서초구,59.81,1,615,1,N,25.03.14,청계산로11길,00007,00012,4163752,01,11650,0,11650,개인,11100,신원동,103000.0,2025-01-17
40,205,신반포4,11650-125,70,0,1979,개인,,,"383,000",20,1,2025,중개거래,"서울 강동구, 서울 서초구",105.44,7,70,1,N,25.05.21,잠원로,00037,00048,3121019,01,11650,0,11650,개인,10600,잠원동,383000.0,2025-01-20
41,201,서초포레스타2단지,11650-4156,384,0,2015,개인,,,"153,000",25,1,2025,중개거래,서울 서초구,84.48,10,384,1,N,25.03.25,헌릉로8길,00045,00000,4163749,02,11650,0,11650,개인,10900,내곡동,153000.0,2025-01-25
42,B,중앙하이츠,11650-139,71,17,1998,개인,,,"211,000",24,1,2025,중개거래,서울 서초구,75.44,3,71-17,1,N,25.03.20,잠원로3길,00020,00000,4163527,01,11650,0,11650,개인,10600,잠원동,211000.0,2025-01-24
43,119,래미안퍼스티지,11650-3559,18,1,2009,개인,,,"670,000",25,1,2025,중개거래,서울 서초구,169.31,15,18-1,1,N,25.05.29,반포대로,00275,00000,2121003,02,11650,0,11650,개인,10700,반포동,670000.0,2025-01-25
44,102,동고,11650-480,59,0,1995,개인,,,"121,000",27,1,2025,중개거래,서울 서초구,84.96,9,59,1,N,25.05.19,바우뫼로7길,00029,00000,4163219,01,11650,0,11650,개인,10300,우면동,121000.0,2025-01-27
45,103동,반포써밋,11650-4703,1342,0,2018,개인,,,"331,500",24,1,2025,중개거래,"서울 강남구, 서울 서초구",84.4182,31,1342,1,N,25.03.07,고무래로,00089,00000,3121001,00,11650,0,11650,개인,10700,반포동,331500.0,2025-01-24
46,105,롯데캐슬아르떼,11650-4044,424,28,2013,개인,,,"255,000",25,1,2025,중개거래,서울 서초구,84.9145,8,424-28,1,N,25.04.25,방배천로18길,00011,00000,4163687,01,11650,0,11650,개인,10100,방배동,255000.0,2025-01-25
47,,서초이오빌,11650-521,1593,7,2003,개인,,,"39,500",22,1,2025,중개거래,서울 서초구,45.96,8,1593-7,1,N,25.02.14,효령로53길,00045,00000,4163646,01,11650,0,11650,개인,10800,서초동,39500.0,2025-01-22
48,111동,래미안 리더스원,11650-4887,1755,0,2020,개인,,,"318,000",22,1,2025,중개거래,서울 서초구,84.94,6,1755,1,N,25.02.26,서운로,00062,00000,3121016,00,11650,,11650,개인,10800,서초동,318000.0,2025-01-22
49,101,반포자이,11650-3500,20,43,2009,개인,,,"393,000",22,1,2025,중개거래,서울 서초구,84.943,14,20-43,1,N,25.05.30,신반포로,00270,00000,3121017,02,11650,0,11650,개인,10700,반포동,393000.0,2025-01-22
50,103동,반포써밋,11650-4703,1342,0,2018,개인,,,"325,000",15,1,2025,중개거래,서울 서초구,84.4182,10,1342,1,N,25.04.17,고무래로,00089,00000,3121001,00,11650,0,11650,개인,10700,반포동,325000.0,2025-01-15
51,,서초이오빌,11650-521,1593,7,2003,개인,,,"32,400",21,1,2025,중개거래,서울 서초구,36.66,19,1593-7,1,N,25.02.20,효령로53길,00045,00000,4163646,01,11650,0,11650,개인,10800,서초동,32400.0,2025-01-21
52,101,반포자이,11650-3500,20,43,2009,개인,,,"410,000",16,1,2025,중개거래,서울 서초구,84.943,27,20-43,1,N,25.04.30,신반포로,00270,00000,3121017,02,11650,0,11650,개인,10700,반포동,410000.0,2025-01-16
53,128,래미안퍼스티지,11650-3559,18,1,2009,개인,,,"412,000",21,1,2025,중개거래,서울 서초구,84.93,7,18-1,1,N,25.05.29,반포대로,00275,00000,2121003,02,11650,0,11650,개인,10700,반포동,412000.0,2025-01-21
54,,서초이오빌,11650-521,1593,7,2003,개인,,,"30,500",17,1,2025,중개거래,서울 서초구,36.66,12,1593-7,1,N,25.06.02,효령로53길,00045,00000,4163646,01,11650,0,11650,개인,10800,서초동,30500.0,2025-01-17
55,203,롯데캐슬갤럭시(50-1),11650-682,50,1,2004,개인,,,"288,000",17,1,2025,중개거래,서울 서초구,132.78,3,50-1,1,N,25.03.13,잠원로14길,00023,00000,4163526,01,11650,0,11650,개인,10600,잠원동,288000.0,2025-01-17
56,207,신반포4,11650-125,70,0,1979,개인,,,"354,000",31,1,2025,중개거래,서울 서초구,100.11,6,70,1,N,25.04.30,잠원로,00037,00048,3121019,01,11650,0,11650,개인,10600,잠원동,354000.0,2025-01-31
57,103,방배아크로리버,11650-640,752,36,2004,개인,,,"230,000",25,1,2025,중개거래,서울 서초구,149.225,10,752-36,1,N,25.04.29,방배중앙로,00207,00010,3121011,01,11650,0,11650,개인,10100,방배동,230000.0,2025-01-25
58,208,서초힐스,11650-3821,773,0,2012,개인,,,"150,500",14,1,2025,중개거래,서울 서초구,84.96,12,773,1,N,25.05.14,양재대로2길,00090,00000,4163748,01,11650,0,11650,개인,10300,우면동,150500.0,2025-01-14
59,505,서초3차e편한세상,11650-3224,1467,37,2005,개인,,,"248,000",18,1,2025,중개거래,"서울 강남구, 서울 서초구",158.24,15,1467-37,1,N,25.03.25,남부순환로,02343,00010,2000003,03,11650,0,11650,개인,10800,서초동,248000.0,2025-01-18
60,,대주피오레아파트,11650-157,31,14,2002,개인,,,"176,000",25,1,2025,중개거래,서울 서초구,125.48,9,31-14,1,N,25.04.30,강남대로95길,00056,00000,4163039,01,11650,0,11650,개인,10600,잠원동,176000.0,2025-01-25
61,105,방배1차현대홈타운,11650-290,1344,0,1999,개인,,,"228,000",17,1,2025,중개거래,서울 서초구,84.96,14,1344,1,N,25.04.30,서초대로1길,00030,00000,4163389,01,11650,0,11650,개인,10100,방배동,228000.0,2025-01-17
62,102,반포푸르지오,11650-176,10,0,2000,개인,,,"252,000",20,1,2025,중개거래,"서울 강남구, 서울 서초구",84.82,6,10,1,N,25.03.21,신반포로15길,00004,00000,4163450,01,11650,0,11650,개인,10700,반포동,252000.0,2025-01-20
63,102동,아크로리버뷰신반포,11650-4676,159,0,2018,개인,,,"455,000",21,1,2025,중개거래,서울 서초구,78.5,28,159,1,N,25.07.14,잠원로,00117,00000,3121019,00,11650,0,11650,개인,10600,잠원동,455000.0,2025-01-21
64,,한신타운,11650-149,60,4,1989,개인,,,"200,000",21,1,2025,중개거래,서울 서초구,63.94,10,60-4,1,N,25.04.18,나루터로4길,00070,00005,4163049,01,11650,0,11650,개인,10600,잠원동,200000.0,2025-01-21
65,111동,아크로리버파크,11650-4440,2,12,2016,개인,,,"500,000",26,1,2025,중개거래,서울 서초구,84.99,10,2-12,1,N,25.04.24,신반포로15길,00019,00000,4163450,00,11650,0,11650,개인,10700,반포동,500000.0,2025-01-26
66,22,삼풍아파트,11650-28,1685,0,1988,개인,,,"398,000",13,1,2025,중개거래,서울 서초구,163.81,7,1685,1,N,25.04.07,서초중앙로,00200,00000,3121024,03,11650,0,11650,개인,10800,서초동,398000.0,2025-01-13
67,105,래미안퍼스티지,11650-3559,18,1,2009,개인,,,"339,500",22,1,2025,중개거래,서울 서초구,59.96,30,18-1,1,N,25.05.02,반포대로,00275,00000,2121003,02,11650,0,11650,개인,10700,반포동,339500.0,2025-01-22
68,브라운스톤,브라운스톤서초(1677-1),11650-3278,1677,1,2006,개인,,,"133,000",16,1,2025,중개거래,서울 서초구,84.23,12,1677-1,1,N,25.03.31,서초대로,00334,00000,2121002,02,11650,0,11650,개인,10800,서초동,133000.0,2025-01-16
69,,엠브이아파트,11650-199,46,0,1994,개인,,,"191,000",31,1,2025,중개거래,서울 서초구,129.93,3,46,1,N,25.04.22,고무래로10길,00039,00000,4163042,01,11650,0,11650,개인,10700,반포동,191000.0,2025-01-31
70,105동,래미안신반포팰리스,11650-4439,158,0,2016,개인,,,"347,500",16,1,2025,중개거래,"서울 서초구, 서울 송파구",84.42,14,158,1,N,25.05.09,잠원로8길,00035,00000,4163529,00,11650,0,11650,개인,10600,잠원동,347500.0,2025-01-16
71,203,신반포4,11650-125,70,0,1979,개인,,,"387,000",24,1,2025,중개거래,서울 서초구,105.89,5,70,1,N,25.04.30,잠원로,00037,00048,3121019,01,11650,0,11650,개인,10600,잠원동,387000.0,2025-01-24
72,103,방배1차현대홈타운,11650-290,1344,0,1999,개인,,,"163,300",18,1,2025,중개거래,서울 서초구,59.94,7,1344,1,N,25.03.27,서초대로1길,00030,00000,4163389,01,11650,0,11650,개인,10100,방배동,163300.0,2025-01-18
73,,반포대우멤버스카운티,11650-499,111,11,2003,개인,,,"131,000",23,1,2025,중개거래,서울 서초구,98.67,5,111-11,1,N,25.03.20,사평대로16길,00014,00000,4163323,01,11650,0,11650,개인,10700,반포동,131000.0,2025-01-23
74,,대주피오레아파트,11650-157,31,14,2002,개인,,,"160,000",22,1,2025,중개거래,서울 서초구,126.69,2,31-14,1,N,25.06.09,강남대로95길,00056,00000,4163039,01,11650,0,11650,개인,10600,잠원동,160000.0,2025-01-22
75,201,방배래미안타워,11650-759,485,3,2005,개인,,,"204,000",22,1,2025,중개거래,"서울 서초구, 서울 성동구",134.36,21,485-3,1,N,25.04.25,남부순환로,02183,00000,2000003,01,11650,0,11650,개인,10100,방배동,204000.0,2025-01-22
76,101,킴스빌리지,11650-142,71,12,1996,개인,,,"79,500",21,1,2025,중개거래,서울 서초구,23.7,8,71-12,1,N,25.04.14,잠원로3길,00006,00000,4163527,01,11650,0,11650,개인,10600,잠원동,79500.0,2025-01-21
77,109동,래미안 리더스원,11650-4887,1755,0,2020,개인,,,"390,000",24,1,2025,중개거래,서울 서초구,114.94,15,1755,1,N,25.03.19,서운로,00062,00000,3121016,00,11650,,11650,개인,10800,서초동,390000.0,2025-01-24
78,503,반포미도2차아파트,11650-173,60,5,1989,개인,,,"232,000",17,1,2025,중개거래,서울 서초구,71.49,6,60-5,1,N,25.05.02,사평대로,00240,00000,2121001,02,11650,0,11650,개인,10700,반포동,232000.0,2025-01-17
79,,엘루크방배서리풀,11650-5150,3284,0,2024,개인,,,"149,900",31,1,2025,직거래,,48.16,10,3284,1,N,25.06.30,효령로31길,00031,00000,4163632,00,11650,,11650,법인,10100,방배동,149900.0,2025-01-31
80,2,아남,11650-54,1641,13,1989,개인,,,"172,000",30,1,2025,중개거래,서울 서초구,84.96,9,1641-13,1,N,25.04.10,사임당로23길,00053,00000,4163318,01,11650,0,11650,개인,10800,서초동,172000.0,2025-01-30
81,123,래미안원베일리,11650-5126,1,0,2023,개인,,,"550,000",11,1,2025,중개거래,서울 서초구,84.98,11,1,1,N,25.02.27,반포대로,00333,00000,2121003,00,11650,,11650,개인,10700,반포동,550000.0,2025-01-11
82,105동,래미안신반포팰리스,11650-4439,158,0,2016,개인,,,"332,000",21,1,2025,중개거래,서울 서초구,84.49,25,158,1,N,25.03.31,잠원로8길,00035,00000,4163529,00,11650,0,11650,개인,10600,잠원동,332000.0,2025-01-21
83,108,반포자이,11650-3500,20,43,2009,개인,,,"415,000",25,1,2025,중개거래,서울 서초구,84.943,17,20-43,1,N,25.05.29,신반포로,00270,00000,3121017,02,11650,0,11650,개인,10700,반포동,415000.0,2025-01-25
84,102동,방배중앙센트레빌,11650-4909,3282,0,2021,개인,,,"125,000",21,1,2025,중개거래,서울 서초구,59.873,8,3282,1,N,25.06.30,방배중앙로,00158,00000,3121011,01,11650,0,11650,개인,10100,방배동,125000.0,2025-01-21
85,2동,DK밸리뷰시티,11650-4764,1584,6,2019,개인,,,"39,500",17,1,2025,중개거래,서울 서초구,26.59,7,1584-6,1,N,25.04.18,반포대로14길,00014,00000,4163225,00,11650,0,11650,개인,10800,서초동,39500.0,2025-01-17
86,4,한신,11650-145,56,3,1992,개인,,,"271,000",25,1,2025,중개거래,서울 서초구,84.52,15,56-3,1,N,25.04.30,잠원로,00150,00000,3121019,01,11650,0,11650,개인,10600,잠원동,271000.0,2025-01-25
87,110,롯데캐슬클래식,11650-3300,1312,3,2006,개인,,,"240,000",18,1,2025,중개거래,서울 서초구,84.98,1,1312-3,1,N,25.05.20,서운로,00197,00000,3121016,00,11650,,11650,개인,10800,서초동,240000.0,2025-01-18
88,107,래미안퍼스티지,11650-3559,18,1,2009,개인,,,"427,000",14,1,2025,중개거래,서울 서초구,84.93,15,18-1,1,N,25.02.10,반포대로,00275,00000,2121003,02,11650,0,11650,개인,10700,반포동,427000.0,2025-01-14
89,,잠원현대훼밀리,11650-138,59,3,1997,개인,,,"180,000",18,1,2025,중개거래,서울 서초구,59.56,9,59-3,1,N,25.08.22,신반포로,00261,00000,3121017,01,11650,0,11650,개인,10600,잠원동,180000.0,2025-01-18
90,101,우솔마을서초리슈빌S아파트,11650-4065,764,0,2014,개인,,,"28,300",18,1,2025,중개거래,서울 서초구,25.17,8,764,1,N,25.03.17,양재대로2길,00100,00011,4163748,01,11650,0,11650,개인,10300,우면동,28300.0,2025-01-18
91,104동,방배아트자이,11650-4706,3278,0,2018,개인,,,"205,000",18,1,2025,중개거래,"서울 강남구, 서울 서초구",59.9775,6,3278,1,N,25.03.04,명달로9길,00057,00000,4163195,00,11650,0,11650,개인,10100,방배동,205000.0,2025-01-18
92,105,방배그랑자이,11650-4970,3283,0,2021,개인,,,"295,000",21,1,2025,중개거래,서울 서초구,84.9712,14,3283,1,N,25.03.17,방배로,00021,00000,3121010,00,11650,0,11650,개인,10100,방배동,295000.0,2025-01-21
93,103,반포힐스테이트,11650-3687,16,6,2012,개인,,,"505,000",24,1,2025,중개거래,서울 서초구,155.38,14,16-6,1,N,26.01.29,신반포로16길,00015,00020,4163754,01,11650,0,11650,개인,10700,반포동,505000.0,2025-01-24
94,128,래미안퍼스티지,11650-3559,18,1,2009,개인,,,"417,500",18,1,2025,중개거래,서울 서초구,84.93,10,18-1,1,N,25.02.26,반포대로,00275,00000,2121003,02,11650,0,11650,개인,10700,반포동,417500.0,2025-01-18
95,208,신반포4,11650-125,70,0,1979,개인,,,"435,000",18,1,2025,중개거래,서울 서초구,137.1,1,70,1,N,25.04.30,잠원로,00037,00048,3121019,01,11650,0,11650,개인,10600,잠원동,435000.0,2025-01-18
96,한라비발디스튜디오193,한라비발디스튜디오193,11650-3926,1363,25,2013,개인,,,"25,500",11,1,2025,중개거래,서울 서초구,19.99,9,1363-25,1,N,25.02.21,강남대로39길,00015,00010,4163018,01,11650,0,11650,개인,10800,서초동,25500.0,2025-01-11
97,101,반포래미안아이파크,11650-4678,1341,0,2018,개인,,,"408,000",18,1,2025,중개거래,서울 서초구,112.95,2,1341,1,N,25.03.17,서초중앙로,00220,00000,3121024,02,11650,0,11650,개인,10700,반포동,408000.0,2025-01-18
98,102,반포래미안아이파크,11650-4678,1341,0,2018,개인,,,"450,000",23,1,2025,중개거래,서울 서초구,112.95,13,1341,1,N,25.04.30,서초중앙로,00220,00000,3121024,02,11650,0,11650,개인,10700,반포동,450000.0,2025-01-23
99,105동,아크로리버뷰신반포,11650-4676,159,0,2018,개인,,,"380,000",18,1,2025,중개거래,서울 서초구,84.79,5,159,1,N,25.06.30,잠원로,00117,00000,3121019,00,11650,0,11650,개인,10600,잠원동,380000.0,2025-01-18
100,103,래미안원베일리,11650-5126,1,0,2023,개인,,,"690,000",13,1,2025,중개거래,서울 서초구,116.95,10,1,1,N,25.05.20,반포대로,00333,00000,2121003,00,11650,,11650,개인,10700,반포동,690000.0,2025-01-13
101,102,방배어울림,11650-3456,998,0,2008,개인,,,"180,000",16,1,2025,중개거래,서울 서초구,122.785,10,998,1,N,25.02.24,명달로1길,00051,00000,4163186,01,11650,0,11650,개인,10100,방배동,180000.0,2025-01-16
102,401,호반써밋서초파크,11650-3974,788,0,2013,개인,,,"140,000",18,1,2025,중개거래,"경기 용인시 수지구, 서울 서초구",84.95,6,788,1,N,25.03.27,양재대로2길,00033,00000,4163748,01,11650,0,11650,개인,10300,우면동,140000.0,2025-01-18
103,202,서초푸르지오써밋,11650-4550,1311,10,2017,개인,,,"329,000",20,1,2025,중개거래,서울 서초구,104.11,18,1311-10,1,N,25.04.02,서운로,00212,00000,3121016,01,11650,0,11650,개인,10800,서초동,329000.0,2025-01-20
104,103,래미안원베일리,11650-5126,1,0,2023,개인,,,"670,000",17,1,2025,중개거래,서울 서초구,116.95,4,1,1,N,25.05.27,반포대로,00333,00000,2121003,00,11650,,11650,개인,10700,반포동,670000.0,2025-01-17
105,101,서초삼성래미안,11650-24,1641,1,2001,개인,,,"187,000",25,1,2025,중개거래,서울 서초구,84.97,7,1641-1,1,N,25.03.28,사임당로17길,00116,00000,4163313,01,11650,0,11650,개인,10800,서초동,187000.0,2025-01-25
106,101,방배블레스밸리,11650-585,1019,3,2003,개인,,,"189,500",18,1,2025,중개거래,"서울 강남구, 서울 서초구",128.4,10,1019-3,1,N,25.03.14,효령로34길,00092,00000,4163634,01,11650,0,11650,개인,10100,방배동,189500.0,2025-01-18
107,105,래미안퍼스티지,11650-3559,18,1,2009,개인,,,"337,000",13,1,2025,중개거래,서울 서초구,59.96,17,18-1,1,N,25.03.28,반포대로,00275,00000,2121003,02,11650,0,11650,개인,10700,반포동,337000.0,2025-01-13
108,212,서초힐스,11650-3821,773,0,2012,개인,,,"154,500",23,1,2025,중개거래,"경기 과천시, 서울 서초구",84.98,3,773,1,N,25.03.28,양재대로2길,00090,00000,4163748,01,11650,0,11650,개인,10300,우면동,154500.0,2025-01-23
109,102,래미안원베일리,11650-5126,1,0,2023,개인,,,"567,000",18,1,2025,중개거래,서울 서초구,84.98,12,1,1,N,25.04.23,반포대로,00333,00000,2121003,00,11650,,11650,개인,10700,반포동,567000.0,2025-01-18
110,101,방배1차현대홈타운,11650-290,1344,0,1999,개인,,,"167,000",7,1,2025,중개거래,서울 서초구,59.94,16,1344,1,N,25.04.07,서초대로1길,00030,00000,4163389,01,11650,0,11650,개인,10100,방배동,167000.0,2025-01-07
111,308,서초네이처힐3단지,11650-3864,717,0,2013,개인,,,"153,000",8,1,2025,중개거래,서울 서초구,84.84,9,717,1,N,25.02.20,태봉로2길,00060,00000,4163582,01,11650,0,11650,개인,10300,우면동,153000.0,2025-01-08
112,102,방배아크로리버,11650-640,752,36,2004,개인,,,"244,500",12,1,2025,중개거래,서울 서초구,149.225,6,752-36,1,N,25.03.17,방배중앙로,00207,00010,3121011,01,11650,0,11650,개인,10100,방배동,244500.0,2025-01-12
113,103,서초래미안,11650-523,1682,0,2003,개인,,,"233,000",25,1,2025,중개거래,서울 서초구,96.87,15,1682,1,N,25.03.14,서초대로65길,00013,00010,4163425,01,11650,0,11650,개인,10800,서초동,233000.0,2025-01-25
114,103,더샵서초,11650-3284,1445,14,2006,개인,,,"63,000",22,1,2025,중개거래,서울 서초구,33.06,26,1445-14,1,N,25.02.26,서초중앙로2길,00021,00000,4163718,01,11650,0,11650,개인,10800,서초동,63000.0,2025-01-22
115,,르가든6차,11650-4143,798,10,2015,개인,,,"350,000",24,1,2025,중개거래,서울 서초구,165.84,1,798-10,1,N,25.04.18,방배로34길,00109,00000,4163269,01,11650,0,11650,개인,10100,방배동,350000.0,2025-01-24
116,디오슈페리움2,디오수페리움2,11650-3311,3001,1,2006,개인,,,"141,500",25,1,2025,중개거래,서울 서초구,84.94,12,3001-1,1,N,25.05.01,동작대로,00108,00000,2005009,01,11650,0,11650,개인,10100,방배동,141500.0,2025-01-25
117,202,래미안서초에스티지S,11650-4622,1754,0,2018,개인,,,"292,000",11,1,2025,중개거래,서울 서초구,84.17,24,1754,1,N,25.03.12,서운로,00104,00000,3121016,01,11650,0,11650,개인,10800,서초동,292000.0,2025-01-11
118,102,우성,11650-440,154,2,1991,개인,,,"146,000",7,1,2025,중개거래,서울 서초구,73.15,14,154-2,1,N,25.04.30,바우뫼로,00091,00000,3121009,01,11650,0,11650,개인,10200,양재동,146000.0,2025-01-07
119,21,현대아파트,11650-85,1346,0,1989,개인,,,"179,500",10,1,2025,중개거래,서울 서초구,84.34,6,1346,1,N,25.04.30,효령로68길,00013,00000,4163654,00,11650,,11650,개인,10800,서초동,179500.0,2025-01-10
120,103동,반포써밋,11650-4703,1342,0,2018,개인,,,"333,000",5,1,2025,중개거래,서울 서초구,84.4182,4,1342,1,N,25.04.17,고무래로,00089,00000,3121001,00,11650,0,11650,개인,10700,반포동,333000.0,2025-01-05
121,,성진준빌라트,11650-612,48,5,2003,개인,,,"41,000",7,1,2025,중개거래,서울 서초구,56.72,3,48-5,1,N,25.03.17,신반포로41길,00031,00000,4163456,01,11650,0,11650,개인,10600,잠원동,41000.0,2025-01-07
122,,방배대우유로카운티,11650-399,847,34,2002,개인,,,"350,000",23,1,2025,중개거래,서울 서초구,216.15,6,847-34,1,N,25.05.27,방배로28길,00090,00000,4163263,01,11650,0,11650,개인,10100,방배동,350000.0,2025-01-23
123,,반포자이,11650-3500,20,43,2009,개인,,,"384,000",27,1,2025,중개거래,"서울 서초구, 서울 은평구",84.982,18,20-43,1,N,,신반포로,00270,00000,3121017,02,11650,0,11650,개인,10700,반포동,384000.0,2025-01-27
124,107동,래미안신반포팰리스,11650-4439,158,0,2016,개인,,,"338,000",13,1,2025,중개거래,서울 서초구,84.49,4,158,1,N,25.03.18,잠원로8길,00035,00000,4163529,00,11650,0,11650,개인,10600,잠원동,338000.0,2025-01-13
125,1,반포2차ApelBaum,11650-3385,612,2,2007,개인,,,"360,000",11,1,2025,중개거래,"서울 서초구, 서울 용산구",243.7,5,612-2,1,N,25.03.20,사평대로12길,00022,00000,4163321,02,11650,0,11650,개인,10700,반포동,360000.0,2025-01-11
126,105,반포힐스테이트,11650-3687,16,6,2012,개인,,,"315,000",25,1,2025,중개거래,서울 서초구,59.7,27,16-6,1,N,25.06.10,신반포로16길,00015,00020,4163754,01,11650,0,11650,개인,10700,반포동,315000.0,2025-01-25
127,202,신반포4,11650-125,70,0,1979,개인,,,"388,500",4,1,2025,중개거래,서울 서초구,105.89,11,70,1,N,25.05.02,잠원로,00037,00048,3121019,01,11650,0,11650,개인,10600,잠원동,388500.0,2025-01-04
128,,래미안신반포팰리스,11650-4439,158,0,2016,개인,25.02.21,O,"385,000",20,1,2025,중개거래,서울 서초구,104.04,5,158,1,N,,잠원로8길,00035,00000,4163529,00,11650,0,11650,개인,10600,잠원동,385000.0,2025-01-20
129,7,한신,11650-145,56,3,1992,개인,,,"263,000",11,1,2025,중개거래,서울 서초구,84.52,4,56-3,1,N,25.02.18,잠원로,00150,00000,3121019,01,11650,0,11650,개인,10600,잠원동,263000.0,2025-01-11
130,,엠브이아파트,11650-199,46,0,1994,개인,,,"140,000",7,1,2025,중개거래,서울 서초구,59.82,6,46,1,N,25.04.07,고무래로10길,00039,00000,4163042,01,11650,0,11650,개인,10700,반포동,140000.0,2025-01-07
131,102,브라운스톤방배,11650-630,899,16,2005,개인,,,"184,000",25,1,2025,중개거래,"서울 구로구, 서울 서초구",84.96,12,899-16,1,N,25.04.18,서초대로26길,00019,00000,4163394,01,11650,0,11650,개인,10100,방배동,184000.0,2025-01-25
132,205,신반포4,11650-125,70,0,1979,개인,,,"378,000",17,1,2025,중개거래,서울 서초구,105.44,9,70,1,N,25.04.28,잠원로,00037,00048,3121019,01,11650,0,11650,개인,10600,잠원동,378000.0,2025-01-17
133,,서초프레스턴,11650-3260,1506,46,2005,개인,,,"285,000",11,1,2025,중개거래,서울 서초구,244.42,2,1506-46,1,N,25.05.02,명달로22길,00081,00000,4163188,01,11650,0,11650,개인,10800,서초동,285000.0,2025-01-11
134,17,삼풍아파트,11650-28,1685,0,1988,개인,,,"379,000",6,1,2025,중개거래,서울 서초구,165.92,1,1685,1,N,25.05.07,서초중앙로,00200,00000,3121024,03,11650,0,11650,개인,10800,서초동,379000.0,2025-01-06
135,,서초아트래디앙,11650-5111,1582,16,2023,개인,,,"147,500",14,1,2025,직거래,,56.92,10,1582-16,1,N,25.08.29,반포대로18길,00013,00003,4163228,00,11650,0,11650,개인,10800,서초동,147500.0,2025-01-14
136,103,방배1차현대홈타운,11650-290,1344,0,1999,개인,,,"149,500",7,1,2025,중개거래,서울 서초구,59.94,2,1344,1,N,25.05.09,서초대로1길,00030,00000,4163389,01,11650,0,11650,개인,10100,방배동,149500.0,2025-01-07
137,A,서초트라팰리스,11650-3238,1344,13,2005,개인,,,"205,000",11,1,2025,중개거래,서울 서초구,125.41,6,1344-13,1,N,25.06.13,효령로72길,00057,00000,4163657,01,11650,0,11650,개인,10800,서초동,205000.0,2025-01-11
138,107,방배1차현대홈타운,11650-290,1344,0,1999,개인,,,"149,000",4,1,2025,중개거래,"서울 강남구, 서울 서초구",59.94,1,1344,1,N,25.05.07,서초대로1길,00030,00000,4163389,01,11650,0,11650,개인,10100,방배동,149000.0,2025-01-04
139,205,서초힐스,11650-3821,773,0,2012,개인,,,"130,000",4,1,2025,중개거래,서울 서초구,59.97,8,773,1,N,25.03.10,양재대로2길,00090,00000,4163748,01,11650,0,11650,개인,10300,우면동,130000.0,2025-01-04
140,101,현대,11650-152,53,0,1993,개인,,,"217,000",17,1,2025,중개거래,서울 서초구,84.87,18,53,1,N,25.05.30,잠원로12길,00004,00000,4163525,01,11650,0,11650,개인,10600,잠원동,217000.0,2025-01-17
141,112동,래미안 리더스원,11650-4887,1755,0,2020,개인,,,"262,000",25,1,2025,중개거래,서울 서초구,59.96,13,1755,1,N,25.05.15,서운로,00062,00000,3121016,00,11650,,11650,개인,10800,서초동,262000.0,2025-01-25
142,209,신반포4,11650-125,70,0,1979,개인,,,"520,000",26,1,2025,중개거래,서울 서초구,155.0,6,70,1,N,25.04.30,잠원로,00037,00048,3121019,01,11650,0,11650,개인,10600,잠원동,520000.0,2025-01-26
143,109동,아크로리버파크,11650-4440,2,12,2016,개인,,,"455,000",9,1,2025,중개거래,서울 서초구,84.95,8,2-12,1,N,25.05.29,신반포로15길,00019,00000,4163450,00,11650,0,11650,개인,10700,반포동,455000.0,2025-01-09
144,래미안 서초유니빌,래미안서초유니빌,11650-518,1445,4,2003,개인,,,"37,000",17,1,2025,중개거래,서울 서초구,36.838,4,1445-4,1,N,25.03.20,서초중앙로,00026,00000,3121024,03,11650,0,11650,개인,10800,서초동,37000.0,2025-01-17
145,330,신반포19,11650-116,61,2,1982,개인,,,"287,000",17,1,2025,중개거래,"서울 서초구, 서울 송파구",107.01,7,61-2,1,N,25.04.10,잠원로8길,00020,00000,4163529,01,11650,0,11650,개인,10600,잠원동,287000.0,2025-01-17
146,15,방배임광3차,11650-342,1010,1,1988,개인,,,"142,000",9,1,2025,중개거래,서울 서초구,67.47,7,1010-1,1,N,25.04.11,방배로2길,00024,00005,4163264,01,11650,0,11650,개인,10100,방배동,142000.0,2025-01-09
147,,서초동삼성쉐르빌2,11650-608,1330,0,2002,개인,,,"30,500",16,1,2025,중개거래,서울 서초구,35.22,7,1330,1,N,25.01.31,강남대로53길,00011,00000,4163026,01,11650,0,11650,개인,10800,서초동,30500.0,2025-01-16
148,102,동아,11650-102,157,0,2002,개인,,,"275,000",23,1,2025,중개거래,서울 서초구,84.91,19,157,1,N,25.03.26,신반포로33길,00015,00000,4163453,01,11650,0,11650,개인,10600,잠원동,275000.0,2025-01-23
149,7,삼풍아파트,11650-28,1685,0,1988,개인,,,"280,000",18,1,2025,중개거래,서울 서초구,79.47,8,1685,1,N,25.03.26,서초중앙로,00200,00000,3121024,03,11650,0,11650,개인,10800,서초동,280000.0,2025-01-18
150,124,래미안퍼스티지,11650-3559,18,1,2009,개인,,,"700,000",10,1,2025,중개거래,서울 서초구,198.04,8,18-1,1,N,25.04.11,반포대로,00275,00000,2121003,02,11650,0,11650,개인,10700,반포동,700000.0,2025-01-10
151,103,서초호반써밋,11650-3963,753,0,2013,개인,,,"174,000",4,1,2025,중개거래,서울 서초구,101.0482,12,753,1,N,25.02.28,양재대로2길,00109,00000,4163748,01,11650,0,11650,개인,10300,우면동,174000.0,2025-01-04
152,B,아크로비스타,11650-724,1685,3,2004,개인,,,"328,000",22,1,2025,중개거래,서울 서초구,161.94,9,1685-3,1,N,25.06.16,서초중앙로,00188,00000,3121024,03,11650,0,11650,개인,10800,서초동,328000.0,2025-01-22
153,112,래미안퍼스티지,11650-3559,18,1,2009,개인,,,"620,000",6,1,2025,중개거래,서울 강남구,135.92,24,18-1,1,N,25.03.28,반포대로,00275,00000,2121003,02,11650,0,11650,개인,10700,반포동,620000.0,2025-01-06
154,405,서초네이처힐4단지,11650-3704,720,0,2011,개인,,,"150,000",20,1,2025,중개거래,서울 서초구,84.61,9,720,1,N,25.03.25,태봉로2길,00065,00000,4163582,01,11650,0,11650,개인,10300,우면동,150000.0,2025-01-20
155,,신영체르니,11650-461,90,0,2002,개인,,,"57,000",3,1,2025,중개거래,서울 서초구,39.1,2,90,1,N,25.02.28,논현로27길,00057,00000,4163097,01,11650,0,11650,개인,10200,양재동,57000.0,2025-01-03
156,103,반포자이,11650-3500,20,43,2009,개인,,,"400,000",16,1,2025,중개거래,서울 서초구,84.998,25,20-43,1,N,25.02.27,신반포로,00270,00000,3121017,02,11650,0,11650,개인,10700,반포동,400000.0,2025-01-16
157,102,삼성래미안1,11650-503,2626,0,2003,개인,,,"154,000",16,1,2025,중개거래,서울 서초구,84.91,3,2626,1,N,25.05.15,방배선행길,00002,00000,4163671,01,11650,0,11650,개인,10100,방배동,154000.0,2025-01-16
158,105동,아크로리버뷰신반포,11650-4676,159,0,2018,개인,,,"407,000",21,1,2025,중개거래,서울 서초구,84.79,10,159,1,N,25.02.03,잠원로,00117,00000,3121019,00,11650,0,11650,개인,10600,잠원동,407000.0,2025-01-21
159,104,신반포2,11650-117,73,0,1978,개인,,,"382,000",11,1,2025,중개거래,서울 서초구,92.2,3,73,1,N,25.03.17,신반포로23길,00041,00000,4163452,01,11650,0,11650,개인,10600,잠원동,382000.0,2025-01-11
160,2,한강,11650-144,49,8,1989,개인,,,"303,000",18,1,2025,중개거래,서울 서초구,84.53,9,49-8,1,N,25.05.23,잠원로,00213,00010,3121019,01,11650,0,11650,개인,10600,잠원동,303000.0,2025-01-18
161,112,서초래미안,11650-523,1682,0,2003,개인,,,"255,000",14,1,2025,중개거래,서울 서초구,111.32,13,1682,1,N,25.04.11,서초대로65길,00013,00010,4163425,01,11650,0,11650,개인,10800,서초동,255000.0,2025-01-14
162,136,반포자이,11650-3500,20,43,2009,개인,,,"385,000",17,1,2025,중개거래,서울 서초구,84.943,25,20-43,1,N,25.04.24,신반포로,00270,00000,3121017,02,11650,0,11650,개인,10700,반포동,385000.0,2025-01-17
163,108,동아,11650-102,157,0,2002,개인,,,"268,000",18,1,2025,중개거래,서울 서초구,84.91,4,157,1,N,25.03.18,신반포로33길,00015,00000,4163453,01,11650,0,11650,개인,10600,잠원동,268000.0,2025-01-18
164,401,호반써밋서초파크,11650-3974,788,0,2013,개인,,,"139,000",1,1,2025,중개거래,서울 서초구,84.97,11,788,1,N,25.02.05,양재대로2길,00033,00000,4163748,01,11650,0,11650,개인,10300,우면동,139000.0,2025-01-01
165,104동,래미안신반포리오센트,11650-4750,161,0,2019,개인,,,"327,000",8,1,2025,중개거래,서울 서초구,84.92,4,161,1,N,25.03.31,잠원로14길,00032,00000,4163526,00,11650,0,11650,개인,10600,잠원동,327000.0,2025-01-08
166,3,한신서래,11650-232,70,1,1987,개인,,,"183,000",6,1,2025,중개거래,서울 서초구,64.53,4,70-1,1,N,25.05.19,사평대로28길,00031,00000,4163330,01,11650,0,11650,개인,10700,반포동,183000.0,2025-01-06
167,103,동아,11650-102,157,0,2002,개인,,,"273,000",17,1,2025,중개거래,서울 서초구,84.91,19,157,1,N,25.03.21,신반포로33길,00015,00000,4163453,01,11650,0,11650,개인,10600,잠원동,273000.0,2025-01-17
168,301,반포미도,11650-172,60,4,1987,개인,,,"295,000",3,1,2025,중개거래,서울 서초구,84.96,7,60-4,1,N,25.04.30,서초중앙로29길,00028,00000,4163713,01,11650,0,11650,개인,10700,반포동,295000.0,2025-01-03
169,308,반포미도,11650-172,60,4,1987,개인,,,"300,000",6,1,2025,중개거래,서울 서초구,84.96,8,60-4,1,N,25.02.28,서초중앙로29길,00028,00000,4163713,01,11650,0,11650,개인,10700,반포동,300000.0,2025-01-06
170,201,서초힐스,11650-3821,773,0,2012,개인,,,"144,000",10,1,2025,중개거래,서울 서초구,74.97,13,773,1,N,25.02.21,양재대로2길,00090,00000,4163748,01,11650,0,11650,개인,10300,우면동,144000.0,2025-01-10
171,112,래미안퍼스티지,11650-3559,18,1,2009,개인,,,"610,000",4,1,2025,중개거래,"서울 강남구, 서울 서초구",135.92,26,18-1,1,N,25.04.30,반포대로,00275,00000,2121003,02,11650,0,11650,개인,10700,반포동,610000.0,2025-01-04
172,102,반포푸르지오,11650-176,10,0,2000,개인,,,"250,000",9,1,2025,중개거래,서울 서초구,84.82,7,10,1,N,25.04.21,신반포로15길,00004,00000,4163450,01,11650,0,11650,개인,10700,반포동,250000.0,2025-01-09
173,404,호반써밋서초파크,11650-3974,788,0,2013,개인,,,"97,000",4,1,2025,중개거래,서울 서초구,51.89,1,788,1,N,25.02.20,양재대로2길,00033,00000,4163748,01,11650,0,11650,개인,10300,우면동,97000.0,2025-01-04
174,104,반포리체,11650-3617,30,26,2010,개인,,,"392,000",13,1,2025,중개거래,서울 서초구,106.148,12,30-26,1,N,25.03.19,고무래로,00035,00000,3121001,01,11650,0,11650,개인,10700,반포동,392000.0,2025-01-13
175,109,래미안원베일리,11650-5126,1,0,2023,개인,,,"615,000",5,1,2025,중개거래,서울 서초구,101.97,17,1,1,N,25.04.10,반포대로,00333,00000,2121003,00,11650,,11650,개인,10700,반포동,615000.0,2025-01-05
176,109동,아크로리버파크,11650-4440,2,12,2016,개인,,,"480,000",11,1,2025,중개거래,서울 서초구,84.95,25,2-12,1,N,25.06.30,신반포로15길,00019,00000,4163450,00,11650,0,11650,개인,10700,반포동,480000.0,2025-01-11
177,135,반포자이,11650-3500,20,43,2009,개인,,,"302,000",2,1,2025,중개거래,서울 서초구,59.98,15,20-43,1,N,25.05.02,신반포로,00270,00000,3121017,02,11650,0,11650,개인,10700,반포동,302000.0,2025-01-02
178,105동,서초그랑자이,11650-4969,1757,0,2021,개인,,,"258,000",10,1,2025,중개거래,"서울 강남구, 서울 서초구",59.98,2,1757,1,N,25.03.31,효령로,00391,00000,3121021,00,11650,,11650,개인,10800,서초동,258000.0,2025-01-10
179,101,방배1차현대홈타운,11650-290,1344,0,1999,개인,,,"164,000",11,1,2025,중개거래,서울 서초구,59.94,9,1344,1,N,25.04.02,서초대로1길,00030,00000,4163389,01,11650,0,11650,개인,10100,방배동,164000.0,2025-01-11
180,102,신반포청구,11650-141,63,2,1998,개인,,,"280,000",16,1,2025,중개거래,서울 서초구,84.86,17,63-2,1,N,25.03.24,신반포로33길,00066,00000,4163453,01,11650,0,11650,개인,10600,잠원동,280000.0,2025-01-16
181,104동,래미안서초에스티지,11650-4470,1332,13,2016,개인,,,"287,000",14,1,2025,중개거래,"서울 강서구, 서울 서초구",83.6,14,1332-13,1,N,25.03.31,서운로,00107,00000,3121016,00,11650,0,11650,개인,10800,서초동,287000.0,2025-01-14
182,102,서초동롯데캐슬리버티,11650-833,1620,20,2005,개인,,,"173,000",18,1,2025,중개거래,서울 강서구,84.99,7,1620-20,1,N,25.03.07,사임당로10길,00039,00000,4163309,01,11650,0,11650,개인,10800,서초동,173000.0,2025-01-18
183,502,서초포레스타5단지,11650-4026,579,0,2014,개인,,,"140,000",10,1,2025,중개거래,서울 서초구,59.93,10,579,1,N,25.03.17,청계산로7길,00043,00000,4163750,01,11650,0,11650,개인,11100,신원동,140000.0,2025-01-10
184,,서초동삼성쉐르빌2,11650-608,1330,0,2002,개인,,,"30,100",6,1,2025,중개거래,서울 서초구,35.22,13,1330,1,N,25.02.24,강남대로53길,00011,00000,4163026,01,11650,0,11650,개인,10800,서초동,30100.0,2025-01-06
185,6,진흥아파트,11650-66,1315,0,1979,개인,,,"325,000",9,1,2025,중개거래,서울 서초구,160.46,15,1315,1,N,25.02.27,서초대로,00385,00000,2121002,02,11650,0,11650,개인,10800,서초동,325000.0,2025-01-09
186,서초쌍용플래티넘,서초쌍용플래티넘,11650-3276,1445,13,2006,개인,,,"72,500",9,1,2025,중개거래,서울 서초구,56.0,20,1445-13,1,N,25.02.25,서초중앙로,00018,00000,3121024,03,11650,0,11650,개인,10800,서초동,72500.0,2025-01-09
187,,임광,11650-341,1015,0,1985,개인,25.03.07,O,"264,500",4,1,2025,중개거래,서울 서초구,136.38,6,1015,1,N,,방배로,00014,00000,3121010,01,11650,0,11650,개인,10100,방배동,264500.0,2025-01-04
188,106,래미안원펜타스,11650-5174,12,0,2024,개인,,,"580,000",3,1,2025,중개거래,서울 서초구,107.8965,18,12,1,N,25.09.25,신반포로15길,00001,00000,4163450,01,11650,0,11650,법인,10700,반포동,580000.0,2025-01-03
189,B,방배아크로타워,11650-3358,923,6,2007,개인,,,"104,000",9,1,2025,중개거래,서울 서초구,84.83,4,923-6,1,N,25.02.12,방배로13길,00018,00000,4163251,01,11650,0,11650,개인,10100,방배동,104000.0,2025-01-09
190,402,호반써밋서초파크,11650-3974,788,0,2013,개인,,,"135,000",14,1,2025,중개거래,서울 서초구,84.99,12,788,1,N,25.01.17,양재대로2길,00033,00000,4163748,01,11650,0,11650,개인,10300,우면동,135000.0,2025-01-14
191,,래미안서초에스티지S,11650-4622,1754,0,2018,개인,25.02.03,O,"292,000",11,1,2025,중개거래,서울 서초구,84.17,24,1754,1,N,,서운로,00104,00000,3121016,01,11650,0,11650,개인,10800,서초동,292000.0,2025-01-11
192,9,삼풍아파트,11650-28,1685,0,1988,개인,,,"278,000",1,1,2025,중개거래,서울 서초구,79.47,15,1685,1,N,25.04.11,서초중앙로,00200,00000,3121024,03,11650,0,11650,개인,10800,서초동,278000.0,2025-01-01
193,109,서초래미안,11650-523,1682,0,2003,개인,,,"288,500",13,1,2025,중개거래,서울 서초구,126.31,22,1682,1,N,25.02.10,서초대로65길,00013,00010,4163425,01,11650,0,11650,개인,10800,서초동,288500.0,2025-01-13
194,,서초래미안,11650-523,1682,0,2003,개인,25.01.14,O,"288,500",13,1,2025,중개거래,서울 서초구,126.31,22,1682,1,N,,서초대로65길,00013,00010,4163425,01,11650,0,11650,개인,10800,서초동,288500.0,2025-01-13
195,107,래미안방배아트힐(1008-2),11650-658,1008,2,2004,개인,,,"213,500",2,1,2025,중개거래,서울 서초구,114.18,5,1008-2,1,N,25.02.28,남부순환로,02311,00012,2000003,01,11650,0,11650,개인,10100,방배동,213500.0,2025-01-02
196,101,서초동롯데캐슬리버티,11650-833,1620,20,2005,개인,,,"197,000",2,1,2025,중개거래,서울 서초구,125.79,4,1620-20,1,N,25.04.30,사임당로10길,00039,00000,4163309,01,11650,0,11650,개인,10800,서초동,197000.0,2025-01-02
197,105,대우(효령),11650-272,1038,0,1992,개인,,,"178,000",2,1,2025,중개거래,"서울 강남구, 서울 서초구",84.91,3,1038,1,N,25.04.30,효령로,00084,00000,3121021,01,11650,0,11650,개인,10100,방배동,178000.0,2025-01-02
198,102,현대,11650-152,53,0,1993,개인,,,"210,000",10,1,2025,중개거래,서울 서초구,84.87,7,53,1,N,25.03.31,잠원로12길,00004,00000,4163525,01,11650,0,11650,개인,10600,잠원동,210000.0,2025-01-10
199,102,방배그랑자이,11650-4970,3283,0,2021,개인,,,"370,000",2,1,2025,중개거래,서울 서초구,122.9294,3,3283,1,N,25.03.17,방배로,00021,00000,3121010,00,11650,0,11650,개인,10100,방배동,370000.0,2025-01-02
200,103,유원서초,11650-62,1687,0,1993,개인,,,"204,000",7,1,2025,중개거래,서울 서초구,84.82,13,1687,1,N,25.03.31,서초중앙로24길,00043,00000,4163710,01,11650,0,11650,개인,10800,서초동,204000.0,2025-01-07
201,107동,서초그랑자이,11650-4969,1757,0,2021,개인,,,"417,000",8,1,2025,중개거래,"서울 강남구, 서울 서초구",119.41,4,1757,1,N,25.02.19,효령로,00391,00000,3121021,00,11650,,11650,개인,10800,서초동,417000.0,2025-01-08
202,,엘루크방배서리풀,11650-5150,3284,0,2024,개인,,,"149,900",7,1,2025,직거래,,47.99,10,3284,1,N,25.05.29,효령로31길,00031,00000,4163632,00,11650,,11650,법인,10100,방배동,149900.0,2025-01-07
203,풍림아이원플러스,풍림아이원플러스,11650-701,1338,1,2004,개인,,,"58,000",8,1,2025,중개거래,서울 강남구,41.076,14,1338-1,1,N,25.02.27,효령로77길,00014,00000,4163659,01,11650,0,11650,개인,10800,서초동,58000.0,2025-01-08
204,102,대우(효령),11650-272,1038,0,1992,개인,,,"170,000",4,1,2025,중개거래,서울 서초구,84.91,7,1038,1,N,25.04.11,효령로,00084,00000,3121021,01,11650,0,11650,개인,10100,방배동,170000.0,2025-01-04
205,104,삼성래미안1,11650-503,2626,0,2003,개인,,,"147,500",4,1,2025,중개거래,서울 서초구,59.9,5,2626,1,N,25.03.19,방배선행길,00002,00000,4163671,01,11650,0,11650,개인,10100,방배동,147500.0,2025-01-04
206,105,대우(효령),11650-272,1038,0,1992,개인,,,"185,000",4,1,2025,중개거래,서울 서초구,84.91,10,1038,1,N,25.03.12,효령로,00084,00000,3121021,01,11650,0,11650,개인,10100,방배동,185000.0,2025-01-04
207,102동,방배아트자이,11650-4706,3278,0,2018,개인,,,"240,000",3,1,2025,중개거래,서울 서초구,84.9152,12,3278,1,N,25.02.14,명달로9길,00057,00000,4163195,00,11650,0,11650,개인,10100,방배동,240000.0,2025-01-03
208,103,방배1차현대홈타운,11650-290,1344,0,1999,개인,,,"226,000",4,1,2025,중개거래,서울 서초구,84.96,9,1344,1,N,25.03.14,서초대로1길,00030,00000,4163389,01,11650,0,11650,개인,10100,방배동,226000.0,2025-01-04
209,,서초화원그랑빌,11650-716,1510,15,2002,개인,,,"115,000",4,1,2025,중개거래,서울 서초구,79.7,6,1510-15,1,N,25.04.16,반포대로21길,00027,00000,4163232,01,11650,0,11650,개인,10800,서초동,115000.0,2025-01-04
210,306,반포미도,11650-172,60,4,1987,개인,,,"291,000",4,1,2025,중개거래,서울 서초구,84.96,7,60-4,1,N,25.02.28,서초중앙로29길,00028,00000,4163713,01,11650,0,11650,개인,10700,반포동,291000.0,2025-01-04
211,110,래미안퍼스티지,11650-3559,18,1,2009,개인,,,"550,000",2,1,2025,중개거래,서울 서초구,117.12,6,18-1,1,N,25.06.05,반포대로,00275,00000,2121003,02,11650,0,11650,개인,10700,반포동,550000.0,2025-01-02
212,힐스테이트 서리풀 101동,"마제스타시티(힐스테이트서리풀101,102동)",11650-4516,1498,5,2017,개인,,,"185,000",5,1,2025,중개거래,서울 서초구,59.97,3,1498-5,1,N,25.01.14,서초대로38길,00012,00000,4163404,01,11650,0,11650,개인,10800,서초동,185000.0,2025-01-05
213,101,반포두산힐스빌,11650-168,54,5,2001,개인,,,"94,000",2,1,2025,중개거래,서울 서초구,47.7,7,54-5,1,N,25.01.15,고무래로10길,00016,00000,4163042,01,11650,0,11650,개인,10700,반포동,94000.0,2025-01-02
214,104,래미안퍼스티지,11650-3559,18,1,2009,개인,,,"340,000",18,2,2025,중개거래,서울 서초구,59.96,9,18-1,1,N,25.07.31,반포대로,00275,00000,2121003,02,11650,0,11650,개인,10700,반포동,340000.0,2025-02-18
215,209,신반포4,11650-125,70,0,1979,개인,,,"593,000",17,2,2025,중개거래,서울 서초구,155.0,12,70,1,N,25.07.23,잠원로,00037,00048,3121019,01,11650,0,11650,개인,10600,잠원동,593000.0,2025-02-17
216,212,신반포4,11650-125,70,0,1979,개인,,,"525,000",26,2,2025,중개거래,서울 서초구,137.1,2,70,1,N,25.06.30,잠원로,00037,00048,3121019,01,11650,0,11650,개인,10600,잠원동,525000.0,2025-02-26
217,107,반포센트럴자이,11650-4805,162,0,2020,개인,,,"545,000",20,2,2025,중개거래,"경기 용인시 처인구, 서울 서초구",114.96,15,162,1,N,25.07.21,반포대로,00310,00006,2121003,01,11650,0,11650,개인,10600,잠원동,545000.0,2025-02-20
218,101동,아크로리버파크,11650-4440,2,12,2016,개인,,,"480,000",19,2,2025,중개거래,서울 서초구,84.98,16,2-12,1,N,25.06.26,신반포로15길,00019,00000,4163450,00,11650,0,11650,개인,10700,반포동,480000.0,2025-02-19
219,,엠브이아파트,11650-199,46,0,1994,개인,,,"135,000",24,2,2025,중개거래,서울 서초구,59.82,2,46,1,N,25.06.30,고무래로10길,00039,00000,4163042,01,11650,0,11650,개인,10700,반포동,135000.0,2025-02-24
220,101,동아,11650-102,157,0,2002,개인,,,"290,000",16,2,2025,중개거래,서울 서초구,84.91,2,157,1,N,25.07.25,신반포로33길,00015,00000,4163453,01,11650,0,11650,개인,10600,잠원동,290000.0,2025-02-16
221,109,래미안원베일리,11650-5126,1,0,2023,개인,,,"530,000",5,2,2025,중개거래,서울 서초구,84.98,22,1,1,N,25.06.19,반포대로,00333,00000,2121003,00,11650,,11650,개인,10700,반포동,530000.0,2025-02-05
222,106,디에이치반포라클라스,11650-4959,1343,0,2021,개인,,,"365,000",13,2,2025,중개거래,서울 서초구,84.9671,22,1343,1,N,25.06.10,서초중앙로,00206,00000,3121024,00,11650,,11650,개인,10700,반포동,365000.0,2025-02-13
223,,방배5차상지리츠빌,11650-642,797,22,2004,개인,,,"197,000",23,2,2025,중개거래,서울 서초구,140.64,4,797-22,1,N,25.05.26,사평대로6길,00106,00000,4163339,01,11650,0,11650,개인,10100,방배동,197000.0,2025-02-23
224,104동,아크로리버파크,11650-4440,2,12,2016,개인,,,"1,000,000",25,2,2025,중개거래,"경기 하남시, 서울 서초구",154.97,20,2-12,1,N,25.05.21,신반포로15길,00019,00000,4163450,00,11650,0,11650,개인,10700,반포동,1000000.0,2025-02-25
225,102동,서초센트럴IPARK,11650-4827,1582,3,2020,개인,,,"167,000",26,2,2025,중개거래,서울 서초구,80.5154,6,1582-3,1,N,25.06.30,반포대로18길,00036,00000,4163228,00,11650,0,11650,개인,10800,서초동,167000.0,2025-02-26
226,330,신반포19,11650-116,61,2,1982,개인,,,"323,000",27,2,2025,중개거래,서울 서초구,107.01,5,61-2,1,N,25.05.20,잠원로8길,00020,00000,4163529,01,11650,0,11650,개인,10600,잠원동,323000.0,2025-02-27
227,105,서초푸르지오써밋,11650-4550,1311,10,2017,개인,,,"261,000",22,2,2025,중개거래,서울 서초구,59.92,33,1311-10,1,N,25.06.12,서운로,00201,00000,3121016,01,11650,0,11650,개인,10800,서초동,261000.0,2025-02-22
228,,두진한아름,11650-14,1609,6,1995,개인,,,"160,000",23,2,2025,중개거래,서울 강남구,84.96,10,1609-6,1,N,25.05.30,효령로67길,00052,00000,4163653,01,11650,0,11650,개인,10800,서초동,160000.0,2025-02-23
229,204,신반포4,11650-125,70,0,1979,개인,,,"370,000",14,2,2025,중개거래,서울 서초구,96.48,2,70,1,N,25.05.15,잠원로,00037,00048,3121019,01,11650,0,11650,개인,10600,잠원동,370000.0,2025-02-14
230,105,래미안원베일리,11650-5126,1,0,2023,개인,,,"1,650,000",26,2,2025,중개거래,서울 서초구,234.98,35,1,1,N,25.05.20,반포대로,00333,00000,2121003,00,11650,,11650,개인,10700,반포동,1650000.0,2025-02-26
231,12,방배임광3차,11650-342,1010,1,1988,개인,,,"175,000",24,2,2025,중개거래,서울 서초구,82.34,1,1010-1,1,N,25.06.04,방배로2길,00024,00006,4163264,01,11650,0,11650,개인,10100,방배동,175000.0,2025-02-24
232,202,신반포4,11650-125,70,0,1979,개인,,,"398,000",20,2,2025,중개거래,서울 서초구,105.89,3,70,1,N,25.05.08,잠원로,00037,00048,3121019,01,11650,0,11650,개인,10600,잠원동,398000.0,2025-02-20
233,102,반포자이,11650-3500,20,43,2009,개인,,,"542,000",27,2,2025,중개거래,서울 서초구,132.439,7,20-43,1,N,25.08.13,신반포로,00270,00000,3121017,02,11650,0,11650,개인,10700,반포동,542000.0,2025-02-27
234,,서초푸르지오써밋,11650-4550,1311,10,2017,개인,25.05.09,O,"261,000",22,2,2025,중개거래,서울 서초구,59.92,33,1311-10,1,N,,서운로,00201,00000,3121016,01,11650,0,11650,개인,10800,서초동,261000.0,2025-02-22
235,101,래미안서초스위트,11650-3515,1301,6,2009,개인,,,"230,000",15,2,2025,중개거래,서울 서초구,59.9958,26,1301-6,1,N,25.06.17,서운로,00221,00000,3121016,01,11650,0,11650,개인,10800,서초동,230000.0,2025-02-15
236,118,반포자이,11650-3500,20,43,2009,개인,,,"520,000",28,2,2025,중개거래,서울 서초구,132.439,9,20-43,1,N,25.05.30,신반포로,00270,00000,3121017,02,11650,0,11650,개인,10700,반포동,520000.0,2025-02-28
237,102,신반포르엘,11650-5121,165,0,2023,개인,,,"315,000",28,2,2025,중개거래,서울 서초구,59.99,22,165,1,N,25.08.08,잠원로14길,00042,00000,4163526,01,11650,0,11650,개인,10600,잠원동,315000.0,2025-02-28
238,9,삼호2,11650-310,758,4,1976,개인,,,"300,000",28,2,2025,중개거래,서울 서초구,177.52,6,758-4,1,N,25.05.22,방배로43길,00030,00000,4163277,01,11650,0,11650,개인,10100,방배동,300000.0,2025-02-28
239,101동,반포써밋,11650-4703,1342,0,2018,개인,,,"420,000",26,2,2025,중개거래,서울 서초구,106.5162,26,1342,1,N,25.06.27,고무래로,00089,00000,3121001,00,11650,0,11650,개인,10700,반포동,420000.0,2025-02-26
240,330,신반포19,11650-116,61,2,1982,개인,,,"337,000",27,2,2025,중개거래,서울 서초구,107.01,5,61-2,1,N,25.06.09,잠원로8길,00020,00000,4163529,01,11650,0,11650,개인,10600,잠원동,337000.0,2025-02-27
241,101,동아,11650-102,157,0,2002,개인,,,"300,000",27,2,2025,중개거래,서울 서초구,84.91,10,157,1,N,25.06.30,신반포로33길,00015,00000,4163453,01,11650,0,11650,개인,10600,잠원동,300000.0,2025-02-27
242,143,반포자이,11650-3500,20,43,2009,개인,,,"400,000",28,2,2025,중개거래,서울 서초구,84.982,16,20-43,1,N,25.08.25,신반포로,00270,00000,3121017,02,11650,0,11650,개인,10700,반포동,400000.0,2025-02-28
243,101,한신타워,11650-150,71,11,1996,개인,,,"317,000",27,2,2025,중개거래,서울 서초구,131.88,10,71-11,1,N,25.07.16,잠원로3길,00008,00000,4163527,01,11650,0,11650,개인,10600,잠원동,317000.0,2025-02-27
244,,신반포19,11650-116,61,2,1982,개인,25.05.13,O,"323,000",27,2,2025,중개거래,서울 서초구,107.01,5,61-2,1,N,,잠원로8길,00020,00000,4163529,01,11650,0,11650,개인,10600,잠원동,323000.0,2025-02-27
245,,엠브이아파트,11650-199,46,0,1994,개인,25.05.24,O,"135,000",24,2,2025,중개거래,서울 서초구,59.82,2,46,1,N,,고무래로10길,00039,00000,4163042,01,11650,0,11650,개인,10700,반포동,135000.0,2025-02-24
246,501,삼호가든맨션(5차),11650-196,30,1,1986,개인,,,"370,000",27,2,2025,중개거래,서울 서초구,142.11,3,30-1,1,N,25.08.08,서초중앙로,00242,00000,3121024,02,11650,0,11650,개인,10700,반포동,370000.0,2025-02-27
247,202,서초힐스,11650-3821,773,0,2012,개인,,,"147,000",28,2,2025,직거래,,74.95,7,773,1,N,25.04.14,양재대로2길,00090,00000,4163748,01,11650,0,11650,개인,10300,우면동,147000.0,2025-02-28
248,109동,래미안 리더스원,11650-4887,1755,0,2020,개인,,,"390,000",27,2,2025,중개거래,서울 서초구,114.7,8,1755,1,N,25.05.27,서운로,00062,00000,3121016,00,11650,,11650,개인,10800,서초동,390000.0,2025-02-27
249,207,신반포4,11650-125,70,0,1979,개인,,,"403,000",24,2,2025,중개거래,서울 서초구,100.11,4,70,1,N,25.06.10,잠원로,00037,00048,3121019,01,11650,0,11650,개인,10600,잠원동,403000.0,2025-02-24
250,204,래미안서초에스티지S,11650-4622,1754,0,2018,개인,,,"300,000",28,2,2025,중개거래,서울 서초구,84.8,21,1754,1,N,25.05.29,서운로,00104,00000,3121016,01,11650,0,11650,개인,10800,서초동,300000.0,2025-02-28
251,,월드빌라트(798-5),11650-335,798,5,1996,개인,,,"205,000",21,2,2025,중개거래,서울 서초구,201.71,3,798-5,1,N,25.06.30,동광로,00126,00000,3121004,01,11650,0,11650,개인,10100,방배동,205000.0,2025-02-21
252,105,래미안퍼스티지,11650-3559,18,1,2009,개인,,,"346,000",28,2,2025,중개거래,"서울 서초구, 서울 용산구",59.96,11,18-1,1,N,25.07.10,반포대로,00275,00000,2121003,02,11650,0,11650,개인,10700,반포동,346000.0,2025-02-28
253,104,대우(효령),11650-272,1038,0,1992,개인,,,"183,000",22,2,2025,중개거래,서울 서초구,84.91,9,1038,1,N,25.05.27,효령로,00084,00000,3121021,01,11650,0,11650,개인,10100,방배동,183000.0,2025-02-22
254,108,우성,11650-440,154,2,1991,개인,,,"153,000",23,2,2025,중개거래,서울 서초구,73.15,13,154-2,1,N,25.05.20,바우뫼로,00091,00000,3121009,01,11650,0,11650,개인,10200,양재동,153000.0,2025-02-23
255,101,현대,11650-152,53,0,1993,개인,,,"240,000",28,2,2025,중개거래,서울 서초구,84.87,8,53,1,N,25.06.09,잠원로12길,00004,00000,4163525,01,11650,0,11650,개인,10600,잠원동,240000.0,2025-02-28
256,102동,서초센트럴IPARK,11650-4827,1582,3,2020,개인,,,"167,000",26,2,2025,중개거래,서울 서초구,80.5154,6,1582-3,1,N,25.06.30,반포대로18길,00036,00000,4163228,00,11650,0,11650,개인,10800,서초동,167000.0,2025-02-26
257,105,반포르엘,11650-5015,163,0,2022,개인,,,"570,000",26,2,2025,중개거래,서울 서초구,121.6097,30,163,1,N,25.05.30,신반포로23길,00023,00000,4163452,01,11650,0,11650,개인,10600,잠원동,570000.0,2025-02-26
258,102,브라운스톤방배,11650-630,899,16,2005,개인,,,"188,700",27,2,2025,중개거래,"서울 서초구, 서울 영등포구",84.96,10,899-16,1,N,25.05.26,서초대로26길,00019,00000,4163394,01,11650,0,11650,개인,10100,방배동,188700.0,2025-02-27
259,108,반포자이,11650-3500,20,43,2009,개인,,,"420,000",21,2,2025,중개거래,서울 서초구,84.943,22,20-43,1,N,25.06.17,신반포로,00270,00000,3121017,02,11650,0,11650,개인,10700,반포동,420000.0,2025-02-21
260,3,삼성서초가든스위트,11650-31,1326,0,2000,개인,,,"460,000",25,2,2025,중개거래,서울 서초구,244.83,4,1326,1,N,25.04.09,서운로,00122,00000,3121016,01,11650,0,11650,법인,10800,서초동,460000.0,2025-02-25
261,102동,서초센트럴IPARK,11650-4827,1582,3,2020,개인,,,"165,000",28,2,2025,중개거래,서울 서초구,80.5332,3,1582-3,1,N,25.05.20,반포대로18길,00036,00000,4163228,00,11650,0,11650,개인,10800,서초동,165000.0,2025-02-28
262,201,신반포4,11650-125,70,0,1979,개인,,,"375,000",22,2,2025,중개거래,서울 서초구,96.78,1,70,1,N,25.05.30,잠원로,00037,00048,3121019,01,11650,0,11650,개인,10600,잠원동,375000.0,2025-02-22
263,106,서초래미안,11650-523,1682,0,2003,개인,,,"217,000",19,2,2025,직거래,,111.32,10,1682,1,N,25.05.15,서초대로65길,00013,00010,4163425,01,11650,0,11650,개인,10800,서초동,217000.0,2025-02-19
264,,신반포4,11650-125,70,0,1979,개인,25.06.30,O,"525,000",26,2,2025,중개거래,서울 서초구,137.1,2,70,1,N,,잠원로,00037,00048,3121019,01,11650,0,11650,개인,10600,잠원동,525000.0,2025-02-26
265,119,래미안원베일리,11650-5126,1,0,2023,개인,,,"950,000",25,2,2025,중개거래,서울 서초구,133.91,33,1,1,N,25.12.02,반포대로,00333,00000,2121003,00,11650,,11650,개인,10700,반포동,950000.0,2025-02-25
266,702,서초네이처힐7단지,11650-3703,735,0,2011,개인,,,"148,000",28,2,2025,중개거래,서울 서초구,84.77,12,735,1,N,25.06.13,태봉로2길,00010,00000,4163582,01,11650,0,11650,개인,10300,우면동,148000.0,2025-02-28
267,112,신반포2,11650-117,73,0,1978,개인,,,"300,000",25,2,2025,중개거래,서울 서초구,68.91,1,73,1,N,25.05.15,신반포로23길,00041,00000,4163452,01,11650,0,11650,개인,10600,잠원동,300000.0,2025-02-25
268,103,서초푸르지오써밋,11650-4550,1311,10,2017,개인,,,"330,000",27,2,2025,중개거래,서울 서초구,84.95,21,1311-10,1,N,25.06.30,서운로,00201,00000,3121016,01,11650,0,11650,개인,10800,서초동,330000.0,2025-02-27
269,106동,래미안 리더스원,11650-4887,1755,0,2020,개인,,,"350,000",27,2,2025,중개거래,서울 서초구,84.93,24,1755,1,N,25.06.30,서운로,00062,00000,3121016,00,11650,,11650,개인,10800,서초동,350000.0,2025-02-27
270,3,한신서래,11650-232,70,1,1987,개인,,,"187,500",23,2,2025,중개거래,서울 서초구,64.53,11,70-1,1,N,25.08.12,사평대로28길,00031,00000,4163330,01,11650,0,11650,개인,10700,반포동,187500.0,2025-02-23
271,101,신반포청구,11650-141,63,2,1998,개인,,,"264,000",28,2,2025,중개거래,서울 서초구,84.86,3,63-2,1,N,25.07.03,신반포로33길,00066,00000,4163453,01,11650,0,11650,개인,10600,잠원동,264000.0,2025-02-28
272,112,롯데캐슬클래식,11650-3300,1312,3,2006,개인,,,"248,000",28,2,2025,중개거래,서울 서초구,74.3,17,1312-3,1,N,25.10.15,서운로,00200,00000,3121016,01,11650,0,11650,개인,10800,서초동,248000.0,2025-02-28
273,104,방배아크로리버,11650-640,752,36,2004,개인,,,"210,000",23,2,2025,중개거래,서울 서초구,124.569,6,752-36,1,N,25.05.23,방배중앙로,00207,00010,3121011,01,11650,0,11650,개인,10100,방배동,210000.0,2025-02-23
274,,해청3차,11650-729,15,12,2004,개인,,,"85,000",28,2,2025,중개거래,서울 서초구,75.46,6,15-12,1,N,25.05.12,남부순환로356길,00082,00000,4163088,01,11650,0,11650,개인,10200,양재동,85000.0,2025-02-28
275,103,서초푸르지오써밋,11650-4550,1311,10,2017,개인,,,"281,000",17,2,2025,중개거래,서울 서초구,74.96,17,1311-10,1,N,25.05.07,서운로,00201,00000,3121016,01,11650,0,11650,개인,10800,서초동,281000.0,2025-02-17
276,109,우성,11650-440,154,2,1991,개인,,,"170,000",19,2,2025,중개거래,서울 서초구,84.58,12,154-2,1,N,25.05.12,바우뫼로,00091,00000,3121009,01,11650,0,11650,개인,10200,양재동,170000.0,2025-02-19
277,2,한신로얄,11650-147,63,34,1992,개인,,,"226,000",22,2,2025,중개거래,서울 서초구,81.05,11,63-34,1,N,25.06.27,신반포로33길,00064,00000,4163453,01,11650,0,11650,개인,10600,잠원동,226000.0,2025-02-22
278,108동,서초그랑자이,11650-4969,1757,0,2021,개인,,,"390,000",24,2,2025,중개거래,서울 강남구,100.31,25,1757,1,N,25.05.12,효령로,00391,00000,3121021,00,11650,,11650,개인,10800,서초동,390000.0,2025-02-24
279,108,반포리체,11650-3617,30,26,2010,개인,,,"368,000",25,2,2025,중개거래,서울 서초구,84.967,26,30-26,1,N,25.08.04,고무래로,00035,00000,3121001,01,11650,0,11650,개인,10700,반포동,368000.0,2025-02-25
280,1,삼풍아파트,11650-28,1685,0,1988,개인,,,"277,000",22,2,2025,중개거래,서울 서초구,79.47,3,1685,1,N,25.06.30,서초중앙로,00200,00000,3121024,03,11650,0,11650,개인,10800,서초동,277000.0,2025-02-22
281,103,래미안서초스위트,11650-3515,1301,6,2009,개인,,,"281,000",26,2,2025,중개거래,서울 서초구,95.658,19,1301-6,1,N,25.05.30,서운로,00221,00000,3121016,01,11650,0,11650,개인,10800,서초동,281000.0,2025-02-26
282,105,서초푸르지오써밋,11650-4550,1311,10,2017,개인,,,"261,000",22,2,2025,중개거래,서울 서초구,59.92,33,1311-10,1,N,25.06.12,서운로,00201,00000,3121016,01,11650,0,11650,개인,10800,서초동,261000.0,2025-02-22
283,108,서리풀e편한세상,11650-3573,906,13,2010,개인,,,"300,000",28,2,2025,중개거래,서울 서초구,121.48,3,906-13,1,N,25.03.21,효령로33길,00050,00000,4163633,01,11650,0,11650,개인,10100,방배동,300000.0,2025-02-28
284,105,우성,11650-440,154,2,1991,개인,,,"159,000",24,2,2025,중개거래,서울 서초구,84.88,1,154-2,1,N,25.06.04,바우뫼로,00091,00000,3121009,01,11650,0,11650,개인,10200,양재동,159000.0,2025-02-24
285,104동,래미안 리더스원,11650-4887,1755,0,2020,개인,,,"347,000",24,2,2025,중개거래,서울 서초구,84.94,7,1755,1,N,25.06.20,서운로,00062,00000,3121016,00,11650,,11650,개인,10800,서초동,347000.0,2025-02-24
286,110,롯데캐슬아르떼,11650-4044,424,28,2013,개인,,,"290,000",18,2,2025,중개거래,서울 서초구,121.6576,5,424-28,1,N,25.12.22,방배천로18길,00011,00000,4163687,01,11650,0,11650,개인,10100,방배동,290000.0,2025-02-18
287,104,반포르엘,11650-5015,163,0,2022,개인,,,"495,000",26,2,2025,중개거래,서울 서초구,97.4743,16,163,1,N,25.05.29,신반포로23길,00023,00000,4163452,01,11650,0,11650,개인,10600,잠원동,495000.0,2025-02-26
288,2,삼호1동~3동,11650-309,770,1,1975,개인,,,"180,000",28,2,2025,중개거래,서울 서초구,81.39,10,770-1,1,N,25.06.11,방배로43길,00021,00000,4163277,01,11650,0,11650,개인,10100,방배동,180000.0,2025-02-28
289,201,서초힐스,11650-3821,773,0,2012,개인,,,"145,000",27,2,2025,중개거래,서울 서초구,74.97,15,773,1,N,25.06.24,양재대로2길,00090,00000,4163748,01,11650,0,11650,개인,10300,우면동,145000.0,2025-02-27
290,113동,아크로리버파크,11650-4440,2,12,2016,개인,,,"378,000",28,2,2025,중개거래,서울 서초구,59.98,8,2-12,1,N,25.05.19,신반포로15길,00019,00000,4163450,00,11650,0,11650,개인,10700,반포동,378000.0,2025-02-28
291,1,데뜨아르,11650-3450,67,1,2008,개인,,,"206,000",25,2,2025,중개거래,서울 서초구,84.94,10,67-1,1,N,25.05.30,잠원로,00046,00004,3121019,01,11650,0,11650,개인,10600,잠원동,206000.0,2025-02-25
292,105,반포리체,11650-3617,30,26,2010,개인,,,"413,000",21,2,2025,중개거래,서울 서초구,106.148,10,30-26,1,N,25.06.25,고무래로,00035,00000,3121001,01,11650,0,11650,개인,10700,반포동,413000.0,2025-02-21
293,101,블루힐하우스,11650-106,71,1,1999,개인,,,"249,000",22,2,2025,중개거래,서울 서초구,84.54,15,71-1,1,N,25.06.17,잠원로,00085,00000,3121019,01,11650,0,11650,개인,10600,잠원동,249000.0,2025-02-22
294,13,방배임광3차,11650-342,1010,1,1988,개인,,,"110,500",26,2,2025,중개거래,"서울 서초구, 서울 영등포구",44.61,6,1010-1,1,N,25.05.30,방배로2길,00024,00005,4163264,01,11650,0,11650,개인,10100,방배동,110500.0,2025-02-26
295,119,래미안원베일리,11650-5126,1,0,2023,개인,,,"550,000",22,2,2025,중개거래,서울 서초구,84.98,29,1,1,N,25.03.31,반포대로,00333,00000,2121003,00,11650,,11650,개인,10700,반포동,550000.0,2025-02-22
296,101,우성,11650-440,154,2,1991,개인,,,"160,000",16,2,2025,중개거래,서울 서초구,84.88,4,154-2,1,N,25.05.26,바우뫼로,00091,00000,3121009,01,11650,0,11650,개인,10200,양재동,160000.0,2025-02-16
297,,상지리츠빌2차,11650-690,99,3,2004,개인,,,"230,000",21,2,2025,중개거래,"경기 용인시 수지구, 서울 서초구",164.86,3,99-3,1,N,25.07.10,사평대로20길,00113,00000,4163326,01,11650,0,11650,개인,10700,반포동,230000.0,2025-02-21
298,102,서초한빛삼성,11650-42,1509,1,1999,개인,,,"146,750",22,2,2025,중개거래,서울 서초구,59.52,16,1509-1,1,N,25.04.30,서초대로40길,00072,00000,4163406,01,11650,0,11650,개인,10800,서초동,146750.0,2025-02-22
299,105,래미안퍼스티지,11650-3559,18,1,2009,개인,,,"333,000",24,2,2025,중개거래,서울 서초구,59.96,2,18-1,1,N,25.06.26,반포대로,00275,00000,2121003,02,11650,0,11650,개인,10700,반포동,333000.0,2025-02-24
300,121,래미안퍼스티지,11650-3559,18,1,2009,개인,,,"900,000",21,2,2025,중개거래,서울 서초구,222.76,20,18-1,1,N,25.07.22,반포대로,00275,00000,2121003,02,11650,0,11650,개인,10700,반포동,900000.0,2025-02-21
301,9,삼풍아파트,11650-28,1685,0,1988,개인,,,"300,000",26,2,2025,중개거래,"서울 강남구, 서울 서초구",79.47,15,1685,1,N,25.06.30,서초중앙로,00200,00000,3121024,03,11650,0,11650,개인,10800,서초동,300000.0,2025-02-26
302,서초 에지앙,서초동에지앙,11650-3286,1679,6,2006,개인,,,"124,000",27,2,2025,중개거래,서울 서초구,136.89,7,1679-6,1,N,25.04.09,서초대로64길,00013,00000,4163424,01,11650,0,11650,개인,10800,서초동,124000.0,2025-02-27
303,101,한신휴플러스,11650-3289,3000,1,2006,개인,,,"147,500",21,2,2025,중개거래,서울 서초구,84.55,11,3000-1,1,N,25.05.23,동작대로,00112,00000,2005009,01,11650,0,11650,개인,10100,방배동,147500.0,2025-02-21
304,202,서초푸르지오써밋,11650-4550,1311,10,2017,개인,,,"365,000",27,2,2025,중개거래,서울 서초구,120.86,16,1311-10,1,N,25.08.13,서운로,00212,00000,3121016,01,11650,0,11650,개인,10800,서초동,365000.0,2025-02-27
305,102,롯데캐슬클래식,11650-3300,1312,3,2006,개인,,,"270,000",21,2,2025,중개거래,서울 서초구,84.98,15,1312-3,1,N,25.04.23,서운로,00197,00000,3121016,00,11650,,11650,개인,10800,서초동,270000.0,2025-02-21
306,,방배5차상지리츠빌,11650-642,797,22,2004,개인,25.05.26,O,"197,000",23,2,2025,중개거래,서울 서초구,140.64,4,797-22,1,N,,사평대로6길,00106,00000,4163339,01,11650,0,11650,개인,10100,방배동,197000.0,2025-02-23
307,101,롯데캐슬헤론,11650-3317,754,1,2006,개인,,,"227,000",18,2,2025,중개거래,서울 서초구,169.08,12,754-1,1,N,25.06.27,동광로1길,00112,00000,4163119,01,11650,0,11650,개인,10100,방배동,227000.0,2025-02-18
308,106동,래미안 리더스원,11650-4887,1755,0,2020,개인,,,"340,000",28,2,2025,중개거래,서울 서초구,84.94,31,1755,1,N,25.05.20,서운로,00062,00000,3121016,00,11650,,11650,개인,10800,서초동,340000.0,2025-02-28
309,110동,래미안 리더스원,11650-4887,1755,0,2020,개인,,,"274,500",23,2,2025,중개거래,"서울 서초구, 서울 성동구",59.97,16,1755,1,N,25.05.30,서운로,00062,00000,3121016,00,11650,,11650,개인,10800,서초동,274500.0,2025-02-23
310,7,임광,11650-341,1015,0,1985,개인,,,"243,000",22,2,2025,중개거래,서울 서초구,136.38,2,1015,1,N,25.05.16,방배로,00014,00000,3121010,01,11650,0,11650,개인,10100,방배동,243000.0,2025-02-22
311,142,반포자이,11650-3500,20,43,2009,개인,,,"330,000",19,2,2025,중개거래,서울 서초구,59.98,6,20-43,1,N,25.06.05,신반포로,00270,00000,3121017,02,11650,0,11650,개인,10700,반포동,330000.0,2025-02-19
312,104동,반포써밋,11650-4703,1342,0,2018,개인,,,"334,000",19,2,2025,중개거래,서울 서초구,84.6849,5,1342,1,N,25.06.05,고무래로,00089,00000,3121001,00,11650,0,11650,개인,10700,반포동,334000.0,2025-02-19
313,105동,반포써밋,11650-4703,1342,0,2018,개인,,,"297,000",23,2,2025,중개거래,서울 서초구,59.3264,31,1342,1,N,25.06.25,고무래로,00089,00000,3121001,00,11650,0,11650,개인,10700,반포동,297000.0,2025-02-23
314,102동,반포써밋,11650-4703,1342,0,2018,개인,,,"430,000",26,2,2025,중개거래,서울 서초구,133.0453,4,1342,1,N,25.07.15,고무래로,00089,00000,3121001,00,11650,0,11650,개인,10700,반포동,430000.0,2025-02-26
315,119,반포자이,11650-3500,20,43,2009,개인,,,"540,000",26,2,2025,중개거래,서울 서초구,165.052,1,20-43,1,N,25.08.29,신반포로,00270,00000,3121017,02,11650,0,11650,개인,10700,반포동,540000.0,2025-02-26
316,5,한신,11650-145,56,3,1992,개인,,,"286,000",19,2,2025,중개거래,서울 서초구,84.52,14,56-3,1,N,25.03.31,잠원로,00150,00000,3121019,01,11650,0,11650,개인,10600,잠원동,286000.0,2025-02-19
317,106,반포자이,11650-3500,20,43,2009,개인,,,"438,000",26,2,2025,중개거래,"서울 동작구, 서울 서초구",84.943,21,20-43,1,N,25.07.11,신반포로,00270,00000,3121017,02,11650,0,11650,개인,10700,반포동,438000.0,2025-02-26
318,11,방배임광3차,11650-342,1010,1,1988,개인,,,"180,000",21,2,2025,중개거래,서울 서초구,84.0,2,1010-1,1,N,25.05.21,방배로2길,00024,00006,4163264,01,11650,0,11650,개인,10100,방배동,180000.0,2025-02-21
319,103,반포래미안아이파크,11650-4678,1341,0,2018,개인,,,"410,000",21,2,2025,중개거래,서울 서초구,99.92,27,1341,1,N,25.07.10,서초중앙로,00220,00000,3121024,02,11650,0,11650,개인,10700,반포동,410000.0,2025-02-21
320,103동,아크로리버파크,11650-4440,2,12,2016,개인,,,"479,000",17,2,2025,중개거래,서울 서초구,84.95,23,2-12,1,N,25.05.30,신반포로15길,00019,00000,4163450,00,11650,0,11650,개인,10700,반포동,479000.0,2025-02-17
321,105,반포센트럴자이,11650-4805,162,0,2020,개인,,,"480,000",27,2,2025,중개거래,서울 서초구,98.96,14,162,1,N,25.05.23,반포대로,00310,00006,2121003,01,11650,0,11650,개인,10600,잠원동,480000.0,2025-02-27
322,23,삼풍아파트,11650-28,1685,0,1988,개인,,,"425,000",27,2,2025,중개거래,서울 서초구,163.81,9,1685,1,N,25.06.27,서초중앙로,00200,00000,3121024,03,11650,0,11650,개인,10800,서초동,425000.0,2025-02-27
323,202,신반포4,11650-125,70,0,1979,개인,,,"398,000",20,2,2025,중개거래,서울 서초구,105.89,3,70,1,N,25.05.08,잠원로,00037,00048,3121019,01,11650,0,11650,개인,10600,잠원동,398000.0,2025-02-20
324,103,코오롱,11650-482,70,0,1994,개인,,,"120,000",24,2,2025,중개거래,서울 서초구,52.47,5,70,1,N,25.06.02,바우뫼로,00053,00000,3121009,02,11650,0,11650,개인,10300,우면동,120000.0,2025-02-24
325,,쌍용예가클래식,11650-265,776,3,2006,개인,25.03.14,O,"204,000",28,2,2025,중개거래,서울 서초구,89.844,5,776-3,1,N,,방배로37길,00026,00009,4163272,01,11650,0,11650,개인,10100,방배동,204000.0,2025-02-28
326,4,강변,11650-97,53,15,1987,개인,,,"226,000",28,2,2025,중개거래,서울 서초구,66.29,3,53-15,1,N,25.06.30,잠원로,00166,00017,3121019,01,11650,0,11650,개인,10600,잠원동,226000.0,2025-02-28
327,102,쌍용예가클래식,11650-265,776,3,2006,개인,,,"204,000",28,2,2025,중개거래,서울 서초구,89.844,5,776-3,1,N,25.05.30,방배로37길,00026,00009,4163272,01,11650,0,11650,개인,10100,방배동,204000.0,2025-02-28
328,A,아크로비스타,11650-724,1685,3,2004,개인,,,"274,800",21,2,2025,중개거래,서울 서초구,137.98,3,1685-3,1,N,25.04.02,서초중앙로,00188,00000,3121024,03,11650,0,11650,개인,10800,서초동,274800.0,2025-02-21
329,104,방배그랑자이,11650-4970,3283,0,2021,개인,,,"305,000",22,2,2025,중개거래,서울 서초구,84.972,12,3283,1,N,25.09.01,방배로,00021,00000,3121010,00,11650,0,11650,개인,10100,방배동,305000.0,2025-02-22
330,102,롯데캐슬클래식,11650-3300,1312,3,2006,개인,,,"280,000",24,2,2025,중개거래,서울 서초구,84.98,18,1312-3,1,N,25.05.29,서운로,00197,00000,3121016,00,11650,,11650,개인,10800,서초동,280000.0,2025-02-24
331,113,롯데캐슬클래식,11650-3300,1312,3,2006,개인,,,"330,000",17,2,2025,중개거래,"서울 동대문구, 서울 서초구",120.18,18,1312-3,1,N,25.08.04,서운로,00200,00000,3121016,01,11650,0,11650,개인,10800,서초동,330000.0,2025-02-17
332,7,삼풍아파트,11650-28,1685,0,1988,개인,,,"222,500",19,2,2025,직거래,,79.47,6,1685,1,N,25.03.14,서초중앙로,00200,00000,3121024,03,11650,0,11650,개인,10800,서초동,222500.0,2025-02-19
333,109,우성,11650-440,154,2,1991,개인,,,"161,000",17,2,2025,중개거래,"서울 강남구, 서울 서초구",84.58,3,154-2,1,N,25.04.04,바우뫼로,00091,00000,3121009,01,11650,0,11650,개인,10200,양재동,161000.0,2025-02-17
334,101,신반포르엘,11650-5121,165,0,2023,개인,,,"360,000",27,2,2025,중개거래,서울 서초구,84.92,20,165,1,N,25.06.04,잠원로14길,00042,00000,4163526,01,11650,0,11650,개인,10600,잠원동,360000.0,2025-02-27
335,124,반포자이,11650-3500,20,43,2009,개인,,,"420,000",27,2,2025,중개거래,서울 서초구,84.943,22,20-43,1,N,25.07.09,신반포로,00270,00000,3121017,02,11650,0,11650,개인,10700,반포동,420000.0,2025-02-27
336,103,서초래미안,11650-523,1682,0,2003,개인,,,"240,000",22,2,2025,중개거래,서울 서초구,84.97,17,1682,1,N,25.05.12,서초대로65길,00013,00010,4163425,01,11650,0,11650,개인,10800,서초동,240000.0,2025-02-22
337,128,래미안퍼스티지,11650-3559,18,1,2009,개인,,,"423,000",20,2,2025,중개거래,서울 서초구,84.93,21,18-1,1,N,25.05.26,반포대로,00275,00000,2121003,02,11650,0,11650,개인,10700,반포동,423000.0,2025-02-20
338,102,반포자이,11650-3500,20,43,2009,개인,,,"542,000",27,2,2025,중개거래,서울 서초구,132.439,7,20-43,1,N,25.08.13,신반포로,00270,00000,3121017,02,11650,0,11650,개인,10700,반포동,542000.0,2025-02-27
339,2,삼풍아파트,11650-28,1685,0,1988,개인,,,"278,000",20,2,2025,중개거래,서울 서초구,79.47,15,1685,1,N,25.05.29,서초중앙로,00200,00000,3121024,03,11650,0,11650,개인,10800,서초동,278000.0,2025-02-20
340,,대우(효령),11650-272,1038,0,1992,개인,25.03.22,O,"183,000",22,2,2025,중개거래,서울 서초구,84.91,9,1038,1,N,,효령로,00084,00000,3121021,01,11650,0,11650,개인,10100,방배동,183000.0,2025-02-22
341,109,래미안퍼스티지,11650-3559,18,1,2009,개인,,,"450,000",19,2,2025,중개거래,"서울 강남구, 서울 서초구",84.93,6,18-1,1,N,25.05.23,반포대로,00275,00000,2121003,02,11650,0,11650,개인,10700,반포동,450000.0,2025-02-19
342,103,방배아크로리버,11650-640,752,36,2004,법인,,,"235,000",15,2,2025,중개거래,서울 서초구,149.225,17,752-36,1,N,25.04.29,방배중앙로,00207,00010,3121011,01,11650,0,11650,개인,10100,방배동,235000.0,2025-02-15
343,,삼광,11650-545,577,47,2003,개인,,,"80,000",17,2,2025,중개거래,서울 서초구,88.08,1,577-47,1,N,25.05.15,동광로46길,00007,00014,4163133,01,11650,0,11650,개인,10700,반포동,80000.0,2025-02-17
344,103동,래미안 리더스원,11650-4887,1755,0,2020,개인,,,"337,000",15,2,2025,중개거래,"서울 강남구, 서울 서초구",84.94,13,1755,1,N,25.06.30,서운로,00062,00000,3121016,00,11650,,11650,개인,10800,서초동,337000.0,2025-02-15
345,107,반포리체,11650-3617,30,26,2010,개인,,,"297,000",22,2,2025,중개거래,서울 서초구,59.993,19,30-26,1,N,25.04.28,고무래로,00035,00000,3121001,01,11650,0,11650,개인,10700,반포동,297000.0,2025-02-22
346,103,반포자이,11650-3500,20,43,2009,개인,,,"372,000",24,2,2025,중개거래,서울 서초구,84.943,1,20-43,1,N,25.05.12,신반포로,00270,00000,3121017,02,11650,0,11650,개인,10700,반포동,372000.0,2025-02-24
347,,대림서초리시온,11650-605,1671,5,2003,개인,,,"65,000",27,2,2025,중개거래,서울 서초구,55.32,10,1671-5,1,N,25.04.07,서초중앙로22길,00025,00000,4163707,01,11650,0,11650,개인,10800,서초동,65000.0,2025-02-27
348,124,반포자이,11650-3500,20,43,2009,개인,,,"420,000",24,2,2025,중개거래,서울 서초구,84.943,20,20-43,1,N,25.07.18,신반포로,00270,00000,3121017,02,11650,0,11650,개인,10700,반포동,420000.0,2025-02-24
349,306,반포미도,11650-172,60,4,1987,개인,,,"305,000",26,2,2025,중개거래,서울 서초구,84.96,11,60-4,1,N,25.05.20,서초중앙로29길,00028,00000,4163713,01,11650,0,11650,개인,10700,반포동,305000.0,2025-02-26
350,106,서초교대e편한세상,11650-3579,1686,9,2010,개인,,,"306,000",27,2,2025,중개거래,서울 서초구,110.32,10,1686-9,1,N,25.08.05,서초중앙로24길,00033,00000,4163710,01,11650,0,11650,개인,10800,서초동,306000.0,2025-02-27
351,2,한신서래,11650-232,70,1,1987,개인,,,"240,000",22,2,2025,중개거래,서울 서초구,115.0,5,70-1,1,N,25.07.04,사평대로28길,00031,00000,4163330,01,11650,0,11650,개인,10700,반포동,240000.0,2025-02-22
352,201,서초푸르지오써밋,11650-4550,1311,10,2017,개인,,,"325,000",18,2,2025,중개거래,서울 서초구,97.7,15,1311-10,1,N,25.04.22,서운로,00212,00000,3121016,01,11650,0,11650,개인,10800,서초동,325000.0,2025-02-18
353,103,래미안서초스위트,11650-3515,1301,6,2009,개인,,,"272,000",15,2,2025,중개거래,서울 서초구,95.8079,19,1301-6,1,N,25.08.01,서운로,00221,00000,3121016,01,11650,0,11650,개인,10800,서초동,272000.0,2025-02-15
354,102,서초한빛삼성,11650-42,1509,1,1999,개인,,,"170,000",15,2,2025,중개거래,서울 서초구,99.06,2,1509-1,1,N,25.12.23,서초대로40길,00072,00000,4163406,01,11650,0,11650,개인,10800,서초동,170000.0,2025-02-15
355,101,한진로즈힐,11650-764,3276,0,2005,개인,,,"175,000",22,2,2025,중개거래,서울 서초구,84.959,11,3276,1,N,25.06.05,서초대로1길,00002,00000,4163389,01,11650,0,11650,개인,10100,방배동,175000.0,2025-02-22
356,104동,아크로리버뷰신반포,11650-4676,159,0,2018,개인,,,"416,000",18,2,2025,중개거래,"서울 금천구, 서울 서초구",78.48,7,159,1,N,25.06.10,잠원로,00117,00000,3121019,00,11650,0,11650,개인,10600,잠원동,416000.0,2025-02-18
357,101,삼호한숲,11650-315,1030,1,1998,개인,,,"141,000",19,2,2025,중개거래,서울 영등포구,84.87,10,1030-1,1,N,25.05.15,방배로3길,00010,00003,4163274,01,11650,0,11650,개인,10100,방배동,141000.0,2025-02-19
358,103동,아크로리버뷰신반포,11650-4676,159,0,2018,개인,,,"403,000",19,2,2025,중개거래,서울 서초구,78.48,16,159,1,N,25.05.12,잠원로,00117,00000,3121019,00,11650,0,11650,개인,10600,잠원동,403000.0,2025-02-19
359,103,서초호반써밋,11650-3963,753,0,2013,개인,,,"174,000",19,2,2025,중개거래,서울 서초구,101.0515,4,753,1,N,25.06.27,양재대로2길,00109,00000,4163748,01,11650,0,11650,개인,10300,우면동,174000.0,2025-02-19
360,105,방배1차현대홈타운,11650-290,1344,0,1999,개인,,,"195,800",22,2,2025,직거래,,84.96,2,1344,1,N,25.06.27,서초대로1길,00030,00000,4163389,01,11650,0,11650,개인,10100,방배동,195800.0,2025-02-22
361,,래미안원베일리,11650-5126,1,0,2023,개인,,,"665,000",28,2,2025,중개거래,서울 서초구,84.98,8,1,1,N,,반포대로,00333,00000,2121003,00,11650,,11650,개인,10700,반포동,665000.0,2025-02-28
362,109,반포자이,11650-3500,20,43,2009,개인,,,"418,000",19,2,2025,중개거래,서울 서초구,84.984,16,20-43,1,N,25.05.29,신반포로,00270,00000,3121017,02,11650,0,11650,개인,10700,반포동,418000.0,2025-02-19
363,118,래미안원베일리,11650-5126,1,0,2023,개인,,,"405,000",24,2,2025,중개거래,서울 서초구,59.96,29,1,1,N,25.05.23,반포대로,00333,00000,2121003,00,11650,,11650,법인,10700,반포동,405000.0,2025-02-24
364,101,신반포청구,11650-141,63,2,1998,개인,,,"274,000",17,2,2025,중개거래,서울 서초구,84.86,14,63-2,1,N,25.08.14,신반포로33길,00066,00000,4163453,01,11650,0,11650,개인,10600,잠원동,274000.0,2025-02-17
365,106,디에이치반포라클라스,11650-4959,1343,0,2021,개인,,,"460,000",20,2,2025,중개거래,서울 서초구,115.943,10,1343,1,N,25.06.26,서초중앙로,00206,00000,3121024,00,11650,,11650,개인,10700,반포동,460000.0,2025-02-20
366,101,코오롱,11650-482,70,0,1994,개인,,,"119,500",18,2,2025,중개거래,서울 서초구,52.47,5,70,1,N,25.05.07,바우뫼로,00053,00000,3121009,02,11650,0,11650,개인,10300,우면동,119500.0,2025-02-18
367,103,반포래미안아이파크,11650-4678,1341,0,2018,개인,,,"394,000",19,2,2025,중개거래,서울 서초구,99.92,7,1341,1,N,25.07.10,서초중앙로,00220,00000,3121024,02,11650,0,11650,개인,10700,반포동,394000.0,2025-02-19
368,107동,서초그랑자이,11650-4969,1757,0,2021,개인,,,"430,000",17,2,2025,중개거래,"서울 동작구, 서울 서초구",119.41,16,1757,1,N,25.06.16,효령로,00391,00000,3121021,00,11650,,11650,개인,10800,서초동,430000.0,2025-02-17
369,102동,래미안서초에스티지,11650-4470,1332,13,2016,개인,,,"284,000",23,2,2025,중개거래,서울 서초구,83.6,4,1332-13,1,N,25.05.23,서운로,00107,00000,3121016,00,11650,0,11650,개인,10800,서초동,284000.0,2025-02-23
370,143,반포자이,11650-3500,20,43,2009,개인,,,"395,000",15,2,2025,중개거래,서울 서초구,84.982,22,20-43,1,N,25.06.26,신반포로,00270,00000,3121017,02,11650,0,11650,개인,10700,반포동,395000.0,2025-02-15
371,,동아,11650-102,157,0,2002,개인,25.06.05,O,"290,000",16,2,2025,중개거래,서울 서초구,84.91,2,157,1,N,,신반포로33길,00015,00000,4163453,01,11650,0,11650,개인,10600,잠원동,290000.0,2025-02-16
372,325,신반포12,11650-110,50,5,1982,개인,,,"263,000",21,2,2025,중개거래,서울 서초구,75.79,11,50-5,1,N,25.06.04,잠원로14길,00041,00000,4163526,01,11650,0,11650,개인,10600,잠원동,263000.0,2025-02-21
373,102,서초자이,11650-3272,1444,7,2006,개인,,,"260,000",27,2,2025,중개거래,"서울 서초구, 서울 송파구",148.83,3,1444-7,1,N,25.05.26,효령로68길,00081,00000,4163654,01,11650,0,11650,개인,10800,서초동,260000.0,2025-02-27
374,103,방배아크로리버,11650-640,752,36,2004,개인,,,"220,000",15,2,2025,중개거래,서울 서초구,149.225,6,752-36,1,N,25.03.26,방배중앙로,00207,00010,3121011,01,11650,0,11650,개인,10100,방배동,220000.0,2025-02-15
375,111,반포자이,11650-3500,20,43,2009,개인,,,"635,000",14,2,2025,중개거래,서울 서초구,194.515,11,20-43,1,N,25.06.27,신반포로,00270,00000,3121017,02,11650,0,11650,개인,10700,반포동,635000.0,2025-02-14
376,201,서초힐스,11650-3821,773,0,2012,개인,,,"145,000",23,2,2025,중개거래,서울 서초구,74.95,9,773,1,N,25.06.30,양재대로2길,00090,00000,4163748,01,11650,0,11650,개인,10300,우면동,145000.0,2025-02-23
377,101,반포리체,11650-3617,30,26,2010,개인,,,"367,000",22,2,2025,중개거래,서울 서초구,84.967,23,30-26,1,N,25.06.02,고무래로,00035,00000,3121001,01,11650,0,11650,개인,10700,반포동,367000.0,2025-02-22
378,,샹보르,11650-623,1609,1,2002,개인,,,"197,500",23,2,2025,중개거래,서울 서초구,192.57,8,1609-1,1,N,25.05.30,효령로67길,00064,00000,4163653,01,11650,0,11650,개인,10800,서초동,197500.0,2025-02-23
379,101,킴스빌리지,11650-142,71,12,1996,개인,,,"81,500",17,2,2025,중개거래,서울 서초구,23.7,5,71-12,1,N,25.03.28,잠원로3길,00006,00000,4163527,01,11650,0,11650,개인,10600,잠원동,81500.0,2025-02-17
380,138,반포자이,11650-3500,20,43,2009,개인,,,"380,000",13,2,2025,중개거래,서울 서초구,84.984,13,20-43,1,N,25.05.09,신반포로,00270,00000,3121017,02,11650,0,11650,개인,10700,반포동,380000.0,2025-02-13
381,103,우성,11650-440,154,2,1991,개인,,,"159,500",15,2,2025,중개거래,서울 서초구,84.58,4,154-2,1,N,25.04.24,바우뫼로,00091,00000,3121009,01,11650,0,11650,개인,10200,양재동,159500.0,2025-02-15
382,,서초현대타워아파트,11650-50,1319,13,1997,개인,,,"198,000",26,2,2025,중개거래,"서울 강남구, 서울 서초구",179.03,26,1319-13,1,N,25.05.15,강남대로,00375,00000,2102001,04,11650,0,11650,개인,10800,서초동,198000.0,2025-02-26
383,308,서초네이처힐3단지,11650-3864,717,0,2013,개인,,,"151,000",21,2,2025,중개거래,서울 서초구,84.61,14,717,1,N,25.04.22,태봉로2길,00060,00000,4163582,01,11650,0,11650,개인,10300,우면동,151000.0,2025-02-21
384,136,반포자이,11650-3500,20,43,2009,개인,,,"394,000",14,2,2025,중개거래,서울 서초구,84.943,20,20-43,1,N,25.05.30,신반포로,00270,00000,3121017,02,11650,0,11650,개인,10700,반포동,394000.0,2025-02-14
385,,보미리아파트,11650-105,32,22,2001,개인,,,"140,000",27,2,2025,중개거래,서울 서초구,84.94,10,32-22,1,N,25.06.20,신반포로41길,00055,00000,4163456,01,11650,0,11650,개인,10600,잠원동,140000.0,2025-02-27
386,303,신반포7,11650-128,65,32,1980,개인,,,"393,000",17,2,2025,중개거래,서울 서초구,140.04,3,65-32,1,N,25.05.26,잠원로,00088,00000,3121019,01,11650,0,11650,법인,10600,잠원동,393000.0,2025-02-17
387,309,반포미도,11650-172,60,4,1987,개인,,,"300,000",15,2,2025,중개거래,서울 서초구,84.96,3,60-4,1,N,25.03.17,서초중앙로29길,00028,00000,4163713,01,11650,0,11650,개인,10700,반포동,300000.0,2025-02-15
388,203,롯데캐슬갤럭시(50-1),11650-682,50,1,2004,개인,,,"320,000",18,2,2025,중개거래,서울 서초구,132.78,13,50-1,1,N,25.06.20,잠원로14길,00023,00000,4163526,01,11650,0,11650,개인,10600,잠원동,320000.0,2025-02-18
389,205,롯데캐슬갤럭시(50-1),11650-682,50,1,2004,개인,,,"325,000",22,2,2025,중개거래,서울 서초구,132.16,4,50-1,1,N,25.06.23,잠원로14길,00023,00000,4163526,01,11650,0,11650,개인,10600,잠원동,325000.0,2025-02-22
390,B,중앙하이츠,11650-139,71,17,1998,개인,,,"183,000",22,2,2025,중개거래,서울 서초구,59.93,14,71-17,1,N,25.05.29,잠원로3길,00020,00000,4163527,01,11650,0,11650,개인,10600,잠원동,183000.0,2025-02-22
391,래미안 서초유니빌,래미안서초유니빌,11650-518,1445,4,2003,개인,,,"45,000",15,2,2025,중개거래,서울 서초구,47.357,10,1445-4,1,N,25.05.30,서초중앙로,00026,00000,3121024,03,11650,0,11650,개인,10800,서초동,45000.0,2025-02-15
392,203,서초2차e-편한세상,11650-774,1529,0,2005,개인,,,"208,000",24,2,2025,중개거래,서울 서초구,116.745,9,1529,1,N,25.05.02,효령로49길,00057,00000,4163642,01,11650,0,11650,개인,10800,서초동,208000.0,2025-02-24
393,A,아크로비스타,11650-724,1685,3,2004,개인,,,"268,000",27,2,2025,중개거래,서울 서초구,137.98,7,1685-3,1,N,25.06.05,서초중앙로,00188,00000,3121024,03,11650,0,11650,개인,10800,서초동,268000.0,2025-02-27
394,109,반포리체,11650-3617,30,26,2010,개인,,,"305,000",24,2,2025,중개거래,서울 서초구,59.993,5,30-26,1,N,25.06.20,고무래로,00035,00000,3121001,01,11650,0,11650,개인,10700,반포동,305000.0,2025-02-24
395,119,래미안원베일리,11650-5126,1,0,2023,개인,,,"750,000",15,2,2025,중개거래,서울 서초구,116.93,17,1,1,N,25.09.22,반포대로,00333,00000,2121003,00,11650,,11650,개인,10700,반포동,750000.0,2025-02-15
396,,라인,11650-169,70,0,1995,개인,,,"178,000",15,2,2025,중개거래,서울 서초구,84.89,2,70,1,N,25.08.14,서래로10길,00026,00000,4163357,01,11650,0,11650,개인,10700,반포동,178000.0,2025-02-15
397,103동,래미안신반포팰리스,11650-4439,158,0,2016,개인,,,"395,000",22,2,2025,중개거래,서울 서초구,104.02,11,158,1,N,25.06.05,잠원로8길,00035,00000,4163529,00,11650,0,11650,개인,10600,잠원동,395000.0,2025-02-22
398,102,우성,11650-440,154,2,1991,개인,,,"144,500",16,2,2025,중개거래,서울 서초구,73.15,3,154-2,1,N,25.06.05,바우뫼로,00091,00000,3121009,01,11650,0,11650,개인,10200,양재동,144500.0,2025-02-16
399,13,방배임광3차,11650-342,1010,1,1988,개인,,,"109,000",13,2,2025,중개거래,"서울 서대문구, 서울 서초구",44.61,9,1010-1,1,N,25.06.20,방배로2길,00024,00005,4163264,01,11650,0,11650,개인,10100,방배동,109000.0,2025-02-13
400,21,삼풍아파트,11650-28,1685,0,1988,개인,,,"400,000",17,2,2025,중개거래,서울 서초구,163.81,2,1685,1,N,25.06.02,서초중앙로,00200,00000,3121024,03,11650,0,11650,개인,10800,서초동,400000.0,2025-02-17
401,203,롯데캐슬갤럭시(50-1),11650-682,50,1,2004,개인,,,"330,000",15,2,2025,중개거래,서울 서초구,132.78,11,50-1,1,N,25.05.23,잠원로14길,00023,00000,4163526,01,11650,0,11650,개인,10600,잠원동,330000.0,2025-02-15
402,12,삼호3,11650-311,759,3,1976,법인,,,"255,000",10,2,2025,직거래,,129.76,10,759-3,1,N,25.03.18,방배로45길,00002,00000,4163278,01,11650,0,11650,개인,10100,방배동,255000.0,2025-02-10
403,15,방배임광3차,11650-342,1010,1,1988,개인,,,"179,000",21,2,2025,중개거래,서울 서초구,79.8,10,1010-1,1,N,25.04.23,방배로2길,00024,00005,4163264,01,11650,0,11650,개인,10100,방배동,179000.0,2025-02-21
404,,디에이치반포라클라스,11650-4959,1343,0,2021,개인,25.05.23,O,"365,000",13,2,2025,중개거래,서울 서초구,84.9671,22,1343,1,N,,서초중앙로,00206,00000,3121024,00,11650,,11650,개인,10700,반포동,365000.0,2025-02-13
405,,디에이치반포라클라스,11650-4959,1343,0,2021,개인,,,"370,000",19,2,2025,중개거래,서울 서초구,84.9671,4,1343,1,N,,서초중앙로,00206,00000,3121024,00,11650,,11650,개인,10700,반포동,370000.0,2025-02-19
406,,방배대우디오빌,11650-3191,866,20,2005,개인,,,"30,200",15,2,2025,중개거래,서울 서초구,29.6,13,866-20,1,N,25.04.01,서초대로,00017,00000,2121002,01,11650,0,11650,개인,10100,방배동,30200.0,2025-02-15
407,134,반포자이,11650-3500,20,43,2009,개인,,,"325,000",16,2,2025,중개거래,서울 서초구,59.98,8,20-43,1,N,25.05.27,신반포로,00270,00000,3121017,02,11650,0,11650,개인,10700,반포동,325000.0,2025-02-16
408,111동,래미안 리더스원,11650-4887,1755,0,2020,개인,,,"350,000",24,2,2025,중개거래,서울 서초구,84.94,19,1755,1,N,25.05.20,서운로,00062,00000,3121016,00,11650,,11650,개인,10800,서초동,350000.0,2025-02-24
409,101,서초삼성래미안,11650-24,1641,1,2001,개인,,,"165,000",14,2,2025,직거래,,121.66,16,1641-1,1,N,25.03.26,사임당로17길,00116,00000,4163313,01,11650,0,11650,개인,10800,서초동,165000.0,2025-02-14
410,128,래미안퍼스티지,11650-3559,18,1,2009,개인,,,"398,000",11,2,2025,중개거래,"서울 강남구, 서울 서초구",84.93,19,18-1,1,N,25.05.30,반포대로,00275,00000,2121003,02,11650,0,11650,개인,10700,반포동,398000.0,2025-02-11
411,20,현대아파트,11650-85,1346,0,1989,개인,,,"178,500",23,2,2025,중개거래,서울 서초구,84.34,3,1346,1,N,25.05.30,효령로68길,00013,00000,4163654,00,11650,,11650,개인,10800,서초동,178500.0,2025-02-23
412,212,서초힐스,11650-3821,773,0,2012,개인,,,"147,500",15,2,2025,중개거래,"서울 서초구, 서울 성동구",84.98,1,773,1,N,25.05.30,양재대로2길,00090,00000,4163748,01,11650,0,11650,개인,10300,우면동,147500.0,2025-02-15
413,1,삼호1동~3동,11650-309,770,1,1975,개인,,,"175,000",27,2,2025,중개거래,"서울 강남구, 서울 서초구",80.33,11,770-1,1,N,25.04.18,방배로43길,00005,00000,4163277,00,11650,,11650,개인,10100,방배동,175000.0,2025-02-27
414,102동,반포써밋,11650-4703,1342,0,2018,개인,,,"418,000",17,2,2025,중개거래,서울 서초구,133.0453,3,1342,1,N,25.03.12,고무래로,00089,00000,3121001,00,11650,0,11650,개인,10700,반포동,418000.0,2025-02-17
415,303,반포미도,11650-172,60,4,1987,개인,,,"307,000",28,2,2025,중개거래,서울 서초구,84.96,6,60-4,1,N,25.05.08,서초중앙로29길,00028,00000,4163713,01,11650,0,11650,개인,10700,반포동,307000.0,2025-02-28
416,102동,아크로리버뷰신반포,11650-4676,159,0,2018,개인,,,"448,000",19,2,2025,중개거래,서울 서초구,78.5,7,159,1,N,25.06.17,잠원로,00117,00000,3121019,00,11650,0,11650,개인,10600,잠원동,448000.0,2025-02-19
417,103,래미안서초스위트,11650-3515,1301,6,2009,개인,,,"279,000",21,2,2025,중개거래,서울 서초구,95.658,23,1301-6,1,N,25.11.10,서운로,00221,00000,3121016,01,11650,0,11650,개인,10800,서초동,279000.0,2025-02-21
418,101,반포힐스테이트,11650-3687,16,6,2012,개인,,,"492,000",17,2,2025,중개거래,서울 서초구,155.38,4,16-6,1,N,25.08.29,신반포로16길,00015,00020,4163754,01,11650,0,11650,개인,10700,반포동,492000.0,2025-02-17
419,117,래미안퍼스티지,11650-3559,18,1,2009,개인,,,"726,000",18,2,2025,중개거래,서울 서초구,198.04,3,18-1,1,N,25.06.25,반포대로,00275,00000,2121003,02,11650,0,11650,개인,10700,반포동,726000.0,2025-02-18
420,101,반포자이,11650-3500,20,43,2009,개인,,,"410,000",16,2,2025,중개거래,서울 서초구,84.943,29,20-43,1,N,25.05.26,신반포로,00270,00000,3121017,02,11650,0,11650,개인,10700,반포동,410000.0,2025-02-16
421,103,서초푸르지오써밋,11650-4550,1311,10,2017,개인,,,"309,000",22,2,2025,중개거래,"서울 강남구, 서울 서초구",84.95,4,1311-10,1,N,25.07.31,서운로,00201,00000,3121016,01,11650,0,11650,개인,10800,서초동,309000.0,2025-02-22
422,130,반포자이,11650-3500,20,43,2009,개인,,,"400,000",25,2,2025,중개거래,서울 서초구,84.943,28,20-43,1,N,25.05.29,신반포로,00270,00000,3121017,02,11650,0,11650,개인,10700,반포동,400000.0,2025-02-25
423,136,반포자이,11650-3500,20,43,2009,개인,,,"410,000",25,2,2025,중개거래,서울 서초구,84.943,25,20-43,1,N,25.05.19,신반포로,00270,00000,3121017,02,11650,0,11650,개인,10700,반포동,410000.0,2025-02-25
424,405,서초네이처힐4단지,11650-3704,720,0,2011,개인,,,"155,000",20,2,2025,중개거래,서울 서초구,84.84,13,720,1,N,25.06.09,태봉로2길,00065,00000,4163582,01,11650,0,11650,개인,10300,우면동,155000.0,2025-02-20
425,104동,아크로리버파크,11650-4440,2,12,2016,개인,,,"850,000",17,2,2025,중개거래,서울 서초구,154.97,9,2-12,1,N,25.12.31,신반포로15길,00019,00000,4163450,00,11650,0,11650,개인,10700,반포동,850000.0,2025-02-17
426,,두원,11650-281,473,1,1996,개인,,,"250,000",22,2,2025,중개거래,서울 서초구,84.87,4,473-1,1,N,25.06.30,청두곶길,00014,00000,4163574,01,11650,0,11650,개인,10100,방배동,250000.0,2025-02-22
427,116,래미안원베일리,11650-5126,1,0,2023,개인,,,"387,000",22,2,2025,중개거래,서울 서초구,59.96,28,1,1,N,25.07.07,반포대로,00333,00000,2121003,00,11650,,11650,개인,10700,반포동,387000.0,2025-02-22
428,206,신반포4,11650-125,70,0,1979,개인,,,"408,000",16,2,2025,중개거래,"서울 강남구, 서울 서초구",100.11,13,70,1,N,25.05.28,잠원로,00037,00048,3121019,01,11650,0,11650,개인,10600,잠원동,408000.0,2025-02-16
429,117,래미안퍼스티지,11650-3559,18,1,2009,개인,,,"775,000",17,2,2025,중개거래,서울 서초구,198.04,7,18-1,1,N,25.05.27,반포대로,00275,00000,2121003,02,11650,0,11650,개인,10700,반포동,775000.0,2025-02-17
430,101,반포푸르지오,11650-176,10,0,2000,개인,,,"246,500",17,2,2025,중개거래,서울 서초구,84.82,3,10,1,N,25.07.04,신반포로15길,00004,00000,4163450,01,11650,0,11650,개인,10700,반포동,246500.0,2025-02-17
431,111동,아크로리버파크,11650-4440,2,12,2016,개인,,,"675,000",27,2,2025,중개거래,서울 서초구,112.96,8,2-12,1,N,25.10.30,신반포로15길,00019,00000,4163450,00,11650,0,11650,개인,10700,반포동,675000.0,2025-02-27
432,306,반포미도,11650-172,60,4,1987,개인,,,"305,000",17,2,2025,중개거래,서울 서초구,84.96,4,60-4,1,N,25.07.15,서초중앙로29길,00028,00000,4163713,01,11650,0,11650,개인,10700,반포동,305000.0,2025-02-17
433,104,반포힐스테이트,11650-3687,16,6,2012,개인,,,"409,000",22,2,2025,중개거래,서울 서초구,84.8,24,16-6,1,N,25.05.16,신반포로16길,00015,00020,4163754,01,11650,0,11650,개인,10700,반포동,409000.0,2025-02-22
434,116,래미안퍼스티지,11650-3559,18,1,2009,개인,,,"450,000",16,2,2025,중개거래,서울 서초구,84.93,6,18-1,1,N,25.06.09,반포대로,00275,00000,2121003,02,11650,0,11650,개인,10700,반포동,450000.0,2025-02-16
435,104,서초래미안,11650-523,1682,0,2003,개인,,,"238,000",17,2,2025,중개거래,서울 서초구,84.95,20,1682,1,N,25.06.02,서초대로65길,00013,00010,4163425,01,11650,0,11650,개인,10800,서초동,238000.0,2025-02-17
436,104,서초자이,11650-3272,1444,7,2006,개인,,,"200,000",22,2,2025,중개거래,서울 서초구,84.98,11,1444-7,1,N,25.06.30,효령로68길,00081,00000,4163654,01,11650,0,11650,개인,10800,서초동,200000.0,2025-02-22
437,103,유원서초,11650-62,1687,0,1993,개인,,,"185,000",21,2,2025,중개거래,서울 서초구,84.87,1,1687,1,N,25.05.30,서초중앙로24길,00043,00000,4163710,01,11650,0,11650,개인,10800,서초동,185000.0,2025-02-21
438,102,금강프리빌,11650-291,940,8,2001,개인,,,"188,000",18,2,2025,중개거래,서울 서초구,127.2,11,940-8,1,N,25.06.05,서초대로18길,00006,00000,4163387,01,11650,0,11650,개인,10100,방배동,188000.0,2025-02-18
439,101,방배래미안타워,11650-759,485,3,2005,개인,,,"194,000",27,2,2025,중개거래,"서울 관악구, 서울 서초구",103.34,10,485-3,1,N,25.05.27,남부순환로,02183,00000,2000003,01,11650,0,11650,개인,10100,방배동,194000.0,2025-02-27
440,,서초푸르지오써밋,11650-4550,1311,10,2017,개인,25.03.19,O,"281,000",17,2,2025,중개거래,서울 서초구,74.96,17,1311-10,1,N,,서운로,00201,00000,3121016,01,11650,0,11650,개인,10800,서초동,281000.0,2025-02-17
441,103,우성,11650-440,154,2,1991,개인,,,"123,000",26,2,2025,직거래,,84.58,10,154-2,1,N,25.03.10,바우뫼로,00091,00000,3121009,01,11650,0,11650,개인,10200,양재동,123000.0,2025-02-26
442,101,신반포청구,11650-141,63,2,1998,개인,,,"280,000",22,2,2025,중개거래,서울 서초구,84.86,14,63-2,1,N,25.05.09,신반포로33길,00066,00000,4163453,01,11650,0,11650,개인,10600,잠원동,280000.0,2025-02-22
443,104,서초푸르지오써밋,11650-4550,1311,10,2017,개인,,,"270,000",19,2,2025,중개거래,서울 서초구,74.96,2,1311-10,1,N,25.05.30,서운로,00201,00000,3121016,01,11650,0,11650,개인,10800,서초동,270000.0,2025-02-19
444,,신반포4,11650-125,70,0,1979,개인,25.05.08,O,"370,000",14,2,2025,중개거래,서울 서초구,96.48,2,70,1,N,,잠원로,00037,00048,3121019,01,11650,0,11650,개인,10600,잠원동,370000.0,2025-02-14
445,103,서초교대e편한세상,11650-3579,1686,9,2010,개인,,,"271,000",16,2,2025,중개거래,서울 서초구,84.94,12,1686-9,1,N,25.06.16,서초중앙로24길,00033,00000,4163710,01,11650,0,11650,개인,10800,서초동,271000.0,2025-02-16
446,101,브라운스톤방배,11650-630,899,16,2005,개인,,,"185,000",24,2,2025,중개거래,서울 서초구,84.98,5,899-16,1,N,25.05.30,서초대로26길,00019,00000,4163394,01,11650,0,11650,개인,10100,방배동,185000.0,2025-02-24
447,12,방배임광3차,11650-342,1010,1,1988,개인,,,"175,000",24,2,2025,중개거래,서울 서초구,82.34,1,1010-1,1,N,25.06.04,방배로2길,00024,00006,4163264,01,11650,0,11650,개인,10100,방배동,175000.0,2025-02-24
448,103,대림e-편한세상1,11650-511,884,21,2003,개인,,,"260,000",28,2,2025,중개거래,서울 서초구,164.38,2,884-21,1,N,25.04.15,서초대로34길,00034,00000,4163403,01,11650,0,11650,개인,10100,방배동,260000.0,2025-02-28
449,102동,래미안신반포팰리스,11650-4439,158,0,2016,개인,,,"405,000",19,2,2025,중개거래,서울 서초구,104.08,10,158,1,N,25.08.29,잠원로8길,00035,00000,4163529,00,11650,0,11650,개인,10600,잠원동,405000.0,2025-02-19
450,105,코오롱,11650-482,70,0,1994,개인,,,"122,000",22,2,2025,중개거래,서울 서초구,52.47,5,70,1,N,25.04.22,바우뫼로,00053,00000,3121009,02,11650,0,11650,개인,10300,우면동,122000.0,2025-02-22
451,102,서초현대,11650-46,1648,2,1999,개인,,,"126,000",16,2,2025,중개거래,서울 서초구,53.01,8,1648-2,1,N,25.05.14,사임당로19길,00010,00000,4163315,01,11650,0,11650,개인,10800,서초동,126000.0,2025-02-16
452,206,신반포4,11650-125,70,0,1979,개인,,,"400,000",10,2,2025,중개거래,서울 서초구,100.11,6,70,1,N,25.05.30,잠원로,00037,00048,3121019,01,11650,0,11650,개인,10600,잠원동,400000.0,2025-02-10
453,114,래미안퍼스티지,11650-3559,18,1,2009,개인,,,"630,000",18,2,2025,중개거래,서울 서초구,135.92,24,18-1,1,N,25.09.02,반포대로,00275,00000,2121003,02,11650,0,11650,개인,10700,반포동,630000.0,2025-02-18
454,106,서초교대e편한세상,11650-3579,1686,9,2010,개인,,,"310,000",21,2,2025,중개거래,서울 서초구,136.44,1,1686-9,1,N,26.03.03,서초중앙로24길,00033,00000,4163710,01,11650,0,11650,개인,10800,서초동,310000.0,2025-02-21
455,2,임광,11650-341,1015,0,1985,개인,,,"194,000",20,2,2025,중개거래,서울 서초구,84.78,2,1015,1,N,25.05.16,방배로,00014,00000,3121010,01,11650,0,11650,개인,10100,방배동,194000.0,2025-02-20
456,103,현대멤피스,11650-373,772,13,2001,개인,,,"258,000",14,2,2025,중개거래,서울 서초구,133.31,8,772-13,1,N,25.03.21,방배로,00239,00000,3121010,01,11650,0,11650,개인,10100,방배동,258000.0,2025-02-14
457,101,쌍용예가클래식,11650-265,776,3,2006,개인,,,"227,500",18,2,2025,중개거래,서울 서초구,155.4471,2,776-3,1,N,25.06.12,방배로37길,00026,00009,4163272,01,11650,0,11650,개인,10100,방배동,227500.0,2025-02-18
458,207,서초힐스,11650-3821,773,0,2012,개인,,,"160,000",20,2,2025,중개거래,서울 서초구,84.95,12,773,1,N,25.06.25,양재대로2길,00090,00000,4163748,01,11650,0,11650,개인,10300,우면동,160000.0,2025-02-20
459,8,삼호2,11650-310,758,4,1976,개인,,,"220,000",26,2,2025,중개거래,서울 서초구,127.94,7,758-4,1,N,25.04.25,방배로43길,00030,00000,4163277,01,11650,0,11650,개인,10100,방배동,220000.0,2025-02-26
460,308,서초네이처힐3단지,11650-3864,717,0,2013,개인,,,"151,000",9,2,2025,중개거래,서울 서초구,84.61,10,717,1,N,25.05.30,태봉로2길,00060,00000,4163582,01,11650,0,11650,개인,10300,우면동,151000.0,2025-02-09
461,102,현대,11650-152,53,0,1993,개인,,,"230,000",20,2,2025,중개거래,서울 서초구,84.87,14,53,1,N,25.05.08,잠원로12길,00004,00000,4163525,01,11650,0,11650,개인,10600,잠원동,230000.0,2025-02-20
462,104동,아크로리버뷰신반포,11650-4676,159,0,2018,개인,,,"460,500",18,2,2025,중개거래,서울 서초구,78.5,29,159,1,N,25.06.19,잠원로,00117,00000,3121019,00,11650,0,11650,개인,10600,잠원동,460500.0,2025-02-18
463,101,방배1차현대홈타운,11650-290,1344,0,1999,개인,,,"165,000",22,2,2025,중개거래,서울 서초구,59.94,6,1344,1,N,25.06.20,서초대로1길,00030,00000,4163389,01,11650,0,11650,개인,10100,방배동,165000.0,2025-02-22
464,102동,아크로리버파크,11650-4440,2,12,2016,개인,,,"370,000",25,2,2025,중개거래,서울 서초구,59.98,16,2-12,1,N,25.06.30,신반포로15길,00019,00000,4163450,00,11650,0,11650,개인,10700,반포동,370000.0,2025-02-25
465,,아크로리버파크,11650-4440,2,12,2016,개인,,,"680,000",24,2,2025,중개거래,서울 서초구,112.96,2,2-12,1,N,,신반포로15길,00019,00000,4163450,00,11650,0,11650,개인,10700,반포동,680000.0,2025-02-24
466,103,방배1차현대홈타운,11650-290,1344,0,1999,개인,,,"168,700",14,2,2025,중개거래,서울 서초구,59.94,5,1344,1,N,25.05.20,서초대로1길,00030,00000,4163389,01,11650,0,11650,개인,10100,방배동,168700.0,2025-02-14
467,109,반포자이,11650-3500,20,43,2009,개인,,,"415,000",18,2,2025,중개거래,서울 서초구,84.982,19,20-43,1,N,25.05.08,신반포로,00270,00000,3121017,02,11650,0,11650,개인,10700,반포동,415000.0,2025-02-18
468,101,동원베네스트아파트,11650-88,1350,13,2002,개인,,,"154,700",18,2,2025,중개거래,서울 서초구,84.9,5,1350-13,1,N,25.04.22,효령로74길,00057,00000,4163658,01,11650,0,11650,개인,10800,서초동,154700.0,2025-02-18
469,205,롯데캐슬갤럭시(50-1),11650-682,50,1,2004,개인,,,"310,750",22,2,2025,중개거래,서울 서초구,132.16,17,50-1,1,N,25.05.30,잠원로14길,00023,00000,4163526,01,11650,0,11650,개인,10600,잠원동,310750.0,2025-02-22
470,13,방배임광3차,11650-342,1010,1,1988,개인,,,"149,500",22,2,2025,중개거래,서울 서초구,67.47,4,1010-1,1,N,25.05.21,방배로2길,00024,00005,4163264,01,11650,0,11650,개인,10100,방배동,149500.0,2025-02-22
471,108동,서초그랑자이,11650-4969,1757,0,2021,개인,,,"335,000",15,2,2025,중개거래,서울 서초구,84.51,6,1757,1,N,25.05.07,효령로,00391,00000,3121021,00,11650,,11650,개인,10800,서초동,335000.0,2025-02-15
472,108동,서초그랑자이,11650-4969,1757,0,2021,개인,,,"345,000",27,2,2025,중개거래,서울 서초구,84.51,9,1757,1,N,25.06.09,효령로,00391,00000,3121021,00,11650,,11650,개인,10800,서초동,345000.0,2025-02-27
473,,서초훼미리하우스,11650-4570,917,4,2017,개인,,,"105,500",14,2,2025,중개거래,서울 서초구,59.49,9,917-4,1,N,25.04.30,효령로,00089,00000,3121021,01,11650,0,11650,개인,10100,방배동,105500.0,2025-02-14
474,,판테옹빌라,11650-397,841,2,2002,개인,,,"213,000",25,2,2025,중개거래,서울 서초구,161.71,4,841-2,1,N,25.05.23,동광로24길,00037,00000,4163121,01,11650,0,11650,개인,10100,방배동,213000.0,2025-02-25
475,107동,래미안 리더스원,11650-4887,1755,0,2020,개인,,,"395,000",12,2,2025,중개거래,"서울 강남구, 서울 서초구",114.94,14,1755,1,N,25.08.05,서운로,00062,00000,3121016,00,11650,,11650,개인,10800,서초동,395000.0,2025-02-12
476,108,래미안원베일리,11650-5126,1,0,2023,개인,,,"495,000",9,2,2025,중개거래,서울 서초구,84.93,7,1,1,N,25.03.31,반포대로,00333,00000,2121003,00,11650,,11650,개인,10700,반포동,495000.0,2025-02-09
477,101,방배래미안타워,11650-759,485,3,2005,개인,,,"192,000",15,2,2025,중개거래,서울 서초구,103.34,13,485-3,1,N,25.04.30,남부순환로,02183,00000,2000003,01,11650,0,11650,개인,10100,방배동,192000.0,2025-02-15
478,114,롯데캐슬클래식,11650-3300,1312,3,2006,개인,,,"240,000",17,2,2025,중개거래,서울 서초구,74.3,22,1312-3,1,N,25.05.29,서운로,00200,00000,3121016,01,11650,0,11650,개인,10800,서초동,240000.0,2025-02-17
479,103,신반포자이,11650-4675,160,0,2018,개인,,,"425,000",20,2,2025,중개거래,"서울 강남구, 서울 서초구",98.45,5,160,1,N,25.03.24,잠원로,00060,00000,3121019,01,11650,0,11650,개인,10600,잠원동,425000.0,2025-02-20
480,103,롯데캐슬아르떼,11650-4044,424,28,2013,개인,,,"210,000",15,2,2025,중개거래,서울 서초구,59.9902,4,424-28,1,N,25.05.08,방배천로18길,00011,00000,4163687,01,11650,0,11650,개인,10100,방배동,210000.0,2025-02-15
481,,아크로리버파크,11650-4440,2,12,2016,개인,25.06.26,O,"480,000",18,2,2025,중개거래,서울 서초구,84.98,16,2-12,1,N,,신반포로15길,00019,00000,4163450,00,11650,0,11650,개인,10700,반포동,480000.0,2025-02-18
482,116,래미안퍼스티지,11650-3559,18,1,2009,개인,,,"470,000",26,2,2025,중개거래,서울 서초구,84.93,13,18-1,1,N,25.05.28,반포대로,00275,00000,2121003,02,11650,0,11650,개인,10700,반포동,470000.0,2025-02-26
483,123,래미안퍼스티지,11650-3559,18,1,2009,개인,,,"730,000",21,2,2025,중개거래,서울 서초구,198.22,25,18-1,1,N,25.10.31,반포대로,00275,00000,2121003,02,11650,0,11650,개인,10700,반포동,730000.0,2025-02-21
484,112동,래미안 리더스원,11650-4887,1755,0,2020,개인,,,"265,000",15,2,2025,중개거래,서울 서초구,59.97,18,1755,1,N,25.05.28,서운로,00062,00000,3121016,00,11650,,11650,개인,10800,서초동,265000.0,2025-02-15
485,101동,반포써밋,11650-4703,1342,0,2018,개인,,,"395,000",17,2,2025,중개거래,"경기 성남시 분당구, 서울 서초구",106.5162,5,1342,1,N,25.07.18,고무래로,00089,00000,3121001,00,11650,0,11650,개인,10700,반포동,395000.0,2025-02-17
486,202,서초힐스,11650-3821,773,0,2012,개인,,,"144,500",8,2,2025,중개거래,서울 서초구,74.97,9,773,1,N,25.05.12,양재대로2길,00090,00000,4163748,01,11650,0,11650,개인,10300,우면동,144500.0,2025-02-08
487,4,강변,11650-97,53,15,1987,개인,,,"225,000",19,2,2025,중개거래,서울 서초구,66.29,8,53-15,1,N,25.05.29,잠원로,00166,00017,3121019,01,11650,0,11650,개인,10600,잠원동,225000.0,2025-02-19
488,1,훼미리타운,11650-3820,932,34,2012,개인,,,"50,500",21,2,2025,중개거래,서울 서초구,40.0,2,932-34,1,N,25.03.25,방배로19길,00040,00000,4163255,01,11650,0,11650,개인,10100,방배동,50500.0,2025-02-21
489,,삼호1동~3동,11650-309,770,1,1975,개인,,,"145,000",27,2,2025,직거래,,81.39,8,770-1,1,N,,방배로43길,00021,00000,4163277,01,11650,0,11650,개인,10100,방배동,145000.0,2025-02-27
490,113,서초래미안,11650-523,1682,0,2003,개인,,,"238,000",14,2,2025,중개거래,서울 서초구,84.95,9,1682,1,N,25.05.02,서초대로65길,00013,00010,4163425,01,11650,0,11650,개인,10800,서초동,238000.0,2025-02-14
491,128,래미안퍼스티지,11650-3559,18,1,2009,개인,,,"410,000",13,2,2025,중개거래,서울 서초구,84.93,13,18-1,1,N,25.05.30,반포대로,00275,00000,2121003,02,11650,0,11650,개인,10700,반포동,410000.0,2025-02-13
492,,미주파스텔,11650-103,54,0,2002,개인,,,"191,000",21,2,2025,중개거래,서울 서초구,84.64,2,54,1,N,25.05.28,잠원로,00166,00004,3121019,01,11650,0,11650,개인,10600,잠원동,191000.0,2025-02-21
493,22,삼풍아파트,11650-28,1685,0,1988,개인,,,"405,000",6,2,2025,중개거래,서울 서초구,163.81,10,1685,1,N,25.04.10,서초중앙로,00200,00000,3121024,03,11650,0,11650,개인,10800,서초동,405000.0,2025-02-06
494,101,브라운스톤방배,11650-630,899,16,2005,개인,,,"190,000",15,2,2025,중개거래,서울 서초구,84.96,7,899-16,1,N,25.06.24,서초대로26길,00019,00000,4163394,01,11650,0,11650,개인,10100,방배동,190000.0,2025-02-15
495,105,신반포자이,11650-4675,160,0,2018,개인,,,"390,000",13,2,2025,중개거래,"서울 강남구, 서울 서초구",84.98,4,160,1,N,25.05.14,잠원로,00060,00000,3121019,01,11650,0,11650,개인,10600,잠원동,390000.0,2025-02-13
496,,아크로리버파크,11650-4440,2,12,2016,개인,25.05.21,O,"1,000,000",25,2,2025,중개거래,서울 서초구,154.97,20,2-12,1,N,,신반포로15길,00019,00000,4163450,00,11650,0,11650,개인,10700,반포동,1000000.0,2025-02-25
497,113,반포자이,11650-3500,20,43,2009,개인,,,"695,000",5,2,2025,중개거래,서울 서초구,244.543,17,20-43,1,N,25.03.28,신반포로,00270,00000,3121017,02,11650,0,11650,개인,10700,반포동,695000.0,2025-02-05
498,103,서초푸르지오써밋,11650-4550,1311,10,2017,개인,,,"319,500",24,2,2025,중개거래,서울 서초구,84.95,28,1311-10,1,N,25.12.29,서운로,00201,00000,3121016,01,11650,0,11650,개인,10800,서초동,319500.0,2025-02-24
499,,반포센트럴자이,11650-4805,162,0,2020,개인,25.06.26,O,"545,000",20,2,2025,중개거래,"경기 용인시 처인구, 서울 서초구",114.96,15,162,1,N,,반포대로,00310,00006,2121003,01,11650,0,11650,개인,10600,잠원동,545000.0,2025-02-20
500,121,래미안원베일리,11650-5126,1,0,2023,개인,,,"800,000",17,2,2025,중개거래,서울 서초구,116.92,16,1,1,N,25.07.23,반포대로,00333,00000,2121003,00,11650,,11650,개인,10700,반포동,800000.0,2025-02-17
501,101,래미안서초스위트,11650-3515,1301,6,2009,개인,,,"230,000",15,2,2025,중개거래,서울 서초구,59.9958,26,1301-6,1,N,25.06.17,서운로,00221,00000,3121016,01,11650,0,11650,개인,10800,서초동,230000.0,2025-02-15
502,106동,반포써밋,11650-4703,1342,0,2018,개인,,,"275,500",15,2,2025,중개거래,서울 서초구,59.3264,24,1342,1,N,25.08.08,고무래로,00089,00000,3121001,00,11650,0,11650,개인,10700,반포동,275500.0,2025-02-15
503,503,반포미도2차아파트,11650-173,60,5,1989,개인,,,"233,000",15,2,2025,중개거래,서울 서초구,71.49,4,60-5,1,N,25.05.08,사평대로,00240,00000,2121001,02,11650,0,11650,개인,10700,반포동,233000.0,2025-02-15
504,,한신타운,11650-149,60,4,1989,개인,,,"200,000",12,2,2025,중개거래,서울 서초구,63.94,8,60-4,1,N,25.05.26,나루터로4길,00070,00005,4163049,01,11650,0,11650,개인,10600,잠원동,200000.0,2025-02-12
505,102,서초푸르지오써밋,11650-4550,1311,10,2017,개인,,,"302,000",17,2,2025,중개거래,서울 서초구,84.95,6,1311-10,1,N,25.10.28,서운로,00201,00000,3121016,01,11650,0,11650,개인,10800,서초동,302000.0,2025-02-17
506,,신반포4,11650-125,70,0,1979,개인,25.07.23,O,"593,000",17,2,2025,중개거래,서울 서초구,155.0,12,70,1,N,,잠원로,00037,00048,3121019,01,11650,0,11650,개인,10600,잠원동,593000.0,2025-02-17
507,102,서초푸르지오써밋,11650-4550,1311,10,2017,개인,,,"249,000",8,2,2025,중개거래,서울 서초구,59.62,34,1311-10,1,N,25.04.18,서운로,00201,00000,3121016,01,11650,0,11650,개인,10800,서초동,249000.0,2025-02-08
508,103,코오롱,11650-482,70,0,1994,개인,,,"113,000",7,2,2025,중개거래,서울 서초구,52.47,5,70,1,N,25.03.27,바우뫼로,00053,00000,3121009,02,11650,0,11650,개인,10300,우면동,113000.0,2025-02-07
509,2,삼풍아파트,11650-28,1685,0,1988,개인,,,"273,000",27,2,2025,중개거래,서울 서초구,79.47,1,1685,1,N,25.06.20,서초중앙로,00200,00000,3121024,03,11650,0,11650,개인,10800,서초동,273000.0,2025-02-27
510,103동,반포써밋,11650-4703,1342,0,2018,개인,,,"340,000",14,2,2025,중개거래,서울 서초구,84.6849,10,1342,1,N,25.05.20,고무래로,00089,00000,3121001,00,11650,0,11650,개인,10700,반포동,340000.0,2025-02-14
511,116,래미안퍼스티지,11650-3559,18,1,2009,개인,,,"449,000",8,2,2025,중개거래,서울 서초구,84.93,9,18-1,1,N,25.04.24,반포대로,00275,00000,2121003,02,11650,0,11650,개인,10700,반포동,449000.0,2025-02-08
512,,방배CJ나인빌2차,11650-763,889,6,2005,개인,,,"164,000",10,2,2025,중개거래,서울 서초구,158.33,1,889-6,1,N,25.03.19,방배로18길,00057,00003,4163254,01,11650,0,11650,개인,10100,방배동,164000.0,2025-02-10
513,109,반포리체,11650-3617,30,26,2010,개인,,,"290,000",10,2,2025,중개거래,"서울 강남구, 서울 서초구",59.994,19,30-26,1,N,25.07.11,고무래로,00035,00000,3121001,01,11650,0,11650,개인,10700,반포동,290000.0,2025-02-10
514,103,서초푸르지오써밋,11650-4550,1311,10,2017,개인,,,"309,000",19,2,2025,중개거래,"서울 강남구, 서울 서초구",84.95,6,1311-10,1,N,25.04.30,서운로,00201,00000,3121016,01,11650,0,11650,개인,10800,서초동,309000.0,2025-02-19
515,105,반포리체,11650-3617,30,26,2010,개인,,,"348,500",8,2,2025,중개거래,서울 서초구,84.967,10,30-26,1,N,25.05.30,고무래로,00035,00000,3121001,01,11650,0,11650,개인,10700,반포동,348500.0,2025-02-08
516,108동,래미안 리더스원,11650-4887,1755,0,2020,개인,,,"300,000",20,2,2025,중개거래,서울 서초구,74.93,17,1755,1,N,25.03.20,서운로,00062,00000,3121016,00,11650,,11650,개인,10800,서초동,300000.0,2025-02-20
517,105,서초교대e편한세상,11650-3579,1686,9,2010,개인,,,"270,000",14,2,2025,중개거래,서울 서초구,84.97,4,1686-9,1,N,25.06.25,서초중앙로24길,00033,00000,4163710,01,11650,0,11650,개인,10800,서초동,270000.0,2025-02-14
518,107,신반포자이,11650-4675,160,0,2018,개인,,,"306,500",13,2,2025,중개거래,서울 서초구,59.86,14,160,1,N,25.07.31,잠원로,00060,00000,3121019,01,11650,0,11650,개인,10600,잠원동,306500.0,2025-02-13
519,105,동아,11650-102,157,0,2002,개인,,,"263,000",11,2,2025,중개거래,서울 서초구,84.91,3,157,1,N,25.06.11,신반포로33길,00015,00000,4163453,01,11650,0,11650,개인,10600,잠원동,263000.0,2025-02-11
520,12,방배임광3차,11650-342,1010,1,1988,개인,,,"165,000",21,2,2025,중개거래,서울 서초구,82.34,4,1010-1,1,N,25.05.15,방배로2길,00024,00006,4163264,01,11650,0,11650,개인,10100,방배동,165000.0,2025-02-21
521,A,서초트라팰리스,11650-3238,1344,13,2005,개인,,,"149,000",10,2,2025,중개거래,서울 서초구,81.76,7,1344-13,1,N,25.04.29,효령로72길,00057,00000,4163657,01,11650,0,11650,개인,10800,서초동,149000.0,2025-02-10
522,한라비발디스튜디오193,한라비발디스튜디오193,11650-3926,1363,25,2013,개인,,,"24,900",19,2,2025,중개거래,서울 서초구,19.99,11,1363-25,1,N,25.03.13,강남대로39길,00015,00010,4163018,01,11650,0,11650,개인,10800,서초동,24900.0,2025-02-19
523,109,반포리체,11650-3617,30,26,2010,개인,,,"285,000",9,2,2025,중개거래,"서울 서초구, 서울 송파구",59.993,13,30-26,1,N,25.05.23,고무래로,00035,00000,3121001,01,11650,0,11650,개인,10700,반포동,285000.0,2025-02-09
524,204,래미안서초에스티지S,11650-4622,1754,0,2018,개인,,,"300,000",26,2,2025,중개거래,서울 서초구,84.8,8,1754,1,N,25.07.31,서운로,00104,00000,3121016,01,11650,0,11650,개인,10800,서초동,300000.0,2025-02-26
525,101,신반포청구,11650-141,63,2,1998,개인,,,"260,000",10,2,2025,중개거래,서울 서초구,84.86,11,63-2,1,N,25.05.12,신반포로33길,00066,00000,4163453,01,11650,0,11650,개인,10600,잠원동,260000.0,2025-02-10
526,,두산위브,11650-531,76,2,2003,개인,,,"137,800",10,2,2025,중개거래,"서울 서초구, 서울 중구",54.74,5,76-2,1,N,25.04.07,반포대로,00310,00000,2121003,01,11650,0,11650,개인,10600,잠원동,137800.0,2025-02-10
527,303,신반포7,11650-128,65,32,1980,개인,,,"394,000",13,2,2025,중개거래,서울 서초구,140.04,10,65-32,1,N,25.05.30,잠원로,00088,00000,3121019,01,11650,0,11650,개인,10600,잠원동,394000.0,2025-02-13
528,105,동아,11650-102,157,0,2002,개인,,,"280,000",6,2,2025,중개거래,서울 서초구,84.91,7,157,1,N,25.05.30,신반포로33길,00015,00000,4163453,01,11650,0,11650,개인,10600,잠원동,280000.0,2025-02-06
529,119,반포자이,11650-3500,20,43,2009,개인,,,"575,000",5,2,2025,중개거래,서울 서초구,165.446,7,20-43,1,N,25.06.30,신반포로,00270,00000,3121017,02,11650,0,11650,개인,10700,반포동,575000.0,2025-02-05
530,103,반포센트럴자이,11650-4805,162,0,2020,개인,,,"403,500",9,2,2025,중개거래,서울 서초구,84.95,31,162,1,N,25.07.15,반포대로,00310,00006,2121003,01,11650,0,11650,개인,10600,잠원동,403500.0,2025-02-09
531,108,반포리체,11650-3617,30,26,2010,개인,,,"287,000",10,2,2025,중개거래,서울 서초구,59.993,11,30-26,1,N,25.05.27,고무래로,00035,00000,3121001,01,11650,0,11650,개인,10700,반포동,287000.0,2025-02-10
532,101,반포센트레빌아스테리움,11650-4927,1344,0,2021,개인,,,"300,000",21,2,2025,중개거래,서울 서초구,82.0165,15,1344,1,N,25.05.30,사평대로,00310,00004,2121001,02,11650,0,11650,개인,10700,반포동,300000.0,2025-02-21
533,330,신반포19,11650-116,61,2,1982,개인,,,"258,000",8,2,2025,중개거래,서울 서초구,80.25,9,61-2,1,N,25.05.26,잠원로8길,00020,00000,4163529,01,11650,0,11650,개인,10600,잠원동,258000.0,2025-02-08
534,104,반포르엘,11650-5015,163,0,2022,개인,,,"465,000",26,2,2025,중개거래,서울 서초구,97.4743,8,163,1,N,25.06.05,신반포로23길,00023,00000,4163452,01,11650,0,11650,개인,10600,잠원동,465000.0,2025-02-26
535,래미안 서초유니빌,래미안서초유니빌,11650-518,1445,4,2003,개인,,,"45,000",22,2,2025,중개거래,서울 서초구,45.255,17,1445-4,1,N,25.04.15,서초중앙로,00026,00000,3121024,03,11650,0,11650,개인,10800,서초동,45000.0,2025-02-22
536,101,서초한일,11650-45,1636,1,1997,개인,,,"149,500",28,2,2025,중개거래,"서울 강남구, 서울 서초구",84.98,2,1636-1,1,N,25.11.03,서초대로64길,00031,00000,4163424,01,11650,0,11650,개인,10800,서초동,149500.0,2025-02-28
537,201,방배래미안타워,11650-759,485,3,2005,개인,,,"193,800",11,2,2025,중개거래,서울 서초구,134.36,4,485-3,1,N,25.07.30,남부순환로,02183,00000,2000003,01,11650,0,11650,개인,10100,방배동,193800.0,2025-02-11
538,105,코오롱,11650-482,70,0,1994,개인,,,"110,000",11,2,2025,중개거래,서울 서초구,52.47,6,70,1,N,26.04.02,바우뫼로,00053,00000,3121009,02,11650,0,11650,개인,10300,우면동,110000.0,2025-02-11
539,106,신반포자이,11650-4675,160,0,2018,개인,,,"380,000",14,2,2025,중개거래,서울 서초구,84.92,19,160,1,N,25.08.28,잠원로,00060,00000,3121019,01,11650,0,11650,개인,10600,잠원동,380000.0,2025-02-14
540,101,킴스빌리지,11650-142,71,12,1996,개인,,,"103,400",11,2,2025,중개거래,서울 서초구,30.18,4,71-12,1,N,25.06.16,잠원로3길,00006,00000,4163527,01,11650,0,11650,개인,10600,잠원동,103400.0,2025-02-11
541,117,래미안원베일리,11650-5126,1,0,2023,개인,,,"528,000",8,2,2025,중개거래,서울 서초구,84.98,27,1,1,N,25.03.31,반포대로,00333,00000,2121003,00,11650,,11650,개인,10700,반포동,528000.0,2025-02-08
542,501,우성아파트,11650-60,1326,17,1998,개인,,,"169,000",22,2,2025,중개거래,서울 서초구,59.93,3,1326-17,1,N,25.04.02,서초대로74길,00030,00000,4163433,01,11650,0,11650,개인,10800,서초동,169000.0,2025-02-22
543,141,반포자이,11650-3500,20,43,2009,개인,,,"390,000",17,2,2025,중개거래,서울 서초구,84.943,20,20-43,1,N,25.12.15,신반포로,00270,00000,3121017,02,11650,0,11650,개인,10700,반포동,390000.0,2025-02-17
544,201,신반포4,11650-125,70,0,1979,개인,,,"370,000",24,2,2025,중개거래,서울 서초구,96.48,3,70,1,N,25.03.14,잠원로,00037,00048,3121019,01,11650,0,11650,개인,10600,잠원동,370000.0,2025-02-24
545,128,래미안퍼스티지,11650-3559,18,1,2009,개인,,,"422,000",18,2,2025,중개거래,"서울 서초구, 서울 송파구",84.93,16,18-1,1,N,25.07.15,반포대로,00275,00000,2121003,02,11650,0,11650,개인,10700,반포동,422000.0,2025-02-18
546,101동,아크로리버파크,11650-4440,2,12,2016,개인,,,"459,000",6,2,2025,중개거래,서울 서초구,84.98,18,2-12,1,N,25.05.28,신반포로15길,00019,00000,4163450,00,11650,0,11650,개인,10700,반포동,459000.0,2025-02-06
547,113,래미안퍼스티지,11650-3559,18,1,2009,개인,,,"750,000",22,2,2025,중개거래,서울 서초구,169.31,20,18-1,1,N,25.05.28,반포대로,00275,00000,2121003,02,11650,0,11650,개인,10700,반포동,750000.0,2025-02-22
548,109,반포자이,11650-3500,20,43,2009,개인,,,"410,000",12,2,2025,중개거래,서울 서초구,84.984,12,20-43,1,N,25.05.21,신반포로,00270,00000,3121017,02,11650,0,11650,개인,10700,반포동,410000.0,2025-02-12
549,105,반포리체,11650-3617,30,26,2010,개인,,,"400,000",21,2,2025,중개거래,"서울 서초구, 서울 송파구",106.148,15,30-26,1,N,25.05.28,고무래로,00035,00000,3121001,01,11650,0,11650,개인,10700,반포동,400000.0,2025-02-21
550,116,래미안퍼스티지,11650-3559,18,1,2009,개인,,,"437,000",8,2,2025,중개거래,서울 서초구,84.93,22,18-1,1,N,25.09.30,반포대로,00275,00000,2121003,02,11650,0,11650,개인,10700,반포동,437000.0,2025-02-08
551,105,방배그랑자이,11650-4970,3283,0,2021,개인,,,"237,000",11,2,2025,중개거래,서울 서초구,59.9609,8,3283,1,N,25.06.12,방배로,00021,00000,3121010,00,11650,0,11650,개인,10100,방배동,237000.0,2025-02-11
552,103,신반포자이,11650-4675,160,0,2018,개인,,,"455,000",12,2,2025,중개거래,서울 서초구,98.45,26,160,1,N,25.05.28,잠원로,00060,00000,3121019,01,11650,0,11650,개인,10600,잠원동,455000.0,2025-02-12
553,103,브라운스톤방배,11650-630,899,16,2005,개인,,,"187,000",13,2,2025,중개거래,서울 서초구,84.95,7,899-16,1,N,25.04.25,서초대로26길,00019,00000,4163394,01,11650,0,11650,개인,10100,방배동,187000.0,2025-02-13
554,108,래미안퍼스티지,11650-3559,18,1,2009,개인,,,"440,000",13,2,2025,중개거래,서울 서초구,84.93,25,18-1,1,N,25.05.15,반포대로,00275,00000,2121003,02,11650,0,11650,개인,10700,반포동,440000.0,2025-02-13
555,205,신반포4,11650-125,70,0,1979,개인,,,"382,000",5,2,2025,중개거래,서울 서초구,105.44,4,70,1,N,25.05.23,잠원로,00037,00048,3121019,01,11650,0,11650,개인,10600,잠원동,382000.0,2025-02-05
556,114,롯데캐슬클래식,11650-3300,1312,3,2006,개인,,,"248,000",22,2,2025,중개거래,서울 서초구,74.3,6,1312-3,1,N,25.03.28,서운로,00200,00000,3121016,01,11650,0,11650,개인,10800,서초동,248000.0,2025-02-22
557,101,롯데캐슬아르떼,11650-4044,424,28,2013,개인,,,"265,000",19,2,2025,중개거래,서울 서초구,84.9145,9,424-28,1,N,25.05.07,방배천로18길,00011,00000,4163687,01,11650,0,11650,법인,10100,방배동,265000.0,2025-02-19
558,104,서초래미안,11650-523,1682,0,2003,개인,,,"240,000",28,2,2025,중개거래,서울 서초구,84.95,12,1682,1,N,25.07.08,서초대로65길,00013,00010,4163425,01,11650,0,11650,개인,10800,서초동,240000.0,2025-02-28
559,,서초래미안,11650-523,1682,0,2003,개인,25.02.28,O,"240,000",27,2,2025,중개거래,서울 서초구,84.95,12,1682,1,N,,서초대로65길,00013,00010,4163425,01,11650,0,11650,개인,10800,서초동,240000.0,2025-02-27
560,113,신반포2,11650-117,73,0,1978,개인,,,"356,500",28,2,2025,중개거래,서울 서초구,79.42,11,73,1,N,25.05.15,신반포로23길,00041,00000,4163452,01,11650,0,11650,개인,10600,잠원동,356500.0,2025-02-28
561,206,서초힐스,11650-3821,773,0,2012,개인,,,"131,000",14,2,2025,중개거래,"서울 강남구, 서울 서초구",59.89,14,773,1,N,25.04.25,양재대로2길,00090,00000,4163748,01,11650,0,11650,개인,10300,우면동,131000.0,2025-02-14
562,104동,반포써밋,11650-4703,1342,0,2018,개인,,,"335,000",19,2,2025,중개거래,서울 서초구,84.4182,34,1342,1,N,25.06.20,고무래로,00089,00000,3121001,00,11650,0,11650,개인,10700,반포동,335000.0,2025-02-19
563,105,디에이치반포라클라스,11650-4959,1343,0,2021,개인,,,"440,000",23,2,2025,중개거래,서울 서초구,104.9812,14,1343,1,N,26.01.09,서초중앙로,00206,00000,3121024,00,11650,,11650,개인,10700,반포동,440000.0,2025-02-23
564,,신영체르니,11650-461,90,0,2002,개인,,,"59,000",8,2,2025,중개거래,서울 서초구,39.1,5,90,1,N,25.03.27,논현로27길,00057,00000,4163097,01,11650,0,11650,개인,10200,양재동,59000.0,2025-02-08
565,,신영체르니,11650-461,90,0,2002,개인,,,"116,000",14,2,2025,중개거래,서울 서초구,58.21,9,90,1,N,25.03.27,논현로27길,00057,00000,4163097,01,11650,0,11650,개인,10200,양재동,116000.0,2025-02-14
566,2,궁전,11650-160,65,1,1984,개인,,,"230,000",27,2,2025,직거래,,146.82,4,65-1,1,N,25.02.28,사평대로,00142,00000,2121001,02,11650,0,11650,개인,10700,반포동,230000.0,2025-02-27
567,111,우성,11650-440,154,2,1991,개인,,,"162,000",7,2,2025,중개거래,"경기 파주시, 서울 서초구",84.58,5,154-2,1,N,25.03.21,바우뫼로,00091,00000,3121009,01,11650,0,11650,개인,10200,양재동,162000.0,2025-02-07
568,101동,래미안신반포팰리스,11650-4439,158,0,2016,개인,,,"479,000",17,2,2025,중개거래,서울 서초구,133.06,13,158,1,N,25.06.30,잠원로8길,00035,00000,4163529,00,11650,0,11650,개인,10600,잠원동,479000.0,2025-02-17
569,104,디에이치반포라클라스,11650-4959,1343,0,2021,개인,,,"470,000",24,2,2025,중개거래,서울 서초구,115.943,21,1343,1,N,25.06.20,서초중앙로,00206,00000,3121024,00,11650,,11650,개인,10700,반포동,470000.0,2025-02-24
570,101,롯데캐슬갤럭시,11650-155,50,0,2002,개인,,,"272,000",10,2,2025,중개거래,서울 서초구,106.15,2,50,1,N,25.05.09,잠원로14길,00003,00000,4163526,01,11650,0,11650,개인,10600,잠원동,272000.0,2025-02-10
571,101동,래미안서초에스티지,11650-4470,1332,13,2016,개인,,,"295,000",18,2,2025,중개거래,서울 서초구,83.6,15,1332-13,1,N,25.07.04,서운로,00107,00000,3121016,00,11650,0,11650,개인,10800,서초동,295000.0,2025-02-18
572,101,신반포르엘,11650-5121,165,0,2023,개인,,,"340,000",13,2,2025,중개거래,서울 서초구,84.92,16,165,1,N,25.05.07,잠원로14길,00042,00000,4163526,01,11650,0,11650,개인,10600,잠원동,340000.0,2025-02-13
573,13,방배임광3차,11650-342,1010,1,1988,개인,,,"147,000",7,2,2025,중개거래,서울 서초구,67.47,9,1010-1,1,N,25.05.28,방배로2길,00024,00005,4163264,01,11650,0,11650,개인,10100,방배동,147000.0,2025-02-07
574,104동,방배아트자이,11650-4706,3278,0,2018,개인,,,"200,000",22,2,2025,중개거래,서울 서초구,59.9938,7,3278,1,N,25.04.11,명달로9길,00057,00000,4163195,00,11650,0,11650,개인,10100,방배동,200000.0,2025-02-22
575,103,서초교대e편한세상,11650-3579,1686,9,2010,개인,,,"220,000",25,2,2025,중개거래,서울 서초구,59.9,7,1686-9,1,N,25.03.13,서초중앙로24길,00033,00000,4163710,01,11650,0,11650,개인,10800,서초동,220000.0,2025-02-25
576,102,반포푸르지오,11650-176,10,0,2000,개인,,,"210,000",8,2,2025,중개거래,서울 서초구,59.91,11,10,1,N,25.04.28,신반포로15길,00004,00000,4163450,01,11650,0,11650,개인,10700,반포동,210000.0,2025-02-08
577,137,반포자이,11650-3500,20,43,2009,개인,,,"420,000",23,2,2025,중개거래,서울 서초구,84.943,21,20-43,1,N,25.08.26,신반포로,00270,00000,3121017,02,11650,0,11650,개인,10700,반포동,420000.0,2025-02-23
578,105동,래미안 리더스원,11650-4887,1755,0,2020,개인,,,"349,000",20,2,2025,중개거래,서울 서초구,84.94,27,1755,1,N,25.06.12,서운로,00062,00000,3121016,00,11650,,11650,개인,10800,서초동,349000.0,2025-02-20
579,104,롯데캐슬클래식,11650-3300,1312,3,2006,개인,,,"316,000",15,2,2025,중개거래,서울 서초구,120.18,21,1312-3,1,N,25.05.20,서운로,00197,00000,3121016,00,11650,,11650,개인,10800,서초동,316000.0,2025-02-15
580,103,우성,11650-440,154,2,1991,개인,,,"162,000",21,2,2025,중개거래,"서울 서초구, 서울 송파구",84.58,10,154-2,1,N,25.03.31,바우뫼로,00091,00000,3121009,01,11650,0,11650,개인,10200,양재동,162000.0,2025-02-21
581,106동,서초그랑자이,11650-4969,1757,0,2021,개인,,,"360,000",16,2,2025,중개거래,서울 서초구,100.41,13,1757,1,N,25.03.17,효령로,00391,00000,3121021,00,11650,,11650,개인,10800,서초동,360000.0,2025-02-16
582,101동,서초그랑자이,11650-4969,1757,0,2021,개인,,,"335,000",24,2,2025,중개거래,서울 서초구,84.51,16,1757,1,N,25.07.29,효령로,00391,00000,3121021,00,11650,,11650,개인,10800,서초동,335000.0,2025-02-24
583,101,반포푸르지오,11650-176,10,0,2000,개인,,,"207,000",14,2,2025,중개거래,서울 서초구,59.81,4,10,1,N,25.07.02,신반포로15길,00004,00000,4163450,01,11650,0,11650,개인,10700,반포동,207000.0,2025-02-14
584,12,방배임광3차,11650-342,1010,1,1988,개인,,,"185,000",15,2,2025,중개거래,서울 서초구,100.82,3,1010-1,1,N,25.05.14,방배로2길,00024,00006,4163264,01,11650,0,11650,개인,10100,방배동,185000.0,2025-02-15
585,201,방배2차e-편한세상,11650-510,881,26,2004,개인,,,"285,000",8,2,2025,중개거래,서울 서초구,163.36,11,881-26,1,N,25.04.01,서초대로33길,00022,00000,4163401,01,11650,0,11650,개인,10100,방배동,285000.0,2025-02-08
586,9,삼풍아파트,11650-28,1685,0,1988,개인,,,"280,000",18,2,2025,중개거래,서울 서초구,79.47,2,1685,1,N,25.05.21,서초중앙로,00200,00000,3121024,03,11650,0,11650,개인,10800,서초동,280000.0,2025-02-18
587,109,신반포2,11650-117,73,0,1978,개인,,,"384,000",5,2,2025,중개거래,서울 서초구,92.2,2,73,1,N,25.04.08,신반포로23길,00041,00000,4163452,01,11650,0,11650,개인,10600,잠원동,384000.0,2025-02-05
588,109동,서초그랑자이,11650-4969,1757,0,2021,개인,,,"340,000",25,2,2025,중개거래,서울 서초구,84.51,34,1757,1,N,25.06.17,효령로,00391,00000,3121021,00,11650,,11650,개인,10800,서초동,340000.0,2025-02-25
589,101,서초우방유쉘,11650-3309,1560,9,2006,개인,,,"142,500",8,2,2025,중개거래,"서울 관악구, 서울 서초구",84.95,7,1560-9,1,N,25.04.01,서초대로46길,00062,00000,4163410,01,11650,0,11650,개인,10800,서초동,142500.0,2025-02-08
590,,방배노블힐스,11650-565,593,45,2003,개인,,,"110,000",17,2,2025,중개거래,서울 서초구,121.62,1,593-45,1,N,25.10.16,남부순환로297다길,00017,00000,4163064,01,11650,0,11650,개인,10100,방배동,110000.0,2025-02-17
591,101,방배래미안타워,11650-759,485,3,2005,개인,,,"192,000",8,2,2025,중개거래,서울 서초구,103.34,19,485-3,1,N,25.05.30,남부순환로,02183,00000,2000003,01,11650,0,11650,개인,10100,방배동,192000.0,2025-02-08
592,,레베빌(798-1),11650-283,798,1,2000,개인,,,"475,000",19,2,2025,중개거래,서울 강남구,244.87,4,798-1,1,N,25.03.11,방배로34길,00089,00000,4163269,01,11650,0,11650,개인,10100,방배동,475000.0,2025-02-19
593,102,브라운스톤방배,11650-630,899,16,2005,개인,,,"190,000",13,2,2025,중개거래,서울 서초구,84.96,15,899-16,1,N,25.05.08,서초대로26길,00019,00000,4163394,01,11650,0,11650,개인,10100,방배동,190000.0,2025-02-13
594,101,서초더샵포레,11650-4063,411,0,2014,개인,,,"128,000",15,2,2025,중개거래,"서울 강남구, 서울 서초구",59.94,15,411,1,N,25.05.30,헌릉로8길,00058,00000,4163749,02,11650,0,11650,개인,10900,내곡동,128000.0,2025-02-15
595,103동,방배아트자이,11650-4706,3278,0,2018,개인,,,"198,000",7,2,2025,중개거래,서울 서초구,59.9775,12,3278,1,N,25.05.30,명달로9길,00057,00000,4163195,00,11650,0,11650,개인,10100,방배동,198000.0,2025-02-07
596,101동,아크로리버파크,11650-4440,2,12,2016,개인,,,"455,000",6,2,2025,중개거래,서울 서초구,84.98,16,2-12,1,N,25.05.30,신반포로15길,00019,00000,4163450,00,11650,0,11650,개인,10700,반포동,455000.0,2025-02-06
597,105동,서초그랑자이,11650-4969,1757,0,2021,개인,,,"315,000",26,2,2025,중개거래,"서울 강남구, 서울 서초구",74.91,28,1757,1,N,25.05.21,효령로,00391,00000,3121021,00,11650,,11650,개인,10800,서초동,315000.0,2025-02-26
598,204,래미안서초에스티지S,11650-4622,1754,0,2018,개인,,,"292,500",23,2,2025,중개거래,서울 서초구,84.17,6,1754,1,N,25.05.23,서운로,00104,00000,3121016,01,11650,0,11650,개인,10800,서초동,292500.0,2025-02-23
599,102,신반포청구,11650-141,63,2,1998,개인,,,"265,000",15,2,2025,중개거래,서울 서초구,84.86,8,63-2,1,N,25.05.30,신반포로33길,00066,00000,4163453,01,11650,0,11650,개인,10600,잠원동,265000.0,2025-02-15
600,2,삼호1동~3동,11650-309,770,1,1975,개인,,,"180,000",19,2,2025,중개거래,"서울 동대문구, 서울 서초구",81.39,7,770-1,1,N,25.06.25,방배로43길,00021,00000,4163277,01,11650,0,11650,개인,10100,방배동,180000.0,2025-02-19
601,105동,아크로리버뷰신반포,11650-4676,159,0,2018,개인,,,"430,000",8,2,2025,중개거래,"서울 서초구, 서울 송파구",84.82,17,159,1,N,25.05.30,잠원로,00117,00000,3121019,00,11650,0,11650,개인,10600,잠원동,430000.0,2025-02-08
602,102동,래미안신반포팰리스,11650-4439,158,0,2016,개인,,,"385,000",20,2,2025,중개거래,서울 서초구,104.04,5,158,1,N,25.03.19,잠원로8길,00035,00000,4163529,00,11650,0,11650,개인,10600,잠원동,385000.0,2025-02-20
603,108동,서초그랑자이,11650-4969,1757,0,2021,개인,,,"390,000",15,2,2025,중개거래,서울 서초구,100.31,22,1757,1,N,25.03.31,효령로,00391,00000,3121021,00,11650,,11650,개인,10800,서초동,390000.0,2025-02-15
604,101,서초래미안,11650-523,1682,0,2003,개인,,,"253,000",17,2,2025,중개거래,서울 서초구,111.92,5,1682,1,N,25.03.07,서초대로65길,00013,00010,4163425,01,11650,0,11650,개인,10800,서초동,253000.0,2025-02-17
605,,두산위브,11650-531,76,2,2003,개인,,,"138,000",26,2,2025,중개거래,서울 서초구,54.74,8,76-2,1,N,25.07.30,반포대로,00310,00000,2121003,01,11650,0,11650,개인,10600,잠원동,138000.0,2025-02-26
606,105,동아,11650-102,157,0,2002,개인,,,"275,000",12,2,2025,중개거래,서울 서초구,84.91,8,157,1,N,25.04.22,신반포로33길,00015,00000,4163453,01,11650,0,11650,법인,10600,잠원동,275000.0,2025-02-12
607,,래미안원베일리,11650-5126,1,0,2023,개인,25.06.05,O,"530,000",5,2,2025,중개거래,서울 서초구,84.98,22,1,1,N,,반포대로,00333,00000,2121003,00,11650,,11650,개인,10700,반포동,530000.0,2025-02-05
608,501,반포미도2차아파트,11650-173,60,5,1989,개인,,,"235,000",8,2,2025,중개거래,서울 서초구,71.49,4,60-5,1,N,25.05.27,사평대로,00240,00000,2121001,02,11650,0,11650,개인,10700,반포동,235000.0,2025-02-08
609,C,아크로비스타,11650-724,1685,3,2004,개인,,,"260,000",25,2,2025,직거래,,138.96,29,1685-3,1,N,25.02.26,서초중앙로,00188,00000,3121024,03,11650,0,11650,개인,10800,서초동,260000.0,2025-02-25
610,404,서초네이처힐4단지,11650-3704,720,0,2011,개인,,,"155,000",19,2,2025,중개거래,서울 서초구,84.61,6,720,1,N,25.04.24,태봉로2길,00065,00000,4163582,01,11650,0,11650,개인,10300,우면동,155000.0,2025-02-19
611,102,현대멤피스,11650-373,772,13,2001,개인,,,"250,000",15,2,2025,중개거래,서울 서초구,133.31,19,772-13,1,N,25.04.25,방배로,00239,00000,3121010,01,11650,0,11650,개인,10100,방배동,250000.0,2025-02-15
612,301,방배대우멤버스카운티301,11650-756,841,12,2004,개인,,,"168,200",13,2,2025,중개거래,서울 서초구,121.65,4,841-12,1,N,25.04.21,방배로30길,00041,00000,4163265,01,11650,0,11650,개인,10100,방배동,168200.0,2025-02-13
613,106동,래미안신반포리오센트,11650-4750,161,0,2019,개인,,,"430,000",4,2,2025,중개거래,서울 서초구,133.37,4,161,1,N,25.04.30,잠원로14길,00032,00000,4163526,00,11650,0,11650,개인,10600,잠원동,430000.0,2025-02-04
614,,상지리츠빌(73-10),11650-197,73,10,2001,개인,,,"301,000",7,2,2025,중개거래,서울 서초구,233.14,6,73-10,1,N,25.08.18,사평대로28길,00062,00000,4163330,01,11650,0,11650,개인,10700,반포동,301000.0,2025-02-07
615,105,롯데캐슬헤론,11650-3317,754,1,2006,개인,,,"188,500",22,2,2025,중개거래,"경기 수원시 영통구, 서울 서초구",103.7,7,754-1,1,N,25.06.30,동광로1길,00112,00000,4163119,01,11650,0,11650,개인,10100,방배동,188500.0,2025-02-22
616,5,한신,11650-145,56,3,1992,개인,,,"279,000",15,2,2025,중개거래,서울 강남구,84.52,10,56-3,1,N,25.03.24,잠원로,00150,00000,3121019,01,11650,0,11650,개인,10600,잠원동,279000.0,2025-02-15
617,110,래미안퍼스티지,11650-3559,18,1,2009,개인,,,"564,000",1,2,2025,중개거래,서울 서초구,117.12,17,18-1,1,N,25.05.09,반포대로,00275,00000,2121003,02,11650,0,11650,개인,10700,반포동,564000.0,2025-02-01
618,401,방배아이파크,11650-3299,3277,0,2006,개인,,,"236,000",21,2,2025,중개거래,서울 서초구,125.58,10,3277,1,N,25.06.16,동광로3길,00018,00000,4163128,01,11650,0,11650,개인,10100,방배동,236000.0,2025-02-21
619,105동,서초그랑자이,11650-4969,1757,0,2021,개인,,,"275,000",18,2,2025,중개거래,"서울 강남구, 서울 서초구",59.98,9,1757,1,N,25.05.26,효령로,00391,00000,3121021,00,11650,,11650,개인,10800,서초동,275000.0,2025-02-18
620,110,서초래미안,11650-523,1682,0,2003,개인,,,"295,000",15,2,2025,중개거래,서울 서초구,126.31,19,1682,1,N,25.05.12,서초대로65길,00013,00010,4163425,01,11650,0,11650,개인,10800,서초동,295000.0,2025-02-15
621,8,진흥아파트,11650-66,1315,0,1979,개인,,,"303,000",4,2,2025,중개거래,서울 서초구,131.04,12,1315,1,N,25.05.02,서초대로,00385,00000,2121002,02,11650,0,11650,개인,10800,서초동,303000.0,2025-02-04
622,109,래미안원베일리,11650-5126,1,0,2023,개인,,,"800,000",13,2,2025,중개거래,서울 서초구,133.91,15,1,1,N,25.04.18,반포대로,00333,00000,2121003,00,11650,,11650,개인,10700,반포동,800000.0,2025-02-13
623,24,삼풍아파트,11650-28,1685,0,1988,개인,,,"385,000",15,2,2025,중개거래,서울 서초구,130.23,8,1685,1,N,25.05.30,서초중앙로,00200,00000,3121024,03,11650,0,11650,개인,10800,서초동,385000.0,2025-02-15
624,115,래미안원베일리,11650-5126,1,0,2023,개인,,,"522,000",3,2,2025,중개거래,서울 서초구,84.95,19,1,1,N,25.06.30,반포대로,00333,00000,2121003,00,11650,,11650,개인,10700,반포동,522000.0,2025-02-03
625,11,삼호3,11650-311,759,3,1976,개인,,,"283,000",20,2,2025,중개거래,"서울 동대문구, 서울 서초구",168.77,9,759-3,1,N,25.09.03,방배로45길,00027,00000,4163278,01,11650,0,11650,개인,10100,방배동,283000.0,2025-02-20
626,107동,반포써밋,11650-4703,1342,0,2018,개인,,,"278,000",14,2,2025,중개거래,서울 서초구,59.9207,10,1342,1,N,25.04.29,고무래로,00089,00000,3121001,00,11650,0,11650,개인,10700,반포동,278000.0,2025-02-14
627,107동,서초그랑자이,11650-4969,1757,0,2021,개인,,,"430,000",8,2,2025,중개거래,"서울 강남구, 서울 서초구",119.41,21,1757,1,N,25.05.09,효령로,00391,00000,3121021,00,11650,,11650,개인,10800,서초동,430000.0,2025-02-08
628,101,우솔마을서초리슈빌S아파트,11650-4065,764,0,2014,개인,,,"20,500",23,2,2025,중개거래,서울 서초구,21.5893,4,764,1,N,25.02.26,양재대로2길,00100,00011,4163748,01,11650,0,11650,개인,10300,우면동,20500.0,2025-02-23
629,106,반포리체,11650-3617,30,26,2010,개인,,,"286,000",14,2,2025,중개거래,서울 서초구,59.993,14,30-26,1,N,25.05.23,고무래로,00035,00000,3121001,01,11650,0,11650,개인,10700,반포동,286000.0,2025-02-14
630,108동,서초그랑자이,11650-4969,1757,0,2021,개인,,,"270,000",16,2,2025,중개거래,서울 서초구,59.99,24,1757,1,N,25.05.09,효령로,00391,00000,3121021,00,11650,,11650,개인,10800,서초동,270000.0,2025-02-16
631,101,대성유니드,11650-607,1641,3,2004,개인,,,"189,000",20,2,2025,중개거래,서울 서초구,95.55,4,1641-3,1,N,25.05.26,서초대로64길,00036,00000,4163424,01,11650,0,11650,개인,10800,서초동,189000.0,2025-02-20
632,103동,래미안신반포팰리스,11650-4439,158,0,2016,개인,,,"400,000",22,2,2025,중개거래,서울 서초구,104.04,16,158,1,N,25.06.02,잠원로8길,00035,00000,4163529,00,11650,0,11650,개인,10600,잠원동,400000.0,2025-02-22
633,101,서초한일,11650-45,1636,1,1997,개인,,,"148,500",23,2,2025,중개거래,서울 서초구,84.98,3,1636-1,1,N,25.03.31,서초대로64길,00031,00000,4163424,01,11650,0,11650,개인,10800,서초동,148500.0,2025-02-23
634,,두진한아름,11650-14,1609,6,1995,개인,,,"160,000",23,2,2025,중개거래,서울 강남구,84.96,10,1609-6,1,N,25.05.30,효령로67길,00052,00000,4163653,01,11650,0,11650,개인,10800,서초동,160000.0,2025-02-23
635,104동,래미안신반포리오센트,11650-4750,161,0,2019,개인,,,"340,000",22,2,2025,중개거래,"서울 강남구, 서울 서초구",84.92,4,161,1,N,25.07.01,잠원로14길,00032,00000,4163526,00,11650,0,11650,개인,10600,잠원동,340000.0,2025-02-22
636,101,방배1차현대홈타운,11650-290,1344,0,1999,개인,,,"168,000",15,2,2025,중개거래,서울 서초구,59.94,17,1344,1,N,25.05.20,서초대로1길,00030,00000,4163389,01,11650,0,11650,개인,10100,방배동,168000.0,2025-02-15
637,103,서초삼성래미안,11650-24,1641,1,2001,개인,,,"176,000",11,2,2025,중개거래,서울 서초구,84.97,2,1641-1,1,N,25.06.09,사임당로17길,00116,00000,4163313,01,11650,0,11650,개인,10800,서초동,176000.0,2025-02-11
638,103,반포자이,11650-3500,20,43,2009,개인,,,"341,000",18,2,2025,중개거래,서울 서초구,84.943,22,20-43,1,N,25.07.28,신반포로,00270,00000,3121017,02,11650,0,11650,개인,10700,반포동,341000.0,2025-02-18
639,101,롯데캐슬헤론,11650-3317,754,1,2006,개인,,,"215,000",8,2,2025,중개거래,서울 서초구,168.81,9,754-1,1,N,25.03.11,동광로1길,00112,00000,4163119,01,11650,0,11650,개인,10100,방배동,215000.0,2025-02-08
640,202,래미안서초에스티지S,11650-4622,1754,0,2018,개인,,,"300,000",15,2,2025,중개거래,서울 서초구,84.8,25,1754,1,N,25.05.29,서운로,00104,00000,3121016,01,11650,0,11650,개인,10800,서초동,300000.0,2025-02-15
641,106,방배1차현대홈타운,11650-290,1344,0,1999,개인,,,"235,000",22,2,2025,중개거래,서울 서초구,84.96,11,1344,1,N,25.05.09,서초대로1길,00030,00000,4163389,01,11650,0,11650,개인,10100,방배동,235000.0,2025-02-22
642,205,래미안서초에스티지S,11650-4622,1754,0,2018,개인,,,"382,500",21,2,2025,중개거래,서울 서초구,134.27,15,1754,1,N,25.02.24,서운로,00104,00000,3121016,01,11650,0,11650,개인,10800,서초동,382500.0,2025-02-21
643,,서초동삼성쉐르빌2,11650-608,1330,0,2002,개인,,,"29,000",22,2,2025,중개거래,서울 서초구,35.22,3,1330,1,N,25.02.28,강남대로53길,00011,00000,4163026,01,11650,0,11650,개인,10800,서초동,29000.0,2025-02-22
644,래미안 서초유니빌,래미안서초유니빌,11650-518,1445,4,2003,개인,,,"51,000",6,2,2025,중개거래,서울 서초구,45.255,15,1445-4,1,N,25.04.07,서초중앙로,00026,00000,3121024,03,11650,0,11650,개인,10800,서초동,51000.0,2025-02-06
645,109,반포리체,11650-3617,30,26,2010,개인,,,"288,000",4,2,2025,중개거래,서울 서초구,59.994,13,30-26,1,N,25.04.30,고무래로,00035,00000,3121001,01,11650,0,11650,개인,10700,반포동,288000.0,2025-02-04
646,511,서초포레스타5단지,11650-4026,579,0,2014,개인,,,"172,500",8,2,2025,중개거래,서울 서초구,84.4,3,579,1,N,25.06.05,청계산로7길,00043,00000,4163750,01,11650,0,11650,개인,11100,신원동,172500.0,2025-02-08
647,103,반포리체,11650-3617,30,26,2010,개인,,,"355,000",13,2,2025,중개거래,서울 서초구,84.972,7,30-26,1,N,25.07.31,고무래로,00035,00000,3121001,01,11650,0,11650,개인,10700,반포동,355000.0,2025-02-13
648,101,동아,11650-102,157,0,2002,개인,,,"281,000",6,2,2025,중개거래,서울 서초구,84.91,17,157,1,N,25.05.30,신반포로33길,00015,00000,4163453,01,11650,0,11650,개인,10600,잠원동,281000.0,2025-02-06
649,114,래미안원베일리,11650-5126,1,0,2023,개인,,,"528,000",7,2,2025,중개거래,서울 서초구,84.99,23,1,1,N,25.04.11,반포대로,00333,00000,2121003,00,11650,,11650,개인,10700,반포동,528000.0,2025-02-07
650,108,래미안원베일리,11650-5126,1,0,2023,개인,,,"490,000",7,2,2025,중개거래,서울 서초구,84.99,3,1,1,N,25.07.07,반포대로,00333,00000,2121003,00,11650,,11650,개인,10700,반포동,490000.0,2025-02-07
651,101,신반포청구,11650-141,63,2,1998,개인,,,"235,000",2,2,2025,중개거래,서울 서초구,59.91,9,63-2,1,N,25.05.12,신반포로33길,00066,00000,4163453,01,11650,0,11650,개인,10600,잠원동,235000.0,2025-02-02
652,102,디에이치반포라클라스,11650-4959,1343,0,2021,개인,,,"312,000",18,2,2025,중개거래,서울 서초구,59.9928,30,1343,1,N,25.03.28,서초중앙로,00206,00000,3121024,00,11650,,11650,개인,10700,반포동,312000.0,2025-02-18
653,107,동아,11650-102,157,0,2002,개인,,,"279,000",2,2,2025,중개거래,서울 서초구,84.91,10,157,1,N,25.03.31,신반포로33길,00015,00000,4163453,01,11650,0,11650,개인,10600,잠원동,279000.0,2025-02-02
654,102,서초래미안,11650-523,1682,0,2003,개인,,,"270,000",20,2,2025,중개거래,서울 서초구,111.32,11,1682,1,N,25.06.09,서초대로65길,00013,00010,4163425,01,11650,0,11650,개인,10800,서초동,270000.0,2025-02-20
655,16,삼풍아파트,11650-28,1685,0,1988,개인,,,"390,000",18,2,2025,중개거래,서울 서초구,130.73,6,1685,1,N,25.05.09,서초중앙로,00200,00000,3121024,03,11650,0,11650,개인,10800,서초동,390000.0,2025-02-18
656,204,신반포4,11650-125,70,0,1979,개인,,,"380,000",10,2,2025,중개거래,서울 서초구,96.48,7,70,1,N,25.05.28,잠원로,00037,00048,3121019,01,11650,0,11650,개인,10600,잠원동,380000.0,2025-02-10
657,,노블레스,11650-98,59,12,2000,개인,,,"213,000",20,2,2025,중개거래,서울 강남구,152.78,2,59-12,1,N,25.03.05,신반포로,00287,00000,3121017,01,11650,0,11650,개인,10600,잠원동,213000.0,2025-02-20
658,106동,서초그랑자이,11650-4969,1757,0,2021,개인,,,"450,000",19,2,2025,중개거래,서울 서초구,119.41,19,1757,1,N,25.04.01,효령로,00391,00000,3121021,00,11650,,11650,개인,10800,서초동,450000.0,2025-02-19
659,101,현대,11650-152,53,0,1993,개인,,,"230,000",20,2,2025,중개거래,서울 서초구,84.87,10,53,1,N,25.04.29,잠원로12길,00004,00000,4163525,01,11650,0,11650,개인,10600,잠원동,230000.0,2025-02-20
660,404,서초네이처힐4단지,11650-3704,720,0,2011,개인,,,"149,800",11,2,2025,중개거래,"서울 서초구, 서울 송파구",84.61,3,720,1,N,25.05.29,태봉로2길,00065,00000,4163582,01,11650,0,11650,개인,10300,우면동,149800.0,2025-02-11
661,121,래미안원베일리,11650-5126,1,0,2023,개인,,,"710,000",5,2,2025,중개거래,서울 서초구,116.92,6,1,1,N,25.07.07,반포대로,00333,00000,2121003,00,11650,,11650,개인,10700,반포동,710000.0,2025-02-05
662,,신영체르니,11650-461,90,0,2002,개인,,,"54,000",5,2,2025,중개거래,서울 서초구,35.91,3,90,1,N,25.04.07,논현로27길,00057,00000,4163097,01,11650,0,11650,개인,10200,양재동,54000.0,2025-02-05
663,202,서초푸르지오써밋,11650-4550,1311,10,2017,개인,,,"320,000",9,2,2025,중개거래,서울 서초구,97.7,21,1311-10,1,N,25.04.25,서운로,00212,00000,3121016,01,11650,0,11650,개인,10800,서초동,320000.0,2025-02-09
664,123,래미안원베일리,11650-5126,1,0,2023,개인,,,"550,000",20,2,2025,중개거래,서울 서초구,84.95,3,1,1,N,25.06.27,반포대로,00333,00000,2121003,00,11650,,11650,개인,10700,반포동,550000.0,2025-02-20
665,103,롯데캐슬아르떼,11650-4044,424,28,2013,개인,,,"217,000",11,2,2025,중개거래,서울 서초구,59.9742,12,424-28,1,N,25.08.18,방배천로18길,00011,00000,4163687,01,11650,0,11650,개인,10100,방배동,217000.0,2025-02-11
666,101,반포힐스테이트,11650-3687,16,6,2012,개인,,,"500,000",4,2,2025,중개거래,"서울 동작구, 서울 서초구",155.95,9,16-6,1,N,25.06.16,신반포로16길,00015,00020,4163754,01,11650,0,11650,개인,10700,반포동,500000.0,2025-02-04
667,104,신반포자이,11650-4675,160,0,2018,개인,,,"380,000",17,2,2025,중개거래,서울 서초구,84.87,14,160,1,N,25.05.21,잠원로,00060,00000,3121019,01,11650,0,11650,법인,10600,잠원동,380000.0,2025-02-17
668,102,신반포청구,11650-141,63,2,1998,개인,,,"222,000",7,2,2025,중개거래,서울 서초구,59.91,11,63-2,1,N,25.05.20,신반포로33길,00066,00000,4163453,01,11650,0,11650,개인,10600,잠원동,222000.0,2025-02-07
669,106,롯데캐슬아르떼,11650-4044,424,28,2013,개인,,,"215,000",16,2,2025,중개거래,서울 서초구,59.9742,9,424-28,1,N,25.06.05,방배천로18길,00011,00000,4163687,01,11650,0,11650,개인,10100,방배동,215000.0,2025-02-16
670,104동,아크로리버파크,11650-4440,2,12,2016,개인,,,"547,000",13,2,2025,중개거래,서울 서초구,84.95,6,2-12,1,N,25.04.30,신반포로15길,00019,00000,4163450,00,11650,0,11650,개인,10700,반포동,547000.0,2025-02-13
671,102,반포푸르지오,11650-176,10,0,2000,개인,,,"257,500",12,2,2025,중개거래,"서울 서초구, 서울 성북구",84.82,4,10,1,N,25.03.14,신반포로15길,00004,00000,4163450,01,11650,0,11650,개인,10700,반포동,257500.0,2025-02-12
672,,엠브이아파트,11650-199,46,0,1994,개인,,,"138,000",11,2,2025,중개거래,서울 서초구,59.82,5,46,1,N,25.05.22,고무래로10길,00039,00000,4163042,01,11650,0,11650,개인,10700,반포동,138000.0,2025-02-11
673,101동,래미안서초에스티지,11650-4470,1332,13,2016,개인,,,"300,000",18,2,2025,중개거래,서울 서초구,83.6,21,1332-13,1,N,25.03.31,서운로,00107,00000,3121016,00,11650,0,11650,개인,10800,서초동,300000.0,2025-02-18
674,102,서초롯데캐슬프레지던트,11650-4129,1681,8,2014,개인,,,"300,000",19,2,2025,중개거래,"서울 서초구, 서울 용산구",119.13,19,1681-8,1,N,25.04.03,서초중앙로24길,00057,00000,4163710,01,11650,0,11650,개인,10800,서초동,300000.0,2025-02-19
675,105,디에이치반포라클라스,11650-4959,1343,0,2021,개인,,,"475,000",8,2,2025,중개거래,서울 서초구,115.943,29,1343,1,N,25.05.02,서초중앙로,00206,00000,3121024,00,11650,,11650,개인,10700,반포동,475000.0,2025-02-08
676,108,서초더샵포레,11650-4063,411,0,2014,개인,,,"159,000",15,2,2025,중개거래,서울 서초구,84.81,15,411,1,N,25.05.30,헌릉로8길,00058,00000,4163749,02,11650,0,11650,개인,10900,내곡동,159000.0,2025-02-15
677,105,디에이치반포라클라스,11650-4959,1343,0,2021,개인,,,"435,000",12,2,2025,중개거래,"서울 강남구, 서울 서초구",104.988,20,1343,1,N,25.04.29,서초중앙로,00206,00000,3121024,00,11650,,11650,개인,10700,반포동,435000.0,2025-02-12
678,102,방배브라운가,11650-569,930,1,2006,개인,,,"166,500",19,2,2025,중개거래,서울 서초구,84.94,11,930-1,1,N,25.02.20,방배로19길,00067,00000,4163255,01,11650,0,11650,개인,10100,방배동,166500.0,2025-02-19
679,207,롯데캐슬갤럭시(50-1),11650-682,50,1,2004,개인,,,"317,500",4,2,2025,중개거래,서울 서초구,132.16,16,50-1,1,N,25.05.02,잠원로14길,00023,00000,4163526,01,11650,0,11650,개인,10600,잠원동,317500.0,2025-02-04
680,,잠원아이비,11650-632,34,1,2005,개인,,,"119,000",12,2,2025,중개거래,서울 서초구,95.589,3,34-1,1,N,25.05.20,강남대로95길,00081,00000,4163039,01,11650,0,11650,개인,10600,잠원동,119000.0,2025-02-12
681,109동,아크로리버파크,11650-4440,2,12,2016,개인,,,"652,000",18,2,2025,중개거래,서울 서초구,112.93,10,2-12,1,N,25.05.30,신반포로15길,00019,00000,4163450,00,11650,0,11650,개인,10700,반포동,652000.0,2025-02-18
682,101,브라운스톤방배,11650-630,899,16,2005,개인,,,"175,000",1,2,2025,중개거래,서울 서초구,84.96,1,899-16,1,N,25.04.16,서초대로26길,00019,00000,4163394,01,11650,0,11650,개인,10100,방배동,175000.0,2025-02-01
683,104,서초래미안,11650-523,1682,0,2003,개인,,,"242,000",17,2,2025,중개거래,서울 서초구,96.87,10,1682,1,N,25.05.02,서초대로65길,00013,00010,4163425,01,11650,0,11650,개인,10800,서초동,242000.0,2025-02-17
684,101,반포르엘,11650-5015,163,0,2022,개인,,,"415,000",7,2,2025,중개거래,서울 서초구,84.3465,9,163,1,N,25.06.05,신반포로23길,00023,00000,4163452,01,11650,0,11650,개인,10600,잠원동,415000.0,2025-02-07
685,101동,래미안신반포팰리스,11650-4439,158,0,2016,개인,,,"475,000",4,2,2025,중개거래,서울 서초구,133.06,27,158,1,N,25.04.15,잠원로8길,00035,00000,4163529,00,11650,0,11650,개인,10600,잠원동,475000.0,2025-02-04
686,18,삼풍아파트,11650-28,1685,0,1988,개인,,,"410,000",14,2,2025,중개거래,서울 서초구,165.92,15,1685,1,N,25.07.31,서초중앙로,00200,00000,3121024,03,11650,0,11650,개인,10800,서초동,410000.0,2025-02-14
687,107동,서초그랑자이,11650-4969,1757,0,2021,개인,,,"415,000",8,2,2025,중개거래,"경기 수원시 영통구, 서울 서초구",119.41,10,1757,1,N,25.03.07,효령로,00391,00000,3121021,00,11650,,11650,개인,10800,서초동,415000.0,2025-02-08
688,,삼광,11650-545,577,47,2003,개인,25.03.13,O,"80,000",17,2,2025,중개거래,서울 서초구,88.08,1,577-47,1,N,,동광로46길,00007,00014,4163133,01,11650,0,11650,개인,10700,반포동,80000.0,2025-02-17
689,102,롯데캐슬갤럭시,11650-155,50,0,2002,개인,,,"300,000",8,2,2025,중개거래,서울 서초구,106.15,16,50,1,N,25.03.28,잠원로14길,00003,00000,4163526,01,11650,0,11650,개인,10600,잠원동,300000.0,2025-02-08
690,101,서초4현대,11650-30,1684,0,2000,개인,,,"114,000",11,2,2025,중개거래,서울 서초구,52.36,9,1684,1,N,25.05.08,고무래로,00094,00000,3121001,02,11650,0,11650,개인,10800,서초동,114000.0,2025-02-11
691,501,우성아파트,11650-60,1326,17,1998,개인,,,"168,000",1,2,2025,중개거래,서울 서초구,59.93,12,1326-17,1,N,25.05.30,서초대로74길,00030,00000,4163433,01,11650,0,11650,개인,10800,서초동,168000.0,2025-02-01
692,108,방배그랑자이,11650-4970,3283,0,2021,개인,,,"210,000",5,2,2025,중개거래,서울 서초구,54.9954,6,3283,1,N,25.06.13,방배로,00021,00000,3121010,00,11650,0,11650,개인,10100,방배동,210000.0,2025-02-05
693,105,반포리체,11650-3617,30,26,2010,개인,,,"340,000",7,2,2025,중개거래,서울 서초구,84.967,2,30-26,1,N,25.07.07,고무래로,00035,00000,3121001,01,11650,0,11650,개인,10700,반포동,340000.0,2025-02-07
694,102,서초현대,11650-46,1648,2,1999,개인,,,"118,000",13,2,2025,중개거래,서울 서초구,53.01,2,1648-2,1,N,25.03.28,사임당로19길,00010,00000,4163315,01,11650,0,11650,개인,10800,서초동,118000.0,2025-02-13
695,106,동아,11650-102,157,0,2002,개인,,,"245,000",17,2,2025,중개거래,서울 서초구,59.92,11,157,1,N,25.07.03,신반포로33길,00015,00000,4163453,01,11650,0,11650,개인,10600,잠원동,245000.0,2025-02-17
696,107동,서초그랑자이,11650-4969,1757,0,2021,개인,,,"425,000",4,2,2025,중개거래,서울 서초구,119.41,21,1757,1,N,25.04.29,효령로,00391,00000,3121021,00,11650,,11650,개인,10800,서초동,425000.0,2025-02-04
697,6,한강,11650-144,49,8,1989,개인,,,"270,000",17,2,2025,중개거래,서울 서초구,84.53,9,49-8,1,N,25.04.30,잠원로,00213,00010,3121019,01,11650,0,11650,개인,10600,잠원동,270000.0,2025-02-17
698,141,반포자이,11650-3500,20,43,2009,개인,,,"400,000",14,2,2025,중개거래,서울 서초구,84.943,28,20-43,1,N,25.07.31,신반포로,00270,00000,3121017,02,11650,0,11650,개인,10700,반포동,400000.0,2025-02-14
699,102,대림e-편한세상1,11650-511,884,21,2003,개인,,,"260,000",13,2,2025,중개거래,서울 서초구,164.25,7,884-21,1,N,25.03.11,서초대로34길,00034,00000,4163403,01,11650,0,11650,개인,10100,방배동,260000.0,2025-02-13
700,101,방배1차현대홈타운,11650-290,1344,0,1999,개인,,,"170,000",8,2,2025,중개거래,서울 서초구,59.94,17,1344,1,N,25.05.02,서초대로1길,00030,00000,4163389,01,11650,0,11650,개인,10100,방배동,170000.0,2025-02-08
701,101,우솔마을서초리슈빌S아파트,11650-4065,764,0,2014,개인,,,"39,000",3,2,2025,중개거래,서울 서초구,30.015,6,764,1,N,25.03.07,양재대로2길,00100,00011,4163748,01,11650,0,11650,개인,10300,우면동,39000.0,2025-02-03
702,106,롯데캐슬아르떼,11650-4044,424,28,2013,개인,,,"270,000",12,2,2025,중개거래,서울 서초구,84.974,14,424-28,1,N,25.04.29,방배천로18길,00011,00000,4163687,01,11650,0,11650,개인,10100,방배동,270000.0,2025-02-12
703,201,래미안서초에스티지S,11650-4622,1754,0,2018,개인,,,"291,000",5,2,2025,중개거래,서울 서초구,84.96,28,1754,1,N,25.04.10,서운로,00104,00000,3121016,01,11650,0,11650,개인,10800,서초동,291000.0,2025-02-05
704,,서초동삼성쉐르빌2,11650-608,1330,0,2002,개인,,,"31,000",1,2,2025,중개거래,서울 서초구,35.22,9,1330,1,N,25.02.20,강남대로53길,00011,00000,4163026,01,11650,0,11650,개인,10800,서초동,31000.0,2025-02-01
705,102,디에이치반포라클라스,11650-4959,1343,0,2021,개인,,,"320,000",9,2,2025,중개거래,서울 서초구,59.9928,13,1343,1,N,25.05.30,서초중앙로,00206,00000,3121024,00,11650,,11650,개인,10700,반포동,320000.0,2025-02-09
706,103,신반포2,11650-117,73,0,1978,개인,,,"430,000",5,2,2025,중개거래,서울 서초구,107.31,4,73,1,N,25.04.24,신반포로23길,00041,00000,4163452,01,11650,0,11650,개인,10600,잠원동,430000.0,2025-02-05
707,108,반포리체,11650-3617,30,26,2010,개인,,,"289,000",14,2,2025,중개거래,"서울 강남구, 서울 서초구",59.993,2,30-26,1,N,25.04.30,고무래로,00035,00000,3121001,01,11650,0,11650,개인,10700,반포동,289000.0,2025-02-14
708,401,호반써밋서초파크,11650-3974,788,0,2013,개인,,,"145,000",1,2,2025,중개거래,서울 서초구,84.99,10,788,1,N,25.02.28,양재대로2길,00033,00000,4163748,01,11650,0,11650,개인,10300,우면동,145000.0,2025-02-01
709,603,서초포레스타6단지,11650-4140,619,0,2015,개인,,,"136,500",15,2,2025,중개거래,"서울 강남구, 서울 서초구",59.98,5,619,1,N,25.05.28,청계산로9길,00001,00012,4163751,01,11650,0,11650,개인,11100,신원동,136500.0,2025-02-15
710,,서초동삼성쉐르빌2,11650-608,1330,0,2002,개인,,,"31,000",15,2,2025,중개거래,서울 서초구,35.17,4,1330,1,N,25.02.17,강남대로53길,00011,00000,4163026,01,11650,0,11650,개인,10800,서초동,31000.0,2025-02-15
711,122,반포자이,11650-3500,20,43,2009,개인,,,"580,000",8,2,2025,중개거래,서울 서초구,165.052,23,20-43,1,N,25.06.18,신반포로,00270,00000,3121017,02,11650,0,11650,개인,10700,반포동,580000.0,2025-02-08
712,202,롯데캐슬갤럭시(50-1),11650-682,50,1,2004,개인,,,"310,000",4,2,2025,중개거래,서울 서초구,148.86,1,50-1,1,N,25.02.18,잠원로14길,00023,00000,4163526,01,11650,0,11650,개인,10600,잠원동,310000.0,2025-02-04
713,101,방배홈타운(479-11),11650-637,479,11,2002,개인,,,"104,000",8,2,2025,중개거래,서울 서초구,100.43,1,479-11,1,N,25.04.07,남부순환로287길,00007,00000,4163052,01,11650,0,11650,개인,10100,방배동,104000.0,2025-02-08
714,,서초동삼성쉐르빌2,11650-608,1330,0,2002,개인,25.02.15,O,"31,000",14,2,2025,중개거래,서울 서초구,35.17,4,1330,1,N,,강남대로53길,00011,00000,4163026,01,11650,0,11650,개인,10800,서초동,31000.0,2025-02-14
715,202,신반포4,11650-125,70,0,1979,개인,,,"398,000",6,2,2025,중개거래,서울 서초구,105.89,7,70,1,N,25.05.09,잠원로,00037,00048,3121019,01,11650,0,11650,개인,10600,잠원동,398000.0,2025-02-06
716,111,신반포2,11650-117,73,0,1978,개인,,,"348,000",14,2,2025,중개거래,서울 서초구,79.42,6,73,1,N,25.03.31,신반포로23길,00041,00000,4163452,01,11650,0,11650,개인,10600,잠원동,348000.0,2025-02-14
717,6,한강,11650-144,49,8,1989,개인,,,"250,000",14,2,2025,중개거래,서울 서초구,84.53,1,49-8,1,N,25.05.30,잠원로,00213,00010,3121019,01,11650,0,11650,개인,10600,잠원동,250000.0,2025-02-14
718,404,서초네이처힐4단지,11650-3704,720,0,2011,개인,,,"149,000",13,2,2025,중개거래,서울 서초구,84.61,7,720,1,N,25.04.03,태봉로2길,00065,00000,4163582,01,11650,0,11650,개인,10300,우면동,149000.0,2025-02-13
719,109,래미안퍼스티지,11650-3559,18,1,2009,개인,,,"438,000",7,2,2025,중개거래,서울 서초구,84.93,7,18-1,1,N,25.03.28,반포대로,00275,00000,2121003,02,11650,0,11650,개인,10700,반포동,438000.0,2025-02-07
720,4,강변,11650-97,53,15,1987,개인,,,"210,000",2,2,2025,중개거래,서울 서초구,66.29,2,53-15,1,N,25.05.20,잠원로,00166,00017,3121019,01,11650,0,11650,개인,10600,잠원동,210000.0,2025-02-02
721,102동,서초그랑자이,11650-4969,1757,0,2021,개인,,,"345,000",1,2,2025,중개거래,서울 서초구,84.51,28,1757,1,N,25.04.30,효령로,00391,00000,3121021,00,11650,,11650,개인,10800,서초동,345000.0,2025-02-01
722,124,래미안퍼스티지,11650-3559,18,1,2009,개인,,,"715,000",7,2,2025,중개거래,서울 서초구,198.04,16,18-1,1,N,25.05.15,반포대로,00275,00000,2121003,02,11650,0,11650,개인,10700,반포동,715000.0,2025-02-07
723,110동,래미안 리더스원,11650-4887,1755,0,2020,개인,,,"269,000",7,2,2025,중개거래,서울 서초구,59.96,29,1755,1,N,25.05.29,서운로,00062,00000,3121016,00,11650,,11650,개인,10800,서초동,269000.0,2025-02-07
724,8,진흥아파트,11650-66,1315,0,1979,개인,,,"295,000",12,2,2025,중개거래,서울 서초구,131.04,6,1315,1,N,25.04.30,서초대로,00385,00000,2121002,02,11650,0,11650,개인,10800,서초동,295000.0,2025-02-12
725,108동,래미안 리더스원,11650-4887,1755,0,2020,개인,,,"290,000",8,2,2025,중개거래,서울 서초구,74.9,4,1755,1,N,25.09.01,서운로,00062,00000,3121016,00,11650,,11650,개인,10800,서초동,290000.0,2025-02-08
726,103,서초삼성래미안,11650-24,1641,1,2001,개인,,,"187,000",12,2,2025,중개거래,서울 서초구,84.97,4,1641-1,1,N,25.03.20,사임당로17길,00116,00000,4163313,01,11650,0,11650,개인,10800,서초동,187000.0,2025-02-12
727,118,래미안퍼스티지,11650-3559,18,1,2009,개인,,,"710,000",13,2,2025,중개거래,서울 서초구,198.04,4,18-1,1,N,25.11.28,반포대로,00275,00000,2121003,02,11650,0,11650,개인,10700,반포동,710000.0,2025-02-13
728,103동,래미안신반포팰리스,11650-4439,158,0,2016,개인,,,"405,000",8,2,2025,중개거래,서울 서초구,104.04,26,158,1,N,25.04.07,잠원로8길,00035,00000,4163529,00,11650,0,11650,개인,10600,잠원동,405000.0,2025-02-08
729,201,래미안서초에스티지S,11650-4622,1754,0,2018,개인,,,"300,000",6,2,2025,중개거래,서울 서초구,84.8,11,1754,1,N,25.05.28,서운로,00104,00000,3121016,01,11650,0,11650,개인,10800,서초동,300000.0,2025-02-06
730,107,방배1차현대홈타운,11650-290,1344,0,1999,개인,,,"170,000",6,2,2025,중개거래,서울 서초구,59.94,12,1344,1,N,25.03.07,서초대로1길,00030,00000,4163389,01,11650,0,11650,개인,10100,방배동,170000.0,2025-02-06
731,가,방배신삼호,11650-323,725,0,1983,개인,,,"275,000",8,2,2025,중개거래,서울 서초구,105.04,7,725,1,N,25.05.15,방배로,00270,00000,3121010,01,11650,0,11650,개인,10100,방배동,275000.0,2025-02-08
732,106,반포자이,11650-3500,20,43,2009,개인,,,"350,000",12,2,2025,중개거래,서울 서초구,84.943,1,20-43,1,N,25.05.08,신반포로,00270,00000,3121017,02,11650,0,11650,개인,10700,반포동,350000.0,2025-02-12
733,201,신반포4,11650-125,70,0,1979,개인,,,"355,000",2,2,2025,중개거래,서울 서초구,96.48,8,70,1,N,25.04.29,잠원로,00037,00048,3121019,01,11650,0,11650,개인,10600,잠원동,355000.0,2025-02-02
734,10,삼호3,11650-311,759,3,1976,개인,,,"345,000",8,2,2025,중개거래,서울 서초구,257.12,8,759-3,1,N,25.05.15,방배로43길,00030,00000,4163277,01,11650,0,11650,개인,10100,방배동,345000.0,2025-02-08
735,109동,아크로리버파크,11650-4440,2,12,2016,개인,,,"770,000",9,2,2025,중개거래,서울 서초구,129.97,17,2-12,1,N,26.01.20,신반포로15길,00019,00000,4163450,00,11650,0,11650,개인,10700,반포동,770000.0,2025-02-09
736,101,삼호한숲,11650-315,1030,1,1998,개인,,,"175,000",7,2,2025,중개거래,서울 서초구,114.52,10,1030-1,1,N,25.05.30,방배로3길,00010,00003,4163274,01,11650,0,11650,개인,10100,방배동,175000.0,2025-02-07
737,102동,래미안 리더스원,11650-4887,1755,0,2020,개인,,,"470,000",4,2,2025,중개거래,서울 서초구,135.83,11,1755,1,N,25.03.20,서운로,00062,00000,3121016,00,11650,,11650,개인,10800,서초동,470000.0,2025-02-04
738,107,방배1차현대홈타운,11650-290,1344,0,1999,개인,,,"162,250",1,2,2025,중개거래,서울 서초구,59.94,7,1344,1,N,25.04.30,서초대로1길,00030,00000,4163389,01,11650,0,11650,개인,10100,방배동,162250.0,2025-02-01
739,,써니힐즈,11650-3867,799,8,2013,개인,,,"211,500",1,2,2025,중개거래,서울 서초구,109.8,4,799-8,1,N,25.03.14,방배로32길,00109,00000,4163267,01,11650,0,11650,개인,10100,방배동,211500.0,2025-02-01
740,101,반포리체,11650-3617,30,26,2010,개인,,,"354,000",8,2,2025,중개거래,서울 서초구,84.967,12,30-26,1,N,25.05.02,고무래로,00035,00000,3121001,01,11650,0,11650,개인,10700,반포동,354000.0,2025-02-08
741,1,삼풍아파트,11650-28,1685,0,1988,개인,,,"269,000",7,2,2025,중개거래,서울 서초구,79.47,9,1685,1,N,25.04.25,서초중앙로,00200,00000,3121024,03,11650,0,11650,개인,10800,서초동,269000.0,2025-02-07
742,B,아크로비스타,11650-724,1685,3,2004,개인,,,"349,000",4,2,2025,중개거래,서울 서초구,161.94,13,1685-3,1,N,25.04.29,서초중앙로,00188,00000,3121024,03,11650,0,11650,개인,10800,서초동,349000.0,2025-02-04
743,,방배대우디오빌,11650-3191,866,20,2005,개인,,,"28,000",2,2,2025,중개거래,서울 서초구,29.6,5,866-20,1,N,25.07.07,서초대로,00017,00000,2121002,01,11650,0,11650,개인,10100,방배동,28000.0,2025-02-02
744,102,방배어울림,11650-3456,998,0,2008,개인,,,"192,000",5,2,2025,중개거래,서울 서초구,122.785,6,998,1,N,25.02.26,명달로1길,00051,00000,4163186,01,11650,0,11650,개인,10100,방배동,192000.0,2025-02-05
745,,서초센트럴IPARK,11650-4827,1582,3,2020,개인,25.07.29,O,"190,000",5,2,2025,중개거래,경기 포천시,80.5004,9,1582-3,1,N,,반포대로18길,00036,00000,4163228,00,11650,0,11650,개인,10800,서초동,190000.0,2025-02-05
746,,반포루이캐슬,11650-3328,550,0,2006,개인,,,"180,000",6,2,2025,중개거래,서울 서초구,152.7,5,550,1,N,25.02.06,반포대로39길,00064,00005,4163242,01,11650,0,11650,개인,10700,반포동,180000.0,2025-02-06
747,102,서초삼성래미안,11650-24,1641,1,2001,개인,,,"232,000",5,2,2025,중개거래,서울 서초구,121.66,14,1641-1,1,N,25.07.15,사임당로17길,00116,00000,4163313,01,11650,0,11650,개인,10800,서초동,232000.0,2025-02-05
748,204,래미안서초에스티지S,11650-4622,1754,0,2018,개인,,,"305,000",1,2,2025,중개거래,"서울 강서구, 서울 서초구",84.8,17,1754,1,N,25.05.20,서운로,00104,00000,3121016,01,11650,0,11650,개인,10800,서초동,305000.0,2025-02-01
749,505,서초3차e편한세상,11650-3224,1467,37,2005,개인,,,"160,000",3,2,2025,직거래,,158.24,11,1467-37,1,N,25.02.13,남부순환로,02343,00010,2000003,03,11650,0,11650,개인,10800,서초동,160000.0,2025-02-03
750,23,삼풍아파트,11650-28,1685,0,1988,개인,,,"400,000",4,2,2025,중개거래,서울 서초구,163.81,1,1685,1,N,25.04.29,서초중앙로,00200,00000,3121024,03,11650,0,11650,개인,10800,서초동,400000.0,2025-02-04
751,22,삼풍아파트,11650-28,1685,0,1988,개인,,,"410,000",3,2,2025,중개거래,서울 서초구,163.81,9,1685,1,N,25.06.27,서초중앙로,00200,00000,3121024,03,11650,0,11650,개인,10800,서초동,410000.0,2025-02-03
752,106동,서초그랑자이,11650-4969,1757,0,2021,개인,,,"450,000",3,2,2025,중개거래,"경기 고양시 덕양구, 서울 서초구",119.41,30,1757,1,N,25.03.05,효령로,00391,00000,3121021,00,11650,,11650,개인,10800,서초동,450000.0,2025-02-03
753,5,삼호2,11650-310,758,4,1976,개인,,,"207,000",2,2,2025,중개거래,"서울 강남구, 서울 동대문구",132.39,1,758-4,1,N,25.03.31,방배로43길,00002,00000,4163277,01,11650,0,11650,개인,10100,방배동,207000.0,2025-02-02
754,134,반포자이,11650-3500,20,43,2009,개인,,,"300,000",1,2,2025,중개거래,서울 강남구,59.98,25,20-43,1,N,25.04.15,신반포로,00270,00000,3121017,02,11650,0,11650,개인,10700,반포동,300000.0,2025-02-01
755,,반포자이,11650-3500,20,43,2009,개인,25.02.03,O,"370,000",3,2,2025,중개거래,서울 서초구,84.943,22,20-43,1,N,,신반포로,00270,00000,3121017,02,11650,0,11650,개인,10700,반포동,370000.0,2025-02-03
756,202,서초푸르지오써밋,11650-4550,1311,10,2017,개인,,,"375,000",10,3,2025,중개거래,서울 서초구,120.86,8,1311-10,1,N,26.06.10,서운로,00212,00000,3121016,01,11650,0,11650,개인,10800,서초동,375000.0,2025-03-10
757,101동,반포써밋,11650-4703,1342,0,2018,개인,,,"392,000",6,3,2025,중개거래,서울 서초구,106.511,2,1342,1,N,25.09.25,고무래로,00089,00000,3121001,00,11650,0,11650,개인,10700,반포동,392000.0,2025-03-06
758,103,반포힐스테이트,11650-3687,16,6,2012,개인,,,"529,000",19,3,2025,중개거래,서울 서초구,155.38,7,16-6,1,N,25.11.07,신반포로16길,00015,00020,4163754,01,11650,0,11650,개인,10700,반포동,529000.0,2025-03-19
759,205,신반포4,11650-125,70,0,1979,개인,,,"460,000",19,3,2025,중개거래,서울 서초구,105.44,12,70,1,N,25.08.29,잠원로,00037,00048,3121019,01,11650,0,11650,개인,10600,잠원동,460000.0,2025-03-19
760,,반포써밋,11650-4703,1342,0,2018,개인,25.09.24,O,"392,000",15,3,2025,중개거래,서울 서초구,106.511,2,1342,1,N,,고무래로,00089,00000,3121001,00,11650,0,11650,개인,10700,반포동,392000.0,2025-03-15
761,102,신반포2,11650-117,73,0,1978,개인,,,"485,000",18,3,2025,중개거래,서울 서초구,107.31,11,73,1,N,25.07.28,신반포로23길,00041,00000,4163452,01,11650,0,11650,개인,10600,잠원동,485000.0,2025-03-18
762,,신반포4,11650-125,70,0,1979,개인,25.08.05,O,"460,000",19,3,2025,중개거래,서울 서초구,105.44,12,70,1,N,,잠원로,00037,00048,3121019,01,11650,0,11650,개인,10600,잠원동,460000.0,2025-03-19
763,101,블루힐하우스,11650-106,71,1,1999,개인,,,"250,000",8,3,2025,중개거래,서울 서초구,84.54,6,71-1,1,N,25.08.01,잠원로,00085,00000,3121019,01,11650,0,11650,개인,10600,잠원동,250000.0,2025-03-08
764,107동,서초그랑자이,11650-4969,1757,0,2021,개인,,,"450,000",14,3,2025,중개거래,서울 서초구,119.41,17,1757,1,N,25.08.05,효령로,00391,00000,3121021,00,11650,,11650,개인,10800,서초동,450000.0,2025-03-14
765,307,반포미도,11650-172,60,4,1987,개인,,,"330,000",15,3,2025,중개거래,서울 서초구,84.96,6,60-4,1,N,25.08.18,서초중앙로29길,00028,00000,4163713,01,11650,0,11650,개인,10700,반포동,330000.0,2025-03-15
766,,서초그랑자이,11650-4969,1757,0,2021,개인,25.07.03,O,"450,000",14,3,2025,중개거래,서울 서초구,119.41,17,1757,1,N,,효령로,00391,00000,3121021,00,11650,,11650,개인,10800,서초동,450000.0,2025-03-14
767,104동,래미안신반포리오센트,11650-4750,161,0,2019,개인,,,"310,000",14,3,2025,중개거래,서울 서초구,59.95,21,161,1,N,25.07.17,잠원로14길,00032,00000,4163526,00,11650,0,11650,개인,10600,잠원동,310000.0,2025-03-14
768,8,진흥아파트,11650-66,1315,0,1979,개인,,,"305,000",12,3,2025,중개거래,서울 서초구,131.04,5,1315,1,N,25.06.19,서초대로,00385,00000,2121002,02,11650,0,11650,개인,10800,서초동,305000.0,2025-03-12
769,117,반포자이,11650-3500,20,43,2009,개인,,,"660,000",5,3,2025,중개거래,서울 서초구,216.49,16,20-43,1,N,25.08.06,신반포로,00270,00000,3121017,02,11650,0,11650,개인,10700,반포동,660000.0,2025-03-05
770,113,신반포2,11650-117,73,0,1978,개인,,,"375,000",28,3,2025,중개거래,서울 서초구,79.42,10,73,1,N,25.06.12,신반포로23길,00041,00000,4163452,01,11650,0,11650,개인,10600,잠원동,375000.0,2025-03-28
771,102,서초래미안,11650-523,1682,0,2003,개인,,,"270,000",8,3,2025,중개거래,서울 서초구,111.32,11,1682,1,N,25.07.01,서초대로65길,00013,00010,4163425,01,11650,0,11650,개인,10800,서초동,270000.0,2025-03-08
772,110,서초래미안,11650-523,1682,0,2003,개인,,,"290,000",22,3,2025,중개거래,서울 서초구,126.31,3,1682,1,N,25.07.28,서초대로65길,00013,00010,4163425,01,11650,0,11650,개인,10800,서초동,290000.0,2025-03-22
773,,서초푸르지오써밋,11650-4550,1311,10,2017,개인,26.04.13,O,"375,000",10,3,2025,중개거래,서울 서초구,120.86,8,1311-10,1,N,,서운로,00212,00000,3121016,01,11650,0,11650,개인,10800,서초동,375000.0,2025-03-10
774,,리시본하우스,11650-4810,15,11,2020,개인,,,"90,000",22,3,2025,중개거래,서울 강남구,58.583,6,15-11,1,N,25.06.12,남부순환로356길,00088,00000,4163088,00,11650,0,11650,법인,10200,양재동,90000.0,2025-03-22
775,2,진흥아파트,11650-66,1315,0,1979,개인,,,"270,000",21,3,2025,중개거래,서울 서초구,101.32,4,1315,1,N,25.06.24,서초대로,00385,00000,2121002,02,11650,0,11650,개인,10800,서초동,270000.0,2025-03-21
776,,진흥아파트,11650-66,1315,0,1979,개인,25.06.02,O,"270,000",21,3,2025,중개거래,서울 서초구,101.32,4,1315,1,N,,서초대로,00385,00000,2121002,02,11650,0,11650,개인,10800,서초동,270000.0,2025-03-21
777,101,디에이치반포라클라스,11650-4959,1343,0,2021,개인,,,"264,000",23,3,2025,중개거래,서울 서초구,50.9833,17,1343,1,N,25.07.04,서초중앙로,00206,00000,3121024,00,11650,,11650,개인,10700,반포동,264000.0,2025-03-23
778,101,신원아침도시(1420),11650-3219,1420,18,2005,개인,,,"152,800",13,3,2025,중개거래,"서울 강남구, 서울 서초구",84.34,7,1420-18,1,N,25.07.18,남부순환로337가길,00052,00000,4163077,01,11650,0,11650,개인,10800,서초동,152800.0,2025-03-13
779,120,신반포16,11650-113,55,12,1983,개인,,,"360,000",13,3,2025,중개거래,"서울 서초구, 서울 성북구",82.99,6,55-12,1,N,25.05.22,잠원로,00157,00000,3121019,01,11650,0,11650,개인,10600,잠원동,360000.0,2025-03-13
780,101,반포리체,11650-3617,30,26,2010,개인,,,"416,000",23,3,2025,중개거래,서울 서초구,106.148,15,30-26,1,N,25.08.14,고무래로,00035,00000,3121001,01,11650,0,11650,개인,10700,반포동,416000.0,2025-03-23
781,106,방배그랑자이,11650-4970,3283,0,2021,개인,,,"268,000",3,3,2025,중개거래,서울 서초구,74.9939,7,3283,1,N,25.05.29,방배로,00021,00000,3121010,00,11650,0,11650,개인,10100,방배동,268000.0,2025-03-03
782,6,삼풍아파트,11650-28,1685,0,1988,개인,,,"304,000",22,3,2025,중개거래,서울 서초구,79.47,13,1685,1,N,25.07.31,서초중앙로,00200,00000,3121024,03,11650,0,11650,개인,10800,서초동,304000.0,2025-03-22
783,3,한강,11650-144,49,8,1989,개인,,,"294,500",21,3,2025,직거래,,84.53,4,49-8,1,N,25.05.16,잠원로,00213,00010,3121019,01,11650,0,11650,개인,10600,잠원동,294500.0,2025-03-21
784,,대주피오레아파트,11650-157,31,14,2002,개인,,,"160,000",17,3,2025,중개거래,서울 서초구,84.98,8,31-14,1,N,25.07.10,강남대로95길,00056,00000,4163039,01,11650,0,11650,개인,10600,잠원동,160000.0,2025-03-17
785,,신반포16,11650-113,55,12,1983,개인,25.05.16,O,"360,000",13,3,2025,중개거래,"서울 서초구, 서울 성북구",82.99,6,55-12,1,N,,잠원로,00157,00000,3121019,01,11650,0,11650,개인,10600,잠원동,360000.0,2025-03-13
786,101,방배브라운가,11650-569,930,1,2006,개인,,,"170,000",19,3,2025,직거래,,124.67,7,930-1,1,N,25.05.02,방배로19길,00067,00000,4163255,01,11650,0,11650,개인,10100,방배동,170000.0,2025-03-19
787,101,킴스빌리지,11650-142,71,12,1996,개인,,,"134,000",3,3,2025,중개거래,서울 서초구,37.38,15,71-12,1,N,25.07.03,잠원로3길,00006,00000,4163527,01,11650,0,11650,개인,10600,잠원동,134000.0,2025-03-03
788,,서초동삼성쉐르빌2,11650-608,1330,0,2002,개인,,,"95,000",27,3,2025,중개거래,서울 서초구,70.49,21,1330,1,N,25.05.30,강남대로53길,00011,00000,4163026,01,11650,0,11650,개인,10800,서초동,95000.0,2025-03-27
789,208,서초네이처힐2단지,11650-3748,712,0,2012,개인,,,"125,000",23,3,2025,중개거래,서울 강남구,84.82,2,712,1,N,25.09.09,형촌길,00015,00000,4163604,01,11650,0,11650,개인,10300,우면동,125000.0,2025-03-23
790,110,우성,11650-440,154,2,1991,개인,,,"145,000",23,3,2025,중개거래,서울 서초구,73.15,7,154-2,1,N,25.06.23,바우뫼로,00091,00000,3121009,01,11650,0,11650,개인,10200,양재동,145000.0,2025-03-23
791,104,래미안원펜타스,11650-5174,12,0,2024,개인,,,"470,000",21,3,2025,직거래,,84.8077,17,12,1,N,25.09.30,신반포로15길,00001,00000,4163450,01,11650,0,11650,개인,10700,반포동,470000.0,2025-03-21
792,113,반포자이,11650-3500,20,43,2009,개인,,,"750,000",23,3,2025,중개거래,서울 서초구,244.543,20,20-43,1,N,26.04.21,신반포로,00270,00000,3121017,02,11650,0,11650,개인,10700,반포동,750000.0,2025-03-23
793,103,우성,11650-440,154,2,1991,개인,,,"165,000",23,3,2025,중개거래,서울 서초구,84.58,13,154-2,1,N,25.06.13,바우뫼로,00091,00000,3121009,01,11650,0,11650,개인,10200,양재동,165000.0,2025-03-23
794,102,반포푸르지오,11650-176,10,0,2000,개인,,,"300,000",23,3,2025,중개거래,서울 서초구,84.82,9,10,1,N,25.06.30,신반포로15길,00004,00000,4163450,01,11650,0,11650,개인,10700,반포동,300000.0,2025-03-23
795,109,신반포2,11650-117,73,0,1978,개인,,,"395,000",21,3,2025,중개거래,서울 서초구,92.2,6,73,1,N,25.05.23,신반포로23길,00041,00000,4163452,01,11650,0,11650,개인,10600,잠원동,395000.0,2025-03-21
796,107,한라,11650-483,67,0,1994,개인,,,"125,200",22,3,2025,중개거래,서울 서초구,59.98,4,67,1,N,25.06.26,바우뫼로,00033,00000,3121009,02,11650,0,11650,개인,10300,우면동,125200.0,2025-03-22
797,104,방배롯데캐슬로제,11650-3548,849,30,2009,개인,,,"332,000",23,3,2025,중개거래,서울 서초구,172.27,2,849-30,1,N,25.07.31,방배로26길,00041,00000,4163261,01,11650,0,11650,개인,10100,방배동,332000.0,2025-03-23
798,2,진흥아파트,11650-66,1315,0,1979,개인,,,"275,000",30,3,2025,중개거래,서울 서초구,101.32,14,1315,1,N,25.07.11,서초대로,00385,00000,2121002,02,11650,0,11650,개인,10800,서초동,275000.0,2025-03-30
799,103,방배자이,11650-512,888,53,2003,개인,,,"252,000",21,3,2025,중개거래,서울 서초구,164.96,6,888-53,1,N,25.08.14,방배로18길,00067,00000,4163254,01,11650,0,11650,개인,10100,방배동,252000.0,2025-03-21
800,106,신반포2,11650-117,73,0,1978,개인,,,"550,000",24,3,2025,중개거래,"경기 평택시, 서울 서초구",150.58,7,73,1,N,25.07.31,신반포로23길,00041,00000,4163452,01,11650,0,11650,개인,10600,잠원동,550000.0,2025-03-24
801,107,래미안퍼스티지,11650-3559,18,1,2009,개인,,,"475,400",23,3,2025,중개거래,서울 서초구,84.93,26,18-1,1,N,25.07.18,반포대로,00275,00000,2121003,02,11650,0,11650,개인,10700,반포동,475400.0,2025-03-23
802,103동,서초그랑자이,11650-4969,1757,0,2021,개인,,,"370,000",21,3,2025,직거래,,115.71,32,1757,1,N,25.05.30,효령로,00391,00000,3121021,00,11650,,11650,개인,10800,서초동,370000.0,2025-03-21
803,101,방배그랑자이,11650-4970,3283,0,2021,개인,,,"305,000",23,3,2025,중개거래,"서울 강동구, 서울 서초구",84.9386,10,3283,1,N,25.06.30,방배로,00021,00000,3121010,00,11650,0,11650,개인,10100,방배동,305000.0,2025-03-23
804,104,코오롱,11650-482,70,0,1994,개인,,,"128,000",23,3,2025,중개거래,서울 서초구,52.47,5,70,1,N,25.07.23,바우뫼로,00053,00000,3121009,02,11650,0,11650,개인,10300,우면동,128000.0,2025-03-23
805,124,반포자이,11650-3500,20,43,2009,개인,,,"425,000",23,3,2025,중개거래,서울 서초구,84.998,7,20-43,1,N,25.07.02,신반포로,00270,00000,3121017,02,11650,0,11650,개인,10700,반포동,425000.0,2025-03-23
806,,리시본하우스,11650-4810,15,11,2020,개인,25.06.04,O,"90,000",22,3,2025,중개거래,서울 강남구,58.583,6,15-11,1,N,,남부순환로356길,00088,00000,4163088,00,11650,0,11650,법인,10200,양재동,90000.0,2025-03-22
807,103,롯데캐슬클래식,11650-3300,1312,3,2006,개인,,,"271,000",20,3,2025,중개거래,서울 서초구,84.98,14,1312-3,1,N,25.07.30,서운로,00197,00000,3121016,00,11650,,11650,개인,10800,서초동,271000.0,2025-03-20
808,,미주파스텔,11650-103,54,0,2002,개인,,,"190,500",19,3,2025,중개거래,"서울 강북구, 서울 서초구",59.57,14,54,1,N,25.07.10,잠원로,00166,00004,3121019,01,11650,0,11650,개인,10600,잠원동,190500.0,2025-03-19
809,405,서초네이처힐4단지,11650-3704,720,0,2011,개인,,,"149,000",23,3,2025,중개거래,서울 서초구,84.61,1,720,1,N,25.06.20,태봉로2길,00065,00000,4163582,01,11650,0,11650,개인,10300,우면동,149000.0,2025-03-23
810,,밀라텔쉐르빌,11650-21,1316,31,2001,개인,,,"62,000",23,3,2025,중개거래,서울 서초구,45.62,16,1316-31,1,N,25.05.27,강남대로61길,00017,00000,4163028,01,11650,0,11650,개인,10800,서초동,62000.0,2025-03-23
811,,신반포중앙하이츠,11650-4896,71,9,2021,개인,,,"132,000",23,3,2025,중개거래,서울 서초구,53.31,6,71-9,1,N,25.04.22,신반포로23길,00078,00010,4163452,01,11650,0,11650,법인,10600,잠원동,132000.0,2025-03-23
812,114,롯데캐슬클래식,11650-3300,1312,3,2006,개인,,,"210,000",19,3,2025,중개거래,서울 서초구,74.3,14,1312-3,1,N,25.05.23,서운로,00200,00000,3121016,01,11650,0,11650,개인,10800,서초동,210000.0,2025-03-19
813,101,방배자이,11650-512,888,53,2003,개인,,,"280,000",19,3,2025,중개거래,서울 서초구,164.96,6,888-53,1,N,25.05.23,방배로18길,00067,00000,4163254,01,11650,0,11650,개인,10100,방배동,280000.0,2025-03-19
814,12,방배임광3차,11650-342,1010,1,1988,개인,,,"170,000",22,3,2025,중개거래,서울 서초구,84.0,10,1010-1,1,N,25.06.23,방배로2길,00024,00006,4163264,01,11650,0,11650,개인,10100,방배동,170000.0,2025-03-22
815,나,방배신삼호,11650-323,725,0,1983,개인,,,"300,000",22,3,2025,직거래,,164.55,3,725,1,N,25.06.20,방배로,00270,00000,3121010,01,11650,0,11650,개인,10100,방배동,300000.0,2025-03-22
816,404,호반써밋서초파크,11650-3974,788,0,2013,개인,,,"108,500",22,3,2025,중개거래,서울 서초구,51.89,11,788,1,N,25.05.20,양재대로2길,00033,00000,4163748,01,11650,0,11650,개인,10300,우면동,108500.0,2025-03-22
817,101,블루힐하우스,11650-106,71,1,1999,개인,,,"270,000",22,3,2025,중개거래,서울 서초구,84.54,13,71-1,1,N,25.07.31,잠원로,00085,00000,3121019,01,11650,0,11650,개인,10600,잠원동,270000.0,2025-03-22
818,102동,반포에스케이뷰,11650-3344,112,15,2006,개인,,,"370,000",21,3,2025,중개거래,"경기 파주시, 서울 서초구",213.39,10,112-15,1,N,25.10.15,사평대로14길,00012,00000,4163322,01,11650,0,11650,개인,10700,반포동,370000.0,2025-03-21
819,118,반포자이,11650-3500,20,43,2009,개인,,,"540,000",23,3,2025,중개거래,서울 서초구,132.179,28,20-43,1,N,25.07.31,신반포로,00270,00000,3121017,02,11650,0,11650,개인,10700,반포동,540000.0,2025-03-23
820,,서초동삼성쉐르빌2,11650-608,1330,0,2002,법인,,,"35,000",21,3,2025,직거래,,35.23,20,1330,1,N,25.04.16,강남대로53길,00011,00000,4163026,01,11650,0,11650,개인,10800,서초동,35000.0,2025-03-21
821,302,신반포7,11650-128,65,32,1980,개인,,,"440,000",15,3,2025,중개거래,서울 서초구,140.04,3,65-32,1,N,25.08.04,잠원로,00088,00000,3121019,01,11650,0,11650,개인,10600,잠원동,440000.0,2025-03-15
822,104,반포르엘,11650-5015,163,0,2022,개인,,,"500,000",22,3,2025,중개거래,서울 서초구,97.4743,13,163,1,N,25.07.30,신반포로23길,00023,00000,4163452,01,11650,0,11650,개인,10600,잠원동,500000.0,2025-03-22
823,116,래미안원베일리,11650-5126,1,0,2023,개인,,,"420,000",20,3,2025,중개거래,서울 서초구,59.96,26,1,1,N,26.01.20,반포대로,00333,00000,2121003,00,11650,,11650,개인,10700,반포동,420000.0,2025-03-20
824,128,래미안퍼스티지,11650-3559,18,1,2009,개인,,,"455,000",20,3,2025,중개거래,서울 서초구,84.93,18,18-1,1,N,25.08.18,반포대로,00275,00000,2121003,02,11650,0,11650,개인,10700,반포동,455000.0,2025-03-20
825,103,동아,11650-102,157,0,2002,개인,,,"317,000",21,3,2025,중개거래,서울 서초구,84.91,3,157,1,N,25.07.30,신반포로33길,00015,00000,4163453,01,11650,0,11650,개인,10600,잠원동,317000.0,2025-03-21
826,,신반포27,11650-124,56,2,1985,개인,,,"150,000",21,3,2025,직거래,,53.46,10,56-2,1,N,,잠원로8길,00003,00000,4163529,01,11650,0,11650,개인,10600,잠원동,150000.0,2025-03-21
827,109,반포자이,11650-3500,20,43,2009,개인,,,"460,000",21,3,2025,중개거래,서울 서초구,84.984,17,20-43,1,N,25.08.28,신반포로,00270,00000,3121017,02,11650,0,11650,개인,10700,반포동,460000.0,2025-03-21
828,B,아크로비스타,11650-724,1685,3,2004,개인,,,"332,000",22,3,2025,중개거래,서울 서초구,152.33,18,1685-3,1,N,25.07.03,서초중앙로,00188,00000,3121024,03,11650,0,11650,개인,10800,서초동,332000.0,2025-03-22
829,108동,아크로리버파크,11650-4440,2,12,2016,개인,,,"399,000",23,3,2025,중개거래,서울 서초구,59.97,4,2-12,1,N,25.06.17,신반포로15길,00019,00000,4163450,00,11650,0,11650,개인,10700,반포동,399000.0,2025-03-23
830,501,우성아파트,11650-60,1326,17,1998,개인,,,"178,500",23,3,2025,중개거래,서울 서초구,59.93,7,1326-17,1,N,26.04.07,서초대로74길,00030,00000,4163433,01,11650,0,11650,개인,10800,서초동,178500.0,2025-03-23
831,,신반포25,11650-122,61,1,1984,개인,,,"339,500",22,3,2025,중개거래,서울 서초구,84.49,5,61-1,1,N,,잠원로,00136,00000,3121019,01,11650,0,11650,개인,10600,잠원동,339500.0,2025-03-22
832,207,신반포4,11650-125,70,0,1979,개인,,,"435,000",20,3,2025,중개거래,서울 서초구,100.11,5,70,1,N,25.07.01,잠원로,00037,00048,3121019,01,11650,0,11650,개인,10600,잠원동,435000.0,2025-03-20
833,211,신반포4,11650-125,70,0,1979,개인,,,"470,000",21,3,2025,중개거래,서울 서초구,107.39,11,70,1,N,25.06.30,잠원로,00037,00048,3121019,01,11650,0,11650,개인,10600,잠원동,470000.0,2025-03-21
834,104,디에이치반포라클라스,11650-4959,1343,0,2021,개인,,,"462,000",21,3,2025,중개거래,서울 서초구,115.943,10,1343,1,N,25.08.18,서초중앙로,00206,00000,3121024,00,11650,,11650,개인,10700,반포동,462000.0,2025-03-21
835,604,서초포레스타6단지,11650-4140,619,0,2015,개인,,,"150,000",21,3,2025,중개거래,서울 서초구,59.98,7,619,1,N,25.06.05,청계산로9길,00001,00012,4163751,01,11650,0,11650,개인,11100,신원동,150000.0,2025-03-21
836,101,롯데캐슬헤론,11650-3317,754,1,2006,개인,,,"190,000",21,3,2025,중개거래,서울 강남구,168.81,19,754-1,1,N,25.05.27,동광로1길,00112,00000,4163119,01,11650,0,11650,개인,10100,방배동,190000.0,2025-03-21
837,102,코오롱,11650-482,70,0,1994,개인,,,"129,500",23,3,2025,중개거래,서울 서초구,52.47,3,70,1,N,25.05.30,바우뫼로,00053,00000,3121009,02,11650,0,11650,개인,10300,우면동,129500.0,2025-03-23
838,101,서리풀e편한세상,11650-3573,906,13,2010,개인,,,"268,000",21,3,2025,중개거래,서울 서초구,84.97,5,906-13,1,N,25.09.15,효령로33길,00050,00000,4163633,01,11650,0,11650,개인,10100,방배동,268000.0,2025-03-21
839,110,서초래미안,11650-523,1682,0,2003,개인,,,"288,000",21,3,2025,중개거래,서울 서초구,126.31,13,1682,1,N,25.06.30,서초대로65길,00013,00010,4163425,01,11650,0,11650,개인,10800,서초동,288000.0,2025-03-21
840,,양재,11650-665,8,24,2001,개인,,,"75,000",23,3,2025,중개거래,서울 서초구,69.06,6,8-24,1,N,25.11.10,강남대로34길,00058,00000,4163016,01,11650,0,11650,개인,10200,양재동,75000.0,2025-03-23
841,106,우성,11650-440,154,2,1991,개인,,,"171,000",14,3,2025,중개거래,서울 서초구,84.58,13,154-2,1,N,25.06.20,바우뫼로,00091,00000,3121009,01,11650,0,11650,개인,10200,양재동,171000.0,2025-03-14
842,102동,래미안신반포팰리스,11650-4439,158,0,2016,개인,,,"425,000",19,3,2025,중개거래,서울 서초구,104.08,15,158,1,N,25.07.25,잠원로8길,00035,00000,4163529,00,11650,0,11650,개인,10600,잠원동,425000.0,2025-03-19
843,107,방배1차현대홈타운,11650-290,1344,0,1999,개인,,,"175,500",23,3,2025,중개거래,서울 서초구,59.94,13,1344,1,N,25.07.15,서초대로1길,00030,00000,4163389,01,11650,0,11650,개인,10100,방배동,175500.0,2025-03-23
844,101,삼성래미안1,11650-503,2626,0,2003,개인,,,"155,000",17,3,2025,중개거래,"경기 광명시, 서울 서초구",59.9,6,2626,1,N,25.08.14,방배선행길,00002,00000,4163671,01,11650,0,11650,개인,10100,방배동,155000.0,2025-03-17
845,13,삼풍아파트,11650-28,1685,0,1988,개인,,,"380,000",22,3,2025,중개거래,서울 서초구,130.73,2,1685,1,N,25.07.31,서초중앙로,00200,00000,3121024,03,11650,0,11650,개인,10800,서초동,380000.0,2025-03-22
846,102,서초한빛삼성,11650-42,1509,1,1999,개인,,,"140,000",20,3,2025,중개거래,서울 서초구,59.52,2,1509-1,1,N,25.05.16,서초대로40길,00072,00000,4163406,01,11650,0,11650,개인,10800,서초동,140000.0,2025-03-20
847,110,래미안원베일리,11650-5126,1,0,2023,개인,,,"430,000",22,3,2025,중개거래,서울 서초구,59.96,12,1,1,N,25.05.28,반포대로,00333,00000,2121003,00,11650,,11650,개인,10700,반포동,430000.0,2025-03-22
848,101,반포르엘,11650-5015,163,0,2022,개인,,,"425,000",23,3,2025,중개거래,서울 서초구,84.3465,6,163,1,N,25.05.30,신반포로23길,00023,00000,4163452,01,11650,0,11650,개인,10600,잠원동,425000.0,2025-03-23
849,106,서초더샵포레,11650-4063,411,0,2014,개인,,,"183,000",22,3,2025,중개거래,서울 서초구,101.34,10,411,1,N,25.06.26,헌릉로8길,00058,00000,4163749,02,11650,0,11650,개인,10900,내곡동,183000.0,2025-03-22
850,서초 대우아이빌,서초대우아이빌,11650-606,1675,11,2003,개인,,,"33,000",15,3,2025,중개거래,서울 서초구,37.777,10,1675-11,1,N,25.05.16,서초대로58길,00010,00000,4163421,01,11650,0,11650,개인,10800,서초동,33000.0,2025-03-15
851,105,서초교대e편한세상,11650-3579,1686,9,2010,개인,,,"351,000",19,3,2025,중개거래,"서울 강남구, 서울 서초구",131.16,5,1686-9,1,N,25.06.16,서초중앙로24길,00033,00000,4163710,01,11650,0,11650,개인,10800,서초동,351000.0,2025-03-19
852,108,래미안원베일리,11650-5126,1,0,2023,개인,,,"560,000",23,3,2025,중개거래,서울 서초구,84.99,18,1,1,N,26.01.07,반포대로,00333,00000,2121003,00,11650,,11650,개인,10700,반포동,560000.0,2025-03-23
853,잠원시티아파트,잠원시티아파트,11650-4533,71,8,2017,개인,,,"49,500",21,3,2025,중개거래,서울 서초구,20.12,6,71-8,1,N,25.09.12,신반포로23길,00076,00000,4163452,00,11650,0,11650,법인,10600,잠원동,49500.0,2025-03-21
854,110,신반포2,11650-117,73,0,1978,개인,,,"340,000",17,3,2025,중개거래,서울 서초구,68.91,12,73,1,N,25.05.30,신반포로23길,00041,00000,4163452,01,11650,0,11650,개인,10600,잠원동,340000.0,2025-03-17
855,105,반포리체,11650-3617,30,26,2010,개인,,,"429,000",14,3,2025,중개거래,서울 서초구,106.148,30,30-26,1,N,25.06.20,고무래로,00035,00000,3121001,01,11650,0,11650,개인,10700,반포동,429000.0,2025-03-14
856,,베로니스2차,11650-752,803,9,2004,개인,,,"190,000",20,3,2025,직거래,,171.37,5,803-9,1,N,25.10.30,서초대로33길,00116,00000,4163401,01,11650,0,11650,개인,10100,방배동,190000.0,2025-03-20
857,308,반포미도,11650-172,60,4,1987,개인,,,"334,000",17,3,2025,중개거래,서울 서초구,84.96,14,60-4,1,N,25.06.23,서초중앙로29길,00028,00000,4163713,01,11650,0,11650,개인,10700,반포동,334000.0,2025-03-17
858,4차,반포샤인힐4차,11650-537,82,19,2003,개인,,,"180,000",14,3,2025,중개거래,서울 서초구,184.33,1,82-19,1,N,25.06.04,동광로43길,00004,00000,4163131,01,11650,0,11650,개인,10700,반포동,180000.0,2025-03-14
859,124,래미안퍼스티지,11650-3559,18,1,2009,개인,,,"785,000",13,3,2025,중개거래,"서울 금천구, 서울 서초구",198.04,23,18-1,1,N,25.08.28,반포대로,00275,00000,2121003,02,11650,0,11650,개인,10700,반포동,785000.0,2025-03-13
860,102,서초한빛삼성,11650-42,1509,1,1999,개인,,,"138,000",22,3,2025,중개거래,서울 서초구,99.06,9,1509-1,1,N,25.06.05,서초대로40길,00072,00000,4163406,01,11650,0,11650,개인,10800,서초동,138000.0,2025-03-22
861,4,한신서래,11650-232,70,1,1987,개인,,,"165,000",19,3,2025,중개거래,서울 서초구,45.72,12,70-1,1,N,25.07.09,사평대로28길,00031,00000,4163330,01,11650,0,11650,개인,10700,반포동,165000.0,2025-03-19
862,101,현대동궁아파트,11650-236,64,5,1991,개인,,,"200,000",19,3,2025,중개거래,서울 서초구,81.9,10,64-5,1,N,25.07.29,사평대로,00154,00000,2121001,02,11650,0,11650,개인,10700,반포동,200000.0,2025-03-19
863,106,대우(효령),11650-272,1038,0,1992,개인,,,"204,700",23,3,2025,중개거래,서울 서초구,84.92,7,1038,1,N,25.06.20,효령로,00084,00000,3121021,01,11650,0,11650,개인,10100,방배동,204700.0,2025-03-23
864,101,현대동궁아파트,11650-236,64,5,1991,개인,,,"200,000",21,3,2025,중개거래,서울 서초구,81.9,5,64-5,1,N,25.08.26,사평대로,00154,00000,2121001,02,11650,0,11650,개인,10700,반포동,200000.0,2025-03-21
865,,서초동아타워,11650-35,1321,6,1996,개인,,,"150,000",21,3,2025,직거래,,142.31,11,1321-6,1,N,25.05.14,서운로,00138,00000,3121016,01,11650,0,11650,개인,10800,서초동,150000.0,2025-03-21
866,120,신반포16,11650-113,55,12,1983,개인,,,"220,000",12,3,2025,중개거래,서울 서초구,53.43,1,55-12,1,N,25.05.30,잠원로,00157,00000,3121019,01,11650,0,11650,개인,10600,잠원동,220000.0,2025-03-12
867,201,서초포레스타2단지,11650-4156,384,0,2015,개인,,,"126,000",23,3,2025,중개거래,서울 서초구,59.21,11,384,1,N,25.06.23,헌릉로8길,00045,00000,4163749,02,11650,0,11650,개인,10900,내곡동,126000.0,2025-03-23
868,,신영체르니,11650-461,90,0,2002,개인,,,"59,700",22,3,2025,중개거래,서울 서초구,39.1,7,90,1,N,25.06.30,논현로27길,00057,00000,4163097,01,11650,0,11650,개인,10200,양재동,59700.0,2025-03-22
869,101동,서초그랑자이,11650-4969,1757,0,2021,개인,,,"370,000",22,3,2025,중개거래,서울 서초구,84.51,19,1757,1,N,25.07.24,효령로,00391,00000,3121021,00,11650,,11650,개인,10800,서초동,370000.0,2025-03-22
870,103,방배1차현대홈타운,11650-290,1344,0,1999,개인,,,"130,000",23,3,2025,직거래,,59.94,12,1344,1,N,25.05.01,서초대로1길,00030,00000,4163389,01,11650,0,11650,개인,10100,방배동,130000.0,2025-03-23
871,101,디에이치반포라클라스,11650-4959,1343,0,2021,개인,,,"264,000",23,3,2025,중개거래,서울 서초구,50.9833,17,1343,1,N,25.07.04,서초중앙로,00206,00000,3121024,00,11650,,11650,개인,10700,반포동,264000.0,2025-03-23
872,102,서초한빛삼성,11650-42,1509,1,1999,개인,,,"143,500",21,3,2025,중개거래,서울 서초구,59.52,4,1509-1,1,N,25.05.30,서초대로40길,00072,00000,4163406,01,11650,0,11650,개인,10800,서초동,143500.0,2025-03-21
873,108,롯데캐슬아르떼,11650-4044,424,28,2013,개인,,,"280,000",15,3,2025,중개거래,서울 서초구,121.6356,1,424-28,1,N,25.06.13,방배천로18길,00011,00000,4163687,01,11650,0,11650,개인,10100,방배동,280000.0,2025-03-15
874,201,서초포레스타2단지,11650-4156,384,0,2015,개인,,,"145,000",23,3,2025,중개거래,서울 서초구,84.87,3,384,1,N,25.07.31,헌릉로8길,00045,00000,4163749,02,11650,0,11650,개인,10900,내곡동,145000.0,2025-03-23
875,5,한신,11650-145,56,3,1992,개인,,,"273,000",21,3,2025,중개거래,서울 서초구,84.52,1,56-3,1,N,25.08.29,잠원로,00150,00000,3121019,01,11650,0,11650,개인,10600,잠원동,273000.0,2025-03-21
876,101,서초4현대,11650-30,1684,0,2000,개인,,,"193,000",12,3,2025,중개거래,서울 서초구,84.95,1,1684,1,N,25.07.17,고무래로,00094,00000,3121001,02,11650,0,11650,개인,10800,서초동,193000.0,2025-03-12
877,6,삼호2,11650-310,758,4,1976,개인,,,"250,000",20,3,2025,중개거래,서울 서초구,131.41,9,758-4,1,N,25.07.28,방배로43길,00002,00000,4163277,01,11650,0,11650,개인,10100,방배동,250000.0,2025-03-20
878,104,반포자이,11650-3500,20,43,2009,개인,,,"551,000",21,3,2025,중개거래,서울 서초구,132.439,9,20-43,1,N,25.07.03,신반포로,00270,00000,3121017,02,11650,0,11650,개인,10700,반포동,551000.0,2025-03-21
879,104,반포센트럴자이,11650-4805,162,0,2020,개인,,,"430,000",22,3,2025,중개거래,서울 서초구,84.98,19,162,1,N,25.07.23,반포대로,00310,00006,2121003,01,11650,0,11650,개인,10600,잠원동,430000.0,2025-03-22
880,18,삼풍아파트,11650-28,1685,0,1988,개인,,,"445,000",21,3,2025,중개거래,"경기 성남시 분당구, 서울 서초구",165.92,13,1685,1,N,25.07.31,서초중앙로,00200,00000,3121024,03,11650,0,11650,개인,10800,서초동,445000.0,2025-03-21
881,101동,아크로리버파크,11650-4440,2,12,2016,개인,,,"519,000",19,3,2025,중개거래,서울 서초구,84.98,10,2-12,1,N,25.07.11,신반포로15길,00019,00000,4163450,00,11650,0,11650,개인,10700,반포동,519000.0,2025-03-19
882,10,삼풍아파트,11650-28,1685,0,1988,개인,,,"390,000",23,3,2025,중개거래,서울 서초구,130.73,8,1685,1,N,26.04.20,서초중앙로,00200,00000,3121024,03,11650,0,11650,개인,10800,서초동,390000.0,2025-03-23
883,101,서초현대,11650-46,1648,2,1999,개인,,,"175,000",17,3,2025,중개거래,서울 서초구,84.78,6,1648-2,1,N,25.05.30,사임당로19길,00010,00000,4163315,01,11650,0,11650,개인,10800,서초동,175000.0,2025-03-17
884,102동,래미안신반포팰리스,11650-4439,158,0,2016,개인,,,"410,000",12,3,2025,중개거래,"서울 동작구, 서울 서초구",104.02,7,158,1,N,25.09.23,잠원로8길,00035,00000,4163529,00,11650,0,11650,개인,10600,잠원동,410000.0,2025-03-12
885,120,반포자이,11650-3500,20,43,2009,개인,,,"590,000",19,3,2025,중개거래,서울 서초구,165.052,15,20-43,1,N,25.07.28,신반포로,00270,00000,3121017,02,11650,0,11650,개인,10700,반포동,590000.0,2025-03-19
886,13,방배임광3차,11650-342,1010,1,1988,개인,,,"178,000",22,3,2025,중개거래,서울 서초구,79.8,6,1010-1,1,N,25.05.30,방배로2길,00024,00005,4163264,01,11650,0,11650,개인,10100,방배동,178000.0,2025-03-22
887,106동,반포써밋,11650-4703,1342,0,2018,개인,,,"305,000",18,3,2025,중개거래,"서울 강남구, 서울 서초구",59.3264,19,1342,1,N,25.07.28,고무래로,00089,00000,3121001,00,11650,0,11650,개인,10700,반포동,305000.0,2025-03-18
888,501,우성아파트,11650-60,1326,17,1998,개인,,,"178,000",21,3,2025,중개거래,"서울 강남구, 서울 서초구",59.93,21,1326-17,1,N,25.09.04,서초대로74길,00030,00000,4163433,01,11650,0,11650,개인,10800,서초동,178000.0,2025-03-21
889,201동,경남아너스빌201동,11650-3257,1456,2,2006,개인,,,"178,000",17,3,2025,중개거래,서울 서초구,84.95,9,1456-2,1,N,25.06.30,반포대로10길,00042,00000,4163222,01,11650,0,11650,개인,10800,서초동,178000.0,2025-03-17
890,,반포미도,11650-172,60,4,1987,개인,25.06.26,O,"330,000",15,3,2025,중개거래,서울 서초구,84.96,6,60-4,1,N,,서초중앙로29길,00028,00000,4163713,01,11650,0,11650,개인,10700,반포동,330000.0,2025-03-15
891,106동,서초그랑자이,11650-4969,1757,0,2021,개인,,,"390,000",22,3,2025,중개거래,서울 서초구,100.31,27,1757,1,N,25.10.30,효령로,00391,00000,3121021,00,11650,,11650,개인,10800,서초동,390000.0,2025-03-22
892,309,서초네이처힐3단지,11650-3864,717,0,2013,개인,,,"156,700",19,3,2025,중개거래,서울 서초구,84.61,6,717,1,N,25.05.21,태봉로2길,00060,00000,4163582,01,11650,0,11650,개인,10300,우면동,156700.0,2025-03-19
893,,브라운스톤방배,11650-630,899,16,2005,개인,,,"182,000",22,3,2025,중개거래,서울 서초구,84.96,4,899-16,1,N,,서초대로26길,00019,00000,4163394,01,11650,0,11650,개인,10100,방배동,182000.0,2025-03-22
894,101,신원아침도시(1420),11650-3219,1420,18,2005,개인,,,"156,000",22,3,2025,중개거래,서울 서초구,84.34,8,1420-18,1,N,25.06.13,남부순환로337가길,00052,00000,4163077,01,11650,0,11650,개인,10800,서초동,156000.0,2025-03-22
895,109,반포리체,11650-3617,30,26,2010,개인,,,"315,000",18,3,2025,중개거래,"서울 마포구, 서울 서초구",59.993,10,30-26,1,N,25.05.30,고무래로,00035,00000,3121001,01,11650,0,11650,법인,10700,반포동,315000.0,2025-03-18
896,120,반포자이,11650-3500,20,43,2009,개인,,,"647,000",16,3,2025,중개거래,서울 서초구,165.446,21,20-43,1,N,25.08.28,신반포로,00270,00000,3121017,02,11650,0,11650,개인,10700,반포동,647000.0,2025-03-16
897,105,반포자이,11650-3500,20,43,2009,개인,,,"560,000",10,3,2025,중개거래,서울 서초구,132.439,17,20-43,1,N,25.05.28,신반포로,00270,00000,3121017,02,11650,0,11650,법인,10700,반포동,560000.0,2025-03-10
898,5,한신,11650-145,56,3,1992,개인,,,"300,000",18,3,2025,중개거래,서울 서초구,84.52,7,56-3,1,N,25.06.30,잠원로,00150,00000,3121019,01,11650,0,11650,개인,10600,잠원동,300000.0,2025-03-18
899,3,삼호1동~3동,11650-309,770,1,1975,개인,,,"235,000",22,3,2025,중개거래,서울 서초구,116.13,7,770-1,1,N,25.05.30,방배로43길,00021,00000,4163277,01,11650,0,11650,개인,10100,방배동,235000.0,2025-03-22
900,,신반포16,11650-113,55,12,1983,개인,25.05.07,O,"360,000",13,3,2025,중개거래,"서울 서초구, 서울 성북구",82.99,6,55-12,1,N,,잠원로,00157,00000,3121019,01,11650,0,11650,개인,10600,잠원동,360000.0,2025-03-13
901,,대주피오레아파트,11650-157,31,14,2002,개인,,,"150,000",11,3,2025,중개거래,서울 서초구,84.98,3,31-14,1,N,25.08.11,강남대로95길,00056,00000,4163039,01,11650,0,11650,개인,10600,잠원동,150000.0,2025-03-11
902,,신반포중앙하이츠,11650-4896,71,9,2021,개인,,,"190,000",22,3,2025,중개거래,서울 서초구,74.96,2,71-9,1,N,25.05.08,신반포로23길,00078,00010,4163452,01,11650,0,11650,개인,10600,잠원동,190000.0,2025-03-22
903,104동,아크로리버뷰신반포,11650-4676,159,0,2018,개인,,,"450,000",17,3,2025,중개거래,"서울 강남구, 서울 서초구",78.5,11,159,1,N,25.06.27,잠원로,00117,00000,3121019,00,11650,0,11650,개인,10600,잠원동,450000.0,2025-03-17
904,102,신반포2,11650-117,73,0,1978,개인,,,"453,000",12,3,2025,중개거래,서울 서초구,107.31,3,73,1,N,25.05.23,신반포로23길,00041,00000,4163452,01,11650,0,11650,개인,10600,잠원동,453000.0,2025-03-12
905,3,훼미리,11650-154,51,0,1992,개인,,,"235,000",22,3,2025,중개거래,"서울 서초구, 서울 종로구",84.38,5,51,1,N,25.06.26,잠원로,00202,00011,3121019,01,11650,0,11650,개인,10600,잠원동,235000.0,2025-03-22
906,109,우성,11650-440,154,2,1991,개인,,,"169,000",20,3,2025,중개거래,"서울 서초구, 서울 양천구",84.58,10,154-2,1,N,25.07.11,바우뫼로,00091,00000,3121009,01,11650,0,11650,개인,10200,양재동,169000.0,2025-03-20
907,101,서초래미안,11650-523,1682,0,2003,개인,,,"266,000",15,3,2025,중개거래,서울 서초구,111.92,3,1682,1,N,25.06.24,서초대로65길,00013,00010,4163425,01,11650,0,11650,개인,10800,서초동,266000.0,2025-03-15
908,102,"더샾오데움(101,102동)",11650-3227,1483,18,2005,개인,,,"306,500",23,3,2025,중개거래,서울 강남구,205.195,3,1483-18,1,N,25.08.29,효령로46길,00021,00000,4163640,01,11650,0,11650,개인,10800,서초동,306500.0,2025-03-23
909,105,반포힐스테이트,11650-3687,16,6,2012,개인,,,"315,000",22,3,2025,중개거래,서울 서초구,59.7,7,16-6,1,N,25.06.30,신반포로16길,00015,00020,4163754,01,11650,0,11650,개인,10700,반포동,315000.0,2025-03-22
910,111,롯데캐슬아르떼,11650-4044,424,28,2013,개인,,,"305,000",23,3,2025,중개거래,서울 서초구,147.7221,15,424-28,1,N,25.08.29,방배천로18길,00011,00000,4163687,01,11650,0,11650,개인,10100,방배동,305000.0,2025-03-23
911,,한신타운,11650-149,60,4,1989,개인,,,"212,000",8,3,2025,중개거래,서울 서초구,72.99,1,60-4,1,N,25.06.05,나루터로4길,00070,00005,4163049,01,11650,0,11650,개인,10600,잠원동,212000.0,2025-03-08
912,101,서초4현대,11650-30,1684,0,2000,개인,,,"110,000",22,3,2025,중개거래,서울 서초구,52.36,1,1684,1,N,25.07.31,고무래로,00094,00000,3121001,02,11650,0,11650,개인,10800,서초동,110000.0,2025-03-22
913,108,래미안방배아트힐(1008-2),11650-658,1008,2,2004,개인,,,"245,000",22,3,2025,중개거래,서울 서초구,127.31,14,1008-2,1,N,25.07.31,남부순환로,02311,00012,2000003,01,11650,0,11650,개인,10100,방배동,245000.0,2025-03-22
914,605,서초포레스타6단지,11650-4140,619,0,2015,개인,,,"132,000",23,3,2025,중개거래,서울 서초구,59.93,1,619,1,N,25.04.28,청계산로9길,00001,00012,4163751,01,11650,0,11650,개인,11100,신원동,132000.0,2025-03-23
915,101동,아크로리버파크,11650-4440,2,12,2016,개인,,,"386,000",22,3,2025,중개거래,서울 서초구,59.98,18,2-12,1,N,25.07.25,신반포로15길,00019,00000,4163450,00,11650,0,11650,개인,10700,반포동,386000.0,2025-03-22
916,107,반포르엘,11650-5015,163,0,2022,개인,,,"437,000",10,3,2025,중개거래,서울 서초구,84.9818,18,163,1,N,25.05.30,신반포로23길,00023,00000,4163452,01,11650,0,11650,개인,10600,잠원동,437000.0,2025-03-10
917,102,반포리체,11650-3617,30,26,2010,개인,,,"480,000",17,3,2025,중개거래,서울 서초구,138.257,12,30-26,1,N,25.06.30,고무래로,00035,00000,3121001,01,11650,0,11650,개인,10700,반포동,480000.0,2025-03-17
918,104,롯데캐슬아르떼,11650-4044,424,28,2013,개인,,,"260,000",19,3,2025,중개거래,서울 서초구,84.9321,1,424-28,1,N,25.07.25,방배천로18길,00011,00000,4163687,01,11650,0,11650,개인,10100,방배동,260000.0,2025-03-19
919,서초동 풍림아이원아파트,풍림아이원(101동),11650-561,1607,6,2004,개인,,,"160,000",19,3,2025,중개거래,"서울 강남구, 서울 서초구",119.56,3,1607-6,1,N,26.04.02,효령로67길,00020,00000,4163653,01,11650,0,11650,개인,10800,서초동,160000.0,2025-03-19
920,121,래미안원베일리,11650-5126,1,0,2023,개인,,,"748,000",10,3,2025,중개거래,서울 서초구,101.99,9,1,1,N,25.10.24,반포대로,00333,00000,2121003,00,11650,,11650,개인,10700,반포동,748000.0,2025-03-10
921,12,방배임광3차,11650-342,1010,1,1988,개인,,,"185,500",22,3,2025,중개거래,서울 서초구,84.0,9,1010-1,1,N,25.08.14,방배로2길,00024,00006,4163264,01,11650,0,11650,개인,10100,방배동,185500.0,2025-03-22
922,,프라임,11650-472,402,13,2002,개인,,,"85,000",7,3,2025,중개거래,서울 서초구,78.87,2,402-13,1,N,25.08.20,논현로1길,00043,00000,4163096,01,11650,0,11650,개인,10200,양재동,85000.0,2025-03-07
923,135,반포자이,11650-3500,20,43,2009,개인,,,"340,000",23,3,2025,중개거래,서울 서초구,59.98,26,20-43,1,N,25.09.01,신반포로,00270,00000,3121017,02,11650,0,11650,개인,10700,반포동,340000.0,2025-03-23
924,106,서초호반써밋,11650-3963,753,0,2013,개인,,,"184,500",14,3,2025,중개거래,서울 서초구,101.0482,11,753,1,N,25.06.23,양재대로2길,00109,00000,4163748,01,11650,0,11650,개인,10300,우면동,184500.0,2025-03-14
925,101,반포두산힐스빌,11650-168,54,5,2001,개인,,,"105,000",23,3,2025,중개거래,서울 서초구,47.7,2,54-5,1,N,25.07.28,고무래로10길,00016,00000,4163042,01,11650,0,11650,개인,10700,반포동,105000.0,2025-03-23
926,11,방배임광3차,11650-342,1010,1,1988,개인,,,"187,000",22,3,2025,중개거래,서울 서초구,84.0,7,1010-1,1,N,25.08.06,방배로2길,00024,00006,4163264,01,11650,0,11650,개인,10100,방배동,187000.0,2025-03-22
927,101,동아,11650-102,157,0,2002,개인,,,"320,000",10,3,2025,중개거래,서울 서초구,84.91,7,157,1,N,25.07.08,신반포로33길,00015,00000,4163453,01,11650,0,11650,개인,10600,잠원동,320000.0,2025-03-10
928,107동,래미안 리더스원,11650-4887,1755,0,2020,개인,,,"399,900",8,3,2025,중개거래,서울 서초구,114.94,19,1755,1,N,25.05.29,서운로,00062,00000,3121016,00,11650,,11650,개인,10800,서초동,399900.0,2025-03-08
929,,트라움하우스3,11650-73,1496,24,2002,개인,,,"690,000",14,3,2025,중개거래,"서울 서초구, 서울 영등포구",273.86,4,1496-24,1,N,25.06.25,명달로,00097,00014,3121008,02,11650,0,11650,개인,10800,서초동,690000.0,2025-03-14
930,403,호반써밋서초파크,11650-3974,788,0,2013,개인,,,"127,000",19,3,2025,중개거래,서울 서초구,59.93,14,788,1,N,25.06.18,양재대로2길,00033,00000,4163748,01,11650,0,11650,개인,10300,우면동,127000.0,2025-03-19
931,102,서초삼성래미안,11650-24,1641,1,2001,개인,,,"240,000",22,3,2025,중개거래,서울 서초구,121.66,3,1641-1,1,N,25.05.22,사임당로17길,00116,00000,4163313,01,11650,0,11650,개인,10800,서초동,240000.0,2025-03-22
932,,현대이에스에이아파트,11650-532,1338,0,2002,개인,,,"163,500",18,3,2025,중개거래,서울 서초구,163.95,7,1338,1,N,25.04.25,효령로77길,00020,00000,4163659,01,11650,0,11650,개인,10800,서초동,163500.0,2025-03-18
933,102동,방배아트자이,11650-4706,3278,0,2018,개인,,,"260,000",22,3,2025,중개거래,서울 서초구,84.9383,11,3278,1,N,25.07.28,명달로9길,00057,00000,4163195,00,11650,0,11650,개인,10100,방배동,260000.0,2025-03-22
934,102동,서초그랑자이,11650-4969,1757,0,2021,개인,,,"320,000",19,3,2025,중개거래,서울 서초구,74.98,3,1757,1,N,25.11.03,효령로,00391,00000,3121021,00,11650,,11650,개인,10800,서초동,320000.0,2025-03-19
935,1,임광,11650-341,1015,0,1985,개인,,,"200,000",22,3,2025,중개거래,서울 서초구,84.78,5,1015,1,N,25.08.12,방배로,00014,00000,3121010,01,11650,0,11650,개인,10100,방배동,200000.0,2025-03-22
936,103,반포센트럴자이,11650-4805,162,0,2020,개인,,,"425,000",19,3,2025,중개거래,서울 서초구,84.94,29,162,1,N,26.01.14,반포대로,00310,00006,2121003,01,11650,0,11650,개인,10600,잠원동,425000.0,2025-03-19
937,101,서초삼성래미안,11650-24,1641,1,2001,개인,,,"241,000",20,3,2025,중개거래,서울 서초구,121.66,11,1641-1,1,N,25.07.15,사임당로17길,00116,00000,4163313,01,11650,0,11650,개인,10800,서초동,241000.0,2025-03-20
938,103,서초삼성래미안,11650-24,1641,1,2001,개인,,,"197,000",20,3,2025,중개거래,서울 서초구,84.97,7,1641-1,1,N,25.07.15,사임당로17길,00116,00000,4163313,01,11650,0,11650,개인,10800,서초동,197000.0,2025-03-20
939,107,서리풀e편한세상,11650-3573,906,13,2010,개인,,,"360,000",22,3,2025,중개거래,서울 서초구,148.56,1,906-13,1,N,25.06.05,효령로33길,00050,00000,4163633,01,11650,0,11650,개인,10100,방배동,360000.0,2025-03-22
940,11,방배임광3차,11650-342,1010,1,1988,개인,,,"121,500",22,3,2025,중개거래,서울 서초구,51.84,5,1010-1,1,N,25.06.13,방배로2길,00024,00006,4163264,01,11650,0,11650,개인,10100,방배동,121500.0,2025-03-22
941,101,삼호한숲,11650-315,1030,1,1998,개인,,,"150,000",22,3,2025,중개거래,서울 서초구,84.87,2,1030-1,1,N,25.06.17,방배로3길,00010,00003,4163274,01,11650,0,11650,개인,10100,방배동,150000.0,2025-03-22
942,311,서초네이처힐3단지,11650-3864,717,0,2013,개인,,,"156,000",11,3,2025,중개거래,서울 서초구,84.84,12,717,1,N,25.06.18,태봉로2길,00060,00000,4163582,01,11650,0,11650,개인,10300,우면동,156000.0,2025-03-11
943,102,유원서초,11650-62,1687,0,1993,개인,,,"203,000",15,3,2025,중개거래,"서울 서초구, 서울 용산구",84.82,2,1687,1,N,25.05.09,서초중앙로24길,00043,00000,4163710,01,11650,0,11650,개인,10800,서초동,203000.0,2025-03-15
944,,래미안원베일리,11650-5126,1,0,2023,개인,,,"410,000",19,3,2025,중개거래,서울 서초구,59.96,3,1,1,N,,반포대로,00333,00000,2121003,00,11650,,11650,개인,10700,반포동,410000.0,2025-03-19
945,,한신타운,11650-149,60,4,1989,개인,25.04.04,O,"212,000",8,3,2025,중개거래,서울 서초구,72.99,1,60-4,1,N,,나루터로4길,00070,00005,4163049,01,11650,0,11650,개인,10600,잠원동,212000.0,2025-03-08
946,,미주파스텔,11650-103,54,0,2002,개인,,,"170,000",11,3,2025,중개거래,서울 서초구,59.57,14,54,1,N,25.05.13,잠원로,00166,00004,3121019,01,11650,0,11650,개인,10600,잠원동,170000.0,2025-03-11
947,310,서초네이처힐3단지,11650-3864,717,0,2013,개인,,,"157,000",8,3,2025,중개거래,서울 서초구,84.77,7,717,1,N,25.07.30,태봉로2길,00060,00000,4163582,01,11650,0,11650,개인,10300,우면동,157000.0,2025-03-08
948,,반포힐스테이트,11650-3687,16,6,2012,개인,25.08.29,O,"529,000",19,3,2025,중개거래,서울 서초구,155.38,7,16-6,1,N,,신반포로16길,00015,00020,4163754,01,11650,0,11650,개인,10700,반포동,529000.0,2025-03-19
949,서초동롯데캐슬메디치,롯데캐슬메디치,11650-3568,1656,4,2010,개인,,,"185,000",21,3,2025,중개거래,서울 서초구,107.36,14,1656-4,1,N,25.04.30,서초중앙로,00110,00000,3121024,03,11650,0,11650,개인,10800,서초동,185000.0,2025-03-21
950,201,서초4현대,11650-30,1684,0,2000,개인,,,"165,000",22,3,2025,중개거래,서울 서초구,64.26,10,1684,1,N,25.11.05,고무래로,00094,00000,3121001,02,11650,0,11650,개인,10800,서초동,165000.0,2025-03-22
951,142,반포자이,11650-3500,20,43,2009,개인,,,"345,000",15,3,2025,중개거래,"서울 강남구, 서울 서초구",59.98,21,20-43,1,N,25.06.30,신반포로,00270,00000,3121017,02,11650,0,11650,개인,10700,반포동,345000.0,2025-03-15
952,101,디에이치반포라클라스,11650-4959,1343,0,2021,개인,,,"260,000",10,3,2025,중개거래,서울 서초구,50.9833,12,1343,1,N,25.06.30,서초중앙로,00206,00000,3121024,00,11650,,11650,개인,10700,반포동,260000.0,2025-03-10
953,102,서초동롯데캐슬리버티,11650-833,1620,20,2005,개인,,,"205,000",12,3,2025,중개거래,서울 서초구,125.79,2,1620-20,1,N,25.06.13,사임당로10길,00039,00000,4163309,01,11650,0,11650,개인,10800,서초동,205000.0,2025-03-12
954,,한성,11650-93,1511,9,2003,개인,,,"119,000",17,3,2025,중개거래,서울 서초구,94.27,5,1511-9,1,N,25.06.10,반포대로21길,00046,00000,4163232,01,11650,0,11650,개인,10800,서초동,119000.0,2025-03-17
955,108,우성,11650-440,154,2,1991,개인,,,"148,000",20,3,2025,중개거래,"서울 강서구, 서울 서초구",73.15,15,154-2,1,N,25.05.02,바우뫼로,00091,00000,3121009,01,11650,0,11650,개인,10200,양재동,148000.0,2025-03-20
956,103,브라운스톤방배,11650-630,899,16,2005,개인,,,"197,000",20,3,2025,중개거래,서울 서초구,84.96,12,899-16,1,N,25.07.03,서초대로26길,00019,00000,4163394,01,11650,0,11650,개인,10100,방배동,197000.0,2025-03-20
957,102,유원서초,11650-62,1687,0,1993,개인,,,"210,000",20,3,2025,중개거래,서울 서초구,84.82,6,1687,1,N,26.09.08,서초중앙로24길,00043,00000,4163710,01,11650,0,11650,개인,10800,서초동,210000.0,2025-03-20
958,101,현대홈타운,11650-624,1506,88,2005,개인,,,"209,000",17,3,2025,중개거래,"서울 동작구, 서울 서초구",134.19,6,1506-88,1,N,25.07.18,반포대로23길,00071,00000,4163234,01,11650,0,11650,개인,10800,서초동,209000.0,2025-03-17
959,106동,래미안신반포팰리스,11650-4439,158,0,2016,개인,,,"351,000",8,3,2025,중개거래,서울 서초구,84.49,2,158,1,N,25.08.01,잠원로8길,00035,00000,4163529,00,11650,0,11650,개인,10600,잠원동,351000.0,2025-03-08
960,,한신트리플,11650-590,816,1,2004,개인,,,"47,200",10,3,2025,중개거래,서울 서초구,43.93,8,816-1,1,N,25.06.30,방배로33길,00029,00000,4163268,01,11650,0,11650,개인,10100,방배동,47200.0,2025-03-10
961,101,반포리체,11650-3617,30,26,2010,개인,,,"416,000",23,3,2025,중개거래,서울 서초구,106.148,15,30-26,1,N,25.08.14,고무래로,00035,00000,3121001,01,11650,0,11650,개인,10700,반포동,416000.0,2025-03-23
962,202,서초푸르지오써밋,11650-4550,1311,10,2017,개인,,,"352,000",12,3,2025,중개거래,"서울 강동구, 서울 서초구",97.7,17,1311-10,1,N,25.05.26,서운로,00212,00000,3121016,01,11650,0,11650,개인,10800,서초동,352000.0,2025-03-12
963,6,삼풍아파트,11650-28,1685,0,1988,개인,,,"307,000",21,3,2025,중개거래,서울 서초구,79.47,5,1685,1,N,25.06.26,서초중앙로,00200,00000,3121024,03,11650,0,11650,개인,10800,서초동,307000.0,2025-03-21
964,101,서초더샵포레,11650-4063,411,0,2014,개인,,,"127,000",14,3,2025,중개거래,"경기 안산시 단원구, 서울 서초구",59.94,12,411,1,N,25.05.07,헌릉로8길,00058,00000,4163749,02,11650,0,11650,개인,10900,내곡동,127000.0,2025-03-14
965,210,서초힐스,11650-3821,773,0,2012,개인,,,"167,000",22,3,2025,중개거래,서울 서초구,84.95,20,773,1,N,25.06.18,양재대로2길,00090,00000,4163748,01,11650,0,11650,개인,10300,우면동,167000.0,2025-03-22
966,105,반포힐스테이트,11650-3687,16,6,2012,개인,,,"340,000",23,3,2025,중개거래,서울 서초구,59.7,14,16-6,1,N,26.01.29,신반포로16길,00015,00020,4163754,01,11650,0,11650,개인,10700,반포동,340000.0,2025-03-23
967,101,방배아크로리버,11650-640,752,36,2004,개인,,,"235,000",14,3,2025,중개거래,서울 서초구,149.225,20,752-36,1,N,26.08.14,방배중앙로,00207,00010,3121011,01,11650,0,11650,개인,10100,방배동,235000.0,2025-03-14
968,101,브라운스톤방배,11650-630,899,16,2005,개인,,,"185,000",20,3,2025,중개거래,서울 서초구,84.9,1,899-16,1,N,25.07.31,서초대로26길,00019,00000,4163394,01,11650,0,11650,개인,10100,방배동,185000.0,2025-03-20
969,205,롯데캐슬갤럭시(50-1),11650-682,50,1,2004,개인,,,"363,000",22,3,2025,중개거래,서울 서초구,132.16,7,50-1,1,N,25.06.23,잠원로14길,00023,00000,4163526,01,11650,0,11650,개인,10600,잠원동,363000.0,2025-03-22
970,101,방배1차현대홈타운,11650-290,1344,0,1999,개인,,,"176,500",22,3,2025,중개거래,서울 서초구,59.94,18,1344,1,N,25.05.13,서초대로1길,00030,00000,4163389,01,11650,0,11650,개인,10100,방배동,176500.0,2025-03-22
971,303,신반포7,11650-128,65,32,1980,개인,,,"440,000",22,3,2025,중개거래,서울 서초구,140.04,2,65-32,1,N,25.08.28,잠원로,00088,00000,3121019,01,11650,0,11650,개인,10600,잠원동,440000.0,2025-03-22
972,119,래미안퍼스티지,11650-3559,18,1,2009,개인,,,"730,000",22,3,2025,중개거래,서울 서초구,169.31,19,18-1,1,N,26.01.05,반포대로,00275,00000,2121003,02,11650,0,11650,개인,10700,반포동,730000.0,2025-03-22
973,101,방배래미안타워,11650-759,485,3,2005,개인,,,"190,000",21,3,2025,중개거래,서울 서초구,102.93,7,485-3,1,N,25.06.30,남부순환로,02183,00000,2000003,01,11650,0,11650,개인,10100,방배동,190000.0,2025-03-21
974,106,신반포자이,11650-4675,160,0,2018,개인,,,"340,000",23,3,2025,중개거래,서울 서초구,59.93,16,160,1,N,25.05.29,잠원로,00060,00000,3121019,01,11650,0,11650,개인,10600,잠원동,340000.0,2025-03-23
975,205,신반포4,11650-125,70,0,1979,개인,,,"460,000",19,3,2025,중개거래,서울 서초구,105.44,12,70,1,N,25.08.29,잠원로,00037,00048,3121019,01,11650,0,11650,개인,10600,잠원동,460000.0,2025-03-19
976,101,서리풀e편한세상,11650-3573,906,13,2010,개인,,,"280,000",16,3,2025,중개거래,서울 서초구,84.97,7,906-13,1,N,25.10.30,효령로33길,00050,00000,4163633,01,11650,0,11650,개인,10100,방배동,280000.0,2025-03-16
977,101동,반포써밋,11650-4703,1342,0,2018,개인,,,"395,000",5,3,2025,중개거래,"서울 마포구, 서울 서초구, 충남 천안시 서북구",106.511,5,1342,1,N,25.05.30,고무래로,00089,00000,3121001,00,11650,0,11650,개인,10700,반포동,395000.0,2025-03-05
978,,엘루크방배서리풀,11650-5150,3284,0,2024,개인,,,"144,900",21,3,2025,직거래,,48.16,4,3284,1,N,25.10.29,효령로31길,00031,00000,4163632,00,11650,,11650,법인,10100,방배동,144900.0,2025-03-21
979,103,동아,11650-102,157,0,2002,개인,,,"335,000",22,3,2025,중개거래,서울 서초구,84.91,8,157,1,N,25.06.30,신반포로33길,00015,00000,4163453,01,11650,0,11650,개인,10600,잠원동,335000.0,2025-03-22
980,102,신반포르엘,11650-5121,165,0,2023,개인,,,"316,000",5,3,2025,중개거래,서울 서초구,59.99,17,165,1,N,25.05.15,잠원로14길,00042,00000,4163526,01,11650,0,11650,개인,10600,잠원동,316000.0,2025-03-05
981,104,서리풀e편한세상,11650-3573,906,13,2010,개인,,,"430,000",11,3,2025,중개거래,서울 서초구,164.46,10,906-13,1,N,25.07.10,효령로33길,00050,00000,4163633,01,11650,0,11650,개인,10100,방배동,430000.0,2025-03-11
982,,엘루크방배서리풀,11650-5150,3284,0,2024,개인,25.07.30,O,"93,500",17,3,2025,직거래,,32.383,6,3284,1,N,,효령로31길,00031,00000,4163632,00,11650,,11650,법인,10100,방배동,93500.0,2025-03-17
983,112,래미안원베일리,11650-5126,1,0,2023,개인,,,"570,000",12,3,2025,중개거래,서울 서초구,84.93,15,1,1,N,25.06.30,반포대로,00333,00000,2121003,00,11650,,11650,개인,10700,반포동,570000.0,2025-03-12
984,121,반포자이,11650-3500,20,43,2009,개인,,,"600,000",18,3,2025,중개거래,서울 서초구,165.446,5,20-43,1,N,25.07.04,신반포로,00270,00000,3121017,02,11650,0,11650,개인,10700,반포동,600000.0,2025-03-18
985,108,신반포2,11650-117,73,0,1978,개인,,,"565,000",22,3,2025,중개거래,서울 서초구,137.66,4,73,1,N,25.06.10,신반포로23길,00041,00000,4163452,01,11650,0,11650,개인,10600,잠원동,565000.0,2025-03-22
986,,엠브이아파트,11650-199,46,0,1994,개인,,,"168,000",17,3,2025,중개거래,서울 서초구,83.4,7,46,1,N,25.07.31,고무래로10길,00039,00000,4163042,01,11650,0,11650,개인,10700,반포동,168000.0,2025-03-17
987,101,반포센트럴자이,11650-4805,162,0,2020,개인,,,"353,000",19,3,2025,중개거래,서울 서초구,59.98,31,162,1,N,25.06.30,반포대로,00310,00006,2121003,01,11650,0,11650,개인,10600,잠원동,353000.0,2025-03-19
988,20,현대아파트,11650-85,1346,0,1989,개인,,,"195,000",20,3,2025,중개거래,서울 서초구,84.33,10,1346,1,N,25.07.28,효령로68길,00013,00000,4163654,00,11650,,11650,개인,10800,서초동,195000.0,2025-03-20
989,21,현대아파트,11650-85,1346,0,1989,개인,,,"190,000",6,3,2025,중개거래,"경기 남양주시, 서울 서초구",84.33,8,1346,1,N,25.04.30,효령로68길,00013,00000,4163654,00,11650,,11650,개인,10800,서초동,190000.0,2025-03-06
990,106,대우(효령),11650-272,1038,0,1992,개인,,,"185,000",19,3,2025,중개거래,"서울 강남구, 서울 서초구",84.93,1,1038,1,N,25.07.01,효령로,00084,00000,3121021,01,11650,0,11650,개인,10100,방배동,185000.0,2025-03-19
991,109,반포리체,11650-3617,30,26,2010,개인,,,"320,000",12,3,2025,중개거래,서울 서초구,59.993,10,30-26,1,N,25.06.17,고무래로,00035,00000,3121001,01,11650,0,11650,개인,10700,반포동,320000.0,2025-03-12
992,102,코오롱,11650-482,70,0,1994,개인,,,"129,000",8,3,2025,중개거래,서울 서초구,52.47,6,70,1,N,25.04.15,바우뫼로,00053,00000,3121009,02,11650,0,11650,개인,10300,우면동,129000.0,2025-03-08
993,401,방배아이파크,11650-3299,3277,0,2006,개인,,,"234,000",12,3,2025,중개거래,서울 서초구,125.58,5,3277,1,N,25.06.27,동광로3길,00018,00000,4163128,01,11650,0,11650,개인,10100,방배동,234000.0,2025-03-12
994,방배디오슈페리움Ⅰ,방배디오슈페리움Ⅰ,11650-3343,3001,2,2006,개인,,,"149,000",22,3,2025,중개거래,"서울 동작구, 서울 서초구",84.76,12,3001-2,1,N,25.08.29,서초대로,00003,00004,2121002,01,11650,0,11650,개인,10100,방배동,149000.0,2025-03-22
995,103,반포리체,11650-3617,30,26,2010,개인,,,"384,000",23,3,2025,중개거래,서울 서초구,84.967,28,30-26,1,N,25.06.23,고무래로,00035,00000,3121001,01,11650,0,11650,개인,10700,반포동,384000.0,2025-03-23
996,101동,래미안 리더스원,11650-4887,1755,0,2020,개인,,,"350,000",15,3,2025,중개거래,"서울 강남구, 서울 서초구",84.94,5,1755,1,N,25.08.20,서운로,00062,00000,3121016,00,11650,,11650,개인,10800,서초동,350000.0,2025-03-15
997,103,서리풀e편한세상,11650-3573,906,13,2010,개인,,,"340,000",23,3,2025,중개거래,서울 서초구,124.79,7,906-13,1,N,25.05.07,효령로33길,00050,00000,4163633,01,11650,0,11650,개인,10100,방배동,340000.0,2025-03-23
998,101동,방배아트자이,11650-4706,3278,0,2018,개인,,,"335,500",23,3,2025,중개거래,서울 서초구,126.6226,9,3278,1,N,25.06.20,명달로9길,00057,00000,4163195,00,11650,0,11650,개인,10100,방배동,335500.0,2025-03-23
999,204,래미안서초에스티지S,11650-4622,1754,0,2018,개인,,,"305,000",21,3,2025,중개거래,서울 서초구,84.8,7,1754,1,N,25.05.28,서운로,00104,00000,3121016,01,11650,0,11650,개인,10800,서초동,305000.0,2025-03-21
1000,122,래미안퍼스티지,11650-3559,18,1,2009,개인,,,"850,000",23,3,2025,중개거래,"서울 강남구, 서울 서초구",222.76,12,18-1,1,N,25.05.29,반포대로,00275,00000,2121003,02,11650,0,11650,개인,10700,반포동,850000.0,2025-03-23
1001,105동,방배아트자이,11650-4706,3278,0,2018,개인,,,"210,000",5,3,2025,중개거래,서울 서초구,59.9938,3,3278,1,N,25.07.11,명달로9길,00057,00000,4163195,00,11650,0,11650,개인,10100,방배동,210000.0,2025-03-05
1002,,한신진일빌라트,11650-148,61,0,1996,개인,,,"360,000",11,3,2025,중개거래,서울 서초구,161.33,6,61,1,N,25.05.26,잠원로,00132,00000,3121019,01,11650,0,11650,개인,10600,잠원동,360000.0,2025-03-11
1003,13,방배임광3차,11650-342,1010,1,1988,개인,,,"165,000",21,3,2025,중개거래,서울 서초구,79.8,7,1010-1,1,N,25.05.30,방배로2길,00024,00005,4163264,01,11650,0,11650,개인,10100,방배동,165000.0,2025-03-21
1004,101,서초동롯데캐슬리버티,11650-833,1620,20,2005,개인,,,"215,000",20,3,2025,중개거래,서울 서초구,125.79,5,1620-20,1,N,25.05.30,사임당로10길,00039,00000,4163309,01,11650,0,11650,개인,10800,서초동,215000.0,2025-03-20
1005,107동,래미안신반포팰리스,11650-4439,158,0,2016,개인,,,"369,000",22,3,2025,중개거래,서울 서초구,84.49,3,158,1,N,25.05.08,잠원로8길,00035,00000,4163529,00,11650,0,11650,개인,10600,잠원동,369000.0,2025-03-22
1006,101,롯데캐슬갤럭시,11650-155,50,0,2002,개인,,,"350,000",8,3,2025,중개거래,서울 서초구,106.15,13,50,1,N,25.07.23,잠원로14길,00003,00000,4163526,01,11650,0,11650,개인,10600,잠원동,350000.0,2025-03-08
1007,127,래미안퍼스티지,11650-3559,18,1,2009,개인,,,"449,000",9,3,2025,중개거래,서울 서초구,84.93,18,18-1,1,N,25.06.16,반포대로,00275,00000,2121003,02,11650,0,11650,개인,10700,반포동,449000.0,2025-03-09
1008,203,래미안서초에스티지S,11650-4622,1754,0,2018,개인,,,"360,000",22,3,2025,중개거래,서울 서초구,111.89,6,1754,1,N,25.05.29,서운로,00104,00000,3121016,01,11650,0,11650,개인,10800,서초동,360000.0,2025-03-22
1009,B,중앙하이츠,11650-139,71,17,1998,개인,,,"231,000",5,3,2025,중개거래,서울 서초구,75.44,10,71-17,1,N,25.07.31,잠원로3길,00020,00000,4163527,01,11650,0,11650,개인,10600,잠원동,231000.0,2025-03-05
1010,102,유원서초,11650-62,1687,0,1993,개인,,,"206,500",8,3,2025,중개거래,서울 서초구,84.82,5,1687,1,N,25.06.04,서초중앙로24길,00043,00000,4163710,01,11650,0,11650,개인,10800,서초동,206500.0,2025-03-08
1011,105,반포힐스테이트,11650-3687,16,6,2012,개인,,,"340,000",19,3,2025,중개거래,서울 서초구,59.7,8,16-6,1,N,25.06.30,신반포로16길,00015,00020,4163754,01,11650,0,11650,개인,10700,반포동,340000.0,2025-03-19
1012,101,서초한빛삼성,11650-42,1509,1,1999,개인,,,"146,500",16,3,2025,중개거래,서울 서초구,59.52,12,1509-1,1,N,25.04.30,서초대로40길,00072,00000,4163406,01,11650,0,11650,개인,10800,서초동,146500.0,2025-03-16
1013,,비젼21(2차),11650-303,849,1,2001,개인,,,"202,000",6,3,2025,중개거래,서울 서초구,164.41,3,849-1,1,N,25.06.26,방배로28길,00040,00000,4163263,01,11650,0,11650,개인,10100,방배동,202000.0,2025-03-06
1014,101,삼환나띠르빌(1002-21),11650-656,1002,21,2003,개인,,,"134,000",9,3,2025,중개거래,서울 서초구,92.93,4,1002-21,1,N,25.06.09,명달로,00033,00000,3121008,01,11650,0,11650,개인,10100,방배동,134000.0,2025-03-09
1015,115,래미안원베일리,11650-5126,1,0,2023,개인,,,"575,000",7,3,2025,중개거래,서울 서초구,84.99,24,1,1,N,25.07.04,반포대로,00333,00000,2121003,00,11650,,11650,개인,10700,반포동,575000.0,2025-03-07
1016,101,서초더샵포레,11650-4063,411,0,2014,개인,,,"113,000",2,3,2025,중개거래,서울 서초구,59.94,3,411,1,N,25.05.22,헌릉로8길,00058,00000,4163749,02,11650,0,11650,개인,10900,내곡동,113000.0,2025-03-02
1017,102동,래미안신반포팰리스,11650-4439,158,0,2016,개인,,,"395,000",20,3,2025,중개거래,서울 서초구,104.03,11,158,1,N,25.05.28,잠원로8길,00035,00000,4163529,00,11650,0,11650,개인,10600,잠원동,395000.0,2025-03-20
1018,,방배대우디오빌,11650-3191,866,20,2005,개인,,,"30,000",21,3,2025,중개거래,서울 서초구,29.6,19,866-20,1,N,25.04.17,서초대로,00017,00000,2121002,01,11650,0,11650,개인,10100,방배동,30000.0,2025-03-21
1019,11,삼풍아파트,11650-28,1685,0,1988,개인,,,"380,000",5,3,2025,중개거래,서울 서초구,130.23,13,1685,1,N,25.05.30,서초중앙로,00200,00000,3121024,03,11650,0,11650,개인,10800,서초동,380000.0,2025-03-05
1020,103,반포푸르지오,11650-176,10,0,2000,개인,,,"239,000",4,3,2025,중개거래,서울 서초구,84.82,2,10,1,N,25.05.29,신반포로15길,00004,00000,4163450,01,11650,0,11650,개인,10700,반포동,239000.0,2025-03-04
1021,339,신반포20,11650-118,60,78,1983,개인,,,"360,000",11,3,2025,중개거래,서울 서초구,143.95,9,60-78,1,N,25.07.14,나루터로4길,00060,00000,4163049,01,11650,0,11650,개인,10600,잠원동,360000.0,2025-03-11
1022,502,우성아파트,11650-60,1326,17,1998,개인,,,"290,000",23,3,2025,중개거래,서울 서초구,134.91,18,1326-17,1,N,25.07.01,서초대로74길,00030,00000,4163433,01,11650,0,11650,개인,10800,서초동,290000.0,2025-03-23
1023,107,방배우성,11650-331,2525,0,1991,개인,,,"172,000",10,3,2025,중개거래,서울 서초구,84.95,1,2525,1,N,25.06.16,방배선행길,00001,00000,4163671,01,11650,0,11650,개인,10100,방배동,172000.0,2025-03-10
1024,104동,아크로리버뷰신반포,11650-4676,159,0,2018,개인,,,"482,000",23,3,2025,중개거래,서울 서초구,78.5,32,159,1,N,25.06.27,잠원로,00117,00000,3121019,00,11650,0,11650,개인,10600,잠원동,482000.0,2025-03-23
1025,,방배대우디오빌,11650-3191,866,20,2005,개인,,,"42,500",14,3,2025,중개거래,서울 서초구,37.67,6,866-20,1,N,25.05.30,서초대로,00017,00000,2121002,01,11650,0,11650,개인,10100,방배동,42500.0,2025-03-14
1026,케이티파라곤,서초파라곤,11650-3235,1327,29,2005,개인,,,"114,500",22,3,2025,중개거래,서울 서초구,84.98,12,1327-29,1,N,25.06.19,서초대로74길,00029,00000,4163433,01,11650,0,11650,개인,10800,서초동,114500.0,2025-03-22
1027,103,유원서초,11650-62,1687,0,1993,개인,,,"218,500",7,3,2025,중개거래,서울 서초구,84.82,16,1687,1,N,25.06.25,서초중앙로24길,00043,00000,4163710,01,11650,0,11650,개인,10800,서초동,218500.0,2025-03-07
1028,106,우성,11650-440,154,2,1991,개인,,,"167,500",3,3,2025,중개거래,서울 서초구,84.58,9,154-2,1,N,25.06.30,바우뫼로,00091,00000,3121009,01,11650,0,11650,개인,10200,양재동,167500.0,2025-03-03
1029,,신영체르니,11650-461,90,0,2002,개인,,,"60,000",8,3,2025,중개거래,서울 서초구,39.1,4,90,1,N,25.05.09,논현로27길,00057,00000,4163097,01,11650,0,11650,개인,10200,양재동,60000.0,2025-03-08
1030,102,디에이치반포라클라스,11650-4959,1343,0,2021,개인,,,"330,000",21,3,2025,중개거래,서울 서초구,59.9928,19,1343,1,N,25.06.25,서초중앙로,00206,00000,3121024,00,11650,,11650,개인,10700,반포동,330000.0,2025-03-21
1031,306,반포미도,11650-172,60,4,1987,개인,,,"327,000",20,3,2025,중개거래,"서울 서초구, 서울 종로구",84.96,1,60-4,1,N,25.05.15,서초중앙로29길,00028,00000,4163713,01,11650,0,11650,개인,10700,반포동,327000.0,2025-03-20
1032,,한신그린,11650-146,65,8,1993,개인,,,"270,000",23,3,2025,중개거래,서울 서초구,84.89,14,65-8,1,N,25.06.20,신반포로33길,00071,00000,4163453,01,11650,0,11650,개인,10600,잠원동,270000.0,2025-03-23
1033,312,서초네이처힐3단지,11650-3864,717,0,2013,개인,,,"185,000",10,3,2025,직거래,,114.79,5,717,1,N,25.06.20,태봉로2길,00060,00000,4163582,01,11650,0,11650,개인,10300,우면동,185000.0,2025-03-10
1034,,강변,11650-97,53,15,1987,개인,25.06.27,O,"284,300",8,3,2025,중개거래,서울 서초구,84.53,13,53-15,1,N,,잠원로,00166,00017,3121019,01,11650,0,11650,개인,10600,잠원동,284300.0,2025-03-08
1035,101,서초4현대,11650-30,1684,0,2000,개인,,,"197,000",19,3,2025,중개거래,서울 서초구,84.96,1,1684,1,N,25.06.30,고무래로,00094,00000,3121001,02,11650,0,11650,개인,10800,서초동,197000.0,2025-03-19
1036,108,서초래미안,11650-523,1682,0,2003,개인,,,"288,000",15,3,2025,중개거래,서울 서초구,111.32,13,1682,1,N,25.06.30,서초대로65길,00013,00010,4163425,01,11650,0,11650,개인,10800,서초동,288000.0,2025-03-15
1037,306,반포미도,11650-172,60,4,1987,개인,,,"325,000",19,3,2025,중개거래,서울 서초구,84.96,3,60-4,1,N,25.06.09,서초중앙로29길,00028,00000,4163713,01,11650,0,11650,개인,10700,반포동,325000.0,2025-03-19
1038,11,방배임광3차,11650-342,1010,1,1988,개인,,,"160,000",22,3,2025,직거래,,100.82,10,1010-1,1,N,25.06.10,방배로2길,00024,00006,4163264,01,11650,0,11650,개인,10100,방배동,160000.0,2025-03-22
1039,104,동아,11650-102,157,0,2002,개인,,,"270,000",11,3,2025,중개거래,서울 서초구,59.92,4,157,1,N,25.06.30,신반포로33길,00015,00000,4163453,01,11650,0,11650,개인,10600,잠원동,270000.0,2025-03-11
1040,103,서초래미안,11650-523,1682,0,2003,개인,,,"286,500",22,3,2025,중개거래,서울 서초구,111.32,19,1682,1,N,25.06.24,서초대로65길,00013,00010,4163425,01,11650,0,11650,개인,10800,서초동,286500.0,2025-03-22
1041,101,반포리체,11650-3617,30,26,2010,개인,,,"420,000",8,3,2025,중개거래,서울 서초구,106.148,29,30-26,1,N,25.07.15,고무래로,00035,00000,3121001,01,11650,0,11650,개인,10700,반포동,420000.0,2025-03-08
1042,104,반포리체,11650-3617,30,26,2010,개인,,,"370,000",4,3,2025,중개거래,서울 서초구,84.967,13,30-26,1,N,25.06.13,고무래로,00035,00000,3121001,01,11650,0,11650,개인,10700,반포동,370000.0,2025-03-04
1043,303,반포미도,11650-172,60,4,1987,개인,,,"327,000",22,3,2025,중개거래,서울 서초구,84.96,5,60-4,1,N,25.06.13,서초중앙로29길,00028,00000,4163713,01,11650,0,11650,개인,10700,반포동,327000.0,2025-03-22
1044,104,서초래미안,11650-523,1682,0,2003,개인,,,"300,000",19,3,2025,중개거래,서울 서초구,127.66,24,1682,1,N,26.03.31,서초대로65길,00013,00010,4163425,01,11650,0,11650,개인,10800,서초동,300000.0,2025-03-19
1045,2,삼풍아파트,11650-28,1685,0,1988,개인,,,"300,000",4,3,2025,중개거래,서울 서초구,79.47,13,1685,1,N,25.06.27,서초중앙로,00200,00000,3121024,03,11650,0,11650,개인,10800,서초동,300000.0,2025-03-04
1046,,대림서초리시온,11650-605,1671,5,2003,개인,,,"53,400",5,3,2025,중개거래,서울 서초구,49.92,6,1671-5,1,N,25.04.02,서초중앙로22길,00025,00000,4163707,01,11650,0,11650,개인,10800,서초동,53400.0,2025-03-05
1047,,신반포중앙하이츠,11650-4896,71,9,2021,개인,,,"128,000",13,3,2025,중개거래,서울 서초구,53.31,3,71-9,1,N,25.04.14,신반포로23길,00078,00010,4163452,01,11650,0,11650,법인,10600,잠원동,128000.0,2025-03-13
1048,102,래미안방배아트힐(1008-2),11650-658,1008,2,2004,개인,,,"250,000",23,3,2025,중개거래,서울 서초구,127.61,17,1008-2,1,N,25.09.22,남부순환로,02311,00012,2000003,01,11650,0,11650,개인,10100,방배동,250000.0,2025-03-23
1049,105동,아크로리버뷰신반포,11650-4676,159,0,2018,개인,,,"388,000",6,3,2025,중개거래,"서울 강남구, 서울 서초구",84.82,3,159,1,N,25.08.22,잠원로,00117,00000,3121019,00,11650,0,11650,개인,10600,잠원동,388000.0,2025-03-06
1050,108,반포리체,11650-3617,30,26,2010,개인,,,"300,000",5,3,2025,중개거래,서울 서초구,59.993,12,30-26,1,N,25.07.30,고무래로,00035,00000,3121001,01,11650,0,11650,개인,10700,반포동,300000.0,2025-03-05
1051,,삼풍아파트,11650-28,1685,0,1988,개인,25.03.28,O,"300,000",4,3,2025,중개거래,서울 서초구,79.47,13,1685,1,N,,서초중앙로,00200,00000,3121024,03,11650,0,11650,개인,10800,서초동,300000.0,2025-03-04
1052,1,현대쉴러하우스,11650-3437,853,19,2008,개인,,,"178,000",22,3,2025,중개거래,서울 서초구,137.27,4,853-19,1,N,25.06.12,서초대로23길,00031,00000,4163391,01,11650,0,11650,개인,10100,방배동,178000.0,2025-03-22
1053,서초 트라팰리스Ⅱ,서초타운트라팰리스,11650-3341,1327,0,2006,개인,,,"135,000",22,3,2025,중개거래,"서울 강남구, 서울 서초구",82.9,15,1327,1,N,25.07.01,서초대로74길,00023,00000,4163433,01,11650,0,11650,개인,10800,서초동,135000.0,2025-03-22
1054,102,반포센트레빌아스테리움,11650-4927,1344,0,2021,개인,,,"308,000",8,3,2025,중개거래,서울 서초구,82.0165,14,1344,1,N,25.05.29,사평대로,00310,00004,2121001,02,11650,0,11650,개인,10700,반포동,308000.0,2025-03-08
1055,702,서초네이처힐7단지,11650-3703,735,0,2011,개인,,,"151,000",6,3,2025,중개거래,서울 서초구,84.77,14,735,1,N,25.06.30,태봉로2길,00010,00000,4163582,01,11650,0,11650,개인,10300,우면동,151000.0,2025-03-06
1056,108,래미안퍼스티지,11650-3559,18,1,2009,개인,,,"495,000",22,3,2025,중개거래,서울 서초구,84.93,6,18-1,1,N,25.06.30,반포대로,00275,00000,2121003,02,11650,0,11650,개인,10700,반포동,495000.0,2025-03-22
1057,103,동고,11650-480,59,0,1995,개인,,,"117,000",21,3,2025,중개거래,서울 서초구,77.14,3,59,1,N,25.05.12,바우뫼로7길,00029,00000,4163219,01,11650,0,11650,개인,10300,우면동,117000.0,2025-03-21
1058,105동,아크로리버뷰신반포,11650-4676,159,0,2018,개인,,,"473,000",17,3,2025,중개거래,서울 서초구,84.79,14,159,1,N,25.07.17,잠원로,00117,00000,3121019,00,11650,0,11650,개인,10600,잠원동,473000.0,2025-03-17
1059,,신반포2,11650-117,73,0,1978,개인,25.06.10,O,"375,000",28,3,2025,중개거래,서울 서초구,79.42,10,73,1,N,,신반포로23길,00041,00000,4163452,01,11650,0,11650,개인,10600,잠원동,375000.0,2025-03-28
1060,,서초래미안,11650-523,1682,0,2003,개인,25.06.09,O,"290,000",22,3,2025,중개거래,서울 서초구,126.31,3,1682,1,N,,서초대로65길,00013,00010,4163425,01,11650,0,11650,개인,10800,서초동,290000.0,2025-03-22
1061,205,신반포4,11650-125,70,0,1979,개인,,,"430,000",20,3,2025,중개거래,서울 서초구,105.44,12,70,1,N,25.05.27,잠원로,00037,00048,3121019,01,11650,0,11650,개인,10600,잠원동,430000.0,2025-03-20
1062,,반포훼미리(101동),11650-259,713,1,2002,개인,,,"151,000",9,3,2025,중개거래,서울 서초구,84.12,4,713-1,1,N,25.05.23,주흥11길,00040,00000,4163549,01,11650,0,11650,개인,10700,반포동,151000.0,2025-03-09
1063,104,서초교대e편한세상,11650-3579,1686,9,2010,개인,,,"308,000",3,3,2025,중개거래,서울 서초구,110.32,10,1686-9,1,N,25.07.04,서초중앙로24길,00033,00000,4163710,01,11650,0,11650,개인,10800,서초동,308000.0,2025-03-03
1064,501,래미안서초5차,11650-3229,1522,1,2005,개인,,,"210,000",10,3,2025,중개거래,서울 서초구,120.22,7,1522-1,1,N,25.06.10,반포대로21길,00067,00000,4163232,01,11650,0,11650,개인,10800,서초동,210000.0,2025-03-10
1065,702,서초네이처힐7단지,11650-3703,735,0,2011,개인,,,"143,000",2,3,2025,중개거래,서울 서초구,84.77,8,735,1,N,25.05.09,태봉로2길,00010,00000,4163582,01,11650,0,11650,개인,10300,우면동,143000.0,2025-03-02
1066,201,서초포레스타2단지,11650-4156,384,0,2015,개인,,,"170,000",20,3,2025,중개거래,서울 서초구,84.87,11,384,1,N,25.06.05,헌릉로8길,00045,00000,4163749,02,11650,0,11650,개인,10900,내곡동,170000.0,2025-03-20
1067,106,대림,11650-479,57,0,1995,개인,,,"179,500",13,3,2025,중개거래,서울 서초구,130.89,11,57,1,N,25.07.15,바우뫼로7길,00051,00000,4163219,01,11650,0,11650,개인,10300,우면동,179500.0,2025-03-13
1068,310,서초네이처힐3단지,11650-3864,717,0,2013,개인,,,"159,000",23,3,2025,중개거래,서울 서초구,84.84,5,717,1,N,25.07.01,태봉로2길,00060,00000,4163582,01,11650,0,11650,개인,10300,우면동,159000.0,2025-03-23
1069,,삼풍아파트,11650-28,1685,0,1988,개인,,,"304,000",22,3,2025,중개거래,서울 서초구,79.47,13,1685,1,N,,서초중앙로,00200,00000,3121024,03,11650,0,11650,개인,10800,서초동,304000.0,2025-03-22
1070,101동,방배아트자이,11650-4706,3278,0,2018,개인,,,"317,000",17,3,2025,중개거래,서울 서초구,126.6226,11,3278,1,N,25.08.01,명달로9길,00057,00000,4163195,00,11650,0,11650,개인,10100,방배동,317000.0,2025-03-17
1071,102,한신타워,11650-150,71,11,1996,개인,,,"220,000",7,3,2025,중개거래,서울 서초구,59.4,17,71-11,1,N,25.06.26,잠원로3길,00008,00000,4163527,01,11650,0,11650,개인,10600,잠원동,220000.0,2025-03-07
1072,103,유원서초,11650-62,1687,0,1993,개인,,,"215,000",21,3,2025,중개거래,서울 서초구,84.87,2,1687,1,N,25.05.30,서초중앙로24길,00043,00000,4163710,01,11650,0,11650,개인,10800,서초동,215000.0,2025-03-21
1073,101동,래미안서초에스티지,11650-4470,1332,13,2016,개인,,,"398,000",22,3,2025,중개거래,서울 서초구,139.99,26,1332-13,1,N,25.06.30,서운로,00107,00000,3121016,00,11650,0,11650,개인,10800,서초동,398000.0,2025-03-22
1074,103,디에이치반포라클라스,11650-4959,1343,0,2021,개인,,,"400,000",14,3,2025,중개거래,서울 서초구,84.9671,6,1343,1,N,25.07.28,서초중앙로,00206,00000,3121024,00,11650,,11650,개인,10700,반포동,400000.0,2025-03-14
1075,105,반포자이,11650-3500,20,43,2009,개인,,,"565,000",10,3,2025,중개거래,서울 서초구,132.439,25,20-43,1,N,25.05.30,신반포로,00270,00000,3121017,02,11650,0,11650,개인,10700,반포동,565000.0,2025-03-10
1076,105,반포힐스테이트,11650-3687,16,6,2012,개인,,,"330,000",9,3,2025,중개거래,서울 서초구,59.7,28,16-6,1,N,25.08.29,신반포로16길,00015,00020,4163754,01,11650,0,11650,개인,10700,반포동,330000.0,2025-03-09
1077,112,반포래미안아이파크,11650-4678,1341,0,2018,개인,,,"265,000",12,3,2025,중개거래,"서울 강남구, 서울 서초구",49.84,25,1341,1,N,25.05.30,서초중앙로,00220,00000,3121024,02,11650,0,11650,개인,10700,반포동,265000.0,2025-03-12
1078,104,반포리체,11650-3617,30,26,2010,개인,,,"408,000",13,3,2025,중개거래,서울 서초구,106.148,19,30-26,1,N,25.07.09,고무래로,00035,00000,3121001,01,11650,0,11650,개인,10700,반포동,408000.0,2025-03-13
1079,101,방배아트e편한세상101,11650-3169,484,2,2005,개인,,,"164,000",22,3,2025,중개거래,"서울 동작구, 서울 서초구",108.98,3,484-2,1,N,25.07.31,효령로2길,00073,00000,4163631,01,11650,0,11650,개인,10100,방배동,164000.0,2025-03-22
1080,103동,방배 서리풀 그랑블,11650-4769,3279,0,2019,개인,,,"189,000",15,3,2025,중개거래,서울 서초구,84.9969,6,3279,1,N,25.08.14,서초대로34가길,00052,00000,4163402,00,11650,0,11650,개인,10100,방배동,189000.0,2025-03-15
1081,102,서초현대,11650-46,1648,2,1999,개인,,,"126,000",11,3,2025,중개거래,서울 서초구,53.01,15,1648-2,1,N,25.04.18,사임당로19길,00010,00000,4163315,01,11650,0,11650,개인,10800,서초동,126000.0,2025-03-11
1082,103동,방배 서리풀 그랑블,11650-4769,3279,0,2019,개인,,,"180,000",22,3,2025,중개거래,서울 서초구,84.9969,2,3279,1,N,25.07.22,서초대로34가길,00052,00000,4163402,00,11650,0,11650,개인,10100,방배동,180000.0,2025-03-22
1083,102,반포르엘,11650-5015,163,0,2022,개인,,,"416,500",6,3,2025,중개거래,서울 서초구,84.3465,18,163,1,N,25.09.15,신반포로23길,00023,00000,4163452,01,11650,0,11650,개인,10600,잠원동,416500.0,2025-03-06
1084,113,신반포2,11650-117,73,0,1978,개인,,,"387,000",25,3,2025,중개거래,서울 서초구,79.42,6,73,1,N,25.07.03,신반포로23길,00041,00000,4163452,01,11650,0,11650,개인,10600,잠원동,387000.0,2025-03-25
1085,301,신반포7,11650-128,65,32,1980,개인,,,"210,500",21,3,2025,직거래,,107.29,9,65-32,1,N,25.06.04,잠원로,00088,00000,3121019,01,11650,0,11650,개인,10600,잠원동,210500.0,2025-03-21
1086,118,래미안원베일리,11650-5126,1,0,2023,개인,,,"540,000",19,3,2025,중개거래,"경기 성남시 분당구, 서울 서초구",84.98,13,1,1,N,25.09.01,반포대로,00333,00000,2121003,00,11650,,11650,개인,10700,반포동,540000.0,2025-03-19
1087,113,래미안원베일리,11650-5126,1,0,2023,개인,,,"600,000",8,3,2025,중개거래,서울 서초구,84.98,17,1,1,N,25.08.29,반포대로,00333,00000,2121003,00,11650,,11650,개인,10700,반포동,600000.0,2025-03-08
1088,,신반포2,11650-117,73,0,1978,개인,25.07.28,O,"485,000",14,3,2025,중개거래,서울 서초구,107.31,11,73,1,N,,신반포로23길,00041,00000,4163452,01,11650,0,11650,개인,10600,잠원동,485000.0,2025-03-14
1089,2,진흥아파트,11650-66,1315,0,1979,개인,,,"270,000",21,3,2025,중개거래,서울 서초구,101.32,4,1315,1,N,25.06.24,서초대로,00385,00000,2121002,02,11650,0,11650,개인,10800,서초동,270000.0,2025-03-21
1090,104동,아크로리버뷰신반포,11650-4676,159,0,2018,개인,,,"461,000",3,3,2025,중개거래,서울 서초구,78.5,28,159,1,N,25.09.10,잠원로,00117,00000,3121019,00,11650,0,11650,개인,10600,잠원동,461000.0,2025-03-03
1091,101,블루힐하우스,11650-106,71,1,1999,개인,,,"219,000",12,3,2025,중개거래,서울 서초구,59.85,10,71-1,1,N,25.05.30,잠원로,00085,00000,3121019,01,11650,0,11650,개인,10600,잠원동,219000.0,2025-03-12
1092,101,대성유니드,11650-607,1641,3,2004,개인,,,"182,250",7,3,2025,중개거래,서울 서초구,84.991,4,1641-3,1,N,25.06.13,서초대로64길,00036,00000,4163424,01,11650,0,11650,개인,10800,서초동,182250.0,2025-03-07
1093,105동,서초그랑자이,11650-4969,1757,0,2021,개인,,,"300,000",9,3,2025,중개거래,"서울 강남구, 서울 서초구",59.98,25,1757,1,N,25.08.29,효령로,00391,00000,3121021,00,11650,,11650,개인,10800,서초동,300000.0,2025-03-09
1094,103,브라운스톤방배,11650-630,899,16,2005,개인,,,"209,000",5,3,2025,중개거래,서울 서초구,97.64,11,899-16,1,N,25.07.15,서초대로26길,00019,00000,4163394,01,11650,0,11650,개인,10100,방배동,209000.0,2025-03-05
1095,103,서초롯데캐슬프레지던트,11650-4129,1681,8,2014,개인,,,"260,000",18,3,2025,중개거래,서울 서초구,84.97,22,1681-8,1,N,25.07.15,서초중앙로24길,00057,00000,4163710,01,11650,0,11650,개인,10800,서초동,260000.0,2025-03-18
1096,109,롯데캐슬아르떼,11650-4044,424,28,2013,개인,,,"305,000",12,3,2025,중개거래,서울 서초구,147.7221,2,424-28,1,N,25.07.31,방배천로18길,00011,00000,4163687,01,11650,0,11650,개인,10100,방배동,305000.0,2025-03-12
1097,104동,래미안신반포리오센트,11650-4750,161,0,2019,개인,,,"309,000",7,3,2025,중개거래,서울 서초구,59.95,26,161,1,N,25.09.12,잠원로14길,00032,00000,4163526,00,11650,0,11650,개인,10600,잠원동,309000.0,2025-03-07
1098,103동,래미안신반포팰리스,11650-4439,158,0,2016,개인,,,"399,000",3,3,2025,중개거래,서울 서초구,104.04,3,158,1,N,25.06.20,잠원로8길,00035,00000,4163529,00,11650,0,11650,개인,10600,잠원동,399000.0,2025-03-03
1099,105,롯데캐슬클래식,11650-3300,1312,3,2006,개인,,,"334,500",14,3,2025,중개거래,서울 서초구,133.45,17,1312-3,1,N,25.06.30,서운로,00197,00000,3121016,00,11650,,11650,개인,10800,서초동,334500.0,2025-03-14
1100,B,아크로비스타,11650-724,1685,3,2004,개인,,,"290,000",23,3,2025,중개거래,서울 서초구,138.96,17,1685-3,1,N,25.08.29,서초중앙로,00188,00000,3121024,03,11650,0,11650,개인,10800,서초동,290000.0,2025-03-23
1101,104,동고,11650-480,59,0,1995,개인,,,"115,000",11,3,2025,중개거래,서울 서초구,77.14,13,59,1,N,25.05.07,바우뫼로7길,00029,00000,4163219,01,11650,0,11650,개인,10300,우면동,115000.0,2025-03-11
1102,106,신반포자이,11650-4675,160,0,2018,개인,,,"400,000",6,3,2025,중개거래,서울 서초구,84.92,13,160,1,N,25.07.31,잠원로,00060,00000,3121019,01,11650,0,11650,개인,10600,잠원동,400000.0,2025-03-06
1103,101,방배아크로리버,11650-640,752,36,2004,개인,,,"231,000",21,3,2025,중개거래,서울 서초구,149.225,3,752-36,1,N,25.07.03,방배중앙로,00207,00010,3121011,01,11650,0,11650,개인,10100,방배동,231000.0,2025-03-21
1104,,두산위브,11650-531,76,2,2003,개인,,,"118,000",1,3,2025,중개거래,서울 서초구,46.95,2,76-2,1,N,25.05.28,반포대로,00310,00000,2121003,01,11650,0,11650,개인,10600,잠원동,118000.0,2025-03-01
1105,107,반포리체,11650-3617,30,26,2010,개인,,,"378,000",8,3,2025,중개거래,서울 서초구,84.967,22,30-26,1,N,25.07.17,고무래로,00035,00000,3121001,01,11650,0,11650,개인,10700,반포동,378000.0,2025-03-08
1106,125,래미안퍼스티지,11650-3559,18,1,2009,개인,,,"350,000",4,3,2025,중개거래,서울 서초구,59.96,9,18-1,1,N,26.07.21,반포대로,00275,00000,2121003,02,11650,0,11650,개인,10700,반포동,350000.0,2025-03-04
1107,5,진흥아파트,11650-66,1315,0,1979,개인,,,"330,000",12,3,2025,중개거래,서울 서초구,160.46,14,1315,1,N,25.04.18,서초대로,00385,00000,2121002,02,11650,0,11650,개인,10800,서초동,330000.0,2025-03-12
1108,102,서초현대,11650-46,1648,2,1999,개인,,,"123,000",21,3,2025,중개거래,서울 서초구,53.01,8,1648-2,1,N,25.05.15,사임당로19길,00010,00000,4163315,01,11650,0,11650,개인,10800,서초동,123000.0,2025-03-21
1109,104,롯데캐슬아르떼,11650-4044,424,28,2013,개인,,,"270,000",22,3,2025,중개거래,서울 서초구,84.9321,15,424-28,1,N,25.07.15,방배천로18길,00011,00000,4163687,01,11650,0,11650,개인,10100,방배동,270000.0,2025-03-22
1110,102,반포푸르지오,11650-176,10,0,2000,개인,,,"274,500",4,3,2025,중개거래,서울 서초구,84.82,3,10,1,N,25.07.24,신반포로15길,00004,00000,4163450,01,11650,0,11650,개인,10700,반포동,274500.0,2025-03-04
1111,112,신반포2,11650-117,73,0,1978,개인,,,"345,000",21,3,2025,중개거래,서울 서초구,68.91,4,73,1,N,25.06.25,신반포로23길,00041,00000,4163452,01,11650,0,11650,개인,10600,잠원동,345000.0,2025-03-21
1112,A,서초트라팰리스,11650-3238,1344,13,2005,개인,,,"148,000",8,3,2025,중개거래,서울 서초구,81.76,8,1344-13,1,N,25.06.09,효령로72길,00057,00000,4163657,01,11650,0,11650,개인,10800,서초동,148000.0,2025-03-08
1113,1,urbanplace,11650-4072,1337,3,2014,개인,,,"19,000",18,3,2025,직거래,,20.406,5,1337-3,1,N,25.04.07,효령로77길,00030,00000,4163659,01,11650,0,11650,개인,10800,서초동,19000.0,2025-03-18
1114,113,신반포2,11650-117,73,0,1978,개인,,,"400,000",26,3,2025,중개거래,"경기 안양시 동안구, 서울 서초구",79.42,9,73,1,N,25.05.26,신반포로23길,00041,00000,4163452,01,11650,0,11650,개인,10600,잠원동,400000.0,2025-03-26
1115,103,롯데캐슬아르떼,11650-4044,424,28,2013,개인,,,"269,000",22,3,2025,중개거래,서울 서초구,84.974,3,424-28,1,N,25.06.30,방배천로18길,00011,00000,4163687,01,11650,0,11650,개인,10100,방배동,269000.0,2025-03-22
1116,,두산위브,11650-531,76,2,2003,개인,,,"160,000",2,3,2025,중개거래,서울 서초구,54.74,9,76-2,1,N,25.06.12,반포대로,00310,00000,2121003,01,11650,0,11650,개인,10600,잠원동,160000.0,2025-03-02
1117,207,서초힐스,11650-3821,773,0,2012,개인,,,"154,500",4,3,2025,중개거래,서울 서초구,84.96,9,773,1,N,25.06.10,양재대로2길,00090,00000,4163748,01,11650,0,11650,개인,10300,우면동,154500.0,2025-03-04
1118,15,방배임광3차,11650-342,1010,1,1988,개인,,,"138,700",12,3,2025,중개거래,서울 서초구,65.85,7,1010-1,1,N,25.06.12,방배로2길,00024,00005,4163264,01,11650,0,11650,개인,10100,방배동,138700.0,2025-03-12
1119,,신원아침도시(1434),11650-704,1434,2,2004,개인,,,"146,000",22,3,2025,중개거래,서울 서초구,83.022,5,1434-2,1,N,25.07.08,남부순환로337가길,00051,00009,4163077,01,11650,0,11650,개인,10800,서초동,146000.0,2025-03-22
1120,607,서초네이처힐6단지,11650-3874,737,0,2013,개인,,,"132,000",19,3,2025,중개거래,서울 서초구,59.99,12,737,1,N,25.06.19,태봉로2길,00030,00000,4163582,01,11650,0,11650,개인,10300,우면동,132000.0,2025-03-19
1121,607,서초네이처힐6단지,11650-3874,737,0,2013,개인,,,"130,000",11,3,2025,중개거래,서울 서초구,59.99,13,737,1,N,25.05.28,태봉로2길,00030,00000,4163582,01,11650,0,11650,개인,10300,우면동,130000.0,2025-03-11
1122,5,삼풍아파트,11650-28,1685,0,1988,개인,,,"208,000",6,3,2025,직거래,,79.47,11,1685,1,N,25.07.21,서초중앙로,00200,00000,3121024,03,11650,0,11650,개인,10800,서초동,208000.0,2025-03-06
1123,12,방배임광3차,11650-342,1010,1,1988,개인,,,"123,500",12,3,2025,중개거래,서울 서초구,51.84,5,1010-1,1,N,25.06.26,방배로2길,00024,00006,4163264,01,11650,0,11650,개인,10100,방배동,123500.0,2025-03-12
1124,101,반포리체,11650-3617,30,26,2010,개인,,,"415,000",5,3,2025,중개거래,서울 서초구,106.148,26,30-26,1,N,25.06.10,고무래로,00035,00000,3121001,01,11650,0,11650,개인,10700,반포동,415000.0,2025-03-05
1125,102동,방배아트자이,11650-4706,3278,0,2018,개인,,,"260,000",12,3,2025,중개거래,서울 서초구,84.9383,11,3278,1,N,25.08.11,명달로9길,00057,00000,4163195,00,11650,0,11650,개인,10100,방배동,260000.0,2025-03-12
1126,101동,서초센트럴IPARK,11650-4827,1582,3,2020,개인,,,"164,000",22,3,2025,중개거래,"서울 강남구, 서울 서초구",80.5154,16,1582-3,1,N,25.07.21,반포대로18길,00036,00000,4163228,00,11650,0,11650,개인,10800,서초동,164000.0,2025-03-22
1127,107,신반포2,11650-117,73,0,1978,개인,,,"590,000",19,3,2025,중개거래,서울 서초구,135.97,8,73,1,N,25.06.02,신반포로23길,00041,00000,4163452,01,11650,0,11650,개인,10600,잠원동,590000.0,2025-03-19
1128,101,신원아침도시(1420),11650-3219,1420,18,2005,개인,,,"152,800",13,3,2025,중개거래,"서울 강남구, 서울 서초구",84.34,7,1420-18,1,N,25.07.18,남부순환로337가길,00052,00000,4163077,01,11650,0,11650,개인,10800,서초동,152800.0,2025-03-13
1129,101,서초래미안,11650-523,1682,0,2003,개인,,,"265,000",15,3,2025,중개거래,"경기 과천시, 서울 서초구",111.92,19,1682,1,N,25.06.30,서초대로65길,00013,00010,4163425,01,11650,0,11650,개인,10800,서초동,265000.0,2025-03-15
1130,106,디에이치반포라클라스,11650-4959,1343,0,2021,개인,,,"470,000",10,3,2025,중개거래,서울 서초구,115.943,9,1343,1,N,25.07.31,서초중앙로,00206,00000,3121024,00,11650,,11650,개인,10700,반포동,470000.0,2025-03-10
1131,403,호반써밋서초파크,11650-3974,788,0,2013,개인,,,"128,000",1,3,2025,중개거래,"경기 과천시, 서울 서초구",59.93,13,788,1,N,25.06.30,양재대로2길,00033,00000,4163748,01,11650,0,11650,개인,10300,우면동,128000.0,2025-03-01
1132,SK리더스뷰B동,SK리더스뷰(파스텔시티),11650-3325,444,3,2006,개인,,,"163,000",7,3,2025,중개거래,서울 서초구,84.8,17,444-3,1,N,25.06.04,방배천로,00011,00000,3121012,01,11650,0,11650,개인,10100,방배동,163000.0,2025-03-07
1133,,방배대우디오빌,11650-3191,866,20,2005,개인,,,"29,000",11,3,2025,중개거래,서울 서초구,29.6,21,866-20,1,N,25.04.09,서초대로,00017,00000,2121002,01,11650,0,11650,개인,10100,방배동,29000.0,2025-03-11
1134,106동,래미안신반포팰리스,11650-4439,158,0,2016,개인,,,"380,000",17,3,2025,중개거래,서울 서초구,84.49,34,158,1,N,25.08.29,잠원로8길,00035,00000,4163529,00,11650,0,11650,개인,10600,잠원동,380000.0,2025-03-17
1135,,반포자이,11650-3500,20,43,2009,개인,25.06.13,O,"660,000",5,3,2025,중개거래,서울 서초구,216.49,16,20-43,1,N,,신반포로,00270,00000,3121017,02,11650,0,11650,개인,10700,반포동,660000.0,2025-03-05
1136,101,동부센트레빌,11650-659,3275,0,2004,개인,,,"290,000",17,3,2025,중개거래,서울 서초구,134.04,13,3275,1,N,25.07.29,방배로,00278,00000,3121010,01,11650,0,11650,개인,10100,방배동,290000.0,2025-03-17
1137,128,래미안퍼스티지,11650-3559,18,1,2009,개인,,,"410,000",6,3,2025,중개거래,서울 서초구,84.93,4,18-1,1,N,25.08.28,반포대로,00275,00000,2121003,02,11650,0,11650,개인,10700,반포동,410000.0,2025-03-06
1138,204,서초힐스,11650-3821,773,0,2012,개인,,,"138,000",23,3,2025,중개거래,서울 서초구,59.97,10,773,1,N,25.06.25,양재대로2길,00090,00000,4163748,01,11650,0,11650,개인,10300,우면동,138000.0,2025-03-23
1139,202,서초푸르지오써밋,11650-4550,1311,10,2017,개인,,,"385,000",16,3,2025,중개거래,서울 서초구,120.86,18,1311-10,1,N,25.06.05,서운로,00212,00000,3121016,01,11650,0,11650,개인,10800,서초동,385000.0,2025-03-16
1140,501,우성아파트,11650-60,1326,17,1998,개인,,,"215,000",23,3,2025,중개거래,서울 서초구,76.67,10,1326-17,1,N,25.07.10,서초대로74길,00030,00000,4163433,01,11650,0,11650,개인,10800,서초동,215000.0,2025-03-23
1141,204,서초힐스,11650-3821,773,0,2012,개인,,,"135,000",1,3,2025,중개거래,서울 서초구,59.97,5,773,1,N,25.06.10,양재대로2길,00090,00000,4163748,01,11650,0,11650,개인,10300,우면동,135000.0,2025-03-01
1142,109,래미안방배아트힐(1008-2),11650-658,1008,2,2004,개인,,,"240,000",7,3,2025,중개거래,서울 서초구,127.61,17,1008-2,1,N,25.06.05,남부순환로,02311,00012,2000003,01,11650,0,11650,개인,10100,방배동,240000.0,2025-03-07
1143,,서초그랑자이,11650-4969,1757,0,2021,개인,25.06.23,O,"450,000",14,3,2025,중개거래,서울 서초구,119.41,17,1757,1,N,,효령로,00391,00000,3121021,00,11650,,11650,개인,10800,서초동,450000.0,2025-03-14
1144,404,호반써밋서초파크,11650-3974,788,0,2013,개인,,,"109,000",6,3,2025,중개거래,서울 서초구,51.89,14,788,1,N,25.05.30,양재대로2길,00033,00000,4163748,01,11650,0,11650,개인,10300,우면동,109000.0,2025-03-06
1145,106동,래미안 리더스원,11650-4887,1755,0,2020,개인,,,"337,500",8,3,2025,중개거래,서울 서초구,84.94,23,1755,1,N,25.07.09,서운로,00062,00000,3121016,00,11650,,11650,개인,10800,서초동,337500.0,2025-03-08
1146,1,아남,11650-54,1641,13,1989,개인,,,"162,800",21,3,2025,중개거래,서울 서초구,71.1,3,1641-13,1,N,25.05.28,사임당로23길,00053,00000,4163318,01,11650,0,11650,개인,10800,서초동,162800.0,2025-03-21
1147,2,훼미리,11650-154,51,0,1992,개인,,,"235,000",15,3,2025,중개거래,서울 서초구,84.9,11,51,1,N,25.06.26,잠원로,00202,00011,3121019,01,11650,0,11650,개인,10600,잠원동,235000.0,2025-03-15
1148,101,신반포청구,11650-141,63,2,1998,개인,,,"261,000",8,3,2025,중개거래,서울 서초구,84.86,2,63-2,1,N,25.08.13,신반포로33길,00066,00000,4163453,01,11650,0,11650,개인,10600,잠원동,261000.0,2025-03-08
1149,105,방배그랑자이,11650-4970,3283,0,2021,개인,,,"305,000",17,3,2025,중개거래,서울 서초구,84.972,15,3283,1,N,25.05.15,방배로,00021,00000,3121010,00,11650,0,11650,개인,10100,방배동,305000.0,2025-03-17
1150,205,래미안서초에스티지S,11650-4622,1754,0,2018,개인,,,"430,000",18,3,2025,중개거래,서울 서초구,134.27,3,1754,1,N,25.06.24,서운로,00104,00000,3121016,01,11650,0,11650,개인,10800,서초동,430000.0,2025-03-18
1151,,새티스(402-10),11650-679,402,10,2001,개인,,,"65,700",21,3,2025,중개거래,서울 서초구,56.34,7,402-10,1,N,25.06.12,논현로1길,00033,00000,4163096,01,11650,0,11650,개인,10200,양재동,65700.0,2025-03-21
1152,102동,방배 서리풀 그랑블,11650-4769,3279,0,2019,개인,,,"185,000",21,3,2025,중개거래,서울 서초구,84.9948,2,3279,1,N,25.05.26,서초대로34가길,00052,00000,4163402,00,11650,0,11650,개인,10100,방배동,185000.0,2025-03-21
1153,103동,래미안서초에스티지,11650-4470,1332,13,2016,개인,,,"330,000",21,3,2025,중개거래,서울 서초구,101.55,13,1332-13,1,N,25.07.30,서운로,00107,00000,3121016,00,11650,0,11650,개인,10800,서초동,330000.0,2025-03-21
1154,310,서초네이처힐3단지,11650-3864,717,0,2013,개인,,,"193,500",5,3,2025,중개거래,서울 서초구,114.79,11,717,1,N,25.04.18,태봉로2길,00060,00000,4163582,01,11650,0,11650,개인,10300,우면동,193500.0,2025-03-05
1155,103,서초롯데캐슬프레지던트,11650-4129,1681,8,2014,개인,,,"265,000",15,3,2025,중개거래,서울 서초구,84.97,5,1681-8,1,N,25.06.30,서초중앙로24길,00057,00000,4163710,01,11650,0,11650,개인,10800,서초동,265000.0,2025-03-15
1156,101,서초삼성래미안,11650-24,1641,1,2001,개인,,,"193,000",15,3,2025,중개거래,서울 서초구,84.97,4,1641-1,1,N,25.07.21,사임당로17길,00116,00000,4163313,01,11650,0,11650,개인,10800,서초동,193000.0,2025-03-15
1157,312,서초네이처힐3단지,11650-3864,717,0,2013,개인,,,"195,000",5,3,2025,중개거래,"서울 강남구, 서울 서초구",114.79,13,717,1,N,25.06.27,태봉로2길,00060,00000,4163582,01,11650,0,11650,개인,10300,우면동,195000.0,2025-03-05
1158,104동,래미안서초에스티지,11650-4470,1332,13,2016,개인,,,"306,000",23,3,2025,중개거래,서울 서초구,83.6,11,1332-13,1,N,25.06.30,서운로,00107,00000,3121016,00,11650,0,11650,개인,10800,서초동,306000.0,2025-03-23
1159,3,한신,11650-145,56,3,1992,개인,,,"280,000",1,3,2025,중개거래,서울 서초구,84.52,3,56-3,1,N,25.06.05,잠원로,00150,00000,3121019,01,11650,0,11650,개인,10600,잠원동,280000.0,2025-03-01
1160,302,반포미도,11650-172,60,4,1987,개인,,,"322,000",5,3,2025,중개거래,"서울 서초구, 서울 송파구",84.96,13,60-4,1,N,25.05.30,서초중앙로29길,00028,00000,4163713,01,11650,0,11650,개인,10700,반포동,322000.0,2025-03-05
1161,103,방배아크로리버,11650-640,752,36,2004,개인,,,"234,000",22,3,2025,중개거래,서울 서초구,149.225,12,752-36,1,N,25.06.16,방배중앙로,00207,00010,3121011,01,11650,0,11650,개인,10100,방배동,234000.0,2025-03-22
1162,2,임광,11650-341,1015,0,1985,개인,,,"199,700",15,3,2025,중개거래,서울 서초구,84.78,6,1015,1,N,25.06.13,방배로,00014,00000,3121010,01,11650,0,11650,개인,10100,방배동,199700.0,2025-03-15
1163,102,롯데캐슬아르떼,11650-4044,424,28,2013,개인,,,"245,000",18,3,2025,중개거래,"서울 강남구, 서울 서초구",59.9742,9,424-28,1,N,25.06.27,방배천로18길,00011,00000,4163687,01,11650,0,11650,개인,10100,방배동,245000.0,2025-03-18
1164,,잠원현대훼밀리,11650-138,59,3,1997,개인,,,"240,000",21,3,2025,중개거래,서울 서초구,84.52,11,59-3,1,N,25.06.30,신반포로,00261,00000,3121017,01,11650,0,11650,개인,10600,잠원동,240000.0,2025-03-21
1165,,미주파스텔,11650-103,54,0,2002,개인,25.04.17,O,"190,500",19,3,2025,중개거래,"서울 강북구, 서울 서초구",59.57,14,54,1,N,,잠원로,00166,00004,3121019,01,11650,0,11650,개인,10600,잠원동,190500.0,2025-03-19
1166,122,반포자이,11650-3500,20,43,2009,개인,,,"590,000",2,3,2025,중개거래,서울 서초구,165.446,15,20-43,1,N,25.07.17,신반포로,00270,00000,3121017,02,11650,0,11650,개인,10700,반포동,590000.0,2025-03-02
1167,103,방배롯데캐슬로제,11650-3548,849,30,2009,개인,,,"370,000",23,3,2025,중개거래,서울 서초구,172.27,6,849-30,1,N,25.07.25,방배로26길,00041,00000,4163261,01,11650,0,11650,개인,10100,방배동,370000.0,2025-03-23
1168,101,우솔마을서초리슈빌S아파트,11650-4065,764,0,2014,개인,,,"32,500",15,3,2025,중개거래,서울 서초구,30.89,6,764,1,N,25.05.20,양재대로2길,00100,00011,4163748,01,11650,0,11650,개인,10300,우면동,32500.0,2025-03-15
1169,101,방배아크로리버,11650-640,752,36,2004,개인,,,"235,000",6,3,2025,중개거래,"서울 마포구, 서울 서초구",149.225,21,752-36,1,N,25.06.05,방배중앙로,00207,00010,3121011,01,11650,0,11650,개인,10100,방배동,235000.0,2025-03-06
1170,404,호반써밋서초파크,11650-3974,788,0,2013,개인,,,"107,700",15,3,2025,중개거래,서울 서초구,51.89,13,788,1,N,25.07.02,양재대로2길,00033,00000,4163748,01,11650,0,11650,개인,10300,우면동,107700.0,2025-03-15
1171,101,우솔마을서초리슈빌S아파트,11650-4065,764,0,2014,개인,,,"38,900",15,3,2025,중개거래,서울 서초구,35.431,6,764,1,N,25.05.02,양재대로2길,00100,00011,4163748,01,11650,0,11650,개인,10300,우면동,38900.0,2025-03-15
1172,2,삼호1동~3동,11650-309,770,1,1975,개인,,,"180,000",1,3,2025,중개거래,서울 서초구,81.39,5,770-1,1,N,25.06.19,방배로43길,00021,00000,4163277,01,11650,0,11650,개인,10100,방배동,180000.0,2025-03-01
1173,101,롯데캐슬헤론,11650-3317,754,1,2006,개인,,,"229,000",23,3,2025,중개거래,서울 서초구,169.08,28,754-1,1,N,25.07.23,동광로1길,00112,00000,4163119,01,11650,0,11650,개인,10100,방배동,229000.0,2025-03-23
1174,105,현대멤피스,11650-373,772,13,2001,개인,,,"265,000",11,3,2025,중개거래,서울 서초구,158.82,10,772-13,1,N,25.07.25,방배로,00249,00000,3121010,01,11650,0,11650,개인,10100,방배동,265000.0,2025-03-11
1175,103,서초푸르지오써밋,11650-4550,1311,10,2017,개인,,,"297,500",8,3,2025,중개거래,서울 서초구,74.96,7,1311-10,1,N,25.09.01,서운로,00201,00000,3121016,01,11650,0,11650,개인,10800,서초동,297500.0,2025-03-08
1176,105,반포리체,11650-3617,30,26,2010,개인,,,"415,000",6,3,2025,중개거래,서울 서초구,106.148,22,30-26,1,N,25.09.23,고무래로,00035,00000,3121001,01,11650,0,11650,개인,10700,반포동,415000.0,2025-03-06
1177,102,방배래미안타워,11650-759,485,3,2005,개인,,,"210,000",18,3,2025,중개거래,서울 서초구,134.36,19,485-3,1,N,25.05.20,남부순환로,02183,00000,2000003,01,11650,0,11650,개인,10100,방배동,210000.0,2025-03-18
1178,,서초아트래디앙,11650-5111,1582,16,2023,개인,,,"147,500",20,3,2025,직거래,,48.5,13,1582-16,1,N,25.06.24,반포대로18길,00013,00003,4163228,00,11650,0,11650,법인,10800,서초동,147500.0,2025-03-20
1179,,서초아트래디앙,11650-5111,1582,16,2023,개인,,,"147,500",14,3,2025,직거래,,56.92,9,1582-16,1,N,25.04.11,반포대로18길,00013,00003,4163228,00,11650,0,11650,법인,10800,서초동,147500.0,2025-03-14
1180,102,서리풀e편한세상,11650-3573,906,13,2010,개인,,,"254,000",14,3,2025,중개거래,서울 서초구,84.97,1,906-13,1,N,25.06.02,효령로33길,00050,00000,4163633,01,11650,0,11650,개인,10100,방배동,254000.0,2025-03-14
1181,101,킴스빌리지,11650-142,71,12,1996,개인,,,"134,000",3,3,2025,중개거래,서울 서초구,37.38,15,71-12,1,N,25.07.03,잠원로3길,00006,00000,4163527,01,11650,0,11650,개인,10600,잠원동,134000.0,2025-03-03
1182,122,래미안퍼스티지,11650-3559,18,1,2009,개인,,,"839,900",23,3,2025,중개거래,서울 서초구,222.76,21,18-1,1,N,26.02.06,반포대로,00275,00000,2121003,02,11650,0,11650,개인,10700,반포동,839900.0,2025-03-23
1183,103,반포힐스테이트,11650-3687,16,6,2012,개인,,,"525,000",23,3,2025,중개거래,"서울 강남구, 서울 서초구",155.95,21,16-6,1,N,25.08.29,신반포로16길,00015,00020,4163754,01,11650,0,11650,개인,10700,반포동,525000.0,2025-03-23
1184,110동,래미안 리더스원,11650-4887,1755,0,2020,개인,,,"285,000",8,3,2025,중개거래,서울 서초구,59.97,21,1755,1,N,25.06.30,서운로,00062,00000,3121016,00,11650,,11650,개인,10800,서초동,285000.0,2025-03-08
1185,2,한강,11650-144,49,8,1989,개인,,,"300,000",23,3,2025,중개거래,서울 서초구,84.53,4,49-8,1,N,25.07.30,잠원로,00213,00010,3121019,01,11650,0,11650,개인,10600,잠원동,300000.0,2025-03-23
1186,20,현대아파트,11650-85,1346,0,1989,개인,,,"200,000",22,3,2025,중개거래,서울 서초구,84.33,11,1346,1,N,25.06.23,효령로68길,00013,00000,4163654,00,11650,,11650,개인,10800,서초동,200000.0,2025-03-22
1187,403,호반써밋서초파크,11650-3974,788,0,2013,개인,,,"124,900",5,3,2025,중개거래,서울 서초구,59.93,21,788,1,N,25.05.30,양재대로2길,00033,00000,4163748,01,11650,0,11650,개인,10300,우면동,124900.0,2025-03-05
1188,405,서초네이처힐4단지,11650-3704,720,0,2011,개인,,,"158,000",17,3,2025,중개거래,서울 서초구,84.61,10,720,1,N,25.06.30,태봉로2길,00065,00000,4163582,01,11650,0,11650,개인,10300,우면동,158000.0,2025-03-17
1189,,한신그린,11650-146,65,8,1993,개인,,,"270,000",6,3,2025,중개거래,서울 서초구,84.89,12,65-8,1,N,25.06.30,신반포로33길,00071,00000,4163453,01,11650,0,11650,개인,10600,잠원동,270000.0,2025-03-06
1190,102,힐스테이트서초젠트리스,11650-4103,557,0,2014,개인,,,"166,500",15,3,2025,중개거래,서울 서초구,84.99,3,557,1,N,25.06.04,헌릉로8길,00010,00012,4163749,01,11650,0,11650,개인,11100,신원동,166500.0,2025-03-15
1191,,반포써밋,11650-4703,1342,0,2018,개인,25.07.31,O,"392,000",6,3,2025,중개거래,서울 서초구,106.511,2,1342,1,N,,고무래로,00089,00000,3121001,00,11650,0,11650,개인,10700,반포동,392000.0,2025-03-06
1192,6,삼호2,11650-310,758,4,1976,개인,,,"252,000",22,3,2025,중개거래,서울 서초구,131.41,8,758-4,1,N,25.07.17,방배로43길,00002,00000,4163277,01,11650,0,11650,개인,10100,방배동,252000.0,2025-03-22
1193,105,동고,11650-480,59,0,1995,개인,,,"128,000",1,3,2025,중개거래,서울 서초구,84.96,2,59,1,N,25.06.27,바우뫼로7길,00029,00000,4163219,01,11650,0,11650,개인,10300,우면동,128000.0,2025-03-01
1194,208,서초힐스,11650-3821,773,0,2012,개인,,,"155,000",14,3,2025,중개거래,서울 서초구,84.96,3,773,1,N,25.06.02,양재대로2길,00090,00000,4163748,01,11650,0,11650,개인,10300,우면동,155000.0,2025-03-14
1195,116,서초더샵포레,11650-4063,411,0,2014,개인,,,"126,000",21,3,2025,중개거래,서울 서초구,84.81,7,411,1,N,25.04.11,헌릉로8길,00058,00000,4163749,02,11650,0,11650,개인,10900,내곡동,126000.0,2025-03-21
1196,102,삼성래미안1,11650-503,2626,0,2003,개인,,,"181,000",15,3,2025,중개거래,서울 서초구,114.94,6,2626,1,N,25.07.04,방배선행길,00002,00000,4163671,01,11650,0,11650,개인,10100,방배동,181000.0,2025-03-15
1197,2,강변,11650-97,53,15,1987,개인,,,"275,000",19,3,2025,중개거래,서울 서초구,84.53,8,53-15,1,N,25.06.20,잠원로,00166,00017,3121019,01,11650,0,11650,개인,10600,잠원동,275000.0,2025-03-19
1198,케이티파라곤,서초파라곤,11650-3235,1327,29,2005,개인,,,"120,000",21,3,2025,중개거래,"서울 강남구, 서울 서초구",84.98,12,1327-29,1,N,25.06.16,서초대로74길,00029,00000,4163433,01,11650,0,11650,개인,10800,서초동,120000.0,2025-03-21
1199,402,호반써밋서초파크,11650-3974,788,0,2013,개인,,,"140,000",4,3,2025,중개거래,서울 서초구,74.97,18,788,1,N,25.05.30,양재대로2길,00033,00000,4163748,01,11650,0,11650,개인,10300,우면동,140000.0,2025-03-04
1200,101,래미안서초스위트,11650-3515,1301,6,2009,개인,,,"237,000",11,3,2025,중개거래,서울 서초구,59.9958,31,1301-6,1,N,25.06.10,서운로,00221,00000,3121016,01,11650,0,11650,개인,10800,서초동,237000.0,2025-03-11
1201,105,서초래미안,11650-523,1682,0,2003,개인,,,"243,000",2,3,2025,중개거래,서울 서초구,84.95,18,1682,1,N,25.07.11,서초대로65길,00013,00010,4163425,01,11650,0,11650,개인,10800,서초동,243000.0,2025-03-02
1202,102,삼성래미안1,11650-503,2626,0,2003,개인,,,"167,000",11,3,2025,중개거래,서울 서초구,114.94,1,2626,1,N,25.05.23,방배선행길,00002,00000,4163671,01,11650,0,11650,개인,10100,방배동,167000.0,2025-03-11
1203,,멤버스카운티601,11650-835,801,7,2005,개인,,,"150,000",21,3,2025,중개거래,충남 천안시 동남구,107.62,2,801-7,1,N,25.05.30,동광로28길,00023,00000,4163123,01,11650,0,11650,개인,10100,방배동,150000.0,2025-03-21
1204,,트라움하우스2,11650-72,1495,2,1996,개인,,,"360,000",11,3,2025,중개거래,서울 서초구,266.52,8,1495-2,1,N,25.06.04,명달로17길,00032,00000,4163185,01,11650,0,11650,개인,10800,서초동,360000.0,2025-03-11
1205,203,서초포레스타2단지,11650-4156,384,0,2015,개인,,,"129,500",16,3,2025,중개거래,서울 서초구,59.09,18,384,1,N,25.07.04,헌릉로8길,00045,00000,4163749,02,11650,0,11650,개인,10900,내곡동,129500.0,2025-03-16
1206,112,서초래미안,11650-523,1682,0,2003,개인,,,"240,000",10,3,2025,중개거래,서울 서초구,84.95,2,1682,1,N,25.05.19,서초대로65길,00013,00010,4163425,01,11650,0,11650,개인,10800,서초동,240000.0,2025-03-10
1207,2,한강,11650-144,49,8,1989,개인,,,"320,000",21,3,2025,중개거래,서울 서초구,84.53,11,49-8,1,N,25.10.01,잠원로,00213,00010,3121019,01,11650,0,11650,개인,10600,잠원동,320000.0,2025-03-21
1208,104,삼성래미안1,11650-503,2626,0,2003,개인,,,"150,000",14,3,2025,중개거래,서울 서초구,59.9,3,2626,1,N,25.06.27,방배선행길,00002,00000,4163671,01,11650,0,11650,개인,10100,방배동,150000.0,2025-03-14
1209,힐스테이트 서리풀 101동,"마제스타시티(힐스테이트서리풀101,102동)",11650-4516,1498,5,2017,개인,,,"142,000",22,3,2025,중개거래,서울 강남구,59.97,12,1498-5,1,N,25.06.18,서초대로38길,00012,00000,4163404,01,11650,0,11650,개인,10800,서초동,142000.0,2025-03-22
1210,124,래미안퍼스티지,11650-3559,18,1,2009,개인,,,"745,000",14,3,2025,중개거래,서울 서초구,198.04,2,18-1,1,N,25.08.07,반포대로,00275,00000,2121003,02,11650,0,11650,개인,10700,반포동,745000.0,2025-03-14
1211,101,브라운스톤방배,11650-630,899,16,2005,개인,,,"193,000",15,3,2025,중개거래,서울 서초구,84.98,8,899-16,1,N,25.07.21,서초대로26길,00019,00000,4163394,01,11650,0,11650,개인,10100,방배동,193000.0,2025-03-15
1212,104동,서초그랑자이,11650-4969,1757,0,2021,개인,,,"395,000",6,3,2025,중개거래,서울 서초구,100.31,25,1757,1,N,25.05.30,효령로,00391,00000,3121021,00,11650,,11650,개인,10800,서초동,395000.0,2025-03-06
1213,4,강변,11650-97,53,15,1987,개인,,,"249,000",23,3,2025,중개거래,서울 서초구,66.29,6,53-15,1,N,25.05.02,잠원로,00166,00017,3121019,01,11650,0,11650,개인,10600,잠원동,249000.0,2025-03-23
1214,124,래미안퍼스티지,11650-3559,18,1,2009,개인,,,"780,000",17,3,2025,중개거래,서울 서초구,222.15,24,18-1,1,N,25.05.27,반포대로,00275,00000,2121003,02,11650,0,11650,개인,10700,반포동,780000.0,2025-03-17
1215,1,연우,11650-4139,1487,115,2015,개인,,,"110,000",12,3,2025,중개거래,서울 서초구,80.5,7,1487-115,1,N,25.04.15,명달로8길,00008,00000,4163194,00,11650,0,11650,개인,10800,서초동,110000.0,2025-03-12
1216,,잠원현대훼밀리,11650-138,59,3,1997,개인,,,"196,000",2,3,2025,중개거래,서울 서초구,84.52,1,59-3,1,N,25.08.08,신반포로,00261,00000,3121017,01,11650,0,11650,개인,10600,잠원동,196000.0,2025-03-02
1217,105,래미안방배아트힐(1008-2),11650-658,1008,2,2004,개인,,,"275,000",15,3,2025,중개거래,서울 서초구,174.5,19,1008-2,1,N,25.08.19,남부순환로,02311,00012,2000003,01,11650,0,11650,개인,10100,방배동,275000.0,2025-03-15
1218,110,우성,11650-440,154,2,1991,개인,,,"152,000",20,3,2025,중개거래,"서울 강남구, 서울 서초구",73.15,8,154-2,1,N,25.07.08,바우뫼로,00091,00000,3121009,01,11650,0,11650,개인,10200,양재동,152000.0,2025-03-20
1219,107,반포센트럴자이,11650-4805,162,0,2020,개인,,,"560,000",6,3,2025,중개거래,서울 서초구,114.96,25,162,1,N,25.08.20,반포대로,00310,00006,2121003,01,11650,0,11650,개인,10600,잠원동,560000.0,2025-03-06
1220,101,현대동궁아파트,11650-236,64,5,1991,개인,,,"200,000",20,3,2025,중개거래,서울 서초구,82.35,5,64-5,1,N,25.05.30,사평대로,00154,00000,2121001,02,11650,0,11650,개인,10700,반포동,200000.0,2025-03-20
1221,13,방배임광3차,11650-342,1010,1,1988,개인,,,"185,000",20,3,2025,중개거래,서울 서초구,79.8,8,1010-1,1,N,25.07.08,방배로2길,00024,00005,4163264,01,11650,0,11650,개인,10100,방배동,185000.0,2025-03-20
1222,8,삼풍아파트,11650-28,1685,0,1988,개인,,,"315,000",18,3,2025,중개거래,"서울 강남구, 서울 서초구",79.47,10,1685,1,N,25.07.31,서초중앙로,00200,00000,3121024,03,11650,0,11650,개인,10800,서초동,315000.0,2025-03-18
1223,,서초동삼성쉐르빌2,11650-608,1330,0,2002,개인,,,"27,000",21,3,2025,중개거래,서울 서초구,35.22,13,1330,1,N,25.04.30,강남대로53길,00011,00000,4163026,01,11650,0,11650,개인,10800,서초동,27000.0,2025-03-21
1224,110,서초네이처힐1단지,11650-3863,707,0,2012,개인,,,"153,000",5,3,2025,중개거래,서울 서초구,84.82,5,707,1,N,25.04.30,형촌길,00035,00000,4163604,01,11650,0,11650,개인,10300,우면동,153000.0,2025-03-05
1225,311,서초네이처힐3단지,11650-3864,717,0,2013,개인,,,"158,000",11,3,2025,중개거래,서울 서초구,84.84,14,717,1,N,25.07.30,태봉로2길,00060,00000,4163582,01,11650,0,11650,개인,10300,우면동,158000.0,2025-03-11
1226,5,한강,11650-144,49,8,1989,개인,,,"297,500",21,3,2025,중개거래,서울 서초구,84.53,9,49-8,1,N,25.07.31,잠원로,00213,00010,3121019,01,11650,0,11650,개인,10600,잠원동,297500.0,2025-03-21
1227,102,한신휴플러스,11650-3289,3000,1,2006,개인,,,"165,000",3,3,2025,중개거래,서울 서초구,84.61,21,3000-1,1,N,25.07.30,동작대로,00112,00000,2005009,01,11650,0,11650,개인,10100,방배동,165000.0,2025-03-03
1228,127,반포자이,11650-3500,20,43,2009,개인,,,"635,000",20,3,2025,중개거래,서울 서초구,194.515,11,20-43,1,N,25.05.27,신반포로,00270,00000,3121017,02,11650,0,11650,개인,10700,반포동,635000.0,2025-03-20
1229,103,방배그랑자이,11650-4970,3283,0,2021,개인,,,"310,000",4,3,2025,중개거래,서울 서초구,84.9712,9,3283,1,N,25.08.29,방배로,00021,00000,3121010,00,11650,0,11650,개인,10100,방배동,310000.0,2025-03-04
1230,,래미안서초에스티지S,11650-4622,1754,0,2018,개인,26.03.26,O,"260,000",11,3,2025,직거래,,111.01,11,1754,1,N,,서운로,00104,00000,3121016,01,11650,0,11650,개인,10800,서초동,260000.0,2025-03-11
1231,102,방배아크로리버,11650-640,752,36,2004,개인,,,"244,000",5,3,2025,중개거래,서울 서초구,149.225,10,752-36,1,N,25.06.30,방배중앙로,00207,00010,3121011,01,11650,0,11650,개인,10100,방배동,244000.0,2025-03-05
1232,103,삼성래미안1,11650-503,2626,0,2003,개인,,,"150,000",8,3,2025,중개거래,서울 서초구,84.91,1,2626,1,N,25.07.30,방배선행길,00002,00000,4163671,01,11650,0,11650,개인,10100,방배동,150000.0,2025-03-08
1233,105,삼환나띠르빌(1002-11),11650-487,1002,11,2003,개인,,,"141,000",13,3,2025,중개거래,서울 서초구,92.93,2,1002-11,1,N,25.06.02,명달로,00033,00000,3121008,01,11650,0,11650,개인,10100,방배동,141000.0,2025-03-13
1234,307,서초네이처힐3단지,11650-3864,717,0,2013,개인,,,"120,000",21,3,2025,직거래,,84.77,4,717,1,N,25.09.16,태봉로2길,00060,00000,4163582,01,11650,0,11650,개인,10300,우면동,120000.0,2025-03-21
1235,,서초대림빌라트,11650-755,1518,6,2004,개인,,,"181,000",19,3,2025,직거래,,206.27,5,1518-6,1,N,25.04.17,명달로16길,00017,00004,4163184,01,11650,0,11650,개인,10800,서초동,181000.0,2025-03-19
1236,119,신반포16,11650-113,55,12,1983,개인,,,"220,000",2,3,2025,중개거래,서울 서초구,52.32,2,55-12,1,N,25.07.11,잠원로,00157,00000,3121019,01,11650,0,11650,개인,10600,잠원동,220000.0,2025-03-02
1237,,월드빌라트(999),11650-336,999,0,1994,개인,,,"180,000",20,3,2025,직거래,,261.49,2,999,1,N,25.06.19,명달로,00005,00103,3121008,01,11650,0,11650,개인,10100,방배동,180000.0,2025-03-20
1238,102,방배래미안타워,11650-759,485,3,2005,개인,,,"192,700",7,3,2025,직거래,,134.96,1,485-3,1,N,25.05.02,남부순환로,02183,00000,2000003,01,11650,0,11650,개인,10100,방배동,192700.0,2025-03-07
1239,서초로즈힐,서초로즈힐,11650-772,1527,10,2005,개인,,,"142,500",8,3,2025,중개거래,서울 서초구,116.21,2,1527-10,1,N,25.07.15,효령로45길,00015,00000,4163639,01,11650,0,11650,개인,10800,서초동,142500.0,2025-03-08
1240,120,반포자이,11650-3500,20,43,2009,개인,,,"620,000",15,3,2025,중개거래,서울 서초구,165.446,18,20-43,1,N,25.08.13,신반포로,00270,00000,3121017,02,11650,0,11650,개인,10700,반포동,620000.0,2025-03-15
1241,122,반포자이,11650-3500,20,43,2009,개인,,,"590,000",13,3,2025,중개거래,"경기 성남시 분당구, 서울 서초구",165.446,4,20-43,1,N,25.07.22,신반포로,00270,00000,3121017,02,11650,0,11650,개인,10700,반포동,590000.0,2025-03-13
1242,115,래미안퍼스티지,11650-3559,18,1,2009,개인,,,"665,000",8,3,2025,중개거래,"서울 강남구, 서울 서초구",135.92,20,18-1,1,N,25.07.15,반포대로,00275,00000,2121003,02,11650,0,11650,개인,10700,반포동,665000.0,2025-03-08
1243,24,삼풍아파트,11650-28,1685,0,1988,개인,,,"390,000",4,3,2025,중개거래,서울 서초구,130.23,4,1685,1,N,25.07.29,서초중앙로,00200,00000,3121024,03,11650,0,11650,개인,10800,서초동,390000.0,2025-03-04
1244,101,킴스빌리지,11650-142,71,12,1996,개인,,,"105,000",10,3,2025,중개거래,서울 서초구,30.18,7,71-12,1,N,25.06.19,잠원로3길,00006,00000,4163527,01,11650,0,11650,개인,10600,잠원동,105000.0,2025-03-10
1245,8,삼풍아파트,11650-28,1685,0,1988,개인,,,"295,000",8,3,2025,중개거래,서울 서초구,79.47,9,1685,1,N,25.06.26,서초중앙로,00200,00000,3121024,03,11650,0,11650,개인,10800,서초동,295000.0,2025-03-08
1246,14,삼풍아파트,11650-28,1685,0,1988,개인,,,"378,000",9,3,2025,중개거래,서울 서초구,130.73,2,1685,1,N,25.07.08,서초중앙로,00200,00000,3121024,03,11650,0,11650,개인,10800,서초동,378000.0,2025-03-09
1247,126,래미안퍼스티지,11650-3559,18,1,2009,개인,,,"340,000",18,3,2025,중개거래,서울 서초구,59.98,7,18-1,1,N,25.07.31,반포대로,00275,00000,2121003,02,11650,0,11650,개인,10700,반포동,340000.0,2025-03-18
1248,101,방배그랑자이,11650-4970,3283,0,2021,개인,,,"300,000",8,3,2025,중개거래,서울 서초구,84.9386,13,3283,1,N,25.07.25,방배로,00021,00000,3121010,00,11650,0,11650,개인,10100,방배동,300000.0,2025-03-08
1249,308,반포미도,11650-172,60,4,1987,개인,,,"250,000",19,3,2025,직거래,,84.96,3,60-4,1,N,25.04.03,서초중앙로29길,00028,00000,4163713,01,11650,0,11650,개인,10700,반포동,250000.0,2025-03-19
1250,101,반포자이,11650-3500,20,43,2009,개인,,,"440,000",1,3,2025,중개거래,서울 서초구,84.943,24,20-43,1,N,25.05.26,신반포로,00270,00000,3121017,02,11650,0,11650,개인,10700,반포동,440000.0,2025-03-01
1251,117,서초더샵포레,11650-4063,411,0,2014,개인,,,"145,000",8,3,2025,중개거래,서울 서초구,84.3,3,411,1,N,25.08.05,헌릉로8길,00058,00000,4163749,02,11650,0,11650,개인,10900,내곡동,145000.0,2025-03-08
1252,101,서초더샵포레,11650-4063,411,0,2014,개인,,,"129,500",7,3,2025,중개거래,서울 서초구,59.94,17,411,1,N,25.05.14,헌릉로8길,00058,00000,4163749,02,11650,0,11650,개인,10900,내곡동,129500.0,2025-03-07
1253,101,신반포청구,11650-141,63,2,1998,개인,,,"280,000",8,3,2025,중개거래,서울 서초구,84.86,4,63-2,1,N,25.06.10,신반포로33길,00066,00000,4163453,01,11650,0,11650,개인,10600,잠원동,280000.0,2025-03-08
1254,101,서초4현대,11650-30,1684,0,2000,개인,,,"154,000",20,3,2025,직거래,,84.95,4,1684,1,N,25.03.21,고무래로,00094,00000,3121001,02,11650,0,11650,개인,10800,서초동,154000.0,2025-03-20
1255,101,래미안서초스위트,11650-3515,1301,6,2009,개인,,,"145,000",4,3,2025,직거래,,59.9958,25,1301-6,1,N,25.03.26,서운로,00221,00000,3121016,01,11650,0,11650,개인,10800,서초동,145000.0,2025-03-04
1256,113,반포자이,11650-3500,20,43,2009,개인,,,"750,000",13,3,2025,중개거래,서울 서초구,244.543,25,20-43,1,N,25.05.30,신반포로,00270,00000,3121017,02,11650,0,11650,개인,10700,반포동,750000.0,2025-03-13
1257,103,방배우성,11650-331,2525,0,1991,개인,,,"217,000",3,3,2025,중개거래,"서울 강남구, 서울 서초구",117.19,5,2525,1,N,25.10.28,방배선행길,00001,00000,4163671,01,11650,0,11650,개인,10100,방배동,217000.0,2025-03-03
1258,501,우성아파트,11650-60,1326,17,1998,개인,,,"175,500",11,3,2025,중개거래,서울 서초구,59.93,15,1326-17,1,N,25.04.29,서초대로74길,00030,00000,4163433,01,11650,0,11650,개인,10800,서초동,175500.0,2025-03-11
1259,102,디에이치반포라클라스,11650-4959,1343,0,2021,개인,,,"328,000",4,3,2025,중개거래,서울 서초구,59.9928,15,1343,1,N,25.09.30,서초중앙로,00206,00000,3121024,00,11650,,11650,개인,10700,반포동,328000.0,2025-03-04
1260,310,서초네이처힐3단지,11650-3864,717,0,2013,개인,,,"150,000",6,3,2025,중개거래,서울 서초구,84.77,10,717,1,N,25.06.13,태봉로2길,00060,00000,4163582,01,11650,0,11650,개인,10300,우면동,150000.0,2025-03-06
1261,102,방배아크로리버,11650-640,752,36,2004,개인,,,"233,000",15,3,2025,중개거래,서울 서초구,149.225,3,752-36,1,N,25.08.18,방배중앙로,00207,00010,3121011,01,11650,0,11650,개인,10100,방배동,233000.0,2025-03-15
1262,2,삼호1동~3동,11650-309,770,1,1975,개인,,,"128,000",19,3,2025,직거래,,81.39,10,770-1,1,N,25.03.21,방배로43길,00021,00000,4163277,01,11650,0,11650,개인,10100,방배동,128000.0,2025-03-19
1263,풍림아이원플러스,풍림아이원플러스,11650-701,1338,1,2004,개인,,,"36,600",19,3,2025,중개거래,"서울 강남구, 서울 서초구",35.903,11,1338-1,1,N,25.04.02,효령로77길,00014,00000,4163659,01,11650,0,11650,개인,10800,서초동,36600.0,2025-03-19
1264,105,디에이치반포라클라스,11650-4959,1343,0,2021,개인,,,"376,000",12,3,2025,중개거래,서울 서초구,84.9754,3,1343,1,N,26.04.30,서초중앙로,00206,00000,3121024,00,11650,,11650,개인,10700,반포동,376000.0,2025-03-12
1265,103,반포자이,11650-3500,20,43,2009,개인,,,"455,000",14,3,2025,중개거래,서울 서초구,84.943,6,20-43,1,N,25.05.30,신반포로,00270,00000,3121017,02,11650,0,11650,개인,10700,반포동,455000.0,2025-03-14
1266,203,방배2차현대홈타운,11650-380,2001,0,2001,개인,,,"275,000",15,3,2025,중개거래,서울 서초구,147.26,9,2001,1,N,25.07.04,서초대로1길,00034,00000,4163389,01,11650,0,11650,개인,10100,방배동,275000.0,2025-03-15
1267,107,래미안퍼스티지,11650-3559,18,1,2009,개인,,,"497,500",18,3,2025,중개거래,서울 서초구,84.93,23,18-1,1,N,25.07.31,반포대로,00275,00000,2121003,02,11650,0,11650,개인,10700,반포동,497500.0,2025-03-18
1268,,서초현대타워아파트,11650-50,1319,13,1997,개인,,,"150,000",20,3,2025,중개거래,서울 강남구,178.21,18,1319-13,1,N,25.04.16,강남대로,00375,00000,2102001,04,11650,0,11650,개인,10800,서초동,150000.0,2025-03-20
1269,123,래미안퍼스티지,11650-3559,18,1,2009,개인,,,"835,000",1,3,2025,중개거래,서울 서초구,222.76,8,18-1,1,N,25.07.14,반포대로,00275,00000,2121003,02,11650,0,11650,개인,10700,반포동,835000.0,2025-03-01
1270,108,반포자이,11650-3500,20,43,2009,개인,,,"430,000",7,3,2025,중개거래,서울 서초구,84.943,3,20-43,1,N,25.07.22,신반포로,00270,00000,3121017,02,11650,0,11650,개인,10700,반포동,430000.0,2025-03-07
1271,101,유원서초,11650-62,1687,0,1993,개인,,,"205,000",4,3,2025,중개거래,서울 서초구,84.82,12,1687,1,N,25.05.30,서초중앙로24길,00043,00000,4163710,01,11650,0,11650,개인,10800,서초동,205000.0,2025-03-04
1272,,신영체르니,11650-461,90,0,2002,개인,,,"46,500",14,3,2025,중개거래,서울 서초구,32.08,6,90,1,N,25.07.21,논현로27길,00057,00000,4163097,01,11650,0,11650,개인,10200,양재동,46500.0,2025-03-14
1273,102,한신타워,11650-150,71,11,1996,개인,,,"270,000",11,3,2025,중개거래,서울 서초구,84.93,12,71-11,1,N,25.06.17,잠원로3길,00008,00000,4163527,01,11650,0,11650,개인,10600,잠원동,270000.0,2025-03-11
1274,101,래미안방배에버뉴,11650-3181,775,1,1977,개인,,,"240,000",13,3,2025,중개거래,서울 서초구,181.481,9,775-1,1,N,25.12.12,동광로19길,00051,00000,4163118,01,11650,0,11650,개인,10100,방배동,240000.0,2025-03-13
1275,10,현대아파트,11650-85,1346,0,1989,개인,,,"170,000",16,3,2025,중개거래,서울 서초구,62.05,9,1346,1,N,25.07.08,효령로72길,00014,00000,4163657,01,11650,0,11650,개인,10800,서초동,170000.0,2025-03-16
1276,103,래미안서초스위트,11650-3515,1301,6,2009,개인,,,"289,000",3,3,2025,중개거래,서울 서초구,95.8079,18,1301-6,1,N,25.05.30,서운로,00221,00000,3121016,01,11650,0,11650,개인,10800,서초동,289000.0,2025-03-03
1277,105,롯데캐슬클래식,11650-3300,1312,3,2006,개인,,,"327,000",6,3,2025,중개거래,서울 서초구,133.45,18,1312-3,1,N,25.06.27,서운로,00197,00000,3121016,00,11650,,11650,개인,10800,서초동,327000.0,2025-03-06
1278,,블루힐하우스,11650-106,71,1,1999,개인,25.07.13,O,"250,000",8,3,2025,중개거래,서울 서초구,84.54,6,71-1,1,N,,잠원로,00085,00000,3121019,01,11650,0,11650,개인,10600,잠원동,250000.0,2025-03-08
1279,21,현대아파트,11650-85,1346,0,1989,개인,,,"173,000",8,3,2025,중개거래,서울 서초구,84.34,5,1346,1,N,25.06.27,효령로68길,00013,00000,4163654,00,11650,,11650,개인,10800,서초동,173000.0,2025-03-08
1280,,두산위브,11650-531,76,2,2003,개인,,,"125,000",1,3,2025,중개거래,서울 서초구,46.95,3,76-2,1,N,25.06.16,반포대로,00310,00000,2121003,01,11650,0,11650,개인,10600,잠원동,125000.0,2025-03-01
1281,20,현대아파트,11650-85,1346,0,1989,개인,,,"192,000",19,3,2025,중개거래,"서울 강남구, 서울 서초구",84.33,13,1346,1,N,25.04.30,효령로68길,00013,00000,4163654,00,11650,,11650,개인,10800,서초동,192000.0,2025-03-19
1282,101,서초동롯데캐슬리버티,11650-833,1620,20,2005,개인,,,"197,500",5,3,2025,중개거래,"서울 강남구, 서울 서초구",125.79,2,1620-20,1,N,25.06.18,사임당로10길,00039,00000,4163309,01,11650,0,11650,개인,10800,서초동,197500.0,2025-03-05
1283,203,서초2차e-편한세상,11650-774,1529,0,2005,개인,,,"205,000",8,3,2025,중개거래,서울 서초구,116.745,2,1529,1,N,25.06.13,효령로49길,00057,00000,4163642,01,11650,0,11650,개인,10800,서초동,205000.0,2025-03-08
1284,1,삼호1동~3동,11650-309,770,1,1975,개인,,,"175,000",20,3,2025,중개거래,서울 서초구,80.33,10,770-1,1,N,25.05.09,방배로43길,00005,00000,4163277,00,11650,,11650,개인,10100,방배동,175000.0,2025-03-20
1285,106동,아크로리버파크,11650-4440,2,12,2016,개인,,,"950,000",15,3,2025,중개거래,서울 서초구,178.94,27,2-12,1,N,25.08.13,신반포로15길,00019,00000,4163450,00,11650,0,11650,개인,10700,반포동,950000.0,2025-03-15
1286,106,방배1차현대홈타운,11650-290,1344,0,1999,개인,,,"242,000",15,3,2025,중개거래,"서울 동작구, 서울 서초구",84.96,8,1344,1,N,25.07.04,서초대로1길,00030,00000,4163389,01,11650,0,11650,개인,10100,방배동,242000.0,2025-03-15
1287,A,현대슈퍼빌,11650-519,1446,11,2003,개인,,,"250,000",7,3,2025,중개거래,서울 서초구,164.87,25,1446-11,1,N,25.05.16,서초중앙로,00015,00000,3121024,03,11650,0,11650,개인,10800,서초동,250000.0,2025-03-07
1288,101,신반포2,11650-117,73,0,1978,개인,,,"430,000",14,3,2025,중개거래,서울 서초구,107.31,1,73,1,N,25.06.02,신반포로23길,00041,00000,4163452,01,11650,0,11650,개인,10600,잠원동,430000.0,2025-03-14
1289,,현대아파트,11650-85,1346,0,1989,개인,25.04.01,O,"190,000",6,3,2025,중개거래,"경기 남양주시, 서울 서초구",84.33,8,1346,1,N,,효령로68길,00013,00000,4163654,00,11650,,11650,개인,10800,서초동,190000.0,2025-03-06
1290,121,래미안원베일리,11650-5126,1,0,2023,개인,,,"650,000",6,3,2025,중개거래,서울 서초구,101.99,6,1,1,N,25.05.28,반포대로,00333,00000,2121003,00,11650,,11650,개인,10700,반포동,650000.0,2025-03-06
1291,102,방배자이,11650-512,888,53,2003,개인,,,"244,000",5,3,2025,중개거래,서울 서초구,164.96,2,888-53,1,N,25.06.04,방배로18길,00067,00000,4163254,01,11650,0,11650,개인,10100,방배동,244000.0,2025-03-05
1292,109,래미안원베일리,11650-5126,1,0,2023,개인,,,"590,000",8,3,2025,중개거래,서울 서초구,84.98,33,1,1,N,25.03.31,반포대로,00333,00000,2121003,00,11650,,11650,개인,10700,반포동,590000.0,2025-03-08
1293,603,서초포레스타6단지,11650-4140,619,0,2015,개인,,,"148,000",8,3,2025,중개거래,서울 서초구,59.98,3,619,1,N,25.06.04,청계산로9길,00001,00012,4163751,01,11650,0,11650,개인,11100,신원동,148000.0,2025-03-08
1294,D,현대슈퍼빌,11650-519,1446,11,2003,개인,,,"260,000",22,3,2025,중개거래,서울 서초구,153.93,8,1446-11,1,N,25.06.30,서초중앙로,00015,00000,3121024,03,11650,0,11650,개인,10800,서초동,260000.0,2025-03-22
1295,105동,방배아트자이,11650-4706,3278,0,2018,개인,,,"254,500",15,3,2025,중개거래,서울 서초구,84.9152,9,3278,1,N,25.04.30,명달로9길,00057,00000,4163195,00,11650,0,11650,개인,10100,방배동,254500.0,2025-03-15
1296,106동,래미안신반포리오센트,11650-4750,161,0,2019,개인,,,"490,000",5,3,2025,중개거래,"경기 이천시, 서울 서초구",133.37,14,161,1,N,25.07.28,잠원로14길,00032,00000,4163526,00,11650,0,11650,개인,10600,잠원동,490000.0,2025-03-05
1297,2,삼호1동~3동,11650-309,770,1,1975,개인,,,"181,000",18,3,2025,중개거래,서울 서초구,81.39,2,770-1,1,N,25.06.27,방배로43길,00021,00000,4163277,01,11650,0,11650,개인,10100,방배동,181000.0,2025-03-18
1298,13,방배임광3차,11650-342,1010,1,1988,개인,,,"112,000",5,3,2025,중개거래,서울 서초구,65.85,6,1010-1,1,N,25.03.27,방배로2길,00024,00005,4163264,01,11650,0,11650,개인,10100,방배동,112000.0,2025-03-05
1299,203,서초포레스타2단지,11650-4156,384,0,2015,개인,,,"130,000",21,3,2025,중개거래,서울 서초구,59.09,10,384,1,N,25.05.12,헌릉로8길,00045,00000,4163749,02,11650,0,11650,개인,10900,내곡동,130000.0,2025-03-21
1300,203,서초포레스타2단지,11650-4156,384,0,2015,개인,,,"130,000",11,3,2025,중개거래,서울 서초구,59.09,16,384,1,N,25.07.10,헌릉로8길,00045,00000,4163749,02,11650,0,11650,개인,10900,내곡동,130000.0,2025-03-11
1301,104,방배아크로리버,11650-640,752,36,2004,개인,,,"215,000",10,3,2025,중개거래,서울 서초구,124.569,12,752-36,1,N,25.08.11,방배중앙로,00207,00010,3121011,01,11650,0,11650,개인,10100,방배동,215000.0,2025-03-10
1302,,잠원현대훼밀리,11650-138,59,3,1997,개인,,,"189,000",17,3,2025,중개거래,서울 서초구,59.56,17,59-3,1,N,25.05.09,신반포로,00261,00000,3121017,01,11650,0,11650,개인,10600,잠원동,189000.0,2025-03-17
1303,102동,방배아트자이,11650-4706,3278,0,2018,개인,,,"259,000",6,3,2025,중개거래,서울 서초구,84.9383,4,3278,1,N,25.07.25,명달로9길,00057,00000,4163195,00,11650,0,11650,개인,10100,방배동,259000.0,2025-03-06
1304,201,신반포4,11650-125,70,0,1979,개인,,,"430,000",13,3,2025,중개거래,서울 서초구,96.48,3,70,1,N,25.06.30,잠원로,00037,00048,3121019,01,11650,0,11650,개인,10600,잠원동,430000.0,2025-03-13
1305,103,롯데캐슬아르떼,11650-4044,424,28,2013,개인,,,"211,600",3,3,2025,중개거래,서울 서초구,59.9742,2,424-28,1,N,25.03.24,방배천로18길,00011,00000,4163687,01,11650,0,11650,개인,10100,방배동,211600.0,2025-03-03
1306,D,현대슈퍼빌,11650-519,1446,11,2003,개인,,,"255,000",11,3,2025,중개거래,서울 서초구,153.93,7,1446-11,1,N,25.05.23,서초중앙로,00015,00000,3121024,03,11650,0,11650,개인,10800,서초동,255000.0,2025-03-11
1307,2,삼호1동~3동,11650-309,770,1,1975,개인,,,"180,000",18,3,2025,중개거래,서울 서초구,81.39,10,770-1,1,N,25.06.30,방배로43길,00021,00000,4163277,01,11650,0,11650,개인,10100,방배동,180000.0,2025-03-18
1308,,반포자이,11650-3500,20,43,2009,개인,,,"665,000",3,3,2025,중개거래,서울 서초구,194.515,17,20-43,1,N,,신반포로,00270,00000,3121017,02,11650,0,11650,개인,10700,반포동,665000.0,2025-03-03
1309,201,서초2차e-편한세상,11650-774,1529,0,2005,개인,,,"190,000",4,3,2025,중개거래,서울 서초구,84.67,8,1529,1,N,25.07.31,효령로49길,00057,00000,4163642,01,11650,0,11650,개인,10800,서초동,190000.0,2025-03-04
1310,606,서초포레스타6단지,11650-4140,619,0,2015,개인,,,"147,000",10,3,2025,중개거래,서울 서초구,59.93,5,619,1,N,25.05.19,청계산로9길,00001,00012,4163751,01,11650,0,11650,개인,11100,신원동,147000.0,2025-03-10
1311,106,방배그랑자이,11650-4970,3283,0,2021,개인,,,"215,000",17,3,2025,중개거래,서울 서초구,54.9954,16,3283,1,N,25.06.26,방배로,00021,00000,3121010,00,11650,0,11650,개인,10100,방배동,215000.0,2025-03-17
1312,104,동고,11650-480,59,0,1995,개인,,,"125,000",1,3,2025,중개거래,서울 서초구,77.14,6,59,1,N,25.06.13,바우뫼로7길,00029,00000,4163219,01,11650,0,11650,개인,10300,우면동,125000.0,2025-03-01
1313,104,방배아크로리버,11650-640,752,36,2004,개인,,,"212,000",1,3,2025,중개거래,서울 서초구,124.569,8,752-36,1,N,25.05.30,방배중앙로,00207,00010,3121011,01,11650,0,11650,개인,10100,방배동,212000.0,2025-03-01
1314,102,래미안서초스위트,11650-3515,1301,6,2009,개인,,,"275,000",5,3,2025,중개거래,서울 서초구,84.9571,26,1301-6,1,N,25.04.30,서운로,00221,00000,3121016,01,11650,0,11650,개인,10800,서초동,275000.0,2025-03-05
1315,101,현대동궁아파트,11650-236,64,5,1991,개인,,,"195,000",17,3,2025,중개거래,서울 서초구,82.35,10,64-5,1,N,25.04.29,사평대로,00154,00000,2121001,02,11650,0,11650,개인,10700,반포동,195000.0,2025-03-17
1316,101,현대동궁아파트,11650-236,64,5,1991,개인,,,"175,000",15,3,2025,중개거래,서울 서초구,70.38,3,64-5,1,N,25.06.10,사평대로,00154,00000,2121001,02,11650,0,11650,개인,10700,반포동,175000.0,2025-03-15
1317,101,신반포청구,11650-141,63,2,1998,개인,,,"249,000",17,3,2025,중개거래,서울 서초구,84.86,1,63-2,1,N,25.07.10,신반포로33길,00066,00000,4163453,01,11650,0,11650,개인,10600,잠원동,249000.0,2025-03-17
1318,106동,래미안 리더스원,11650-4887,1755,0,2020,개인,,,"288,000",15,3,2025,중개거래,서울 서초구,59.97,23,1755,1,N,25.05.30,서운로,00062,00000,3121016,00,11650,,11650,개인,10800,서초동,288000.0,2025-03-15
1319,102,신반포청구,11650-141,63,2,1998,개인,,,"235,000",7,3,2025,중개거래,서울 서초구,59.91,3,63-2,1,N,25.08.01,신반포로33길,00066,00000,4163453,01,11650,0,11650,개인,10600,잠원동,235000.0,2025-03-07
1320,106,디에이치반포라클라스,11650-4959,1343,0,2021,개인,,,"403,000",8,3,2025,중개거래,"경기 성남시 분당구, 서울 서초구",84.9858,15,1343,1,N,25.06.24,서초중앙로,00206,00000,3121024,00,11650,,11650,개인,10700,반포동,403000.0,2025-03-08
1321,101,롯데캐슬헤론,11650-3317,754,1,2006,개인,,,"229,000",5,3,2025,중개거래,서울 서초구,169.08,11,754-1,1,N,25.04.17,동광로1길,00112,00000,4163119,01,11650,0,11650,개인,10100,방배동,229000.0,2025-03-05
1322,,잠원현대훼밀리,11650-138,59,3,1997,개인,,,"240,000",8,3,2025,중개거래,서울 서초구,84.52,17,59-3,1,N,25.06.26,신반포로,00261,00000,3121017,01,11650,0,11650,개인,10600,잠원동,240000.0,2025-03-08
1323,C,아크로비스타,11650-724,1685,3,2004,개인,,,"290,000",15,3,2025,중개거래,서울 서초구,138.96,6,1685-3,1,N,25.05.30,서초중앙로,00188,00000,3121024,03,11650,0,11650,개인,10800,서초동,290000.0,2025-03-15
1324,103,방배1차현대홈타운,11650-290,1344,0,1999,개인,,,"169,500",11,3,2025,중개거래,서울 서초구,59.94,3,1344,1,N,25.06.27,서초대로1길,00030,00000,4163389,01,11650,0,11650,개인,10100,방배동,169500.0,2025-03-11
1325,C,아크로비스타,11650-724,1685,3,2004,개인,,,"330,000",5,3,2025,중개거래,서울 서초구,164.21,9,1685-3,1,N,25.08.25,서초중앙로,00188,00000,3121024,03,11650,0,11650,개인,10800,서초동,330000.0,2025-03-05
1326,,한신타운,11650-149,60,4,1989,개인,,,"239,000",8,3,2025,중개거래,서울 서초구,78.39,11,60-4,1,N,25.06.19,나루터로4길,00070,00005,4163049,01,11650,0,11650,개인,10600,잠원동,239000.0,2025-03-08
1327,112,롯데캐슬클래식,11650-3300,1312,3,2006,개인,,,"271,500",4,3,2025,중개거래,서울 서초구,74.3,21,1312-3,1,N,25.07.02,서운로,00200,00000,3121016,01,11650,0,11650,개인,10800,서초동,271500.0,2025-03-04
1328,2,삼풍아파트,11650-28,1685,0,1988,개인,,,"298,000",12,3,2025,중개거래,"서울 서초구, 서울 양천구",79.47,2,1685,1,N,25.07.11,서초중앙로,00200,00000,3121024,03,11650,0,11650,개인,10800,서초동,298000.0,2025-03-12
1329,202,래미안서초에스티지S,11650-4622,1754,0,2018,개인,,,"310,000",11,3,2025,중개거래,서울 서초구,84.8,4,1754,1,N,25.05.28,서운로,00104,00000,3121016,01,11650,0,11650,개인,10800,서초동,310000.0,2025-03-11
1330,502,서초포레스타5단지,11650-4026,579,0,2014,개인,,,"142,000",12,3,2025,중개거래,"경기 부천시 원미구, 서울 서초구",59.93,8,579,1,N,25.05.29,청계산로7길,00043,00000,4163750,01,11650,0,11650,개인,11100,신원동,142000.0,2025-03-12
1331,2,한신서래,11650-232,70,1,1987,개인,,,"250,000",4,3,2025,중개거래,서울 서초구,115.0,7,70-1,1,N,25.07.15,사평대로28길,00031,00000,4163330,01,11650,0,11650,개인,10700,반포동,250000.0,2025-03-04
1332,101동,래미안서초에스티지,11650-4470,1332,13,2016,개인,,,"360,000",13,3,2025,중개거래,서울 서초구,125.79,12,1332-13,1,N,25.08.22,서운로,00107,00000,3121016,00,11650,0,11650,개인,10800,서초동,360000.0,2025-03-13
1333,103동,래미안신반포팰리스,11650-4439,158,0,2016,개인,,,"410,000",5,3,2025,중개거래,서울 서초구,104.04,34,158,1,N,25.06.11,잠원로8길,00035,00000,4163529,00,11650,0,11650,개인,10600,잠원동,410000.0,2025-03-05
1334,113,서초래미안,11650-523,1682,0,2003,개인,,,"240,000",8,3,2025,중개거래,서울 서초구,84.95,6,1682,1,N,25.06.09,서초대로65길,00013,00010,4163425,01,11650,0,11650,개인,10800,서초동,240000.0,2025-03-08
1335,102,쌍용예가클래식,11650-265,776,3,2006,개인,,,"193,000",1,3,2025,중개거래,서울 서초구,89.844,1,776-3,1,N,25.05.23,방배로37길,00026,00009,4163272,01,11650,0,11650,개인,10100,방배동,193000.0,2025-03-01
1336,109동,아크로리버파크,11650-4440,2,12,2016,개인,,,"640,000",8,3,2025,중개거래,서울 서초구,112.93,3,2-12,1,N,26.03.03,신반포로15길,00019,00000,4163450,00,11650,0,11650,개인,10700,반포동,640000.0,2025-03-08
1337,101,삼호한숲,11650-315,1030,1,1998,개인,,,"175,000",1,3,2025,중개거래,서울 서초구,114.52,9,1030-1,1,N,25.06.30,방배로3길,00010,00003,4163274,01,11650,0,11650,개인,10100,방배동,175000.0,2025-03-01
1338,,네스코,11650-404,956,8,2002,개인,,,"250,000",15,3,2025,중개거래,서울 서초구,99.05,4,956-8,1,N,25.07.30,청두곶길,00078,00000,4163574,01,11650,0,11650,개인,10100,방배동,250000.0,2025-03-15
1339,102동,방배아트자이,11650-4706,3278,0,2018,개인,,,"250,000",7,3,2025,중개거래,서울 서초구,84.9152,14,3278,1,N,25.07.18,명달로9길,00057,00000,4163195,00,11650,0,11650,개인,10100,방배동,250000.0,2025-03-07
1340,102,서초삼성래미안,11650-24,1641,1,2001,개인,,,"233,000",4,3,2025,중개거래,서울 서초구,121.66,12,1641-1,1,N,25.05.21,사임당로17길,00116,00000,4163313,01,11650,0,11650,개인,10800,서초동,233000.0,2025-03-04
1341,1,훼미리,11650-154,51,0,1992,개인,,,"220,000",13,3,2025,중개거래,서울 서초구,84.83,4,51,1,N,25.05.26,잠원로,00202,00011,3121019,01,11650,0,11650,개인,10600,잠원동,220000.0,2025-03-13
1342,108,방배1차현대홈타운,11650-290,1344,0,1999,개인,,,"255,000",4,3,2025,중개거래,서울 서초구,134.76,8,1344,1,N,25.06.30,서초대로1길,00030,00000,4163389,01,11650,0,11650,개인,10100,방배동,255000.0,2025-03-04
1343,111,서초래미안,11650-523,1682,0,2003,개인,,,"260,000",8,3,2025,중개거래,서울 서초구,84.95,6,1682,1,N,25.07.07,서초대로65길,00013,00010,4163425,01,11650,0,11650,개인,10800,서초동,260000.0,2025-03-08
1344,,현대성우주상복합아파트,11650-700,1316,15,2002,개인,,,"185,800",12,3,2025,중개거래,서울 서초구,150.95,21,1316-15,1,N,25.04.11,강남대로61길,00023,00000,4163028,01,11650,0,11650,개인,10800,서초동,185800.0,2025-03-12
1345,108,우성,11650-440,154,2,1991,개인,,,"153,000",17,3,2025,중개거래,"서울 강남구, 서울 서초구",73.15,3,154-2,1,N,25.06.13,바우뫼로,00091,00000,3121009,01,11650,0,11650,개인,10200,양재동,153000.0,2025-03-17
1346,서초수자인아파트,서초한양수자인,11650-4006,1344,2,2013,개인,,,"129,000",1,3,2025,중개거래,"서울 관악구, 서울 서초구",84.32,5,1344-2,1,N,25.05.29,서운로11길,00023,00000,4163372,00,11650,,11650,개인,10800,서초동,129000.0,2025-03-01
1347,,래미안원베일리,11650-5126,1,0,2023,개인,,,"420,000",14,3,2025,중개거래,서울 서초구,59.96,5,1,1,N,,반포대로,00333,00000,2121003,00,11650,,11650,개인,10700,반포동,420000.0,2025-03-14
1348,,서초래미안,11650-523,1682,0,2003,개인,25.03.17,O,"260,000",8,3,2025,중개거래,서울 서초구,84.95,6,1682,1,N,,서초대로65길,00013,00010,4163425,01,11650,0,11650,개인,10800,서초동,260000.0,2025-03-08
1349,105,방배1차현대홈타운,11650-290,1344,0,1999,개인,,,"215,000",14,3,2025,중개거래,"서울 강동구, 서울 서초구",84.96,1,1344,1,N,25.07.31,서초대로1길,00030,00000,4163389,01,11650,0,11650,개인,10100,방배동,215000.0,2025-03-14
1350,102,브라운스톤방배,11650-630,899,16,2005,개인,,,"192,000",1,3,2025,중개거래,서울 서초구,84.96,9,899-16,1,N,25.06.05,서초대로26길,00019,00000,4163394,01,11650,0,11650,개인,10100,방배동,192000.0,2025-03-01
1351,105,래미안원베일리,11650-5126,1,0,2023,개인,,,"905,000",1,3,2025,중개거래,서울 서초구,133.91,30,1,1,N,25.10.30,반포대로,00333,00000,2121003,00,11650,,11650,개인,10700,반포동,905000.0,2025-03-01
1352,101,신반포르엘,11650-5121,165,0,2023,개인,,,"360,000",1,3,2025,중개거래,"서울 서초구, 서울 송파구",84.92,30,165,1,N,25.07.31,잠원로14길,00042,00000,4163526,01,11650,0,11650,개인,10600,잠원동,360000.0,2025-03-01
1353,B,중앙하이츠,11650-139,71,17,1998,개인,,,"187,000",5,3,2025,중개거래,서울 서초구,59.93,9,71-17,1,N,25.07.30,잠원로3길,00020,00000,4163527,01,11650,0,11650,개인,10600,잠원동,187000.0,2025-03-05
1354,102동,방배 서리풀 그랑블,11650-4769,3279,0,2019,개인,,,"184,800",2,3,2025,중개거래,서울 서초구,84.9948,4,3279,1,N,25.06.10,서초대로34가길,00052,00000,4163402,00,11650,0,11650,개인,10100,방배동,184800.0,2025-03-02
1355,105,방배그랑자이,11650-4970,3283,0,2021,개인,,,"297,000",7,3,2025,중개거래,서울 서초구,84.972,5,3283,1,N,25.07.08,방배로,00021,00000,3121010,00,11650,0,11650,개인,10100,방배동,297000.0,2025-03-07
1356,나,더-클라스(402-8),11650-678,402,8,2003,개인,,,"90,000",1,3,2025,중개거래,서울 서초구,83.72,4,402-8,1,N,25.05.16,논현로1길,00025,00000,4163096,01,11650,0,11650,개인,10200,양재동,90000.0,2025-03-01
1357,130,반포자이,11650-3500,20,43,2009,개인,,,"430,000",4,3,2025,중개거래,"서울 서초구, 서울 용산구",84.943,15,20-43,1,N,25.07.28,신반포로,00270,00000,3121017,02,11650,0,11650,개인,10700,반포동,430000.0,2025-03-04
1358,B,서초트라팰리스,11650-3238,1344,13,2005,개인,,,"219,000",1,3,2025,중개거래,서울 서초구,117.98,4,1344-13,1,N,25.07.11,효령로72길,00057,00000,4163657,01,11650,0,11650,개인,10800,서초동,219000.0,2025-03-01
1359,402,방배아이파크,11650-3299,3277,0,2006,개인,,,"190,000",5,3,2025,중개거래,서울 서초구,84.32,9,3277,1,N,25.03.21,동광로3길,00018,00000,4163128,01,11650,0,11650,개인,10100,방배동,190000.0,2025-03-05
1360,106,방배그랑자이,11650-4970,3283,0,2021,개인,,,"268,000",3,3,2025,중개거래,서울 서초구,74.9939,7,3283,1,N,25.05.29,방배로,00021,00000,3121010,00,11650,0,11650,개인,10100,방배동,268000.0,2025-03-03
1361,,미주파스텔,11650-103,54,0,2002,개인,,,"201,900",8,3,2025,중개거래,서울 서초구,84.64,13,54,1,N,25.07.11,잠원로,00166,00004,3121019,01,11650,0,11650,개인,10600,잠원동,201900.0,2025-03-08
1362,23,삼풍아파트,11650-28,1685,0,1988,개인,,,"430,000",1,3,2025,중개거래,서울 서초구,163.81,3,1685,1,N,25.05.30,서초중앙로,00200,00000,3121024,03,11650,0,11650,개인,10800,서초동,430000.0,2025-03-01
1363,105,롯데캐슬아르떼,11650-4044,424,28,2013,개인,,,"267,000",8,3,2025,중개거래,서울 서초구,84.9145,10,424-28,1,N,25.08.11,방배천로18길,00011,00000,4163687,01,11650,0,11650,개인,10100,방배동,267000.0,2025-03-08
1364,101,서초삼성래미안,11650-24,1641,1,2001,개인,,,"198,000",4,3,2025,중개거래,서울 서초구,84.89,14,1641-1,1,N,25.05.21,사임당로17길,00116,00000,4163313,01,11650,0,11650,개인,10800,서초동,198000.0,2025-03-04
1365,108,반포리체,11650-3617,30,26,2010,개인,,,"310,000",5,3,2025,중개거래,서울 서초구,59.993,13,30-26,1,N,25.06.10,고무래로,00035,00000,3121001,01,11650,0,11650,개인,10700,반포동,310000.0,2025-03-05
1366,107,래미안방배아트힐(1008-2),11650-658,1008,2,2004,개인,,,"238,000",15,3,2025,중개거래,서울 서초구,114.09,13,1008-2,1,N,25.06.30,남부순환로,02311,00012,2000003,01,11650,0,11650,개인,10100,방배동,238000.0,2025-03-15
1367,103,동아,11650-102,157,0,2002,개인,,,"245,000",4,3,2025,중개거래,서울 서초구,59.8,15,157,1,N,25.05.29,신반포로33길,00015,00000,4163453,01,11650,0,11650,개인,10600,잠원동,245000.0,2025-03-04
1368,1,강변,11650-97,53,15,1987,개인,,,"250,000",15,3,2025,중개거래,서울 서초구,84.53,1,53-15,1,N,25.07.28,잠원로,00166,00017,3121019,01,11650,0,11650,개인,10600,잠원동,250000.0,2025-03-15
1369,,서초이오빌,11650-521,1593,7,2003,개인,,,"38,000",1,3,2025,중개거래,서울 서초구,45.96,3,1593-7,1,N,25.05.09,효령로53길,00045,00000,4163646,01,11650,0,11650,개인,10800,서초동,38000.0,2025-03-01
1370,510,서초포레스타5단지,11650-4026,579,0,2014,개인,,,"183,000",15,3,2025,중개거래,서울 서초구,84.41,3,579,1,N,25.05.15,청계산로7길,00043,00000,4163750,01,11650,0,11650,개인,11100,신원동,183000.0,2025-03-15
1371,,서초동아타워,11650-35,1321,6,1996,개인,,,"180,000",14,3,2025,중개거래,서울 서초구,177.26,7,1321-6,1,N,25.07.15,서운로,00138,00000,3121016,01,11650,0,11650,개인,10800,서초동,180000.0,2025-03-14
1372,106동,래미안 리더스원,11650-4887,1755,0,2020,개인,,,"345,000",10,3,2025,중개거래,서울 서초구,84.94,35,1755,1,N,25.06.13,서운로,00062,00000,3121016,00,11650,,11650,개인,10800,서초동,345000.0,2025-03-10
1373,122,래미안퍼스티지,11650-3559,18,1,2009,개인,,,"778,000",14,3,2025,중개거래,서울 서초구,198.22,21,18-1,1,N,26.02.25,반포대로,00275,00000,2121003,02,11650,0,11650,개인,10700,반포동,778000.0,2025-03-14
1374,,래미안신반포리오센트,11650-4750,161,0,2019,개인,25.06.19,O,"310,000",14,3,2025,중개거래,서울 서초구,59.95,21,161,1,N,,잠원로14길,00032,00000,4163526,00,11650,0,11650,개인,10600,잠원동,310000.0,2025-03-14
1375,105,롯데캐슬클래식,11650-3300,1312,3,2006,개인,,,"332,000",3,3,2025,중개거래,서울 서초구,133.45,23,1312-3,1,N,25.07.10,서운로,00197,00000,3121016,00,11650,,11650,개인,10800,서초동,332000.0,2025-03-03
1376,102,서초래미안,11650-523,1682,0,2003,개인,,,"270,000",8,3,2025,중개거래,서울 서초구,111.32,11,1682,1,N,25.07.01,서초대로65길,00013,00010,4163425,01,11650,0,11650,개인,10800,서초동,270000.0,2025-03-08
1377,,엘루크방배서리풀,11650-5150,3284,0,2024,개인,,,"147,400",4,3,2025,직거래,,48.16,5,3284,1,N,25.05.30,효령로31길,00031,00000,4163632,00,11650,,11650,법인,10100,방배동,147400.0,2025-03-04
1378,,엘루크방배서리풀,11650-5150,3284,0,2024,개인,,,"147,400",3,3,2025,직거래,,48.16,5,3284,1,N,25.08.08,효령로31길,00031,00000,4163632,00,11650,,11650,법인,10100,방배동,147400.0,2025-03-03
1379,,엘루크방배서리풀,11650-5150,3284,0,2024,개인,,,"149,900",10,3,2025,직거래,,48.16,12,3284,1,N,25.07.01,효령로31길,00031,00000,4163632,00,11650,,11650,법인,10100,방배동,149900.0,2025-03-10
1380,101,삼호한숲,11650-315,1030,1,1998,개인,,,"120,000",3,3,2025,중개거래,서울 서초구,59.98,7,1030-1,1,N,25.05.21,방배로3길,00010,00003,4163274,01,11650,0,11650,개인,10100,방배동,120000.0,2025-03-03
1381,2,한강,11650-144,49,8,1989,개인,,,"302,000",7,3,2025,중개거래,서울 서초구,84.53,8,49-8,1,N,25.06.30,잠원로,00213,00010,3121019,01,11650,0,11650,개인,10600,잠원동,302000.0,2025-03-07
1382,가,방배신삼호,11650-323,725,0,1983,개인,,,"300,000",7,3,2025,중개거래,"서울 서대문구, 서울 서초구",105.04,4,725,1,N,25.10.02,방배로,00270,00000,3121010,01,11650,0,11650,개인,10100,방배동,300000.0,2025-03-07
1383,13,방배임광3차,11650-342,1010,1,1988,개인,,,"180,000",13,3,2025,중개거래,서울 서초구,79.8,2,1010-1,1,N,25.08.29,방배로2길,00024,00005,4163264,01,11650,0,11650,개인,10100,방배동,180000.0,2025-03-13
1384,102,쌍용예가클래식,11650-265,776,3,2006,개인,,,"195,000",8,3,2025,중개거래,서울 서초구,89.844,2,776-3,1,N,25.08.04,방배로37길,00026,00009,4163272,01,11650,0,11650,개인,10100,방배동,195000.0,2025-03-08
1385,401,방배아이파크,11650-3299,3277,0,2006,개인,,,"265,000",3,3,2025,중개거래,서울 서초구,157.56,8,3277,1,N,25.06.23,동광로3길,00018,00000,4163128,01,11650,0,11650,개인,10100,방배동,265000.0,2025-03-03
1386,에이,뉴현대,11650-414,292,0,1992,개인,,,"100,000",13,3,2025,직거래,,132.2,1,292,1,N,25.03.14,언남10길,00027,00000,4163484,01,11650,0,11650,개인,10200,양재동,100000.0,2025-03-13
1387,404,서초네이처힐4단지,11650-3704,720,0,2011,개인,,,"153,000",10,3,2025,중개거래,서울 서초구,84.77,3,720,1,N,25.09.22,태봉로2길,00065,00000,4163582,01,11650,0,11650,개인,10300,우면동,153000.0,2025-03-10
1388,102,더샵서초,11650-3284,1445,14,2006,개인,,,"235,000",8,3,2025,중개거래,서울 서초구,152.95,18,1445-14,1,N,25.06.27,서초중앙로2길,00021,00000,4163718,01,11650,0,11650,개인,10800,서초동,235000.0,2025-03-08
1389,109,서리풀e편한세상,11650-3573,906,13,2010,개인,,,"200,000",3,3,2025,중개거래,"서울 서초구, 서울 송파구",59.97,6,906-13,1,N,25.08.27,효령로33길,00050,00000,4163633,01,11650,0,11650,개인,10100,방배동,200000.0,2025-03-03
1390,108,래미안방배아트힐(1008-2),11650-658,1008,2,2004,개인,,,"235,000",7,3,2025,중개거래,서울 서초구,127.61,16,1008-2,1,N,25.10.10,남부순환로,02311,00012,2000003,01,11650,0,11650,개인,10100,방배동,235000.0,2025-03-07
1391,104,롯데캐슬클래식,11650-3300,1312,3,2006,개인,,,"305,000",11,3,2025,중개거래,서울 서초구,120.18,3,1312-3,1,N,25.07.24,서운로,00197,00000,3121016,00,11650,,11650,개인,10800,서초동,305000.0,2025-03-11
1392,,미주파스텔,11650-103,54,0,2002,개인,,,"195,000",1,3,2025,중개거래,서울 서초구,84.64,9,54,1,N,25.07.29,잠원로,00166,00004,3121019,01,11650,0,11650,개인,10600,잠원동,195000.0,2025-03-01
1393,105,래미안방배아트힐(1008-2),11650-658,1008,2,2004,개인,,,"260,000",8,3,2025,중개거래,서울 서초구,174.5,23,1008-2,1,N,26.06.04,남부순환로,02311,00012,2000003,01,11650,0,11650,개인,10100,방배동,260000.0,2025-03-08
1394,205,방배2차현대홈타운,11650-380,2001,0,2001,개인,,,"230,000",4,3,2025,중개거래,서울 서초구,84.94,12,2001,1,N,25.06.30,서초대로1길,00034,00000,4163389,01,11650,0,11650,개인,10100,방배동,230000.0,2025-03-04
1395,201,래미안서초에스티지S,11650-4622,1754,0,2018,개인,,,"315,000",6,3,2025,중개거래,서울 서초구,84.96,30,1754,1,N,25.06.17,서운로,00104,00000,3121016,01,11650,0,11650,개인,10800,서초동,315000.0,2025-03-06
1396,101,반포푸르지오,11650-176,10,0,2000,개인,,,"263,000",1,3,2025,중개거래,서울 서초구,84.82,7,10,1,N,25.06.13,신반포로15길,00004,00000,4163450,01,11650,0,11650,개인,10700,반포동,263000.0,2025-03-01
1397,,블루힐하우스,11650-106,71,1,1999,개인,25.03.25,O,"219,000",12,3,2025,중개거래,서울 서초구,59.85,10,71-1,1,N,,잠원로,00085,00000,3121019,01,11650,0,11650,개인,10600,잠원동,219000.0,2025-03-12
1398,111동,래미안 리더스원,11650-4887,1755,0,2020,개인,,,"352,000",8,3,2025,중개거래,서울 서초구,84.93,17,1755,1,N,25.05.30,서운로,00062,00000,3121016,00,11650,,11650,개인,10800,서초동,352000.0,2025-03-08
1399,109,신반포2,11650-117,73,0,1978,개인,,,"385,000",11,3,2025,중개거래,서울 서초구,92.2,3,73,1,N,25.05.26,신반포로23길,00041,00000,4163452,01,11650,0,11650,개인,10600,잠원동,385000.0,2025-03-11
1400,130,반포자이,11650-3500,20,43,2009,개인,,,"442,500",12,3,2025,중개거래,서울 서초구,84.998,7,20-43,1,N,25.04.25,신반포로,00270,00000,3121017,02,11650,0,11650,개인,10700,반포동,442500.0,2025-03-12
1401,105,롯데캐슬갤럭시,11650-155,50,0,2002,개인,,,"371,000",3,3,2025,중개거래,서울 서초구,133.41,6,50,1,N,25.07.29,잠원로14길,00003,00000,4163526,01,11650,0,11650,개인,10600,잠원동,371000.0,2025-03-03
1402,,진흥아파트,11650-66,1315,0,1979,개인,25.06.17,O,"305,000",12,3,2025,중개거래,서울 서초구,131.04,5,1315,1,N,,서초대로,00385,00000,2121002,02,11650,0,11650,개인,10800,서초동,305000.0,2025-03-12
1403,,래미안퍼스티지,11650-3559,18,1,2009,개인,25.07.30,O,"336,000",8,3,2025,중개거래,서울 서초구,59.89,17,18-1,1,N,,반포대로,00275,00000,2121003,02,11650,0,11650,개인,10700,반포동,336000.0,2025-03-08
1404,102,쌍용예가클래식,11650-265,776,3,2006,개인,,,"195,000",5,3,2025,중개거래,서울 서초구,89.844,1,776-3,1,N,25.09.15,방배로37길,00026,00009,4163272,01,11650,0,11650,개인,10100,방배동,195000.0,2025-03-05
1405,,방배대성유니드아파트,11650-513,957,7,2003,개인,,,"199,000",4,3,2025,중개거래,서울 서초구,124.95,12,957-7,1,N,25.06.16,도구로,00073,00000,3121003,01,11650,0,11650,개인,10100,방배동,199000.0,2025-03-04
1406,101,방배래미안타워,11650-759,485,3,2005,개인,,,"200,000",11,3,2025,중개거래,서울 서초구,102.93,13,485-3,1,N,25.06.26,남부순환로,02183,00000,2000003,01,11650,0,11650,개인,10100,방배동,200000.0,2025-03-11
1407,103,반포래미안아이파크,11650-4678,1341,0,2018,개인,,,"400,000",1,3,2025,중개거래,서울 서초구,99.92,4,1341,1,N,25.06.30,서초중앙로,00220,00000,3121024,02,11650,0,11650,개인,10700,반포동,400000.0,2025-03-01
1408,101,유원서초,11650-62,1687,0,1993,개인,,,"217,000",7,3,2025,중개거래,서울 서초구,84.82,12,1687,1,N,25.07.01,서초중앙로24길,00043,00000,4163710,01,11650,0,11650,개인,10800,서초동,217000.0,2025-03-07
1409,B,서초트라팰리스,11650-3238,1344,13,2005,개인,,,"188,000",11,3,2025,중개거래,서울 서초구,107.69,6,1344-13,1,N,25.03.28,효령로72길,00057,00000,4163657,01,11650,0,11650,개인,10800,서초동,188000.0,2025-03-11
1410,102,서초한빛삼성,11650-42,1509,1,1999,개인,,,"176,000",10,3,2025,중개거래,"서울 서초구, 서울 용산구",99.09,7,1509-1,1,N,25.03.17,서초대로40길,00072,00000,4163406,01,11650,0,11650,개인,10800,서초동,176000.0,2025-03-10
1411,105,반포힐스테이트,11650-3687,16,6,2012,개인,,,"329,000",6,3,2025,중개거래,"서울 강남구, 서울 서초구",59.7,23,16-6,1,N,25.07.31,신반포로16길,00015,00020,4163754,01,11650,0,11650,개인,10700,반포동,329000.0,2025-03-06
1412,401,방배아이파크,11650-3299,3277,0,2006,개인,,,"190,000",3,3,2025,중개거래,서울 서초구,84.32,2,3277,1,N,25.07.11,동광로3길,00018,00000,4163128,01,11650,0,11650,개인,10100,방배동,190000.0,2025-03-03
1413,112동,래미안 리더스원,11650-4887,1755,0,2020,개인,,,"285,000",1,3,2025,중개거래,서울 서초구,59.97,22,1755,1,N,25.06.11,서운로,00062,00000,3121016,00,11650,,11650,개인,10800,서초동,285000.0,2025-03-01
1414,102,서초자이,11650-3272,1444,7,2006,개인,,,"273,000",4,3,2025,중개거래,서울 서초구,148.83,3,1444-7,1,N,25.05.15,효령로68길,00081,00000,4163654,01,11650,0,11650,개인,10800,서초동,273000.0,2025-03-04
1415,4,한신서래,11650-232,70,1,1987,개인,,,"255,000",3,3,2025,중개거래,서울 서초구,137.47,11,70-1,1,N,25.06.02,사평대로28길,00031,00000,4163330,01,11650,0,11650,개인,10700,반포동,255000.0,2025-03-03
1416,101,방배래미안타워,11650-759,485,3,2005,개인,,,"197,000",8,3,2025,중개거래,서울 서초구,102.93,22,485-3,1,N,25.06.13,남부순환로,02183,00000,2000003,01,11650,0,11650,개인,10100,방배동,197000.0,2025-03-08
1417,101,신반포청구,11650-141,63,2,1998,개인,,,"280,000",8,3,2025,중개거래,서울 서초구,84.86,8,63-2,1,N,25.06.19,신반포로33길,00066,00000,4163453,01,11650,0,11650,개인,10600,잠원동,280000.0,2025-03-08
1418,310,서초네이처힐3단지,11650-3864,717,0,2013,개인,,,"147,000",3,3,2025,중개거래,서울 서초구,84.84,2,717,1,N,25.05.02,태봉로2길,00060,00000,4163582,01,11650,0,11650,개인,10300,우면동,147000.0,2025-03-03
1419,104동,방배아트자이,11650-4706,3278,0,2018,개인,,,"210,000",8,3,2025,중개거래,서울 서초구,59.9775,5,3278,1,N,25.05.30,명달로9길,00057,00000,4163195,00,11650,0,11650,개인,10100,방배동,210000.0,2025-03-08
1420,102,동부센트레빌,11650-659,3275,0,2004,개인,,,"280,000",6,3,2025,중개거래,서울 서초구,134.04,21,3275,1,N,25.04.29,방배로,00278,00000,3121010,01,11650,0,11650,개인,10100,방배동,280000.0,2025-03-06
1421,309,반포미도,11650-172,60,4,1987,개인,,,"320,000",1,3,2025,중개거래,서울 서초구,84.96,2,60-4,1,N,25.05.30,서초중앙로29길,00028,00000,4163713,01,11650,0,11650,개인,10700,반포동,320000.0,2025-03-01
1422,A,서초트라팰리스,11650-3238,1344,13,2005,개인,,,"187,000",3,3,2025,중개거래,서울 서초구,95.58,11,1344-13,1,N,25.04.08,효령로72길,00057,00000,4163657,01,11650,0,11650,개인,10800,서초동,187000.0,2025-03-03
1423,308,반포미도,11650-172,60,4,1987,개인,,,"310,000",8,3,2025,중개거래,서울 서초구,84.96,14,60-4,1,N,25.05.12,서초중앙로29길,00028,00000,4163713,01,11650,0,11650,개인,10700,반포동,310000.0,2025-03-08
1424,101,서초동현대리츠빌,11650-741,1359,0,2002,개인,,,"210,000",8,3,2025,중개거래,서울 서초구,163.51,6,1359,1,N,25.03.20,강남대로43길,00051,00000,4163020,01,11650,0,11650,개인,10800,서초동,210000.0,2025-03-08
1425,101,반포힐스테이트,11650-3687,16,6,2012,개인,,,"450,000",6,3,2025,중개거래,서울 서초구,155.38,12,16-6,1,N,25.07.04,신반포로16길,00015,00020,4163754,01,11650,0,11650,개인,10700,반포동,450000.0,2025-03-06
1426,324,신반포12,11650-110,50,5,1982,개인,,,"307,000",8,3,2025,중개거래,서울 서초구,105.36,10,50-5,1,N,25.06.30,잠원로14길,00041,00000,4163526,01,11650,0,11650,개인,10600,잠원동,307000.0,2025-03-08
1427,102,서초래미안,11650-523,1682,0,2003,개인,,,"248,000",8,3,2025,중개거래,서울 서초구,111.32,5,1682,1,N,25.04.30,서초대로65길,00013,00010,4163425,01,11650,0,11650,개인,10800,서초동,248000.0,2025-03-08
1428,114동,아크로리버파크,11650-4440,2,12,2016,개인,,,"600,000",1,3,2025,중개거래,"서울 동작구, 서울 서초구",112.93,2,2-12,1,N,25.04.29,신반포로15길,00019,00000,4163450,00,11650,0,11650,개인,10700,반포동,600000.0,2025-03-01
1429,,신영체르니,11650-461,90,0,2002,개인,,,"52,500",8,3,2025,중개거래,서울 서초구,35.91,7,90,1,N,25.04.25,논현로27길,00057,00000,4163097,01,11650,0,11650,개인,10200,양재동,52500.0,2025-03-08
1430,1,이연아마빌레,11650-827,814,31,2006,개인,,,"145,000",1,3,2025,중개거래,서울 서초구,84.286,3,814-31,1,N,25.05.21,동광로,00062,00000,3121004,01,11650,0,11650,개인,10100,방배동,145000.0,2025-03-01
1431,7,삼풍아파트,11650-28,1685,0,1988,개인,,,"300,000",4,3,2025,중개거래,서울 서초구,79.47,11,1685,1,N,25.06.16,서초중앙로,00200,00000,3121024,03,11650,0,11650,개인,10800,서초동,300000.0,2025-03-04
1432,,신화,11650-132,54,7,1997,개인,,,"219,000",5,3,2025,중개거래,서울 서초구,84.85,3,54-7,1,N,25.07.15,잠원로14길,00054,00000,4163526,01,11650,0,11650,개인,10600,잠원동,219000.0,2025-03-05
1433,101동,래미안신반포팰리스,11650-4439,158,0,2016,개인,,,"457,500",4,3,2025,중개거래,서울 서초구,133.04,3,158,1,N,25.06.26,잠원로8길,00035,00000,4163529,00,11650,0,11650,개인,10600,잠원동,457500.0,2025-03-04
1434,123,래미안원베일리,11650-5126,1,0,2023,개인,,,"700,000",3,3,2025,중개거래,서울 서초구,84.96,12,1,1,N,25.12.31,반포대로,00333,00000,2121003,00,11650,,11650,개인,10700,반포동,700000.0,2025-03-03
1435,209,서초힐스,11650-3821,773,0,2012,개인,,,"154,000",4,3,2025,중개거래,"경기 화성시 동탄구, 서울 서초구",84.95,17,773,1,N,25.05.29,양재대로2길,00090,00000,4163748,01,11650,0,11650,개인,10300,우면동,154000.0,2025-03-04
1436,107동,서초그랑자이,11650-4969,1757,0,2021,개인,,,"440,000",3,3,2025,중개거래,서울 서초구,119.41,19,1757,1,N,25.06.05,효령로,00391,00000,3121021,00,11650,,11650,개인,10800,서초동,440000.0,2025-03-03
1437,2,아남,11650-54,1641,13,1989,개인,,,"175,000",3,3,2025,중개거래,서울 서초구,84.96,5,1641-13,1,N,25.06.05,사임당로23길,00053,00000,4163318,01,11650,0,11650,개인,10800,서초동,175000.0,2025-03-03
1438,,래미안원베일리,11650-5126,1,0,2023,개인,,,"385,000",8,3,2025,중개거래,서울 서초구,59.96,8,1,1,N,,반포대로,00333,00000,2121003,00,11650,,11650,개인,10700,반포동,385000.0,2025-03-08
1439,303,서초포레스타3단지,11650-4040,568,0,2014,개인,,,"134,600",3,3,2025,중개거래,서울 서초구,59.96,9,568,1,N,25.06.30,헌릉로8길,00022,00000,4163749,01,11650,0,11650,개인,11100,신원동,134600.0,2025-03-03
1440,511,서초포레스타5단지,11650-4026,579,0,2014,개인,,,"184,500",3,3,2025,중개거래,서울 서초구,84.51,4,579,1,N,25.05.29,청계산로7길,00043,00000,4163750,01,11650,0,11650,개인,11100,신원동,184500.0,2025-03-03
1441,,현대이에스에이아파트,11650-532,1338,0,2002,개인,,,"121,000",1,3,2025,중개거래,서울 송파구,163.95,4,1338,1,N,25.03.28,효령로77길,00020,00000,4163659,01,11650,0,11650,개인,10800,서초동,121000.0,2025-03-01
1442,,롯데캐슬아르떼,11650-4044,424,28,2013,개인,25.03.21,O,"215,000",3,3,2025,중개거래,서울 서초구,59.9742,2,424-28,1,N,,방배천로18길,00011,00000,4163687,01,11650,0,11650,개인,10100,방배동,215000.0,2025-03-03
1443,104,서초교대e편한세상,11650-3579,1686,9,2010,개인,,,"301,000",1,3,2025,중개거래,서울 서초구,110.32,8,1686-9,1,N,25.09.30,서초중앙로24길,00033,00000,4163710,01,11650,0,11650,개인,10800,서초동,301000.0,2025-03-01
1444,208,서초힐스,11650-3821,773,0,2012,개인,,,"155,000",1,3,2025,중개거래,서울 서초구,84.96,4,773,1,N,25.06.27,양재대로2길,00090,00000,4163748,01,11650,0,11650,개인,10300,우면동,155000.0,2025-03-01
1445,104,서초교대e편한세상,11650-3579,1686,9,2010,개인,,,"230,000",1,3,2025,중개거래,서울 서초구,59.9,8,1686-9,1,N,25.06.02,서초중앙로24길,00033,00000,4163710,01,11650,0,11650,개인,10800,서초동,230000.0,2025-03-01
1446,101,반포자이,11650-3500,20,43,2009,개인,,,"425,000",8,3,2025,중개거래,서울 서초구,84.943,2,20-43,1,N,25.06.30,신반포로,00270,00000,3121017,02,11650,0,11650,개인,10700,반포동,425000.0,2025-03-08
1447,101,삼환나띠르빌(1002-21),11650-656,1002,21,2003,개인,,,"139,800",21,3,2025,중개거래,서울 서초구,92.93,6,1002-21,1,N,25.05.27,명달로,00033,00000,3121008,01,11650,0,11650,개인,10100,방배동,139800.0,2025-03-21
1448,,대림서초리시온,11650-605,1671,5,2003,개인,,,"56,500",20,4,2025,직거래,,49.92,4,1671-5,1,N,25.07.03,서초중앙로22길,00025,00000,4163707,01,11650,0,11650,개인,10800,서초동,56500.0,2025-04-20
1449,113,신반포2,11650-117,73,0,1978,개인,,,"390,000",12,4,2025,중개거래,서울 서초구,79.42,6,73,1,N,25.06.30,신반포로23길,00041,00000,4163452,01,11650,0,11650,개인,10600,잠원동,390000.0,2025-04-12
1450,128,래미안퍼스티지,11650-3559,18,1,2009,개인,,,"450,000",29,4,2025,중개거래,서울 서초구,84.93,8,18-1,1,N,25.08.07,반포대로,00275,00000,2121003,02,11650,0,11650,개인,10700,반포동,450000.0,2025-04-29
1451,108동,래미안 리더스원,11650-4887,1755,0,2020,개인,,,"340,000",23,4,2025,중개거래,"서울 강남구, 서울 서초구",74.9,5,1755,1,N,25.08.01,서운로,00062,00000,3121016,00,11650,,11650,개인,10800,서초동,340000.0,2025-04-23
1452,101,현대,11650-152,53,0,1993,개인,,,"243,000",29,4,2025,중개거래,서울 서초구,84.87,5,53,1,N,25.08.08,잠원로12길,00004,00000,4163525,01,11650,0,11650,개인,10600,잠원동,243000.0,2025-04-29
1453,,옥스포드빌라트,11650-600,1514,6,2003,개인,25.07.01,O,"105,000",25,4,2025,중개거래,서울 서초구,76.41,5,1514-6,1,N,,명달로20길,00025,00000,4163187,01,11650,0,11650,개인,10800,서초동,105000.0,2025-04-25
1454,,방배대우디오빌,11650-3191,866,20,2005,개인,,,"30,000",28,4,2025,중개거래,서울 서초구,29.6,14,866-20,1,N,25.08.25,서초대로,00017,00000,2121002,01,11650,0,11650,개인,10100,방배동,30000.0,2025-04-28
1455,,서초이오빌,11650-521,1593,7,2003,개인,,,"39,700",24,4,2025,중개거래,서울 서초구,43.2,12,1593-7,1,N,25.06.12,효령로53길,00045,00000,4163646,01,11650,0,11650,개인,10800,서초동,39700.0,2025-04-24
1456,102,방배브라운가,11650-569,930,1,2006,개인,,,"167,000",25,4,2025,중개거래,서울 서초구,84.94,3,930-1,1,N,25.08.25,방배로19길,00067,00000,4163255,01,11650,0,11650,개인,10100,방배동,167000.0,2025-04-25
1457,104,래미안방배아트힐(1008-2),11650-658,1008,2,2004,개인,,,"240,000",25,4,2025,중개거래,서울 서초구,127.31,10,1008-2,1,N,25.07.25,남부순환로,02311,00012,2000003,01,11650,0,11650,개인,10100,방배동,240000.0,2025-04-25
1458,B,서초트라팰리스,11650-3238,1344,13,2005,개인,,,"135,000",26,4,2025,중개거래,서울 서초구,73.42,6,1344-13,1,N,25.07.23,효령로72길,00057,00000,4163657,01,11650,0,11650,개인,10800,서초동,135000.0,2025-04-26
1459,501,서초5차e편한세상,11650-3225,1467,62,2005,개인,,,"238,000",28,4,2025,중개거래,서울 서초구,158.24,10,1467-62,1,N,25.06.13,명달로4길,00030,00000,4163192,01,11650,0,11650,개인,10800,서초동,238000.0,2025-04-28
1460,,대림서초리시온,11650-605,1671,5,2003,개인,,,"37,900",21,4,2025,중개거래,서울 서초구,29.76,11,1671-5,1,N,25.06.26,서초중앙로22길,00025,00000,4163707,01,11650,0,11650,개인,10800,서초동,37900.0,2025-04-21
1461,501,서초포레스타5단지,11650-4026,579,0,2014,개인,,,"160,000",29,4,2025,중개거래,"서울 강남구, 서울 서초구",59.93,14,579,1,N,25.07.11,청계산로7길,00043,00000,4163750,01,11650,0,11650,개인,11100,신원동,160000.0,2025-04-29
1462,103,서초호반써밋,11650-3963,753,0,2013,개인,,,"177,000",24,4,2025,중개거래,서울 서초구,101.0109,16,753,1,N,25.06.19,양재대로2길,00109,00000,4163748,01,11650,0,11650,개인,10300,우면동,177000.0,2025-04-24
1463,102,현대멤피스,11650-373,772,13,2001,개인,,,"250,000",17,4,2025,중개거래,서울 서초구,133.31,9,772-13,1,N,25.08.22,방배로,00239,00000,3121010,01,11650,0,11650,개인,10100,방배동,250000.0,2025-04-17
1464,,밀라텔쉐르빌,11650-21,1316,31,2001,개인,,,"87,000",15,4,2025,중개거래,서울 서초구,65.32,19,1316-31,1,N,25.07.01,강남대로61길,00017,00000,4163028,01,11650,0,11650,개인,10800,서초동,87000.0,2025-04-15
1465,풍림아이원플러스,풍림아이원플러스,11650-701,1338,1,2004,개인,,,"37,000",24,4,2025,중개거래,서울 서초구,35.903,8,1338-1,1,N,25.08.14,효령로77길,00014,00000,4163659,01,11650,0,11650,개인,10800,서초동,37000.0,2025-04-24
1466,,신반포2,11650-117,73,0,1978,개인,25.05.30,O,"345,000",8,4,2025,중개거래,서울 서초구,68.91,9,73,1,N,,신반포로23길,00041,00000,4163452,01,11650,0,11650,개인,10600,잠원동,345000.0,2025-04-08
1467,1,훼미리타운,11650-3820,932,34,2012,개인,,,"61,000",25,4,2025,중개거래,서울 서초구,40.39,5,932-34,1,N,25.05.30,방배로19길,00040,00000,4163255,01,11650,0,11650,개인,10100,방배동,61000.0,2025-04-25
1468,,서초이오빌,11650-521,1593,7,2003,개인,,,"35,200",18,4,2025,중개거래,서울 서초구,36.66,6,1593-7,1,N,25.05.09,효령로53길,00045,00000,4163646,01,11650,0,11650,개인,10800,서초동,35200.0,2025-04-18
1469,106,서초더샵포레,11650-4063,411,0,2014,개인,,,"180,000",19,4,2025,중개거래,서울 서초구,101.34,12,411,1,N,25.05.29,헌릉로8길,00058,00000,4163749,02,11650,0,11650,개인,10900,내곡동,180000.0,2025-04-19
1470,101,신반포르엘,11650-5121,165,0,2023,개인,,,"450,000",8,4,2025,중개거래,서울 서초구,118.97,2,165,1,N,25.10.20,잠원로14길,00042,00000,4163526,01,11650,0,11650,법인,10600,잠원동,450000.0,2025-04-08
1471,109,서초래미안,11650-523,1682,0,2003,개인,,,"293,000",23,4,2025,중개거래,서울 서초구,126.31,18,1682,1,N,25.06.30,서초대로65길,00013,00010,4163425,01,11650,0,11650,개인,10800,서초동,293000.0,2025-04-23
1472,,서초동삼성쉐르빌2,11650-608,1330,0,2002,개인,,,"34,000",29,4,2025,중개거래,서울 서초구,35.22,13,1330,1,N,25.06.27,강남대로53길,00011,00000,4163026,01,11650,0,11650,개인,10800,서초동,34000.0,2025-04-29
1473,,서초이오빌,11650-521,1593,7,2003,개인,,,"39,500",18,4,2025,중개거래,서울 서초구,45.96,11,1593-7,1,N,25.05.30,효령로53길,00045,00000,4163646,01,11650,0,11650,개인,10800,서초동,39500.0,2025-04-18
1474,102,롯데캐슬갤럭시,11650-155,50,0,2002,개인,,,"340,000",24,4,2025,중개거래,"서울 서초구, 서울 성동구",106.15,13,50,1,N,25.06.30,잠원로14길,00003,00000,4163526,01,11650,0,11650,개인,10600,잠원동,340000.0,2025-04-24
1475,,래미안퍼스티지,11650-3559,18,1,2009,개인,25.05.29,O,"450,000",29,4,2025,중개거래,서울 서초구,84.93,8,18-1,1,N,,반포대로,00275,00000,2121003,02,11650,0,11650,개인,10700,반포동,450000.0,2025-04-29
1476,103동,래미안신반포팰리스,11650-4439,158,0,2016,개인,,,"439,000",28,4,2025,중개거래,서울 서초구,104.08,19,158,1,N,25.08.08,잠원로8길,00035,00000,4163529,00,11650,0,11650,개인,10600,잠원동,439000.0,2025-04-28
1477,,서초트레져,11650-3252,1492,5,2005,개인,,,"225,000",30,4,2025,중개거래,서울 강남구,216.08,1,1492-5,1,N,25.05.16,명달로,00079,00000,3121008,02,11650,0,11650,개인,10800,서초동,225000.0,2025-04-30
1478,,엘루크방배서리풀,11650-5150,3284,0,2024,개인,,,"148,900",17,4,2025,직거래,,48.17,4,3284,1,N,25.08.13,효령로31길,00031,00000,4163632,00,11650,,11650,법인,10100,방배동,148900.0,2025-04-17
1479,,엘루크방배서리풀,11650-5150,3284,0,2024,개인,26.01.05,O,"147,400",17,4,2025,직거래,,48.16,6,3284,1,N,,효령로31길,00031,00000,4163632,00,11650,,11650,법인,10100,방배동,147400.0,2025-04-17
1480,,서초이오빌,11650-521,1593,7,2003,개인,,,"43,500",22,4,2025,중개거래,서울 서초구,45.96,19,1593-7,1,N,25.06.27,효령로53길,00045,00000,4163646,01,11650,0,11650,개인,10800,서초동,43500.0,2025-04-22
1481,707,서초포레스타7단지,11650-3954,615,0,2013,개인,,,"146,000",22,4,2025,중개거래,서울 서초구,59.94,7,615,1,N,25.06.09,청계산로11길,00007,00012,4163752,01,11650,0,11650,개인,11100,신원동,146000.0,2025-04-22
1482,,엘루크방배서리풀,11650-5150,3284,0,2024,개인,26.01.05,O,"147,400",17,4,2025,직거래,,47.99,7,3284,1,N,,효령로31길,00031,00000,4163632,00,11650,,11650,법인,10100,방배동,147400.0,2025-04-17
1483,,엘루크방배서리풀,11650-5150,3284,0,2024,개인,26.01.30,O,"147,400",17,4,2025,직거래,,47.99,8,3284,1,N,,효령로31길,00031,00000,4163632,00,11650,,11650,법인,10100,방배동,147400.0,2025-04-17
1484,래미안 서초유니빌,래미안서초유니빌,11650-518,1445,4,2003,개인,,,"49,000",10,4,2025,중개거래,서울 서초구,45.255,13,1445-4,1,N,25.07.03,서초중앙로,00026,00000,3121024,03,11650,0,11650,개인,10800,서초동,49000.0,2025-04-10
1485,101,서리풀e편한세상,11650-3573,906,13,2010,개인,,,"280,000",25,4,2025,중개거래,"서울 동작구, 서울 서초구",84.97,9,906-13,1,N,25.06.26,효령로33길,00050,00000,4163633,01,11650,0,11650,개인,10100,방배동,280000.0,2025-04-25
1486,107,서초더샵포레,11650-4063,411,0,2014,개인,,,"203,000",25,4,2025,중개거래,서울 서초구,114.68,14,411,1,N,25.05.09,헌릉로8길,00058,00000,4163749,02,11650,0,11650,개인,10900,내곡동,203000.0,2025-04-25
1487,,신반포2,11650-117,73,0,1978,개인,25.06.17,O,"390,000",12,4,2025,중개거래,서울 서초구,79.42,6,73,1,N,,신반포로23길,00041,00000,4163452,01,11650,0,11650,개인,10600,잠원동,390000.0,2025-04-12
1488,,롯데캐슬갤럭시,11650-155,50,0,2002,개인,25.04.30,O,"340,000",24,4,2025,중개거래,"서울 서초구, 서울 성동구",106.15,13,50,1,N,,잠원로14길,00003,00000,4163526,01,11650,0,11650,개인,10600,잠원동,340000.0,2025-04-24
1489,6차,상지리츠빌(6),11650-713,1491,31,2004,개인,,,"180,800",23,4,2025,중개거래,서울 서초구,143.78,4,1491-31,1,N,25.08.01,명달로13길,00021,00000,4163182,01,11650,0,11650,개인,10800,서초동,180800.0,2025-04-23
1490,107동,서초그랑자이,11650-4969,1757,0,2021,개인,,,"435,000",16,4,2025,중개거래,서울 서초구,119.41,7,1757,1,N,25.07.10,효령로,00391,00000,3121021,00,11650,,11650,개인,10800,서초동,435000.0,2025-04-16
1491,108동,래미안 리더스원,11650-4887,1755,0,2020,개인,,,"370,000",21,4,2025,중개거래,서울 서초구,84.94,18,1755,1,N,25.07.21,서운로,00062,00000,3121016,00,11650,,11650,개인,10800,서초동,370000.0,2025-04-21
1492,102,힐스테이트서초젠트리스,11650-4103,557,0,2014,개인,,,"180,000",24,4,2025,중개거래,서울 서초구,84.99,7,557,1,N,25.06.16,헌릉로8길,00010,00012,4163749,01,11650,0,11650,개인,11100,신원동,180000.0,2025-04-24
1493,110,우성,11650-440,154,2,1991,개인,,,"153,000",17,4,2025,중개거래,서울 서초구,73.15,8,154-2,1,N,25.05.26,바우뫼로,00091,00000,3121009,01,11650,0,11650,개인,10200,양재동,153000.0,2025-04-17
1494,,두산위브(1362),11650-3250,1362,0,2005,개인,,,"117,000",23,4,2025,중개거래,"서울 강남구, 서울 서초구",73.08,6,1362,1,N,25.07.07,강남대로39길,00005,00000,4163018,01,11650,0,11650,개인,10800,서초동,117000.0,2025-04-23
1495,,엘루크방배서리풀,11650-5150,3284,0,2024,개인,,,"149,900",17,4,2025,직거래,,48.16,13,3284,1,N,25.08.27,효령로31길,00031,00000,4163632,00,11650,,11650,법인,10100,방배동,149900.0,2025-04-17
1496,,엘루크방배서리풀,11650-5150,3284,0,2024,개인,,,"149,900",14,4,2025,직거래,,47.99,12,3284,1,N,25.11.20,효령로31길,00031,00000,4163632,00,11650,,11650,법인,10100,방배동,149900.0,2025-04-14
1497,101동,서초그랑자이,11650-4969,1757,0,2021,개인,,,"385,000",19,4,2025,중개거래,서울 서초구,84.84,26,1757,1,N,25.06.30,효령로,00391,00000,3121021,00,11650,,11650,개인,10800,서초동,385000.0,2025-04-19
1498,101,신반포자이,11650-4675,160,0,2018,개인,,,"490,000",22,4,2025,중개거래,"서울 동대문구, 서울 서초구",114.94,18,160,1,N,25.04.29,잠원로,00060,00000,3121019,01,11650,0,11650,개인,10600,잠원동,490000.0,2025-04-22
1499,A동,강남태영데시앙루브,11650-3217,1303,35,2005,개인,,,"119,000",18,4,2025,중개거래,"서울 강동구, 서울 서초구",84.2,13,1303-35,1,N,25.05.02,강남대로,00455,00000,2102001,04,11650,0,11650,개인,10800,서초동,119000.0,2025-04-18
1500,,서초동삼성쉐르빌2,11650-608,1330,0,2002,개인,,,"30,000",4,4,2025,중개거래,서울 서초구,35.22,13,1330,1,N,25.05.15,강남대로53길,00011,00000,4163026,01,11650,0,11650,개인,10800,서초동,30000.0,2025-04-04
1501,20,삼풍아파트,11650-28,1685,0,1988,개인,,,"419,000",18,4,2025,중개거래,서울 서초구,165.92,9,1685,1,N,25.04.30,서초중앙로,00200,00000,3121024,03,11650,0,11650,개인,10800,서초동,419000.0,2025-04-18
1502,701,서초네이처힐7단지,11650-3703,735,0,2011,개인,,,"131,500",17,4,2025,중개거래,서울 서초구,59.99,16,735,1,N,25.08.08,태봉로2길,00010,00000,4163582,01,11650,0,11650,개인,10300,우면동,131500.0,2025-04-17
1503,101,우솔마을서초리슈빌S아파트,11650-4065,764,0,2014,개인,,,"30,000",16,4,2025,중개거래,서울 동작구,25.17,8,764,1,N,25.05.26,양재대로2길,00100,00011,4163748,01,11650,0,11650,개인,10300,우면동,30000.0,2025-04-16
1504,205,서초힐스,11650-3821,773,0,2012,개인,,,"138,000",16,4,2025,중개거래,"서울 동대문구, 서울 서초구",59.97,12,773,1,N,25.06.25,양재대로2길,00090,00000,4163748,01,11650,0,11650,개인,10300,우면동,138000.0,2025-04-16
1505,101,동원베네스트아파트,11650-88,1350,13,2002,개인,,,"190,000",15,4,2025,중개거래,서울 서초구,120.81,11,1350-13,1,N,25.07.08,효령로74길,00057,00000,4163658,01,11650,0,11650,법인,10800,서초동,190000.0,2025-04-15
1506,한라비발디스튜디오193,한라비발디스튜디오193,11650-3926,1363,25,2013,개인,,,"26,000",4,4,2025,중개거래,서울 강남구,19.99,11,1363-25,1,N,25.05.27,강남대로39길,00015,00010,4163018,01,11650,0,11650,개인,10800,서초동,26000.0,2025-04-04
1507,2,진흥아파트,11650-66,1315,0,1979,개인,,,"270,000",3,4,2025,중개거래,서울 서초구,101.32,14,1315,1,N,25.09.04,서초대로,00385,00000,2121002,02,11650,0,11650,개인,10800,서초동,270000.0,2025-04-03
1508,102동,서초센트럴IPARK,11650-4827,1582,3,2020,개인,,,"185,000",14,4,2025,중개거래,서울 서초구,80.5154,33,1582-3,1,N,25.04.15,반포대로18길,00036,00000,4163228,00,11650,0,11650,개인,10800,서초동,185000.0,2025-04-14
1509,101동,래미안서초에스티지,11650-4470,1332,13,2016,개인,,,"305,000",11,4,2025,중개거래,"서울 강남구, 서울 서초구",83.6,6,1332-13,1,N,25.07.23,서운로,00107,00000,3121016,00,11650,0,11650,개인,10800,서초동,305000.0,2025-04-11
1510,104,서초래미안,11650-523,1682,0,2003,개인,,,"300,000",31,5,2025,중개거래,서울 서초구,127.66,17,1682,1,N,25.08.29,서초대로65길,00013,00010,4163425,01,11650,0,11650,개인,10800,서초동,300000.0,2025-05-31
1511,109동,래미안 리더스원,11650-4887,1755,0,2020,개인,,,"403,000",30,5,2025,중개거래,서울 서초구,114.7,12,1755,1,N,25.07.31,서운로,00062,00000,3121016,00,11650,,11650,개인,10800,서초동,403000.0,2025-05-30
1512,301,서초4현대,11650-30,1684,0,2000,개인,,,"217,000",15,5,2025,중개거래,서울 서초구,84.99,3,1684,1,N,25.09.04,고무래로,00094,00000,3121001,02,11650,0,11650,개인,10800,서초동,217000.0,2025-05-15
1513,202,신반포4,11650-125,70,0,1979,개인,,,"470,000",24,5,2025,중개거래,서울 서초구,105.89,5,70,1,N,25.07.18,잠원로,00037,00048,3121019,01,11650,0,11650,개인,10600,잠원동,470000.0,2025-05-24
1514,,옥스포드빌라트,11650-600,1514,6,2003,개인,,,"105,000",9,5,2025,중개거래,서울 서초구,76.41,5,1514-6,1,N,25.07.02,명달로20길,00025,00000,4163187,01,11650,0,11650,개인,10800,서초동,105000.0,2025-05-09
1515,112,신반포2,11650-117,73,0,1978,개인,,,"350,000",17,5,2025,중개거래,경기 용인시 기흥구,68.91,8,73,1,N,25.09.09,신반포로23길,00041,00000,4163452,01,11650,0,11650,개인,10600,잠원동,350000.0,2025-05-17
1516,,방배대우디오빌,11650-3191,866,20,2005,개인,,,"30,500",30,5,2025,중개거래,서울 서초구,29.6,15,866-20,1,N,25.07.15,서초대로,00017,00000,2121002,01,11650,0,11650,개인,10100,방배동,30500.0,2025-05-30
1517,D,현대슈퍼빌,11650-519,1446,11,2003,개인,,,"280,000",12,5,2025,중개거래,서울 영등포구,185.02,19,1446-11,1,N,25.07.21,서초중앙로,00015,00000,3121024,03,11650,0,11650,개인,10800,서초동,280000.0,2025-05-12
1518,101,유원서초,11650-62,1687,0,1993,개인,,,"225,000",3,5,2025,중개거래,서울 서초구,84.82,10,1687,1,N,25.08.05,서초중앙로24길,00043,00000,4163710,01,11650,0,11650,개인,10800,서초동,225000.0,2025-05-03
1519,106,방배우성,11650-331,2525,0,1991,개인,,,"181,000",31,5,2025,중개거래,서울 서초구,80.2,5,2525,1,N,25.09.10,방배선행길,00001,00000,4163671,01,11650,0,11650,개인,10100,방배동,181000.0,2025-05-31
1520,201동,경남아너스빌201동,11650-3257,1456,2,2006,개인,,,"178,000",27,5,2025,중개거래,서울 서초구,84.95,4,1456-2,1,N,25.09.08,반포대로10길,00042,00000,4163222,01,11650,0,11650,개인,10800,서초동,178000.0,2025-05-27
1521,101,동부센트레빌,11650-659,3275,0,2004,개인,,,"230,350",26,5,2025,중개거래,서울 동작구,134.04,20,3275,1,N,25.06.27,방배로,00278,00000,3121010,01,11650,0,11650,개인,10100,방배동,230350.0,2025-05-26
1522,110,반포래미안아이파크,11650-4678,1341,0,2018,개인,,,"495,000",23,5,2025,중개거래,서울 서초구,130.92,16,1341,1,N,25.08.27,서초중앙로,00220,00000,3121024,02,11650,0,11650,개인,10700,반포동,495000.0,2025-05-23
1523,.,DK밸리뷰서초2차,11650-4996,1597,6,2022,개인,,,"49,800",30,5,2025,중개거래,서울 서초구,28.58,15,1597-6,1,N,25.06.26,사임당로,00034,00000,3121014,00,11650,0,11650,개인,10800,서초동,49800.0,2025-05-30
1524,20,현대아파트,11650-85,1346,0,1989,개인,,,"212,000",29,5,2025,중개거래,서울 서초구,84.33,15,1346,1,N,25.09.05,효령로68길,00013,00000,4163654,00,11650,,11650,개인,10800,서초동,212000.0,2025-05-29
1525,110,래미안방배아트힐(1008-2),11650-658,1008,2,2004,개인,,,"266,000",28,5,2025,중개거래,서울 서초구,174.5,18,1008-2,1,N,25.08.29,남부순환로,02311,00012,2000003,01,11650,0,11650,개인,10100,방배동,266000.0,2025-05-28
1526,105,서초래미안,11650-523,1682,0,2003,개인,,,"279,000",30,5,2025,중개거래,서울 서초구,84.95,17,1682,1,N,25.09.15,서초대로65길,00013,00010,4163425,01,11650,0,11650,개인,10800,서초동,279000.0,2025-05-30
1527,2,진흥아파트,11650-66,1315,0,1979,개인,,,"298,000",31,5,2025,중개거래,서울 서초구,101.32,10,1315,1,N,25.09.10,서초대로,00385,00000,2121002,02,11650,0,11650,개인,10800,서초동,298000.0,2025-05-31
1528,101,서초더샵포레,11650-4063,411,0,2014,개인,,,"128,000",16,5,2025,중개거래,서울 서초구,59.94,6,411,1,N,25.06.24,헌릉로8길,00058,00000,4163749,02,11650,0,11650,개인,10900,내곡동,128000.0,2025-05-16
1529,B,아크로비스타,11650-724,1685,3,2004,개인,,,"350,000",24,5,2025,중개거래,서울 서초구,174.78,11,1685-3,1,N,25.09.30,서초중앙로,00188,00000,3121024,03,11650,0,11650,개인,10800,서초동,350000.0,2025-05-24
1530,105,동아,11650-102,157,0,2002,개인,,,"348,000",23,5,2025,중개거래,서울 서초구,84.91,19,157,1,N,25.08.27,신반포로33길,00015,00000,4163453,01,11650,0,11650,개인,10600,잠원동,348000.0,2025-05-23
1531,105,반포센트럴자이,11650-4805,162,0,2020,개인,,,"500,000",31,5,2025,중개거래,서울 서초구,98.96,25,162,1,N,25.08.29,반포대로,00310,00006,2121003,01,11650,0,11650,개인,10600,잠원동,500000.0,2025-05-31
1532,102동,서초센트럴IPARK,11650-4827,1582,3,2020,개인,,,"168,500",30,5,2025,중개거래,서울 강남구,80.5154,15,1582-3,1,N,25.10.17,반포대로18길,00036,00000,4163228,00,11650,0,11650,개인,10800,서초동,168500.0,2025-05-30
1533,102동,서초센트럴IPARK,11650-4827,1582,3,2020,개인,,,"168,000",21,5,2025,중개거래,서울 서초구,80.5098,12,1582-3,1,N,25.09.30,반포대로18길,00036,00000,4163228,00,11650,0,11650,개인,10800,서초동,168000.0,2025-05-21
1534,326,신반포12,11650-110,50,5,1982,개인,,,"233,000",29,5,2025,중개거래,"서울 강남구, 서울 서초구",55.45,5,50-5,1,N,25.08.01,잠원로14길,00041,00000,4163526,01,11650,0,11650,개인,10600,잠원동,233000.0,2025-05-29
1535,103,방배그랑자이,11650-4970,3283,0,2021,개인,,,"303,000",30,5,2025,중개거래,"서울 서초구, 서울 영등포구",84.972,5,3283,1,N,25.07.31,방배로,00021,00000,3121010,00,11650,0,11650,개인,10100,방배동,303000.0,2025-05-30
1536,104,반포자이,11650-3500,20,43,2009,개인,,,"573,000",29,5,2025,중개거래,서울 서초구,132.439,8,20-43,1,N,25.10.14,신반포로,00270,00000,3121017,02,11650,0,11650,개인,10700,반포동,573000.0,2025-05-29
1537,324,신반포12,11650-110,50,5,1982,개인,,,"323,000",20,5,2025,중개거래,서울 서초구,105.36,2,50-5,1,N,25.07.04,잠원로14길,00041,00000,4163526,01,11650,0,11650,개인,10600,잠원동,323000.0,2025-05-20
1538,304,서초포레스타3단지,11650-4040,568,0,2014,개인,,,"200,000",16,5,2025,중개거래,서울 서초구,114.81,14,568,1,N,25.08.11,헌릉로8길,00022,00000,4163749,01,11650,0,11650,개인,11100,신원동,200000.0,2025-05-16
1539,108동,아크로리버파크,11650-4440,2,12,2016,개인,,,"380,000",28,5,2025,중개거래,서울 서초구,59.97,6,2-12,1,N,25.09.18,신반포로15길,00019,00000,4163450,00,11650,0,11650,개인,10700,반포동,380000.0,2025-05-28
1540,,신반포2,11650-117,73,0,1978,개인,25.09.04,O,"490,000",28,5,2025,중개거래,서울 서초구,93.71,12,73,1,N,,신반포로23길,00041,00000,4163452,01,11650,0,11650,개인,10600,잠원동,490000.0,2025-05-28
1541,A,현대ESA2,11650-601,1542,6,2003,법인,,,"195,000",19,5,2025,직거래,,136.25,12,1542-6,1,N,25.06.12,반포대로,00122,00000,2121003,03,11650,0,11650,개인,10800,서초동,195000.0,2025-05-19
1542,케이티파라곤,서초파라곤,11650-3235,1327,29,2005,개인,,,"160,000",29,5,2025,중개거래,서울 서초구,109.73,11,1327-29,1,N,25.08.12,서초대로74길,00029,00000,4163433,01,11650,0,11650,개인,10800,서초동,160000.0,2025-05-29
1543,102,서초교대e편한세상,11650-3579,1686,9,2010,개인,,,"285,000",30,5,2025,중개거래,서울 서초구,84.68,11,1686-9,1,N,25.08.29,서초중앙로24길,00033,00000,4163710,01,11650,0,11650,개인,10800,서초동,285000.0,2025-05-30
1544,101,서초한빛삼성,11650-42,1509,1,1999,개인,,,"148,000",23,5,2025,중개거래,서울 서초구,59.52,18,1509-1,1,N,25.07.31,서초대로40길,00072,00000,4163406,01,11650,0,11650,개인,10800,서초동,148000.0,2025-05-23
1545,101,신원아침도시(1420),11650-3219,1420,18,2005,개인,,,"164,000",20,5,2025,중개거래,"서울 강남구, 서울 서초구",84.34,11,1420-18,1,N,25.07.21,남부순환로337가길,00052,00000,4163077,01,11650,0,11650,개인,10800,서초동,164000.0,2025-05-20
1546,106동,반포써밋,11650-4703,1342,0,2018,개인,,,"295,000",6,5,2025,중개거래,"서울 마포구, 서울 서초구",59.3264,6,1342,1,N,25.07.15,고무래로,00089,00000,3121001,00,11650,0,11650,개인,10700,반포동,295000.0,2025-05-06
1547,503,반포미도2차아파트,11650-173,60,5,1989,개인,,,"251,000",16,5,2025,중개거래,서울 서초구,71.49,12,60-5,1,N,25.09.15,사평대로,00240,00000,2121001,02,11650,0,11650,개인,10700,반포동,251000.0,2025-05-16
1548,,서초래미안,11650-523,1682,0,2003,개인,25.08.18,O,"300,000",31,5,2025,중개거래,서울 서초구,127.66,17,1682,1,N,,서초대로65길,00013,00010,4163425,01,11650,0,11650,개인,10800,서초동,300000.0,2025-05-31
1549,,신영체르니,11650-461,90,0,2002,개인,,,"47,000",17,5,2025,중개거래,서울 서초구,32.08,3,90,1,N,25.06.30,논현로27길,00057,00000,4163097,01,11650,0,11650,개인,10200,양재동,47000.0,2025-05-17
1550,101,반포리체,11650-3617,30,26,2010,개인,,,"442,000",27,5,2025,중개거래,서울 서초구,106.148,14,30-26,1,N,25.08.29,고무래로,00035,00000,3121001,01,11650,0,11650,개인,10700,반포동,442000.0,2025-05-27
1551,111,롯데캐슬클래식,11650-3300,1312,3,2006,개인,,,"280,000",7,5,2025,중개거래,서울 서초구,84.98,10,1312-3,1,N,25.07.22,서운로,00200,00000,3121016,01,11650,0,11650,개인,10800,서초동,280000.0,2025-05-07
1552,,잠원아이비,11650-632,34,1,2005,개인,,,"122,000",23,5,2025,중개거래,서울 서초구,84.969,1,34-1,1,N,25.07.16,강남대로95길,00081,00000,4163039,01,11650,0,11650,개인,10600,잠원동,122000.0,2025-05-23
1553,101,래미안서초3차,11650-3263,1487,145,2005,개인,,,"205,000",28,5,2025,중개거래,서울 서초구,180.27,1,1487-145,1,N,25.07.31,명달로6길,00024,00000,4163193,01,11650,0,11650,개인,10800,서초동,205000.0,2025-05-28
1554,101,동아,11650-102,157,0,2002,개인,,,"318,500",9,5,2025,중개거래,서울 서초구,84.91,2,157,1,N,25.09.26,신반포로33길,00015,00000,4163453,01,11650,0,11650,개인,10600,잠원동,318500.0,2025-05-09
1555,105동,아크로리버뷰신반포,11650-4676,159,0,2018,개인,,,"429,000",22,5,2025,중개거래,서울 서초구,84.82,12,159,1,N,25.06.30,잠원로,00117,00000,3121019,00,11650,0,11650,개인,10600,잠원동,429000.0,2025-05-22
1556,8,진흥아파트,11650-66,1315,0,1979,개인,,,"357,500",26,5,2025,중개거래,서울 서초구,131.04,9,1315,1,N,25.07.21,서초대로,00385,00000,2121002,02,11650,0,11650,개인,10800,서초동,357500.0,2025-05-26
1557,한라비발디스튜디오193,한라비발디스튜디오193,11650-3926,1363,25,2013,개인,,,"25,000",31,5,2025,중개거래,서울 강남구,19.99,10,1363-25,1,N,25.06.23,강남대로39길,00015,00010,4163018,01,11650,0,11650,개인,10800,서초동,25000.0,2025-05-31
1558,1,삼풍아파트,11650-28,1685,0,1988,개인,,,"317,000",29,5,2025,중개거래,서울 서초구,79.47,5,1685,1,N,25.08.22,서초중앙로,00200,00000,3121024,03,11650,0,11650,개인,10800,서초동,317000.0,2025-05-29
1559,110,신반포2,11650-117,73,0,1978,개인,,,"323,000",6,5,2025,중개거래,"서울 서초구, 인천 연수구",68.91,12,73,1,N,25.08.05,신반포로23길,00041,00000,4163452,01,11650,0,11650,개인,10600,잠원동,323000.0,2025-05-06
1560,,방배대우디오빌,11650-3191,866,20,2005,개인,,,"29,000",27,5,2025,중개거래,서울 서초구,29.6,9,866-20,1,N,25.06.17,서초대로,00017,00000,2121002,01,11650,0,11650,개인,10100,방배동,29000.0,2025-05-27
1561,,방배대우디오빌,11650-3191,866,20,2005,개인,,,"30,000",26,5,2025,중개거래,서울 서초구,29.6,21,866-20,1,N,25.07.04,서초대로,00017,00000,2121002,01,11650,0,11650,개인,10100,방배동,30000.0,2025-05-26
1562,112,롯데캐슬클래식,11650-3300,1312,3,2006,개인,,,"262,000",29,5,2025,중개거래,서울 서초구,74.3,8,1312-3,1,N,25.08.29,서운로,00200,00000,3121016,01,11650,0,11650,개인,10800,서초동,262000.0,2025-05-29
1563,101,반포리체,11650-3617,30,26,2010,개인,,,"428,000",26,5,2025,중개거래,서울 서초구,106.148,9,30-26,1,N,25.07.04,고무래로,00035,00000,3121001,01,11650,0,11650,개인,10700,반포동,428000.0,2025-05-26
1564,,래미안 리더스원,11650-4887,1755,0,2020,개인,25.07.29,O,"403,000",31,5,2025,직거래,,114.7,12,1755,1,N,,서운로,00062,00000,3121016,00,11650,,11650,개인,10800,서초동,403000.0,2025-05-31
1565,,서초이오빌,11650-521,1593,7,2003,개인,,,"42,000",15,5,2025,중개거래,서울 서초구,45.96,18,1593-7,1,N,25.08.28,효령로53길,00045,00000,4163646,01,11650,0,11650,개인,10800,서초동,42000.0,2025-05-15
1566,101,서초한빛삼성,11650-42,1509,1,1999,개인,,,"139,500",30,5,2025,중개거래,"서울 강남구, 서울 서초구",59.52,1,1509-1,1,N,25.09.19,서초대로40길,00072,00000,4163406,01,11650,0,11650,개인,10800,서초동,139500.0,2025-05-30
1567,102,디에이치반포라클라스,11650-4959,1343,0,2021,개인,,,"337,000",3,5,2025,중개거래,서울 서초구,59.9928,12,1343,1,N,25.07.23,서초중앙로,00206,00000,3121024,00,11650,,11650,개인,10700,반포동,337000.0,2025-05-03
1568,106,서초래미안,11650-523,1682,0,2003,개인,,,"295,000",31,5,2025,중개거래,서울 서초구,111.32,19,1682,1,N,25.09.02,서초대로65길,00013,00010,4163425,01,11650,0,11650,개인,10800,서초동,295000.0,2025-05-31
1569,307,반포미도,11650-172,60,4,1987,개인,,,"315,000",2,5,2025,중개거래,서울 서초구,84.96,2,60-4,1,N,25.07.10,서초중앙로29길,00028,00000,4163713,01,11650,0,11650,개인,10700,반포동,315000.0,2025-05-02
1570,104,롯데캐슬갤럭시,11650-155,50,0,2002,개인,,,"400,000",23,5,2025,중개거래,서울 강남구,133.41,23,50,1,N,25.07.07,잠원로14길,00003,00000,4163526,01,11650,0,11650,개인,10600,잠원동,400000.0,2025-05-23
1571,,신화,11650-132,54,7,1997,개인,,,"184,800",27,5,2025,중개거래,서울 서초구,57.33,9,54-7,1,N,25.08.12,잠원로14길,00054,00000,4163526,01,11650,0,11650,개인,10600,잠원동,184800.0,2025-05-27
1572,1,한신서래,11650-232,70,1,1987,개인,,,"271,000",30,5,2025,중개거래,서울 서초구,137.47,10,70-1,1,N,25.08.04,사평대로28길,00031,00000,4163330,01,11650,0,11650,개인,10700,반포동,271000.0,2025-05-30
1573,110,신반포2,11650-117,73,0,1978,개인,,,"345,000",30,5,2025,중개거래,서울 서초구,68.91,9,73,1,N,25.06.02,신반포로23길,00041,00000,4163452,01,11650,0,11650,개인,10600,잠원동,345000.0,2025-05-30
1574,,반포미도,11650-172,60,4,1987,개인,25.06.12,O,"315,000",2,5,2025,중개거래,서울 서초구,84.96,2,60-4,1,N,,서초중앙로29길,00028,00000,4163713,01,11650,0,11650,개인,10700,반포동,315000.0,2025-05-02
1575,,동원,11650-673,352,11,2001,개인,,,"116,000",26,5,2025,중개거래,서울 서초구,87.98,5,352-11,1,N,25.08.29,강남대로2길,00038,00000,4163014,01,11650,0,11650,법인,10200,양재동,116000.0,2025-05-26
1576,6,한신,11650-145,56,3,1992,개인,,,"312,000",23,5,2025,중개거래,서울 서초구,84.52,11,56-3,1,N,25.08.19,잠원로,00150,00000,3121019,01,11650,0,11650,개인,10600,잠원동,312000.0,2025-05-23
1577,102동,아크로리버뷰신반포,11650-4676,159,0,2018,개인,,,"422,500",29,5,2025,중개거래,서울 서초구,78.48,13,159,1,N,25.07.29,잠원로,00117,00000,3121019,00,11650,0,11650,개인,10600,잠원동,422500.0,2025-05-29
1578,326,신반포12,11650-110,50,5,1982,개인,,,"230,000",25,5,2025,중개거래,서울 서초구,55.45,5,50-5,1,N,25.07.30,잠원로14길,00041,00000,4163526,01,11650,0,11650,개인,10600,잠원동,230000.0,2025-05-25
1579,104동,래미안신반포리오센트,11650-4750,161,0,2019,개인,,,"280,000",13,5,2025,직거래,,84.92,5,161,1,N,25.06.20,잠원로14길,00032,00000,4163526,00,11650,0,11650,개인,10600,잠원동,280000.0,2025-05-13
1580,,래미안퍼스티지,11650-3559,18,1,2009,개인,25.06.12,O,"450,000",28,5,2025,중개거래,서울 서초구,84.93,8,18-1,1,N,,반포대로,00275,00000,2121003,02,11650,0,11650,개인,10700,반포동,450000.0,2025-05-28
1581,201,방배래미안타워,11650-759,485,3,2005,개인,,,"220,000",27,5,2025,중개거래,서울 서초구,134.36,10,485-3,1,N,25.09.11,남부순환로,02183,00000,2000003,01,11650,0,11650,개인,10100,방배동,220000.0,2025-05-27
1582,102,유원서초,11650-62,1687,0,1993,개인,,,"220,000",27,5,2025,중개거래,서울 서초구,84.82,11,1687,1,N,25.09.10,서초중앙로24길,00043,00000,4163710,01,11650,0,11650,개인,10800,서초동,220000.0,2025-05-27
1583,,동아,11650-102,157,0,2002,개인,25.06.16,O,"348,000",23,5,2025,중개거래,서울 서초구,84.91,19,157,1,N,,신반포로33길,00015,00000,4163453,01,11650,0,11650,개인,10600,잠원동,348000.0,2025-05-23
1584,102,방배자이,11650-512,888,53,2003,개인,,,"269,000",28,5,2025,중개거래,서울 서초구,194.92,5,888-53,1,N,25.07.30,방배로18길,00067,00000,4163254,01,11650,0,11650,개인,10100,방배동,269000.0,2025-05-28
1585,202,서초푸르지오써밋,11650-4550,1311,10,2017,개인,,,"345,000",20,5,2025,중개거래,서울 서초구,84.93,15,1311-10,1,N,25.07.04,서운로,00212,00000,3121016,01,11650,0,11650,개인,10800,서초동,345000.0,2025-05-20
1586,,서초4현대,11650-30,1684,0,2000,개인,25.08.08,O,"217,000",15,5,2025,중개거래,서울 서초구,84.99,3,1684,1,N,,고무래로,00094,00000,3121001,02,11650,0,11650,개인,10800,서초동,217000.0,2025-05-15
1587,325,신반포12,11650-110,50,5,1982,개인,,,"297,000",28,5,2025,중개거래,서울 서초구,75.79,5,50-5,1,N,25.07.18,잠원로14길,00041,00000,4163526,01,11650,0,11650,개인,10600,잠원동,297000.0,2025-05-28
1588,120,신반포16,11650-113,55,12,1983,개인,,,"217,000",27,5,2025,중개거래,서울 서초구,53.43,1,55-12,1,N,25.07.25,잠원로,00157,00000,3121019,01,11650,0,11650,개인,10600,잠원동,217000.0,2025-05-27
1589,C,아크로비스타,11650-724,1685,3,2004,개인,,,"446,000",22,5,2025,중개거래,서울 서초구,205.07,10,1685-3,1,N,25.06.27,서초중앙로,00188,00000,3121024,03,11650,0,11650,개인,10800,서초동,446000.0,2025-05-22
1590,2,아남,11650-54,1641,13,1989,개인,,,"185,000",8,5,2025,중개거래,서울 서초구,84.38,3,1641-13,1,N,25.08.29,사임당로23길,00053,00000,4163318,01,11650,0,11650,개인,10800,서초동,185000.0,2025-05-08
1591,,반포써밋,11650-4703,1342,0,2018,개인,25.06.04,O,"295,000",6,5,2025,중개거래,"서울 마포구, 서울 서초구",59.3264,6,1342,1,N,,고무래로,00089,00000,3121001,00,11650,0,11650,개인,10700,반포동,295000.0,2025-05-06
1592,202,방배래미안타워,11650-759,485,3,2005,개인,,,"208,000",21,5,2025,중개거래,"서울 동작구, 서울 서초구",103.34,13,485-3,1,N,25.08.14,남부순환로,02183,00000,2000003,01,11650,0,11650,개인,10100,방배동,208000.0,2025-05-21
1593,102,방배우성,11650-331,2525,0,1991,개인,,,"154,000",27,5,2025,중개거래,대구 남구,117.19,7,2525,1,N,25.05.30,방배선행길,00001,00000,4163671,01,11650,0,11650,개인,10100,방배동,154000.0,2025-05-27
1594,205,서초힐스,11650-3821,773,0,2012,개인,,,"134,700",27,5,2025,중개거래,서울 서초구,59.97,14,773,1,N,25.06.27,양재대로2길,00090,00000,4163748,01,11650,0,11650,개인,10300,우면동,134700.0,2025-05-27
1595,101,신반포청구,11650-141,63,2,1998,개인,,,"297,000",17,5,2025,중개거래,서울 서초구,84.86,4,63-2,1,N,25.07.30,신반포로33길,00066,00000,4163453,01,11650,0,11650,개인,10600,잠원동,297000.0,2025-05-17
1596,301,반포미도,11650-172,60,4,1987,개인,,,"300,000",10,5,2025,중개거래,서울 서초구,84.96,1,60-4,1,N,25.07.10,서초중앙로29길,00028,00000,4163713,01,11650,0,11650,개인,10700,반포동,300000.0,2025-05-10
1597,11,현대아파트,11650-85,1346,0,1989,개인,,,"208,000",26,5,2025,중개거래,"경기 수원시 장안구, 서울 서초구",84.34,5,1346,1,N,25.09.05,효령로72길,00014,00000,4163657,01,11650,0,11650,개인,10800,서초동,208000.0,2025-05-26
1598,4,강변,11650-97,53,15,1987,개인,,,"247,000",18,5,2025,중개거래,서울 서초구,66.29,15,53-15,1,N,25.09.12,잠원로,00166,00017,3121019,01,11650,0,11650,개인,10600,잠원동,247000.0,2025-05-18
1599,104,동아,11650-102,157,0,2002,개인,,,"278,000",26,5,2025,중개거래,서울 서초구,59.92,8,157,1,N,25.07.14,신반포로33길,00015,00000,4163453,01,11650,0,11650,개인,10600,잠원동,278000.0,2025-05-26
1600,,방배현대빌라트(999-2),11650-378,999,2,1993,개인,,,"195,000",14,5,2025,중개거래,서울 서초구,254.45,4,999-2,1,N,25.06.02,명달로,00005,00121,3121008,01,11650,0,11650,개인,10100,방배동,195000.0,2025-05-14
1601,404,호반써밋서초파크,11650-3974,788,0,2013,개인,,,"107,000",24,5,2025,중개거래,서울 서초구,51.89,4,788,1,N,25.07.28,양재대로2길,00033,00000,4163748,01,11650,0,11650,개인,10300,우면동,107000.0,2025-05-24
1602,209,서초힐스,11650-3821,773,0,2012,개인,,,"160,000",3,5,2025,중개거래,서울 서초구,84.95,10,773,1,N,25.07.04,양재대로2길,00090,00000,4163748,01,11650,0,11650,개인,10300,우면동,160000.0,2025-05-03
1603,,신반포4,11650-125,70,0,1979,개인,25.07.18,O,"470,000",24,5,2025,중개거래,서울 서초구,105.89,5,70,1,N,,잠원로,00037,00048,3121019,01,11650,0,11650,개인,10600,잠원동,470000.0,2025-05-24
1604,,엠브이아파트,11650-199,46,0,1994,개인,25.06.14,O,"135,000",24,5,2025,중개거래,서울 서초구,59.82,2,46,1,N,,고무래로10길,00039,00000,4163042,01,11650,0,11650,개인,10700,반포동,135000.0,2025-05-24
1605,,유원서초,11650-62,1687,0,1993,개인,25.06.24,O,"225,000",3,5,2025,중개거래,서울 서초구,84.82,10,1687,1,N,,서초중앙로24길,00043,00000,4163710,01,11650,0,11650,개인,10800,서초동,225000.0,2025-05-03
1606,111,신반포2,11650-117,73,0,1978,개인,,,"400,000",12,5,2025,중개거래,서울 서초구,79.42,4,73,1,N,25.07.25,신반포로23길,00041,00000,4163452,01,11650,0,11650,개인,10600,잠원동,400000.0,2025-05-12
1607,,방배대우디오빌,11650-3191,866,20,2005,개인,,,"30,000",13,5,2025,중개거래,서울 서초구,29.6,17,866-20,1,N,25.08.29,서초대로,00017,00000,2121002,01,11650,0,11650,개인,10100,방배동,30000.0,2025-05-13
1608,207,신반포4,11650-125,70,0,1979,개인,,,"460,000",12,5,2025,중개거래,서울 서초구,100.11,5,70,1,N,25.08.28,잠원로,00037,00048,3121019,01,11650,0,11650,개인,10600,잠원동,460000.0,2025-05-12
1609,101,킴스빌리지,11650-142,71,12,1996,개인,,,"100,000",22,5,2025,중개거래,서울 서초구,30.9,3,71-12,1,N,25.07.07,잠원로3길,00006,00000,4163527,01,11650,0,11650,개인,10600,잠원동,100000.0,2025-05-22
1610,110,반포자이,11650-3500,20,43,2009,개인,,,"467,000",20,5,2025,중개거래,서울 서초구,84.943,13,20-43,1,N,25.07.02,신반포로,00270,00000,3121017,02,11650,0,11650,개인,10700,반포동,467000.0,2025-05-20
1611,102,신반포청구,11650-141,63,2,1998,개인,,,"258,000",22,5,2025,중개거래,서울 서초구,59.91,16,63-2,1,N,25.07.25,신반포로33길,00066,00000,4163453,01,11650,0,11650,개인,10600,잠원동,258000.0,2025-05-22
1612,110,신반포2,11650-117,73,0,1978,개인,,,"350,000",22,5,2025,중개거래,서울 서초구,68.91,2,73,1,N,25.08.29,신반포로23길,00041,00000,4163452,01,11650,0,11650,개인,10600,잠원동,350000.0,2025-05-22
1613,,방배대우디오빌,11650-3191,866,20,2005,개인,,,"28,900",1,5,2025,중개거래,서울 서초구,29.6,9,866-20,1,N,25.09.25,서초대로,00017,00000,2121002,01,11650,0,11650,개인,10100,방배동,28900.0,2025-05-01
1614,102,대림e-편한세상1,11650-511,884,21,2003,개인,,,"250,000",12,5,2025,직거래,,164.38,10,884-21,1,N,25.05.26,서초대로34길,00034,00000,4163403,01,11650,0,11650,개인,10100,방배동,250000.0,2025-05-12
1615,101,래미안방배아트힐(1008-2),11650-658,1008,2,2004,개인,,,"238,000",20,5,2025,중개거래,서울 서초구,114.09,14,1008-2,1,N,25.08.29,남부순환로,02311,00012,2000003,01,11650,0,11650,개인,10100,방배동,238000.0,2025-05-20
1616,,한신트리플,11650-590,816,1,2004,개인,,,"30,000",10,5,2025,중개거래,서울 서초구,28.81,12,816-1,1,N,25.05.30,방배로33길,00029,00000,4163268,01,11650,0,11650,개인,10100,방배동,30000.0,2025-05-10
1617,101,서초삼성래미안,11650-24,1641,1,2001,개인,,,"234,000",13,5,2025,중개거래,"서울 서대문구, 서울 서초구",121.66,6,1641-1,1,N,25.07.15,사임당로17길,00116,00000,4163313,01,11650,0,11650,개인,10800,서초동,234000.0,2025-05-13
1618,래미안 서초유니빌,래미안서초유니빌,11650-518,1445,4,2003,개인,,,"61,500",13,5,2025,중개거래,"서울 서초구, 서울 송파구",50.19,15,1445-4,1,N,25.07.25,서초중앙로,00026,00000,3121024,03,11650,0,11650,개인,10800,서초동,61500.0,2025-05-13
1619,103동,래미안서초에스티지,11650-4470,1332,13,2016,개인,,,"270,000",1,5,2025,중개거래,서울 서초구,59.99,22,1332-13,1,N,25.07.08,서운로,00107,00000,3121016,00,11650,0,11650,개인,10800,서초동,270000.0,2025-05-01
1620,C,서초트라팰리스,11650-3238,1344,13,2005,개인,,,"240,000",20,5,2025,중개거래,서울 서초구,116.3,7,1344-13,1,N,25.08.08,효령로72길,00057,00000,4163657,01,11650,0,11650,개인,10800,서초동,240000.0,2025-05-20
1621,1,아남,11650-54,1641,13,1989,개인,,,"163,200",20,5,2025,중개거래,서울 서초구,71.1,4,1641-13,1,N,25.06.26,사임당로23길,00053,00000,4163318,01,11650,0,11650,개인,10800,서초동,163200.0,2025-05-20
1622,,엠브이아파트,11650-199,46,0,1994,개인,,,"207,000",1,5,2025,중개거래,"서울 강남구, 서울 서초구",129.93,9,46,1,N,25.06.10,고무래로10길,00039,00000,4163042,01,11650,0,11650,개인,10700,반포동,207000.0,2025-05-01
1623,326,신반포12,11650-110,50,5,1982,개인,,,"235,000",12,5,2025,중개거래,서울 서초구,55.45,7,50-5,1,N,25.08.01,잠원로14길,00041,00000,4163526,01,11650,0,11650,개인,10600,잠원동,235000.0,2025-05-12
1624,311,서초네이처힐3단지,11650-3864,717,0,2013,개인,,,"180,000",20,5,2025,중개거래,서울 서초구,114.79,9,717,1,N,25.06.05,태봉로2길,00060,00000,4163582,01,11650,0,11650,개인,10300,우면동,180000.0,2025-05-20
1625,래미안 서초유니빌,래미안서초유니빌,11650-518,1445,4,2003,개인,,,"45,000",1,5,2025,중개거래,서울 서초구,45.255,9,1445-4,1,N,25.06.16,서초중앙로,00026,00000,3121024,03,11650,0,11650,개인,10800,서초동,45000.0,2025-05-01
1626,104,디에이치반포라클라스,11650-4959,1343,0,2021,개인,,,"475,000",9,5,2025,중개거래,서울 서초구,115.943,3,1343,1,N,25.08.11,서초중앙로,00206,00000,3121024,00,11650,,11650,개인,10700,반포동,475000.0,2025-05-09
1627,101,신반포2,11650-117,73,0,1978,개인,,,"545,000",13,5,2025,중개거래,서울 서초구,107.31,6,73,1,N,25.08.04,신반포로23길,00041,00000,4163452,01,11650,0,11650,개인,10600,잠원동,545000.0,2025-05-13
1628,,서초동삼성쉐르빌2,11650-608,1330,0,2002,개인,,,"30,900",3,5,2025,중개거래,서울 서초구,35.22,10,1330,1,N,25.05.29,강남대로53길,00011,00000,4163026,01,11650,0,11650,법인,10800,서초동,30900.0,2025-05-03
1629,102,서초한신,11650-43,1454,29,2001,개인,,,"193,000",19,5,2025,중개거래,서울 서초구,115.3,1,1454-29,1,N,25.05.30,남부순환로323길,00038,00016,4163071,00,11650,,11650,개인,10800,서초동,193000.0,2025-05-19
1630,105동,아크로리버파크,11650-4440,2,12,2016,개인,,,"565,000",1,5,2025,중개거래,서울 서초구,84.95,19,2-12,1,N,25.07.25,신반포로15길,00019,00000,4163450,00,11650,0,11650,개인,10700,반포동,565000.0,2025-05-01
1631,가,방배신삼호,11650-323,725,0,1983,개인,,,"306,000",20,5,2025,중개거래,서울 서초구,105.04,5,725,1,N,25.07.10,방배로,00270,00000,3121010,01,11650,0,11650,개인,10100,방배동,306000.0,2025-05-20
1632,101,서초한신,11650-43,1454,29,2001,개인,,,"173,000",19,5,2025,중개거래,서울 서초구,84.99,1,1454-29,1,N,25.05.30,남부순환로323길,00038,00015,4163071,00,11650,0,11650,개인,10800,서초동,173000.0,2025-05-19
1633,2,삼풍아파트,11650-28,1685,0,1988,개인,,,"320,000",17,5,2025,중개거래,서울 서초구,79.47,6,1685,1,N,25.06.30,서초중앙로,00200,00000,3121024,03,11650,0,11650,개인,10800,서초동,320000.0,2025-05-17
1634,102동,서초센트럴IPARK,11650-4827,1582,3,2020,개인,,,"173,000",17,5,2025,중개거래,서울 서초구,80.5098,11,1582-3,1,N,25.08.18,반포대로18길,00036,00000,4163228,00,11650,0,11650,개인,10800,서초동,173000.0,2025-05-17
1635,501,우성아파트,11650-60,1326,17,1998,개인,,,"195,000",15,5,2025,중개거래,서울 서초구,59.93,8,1326-17,1,N,25.07.21,서초대로74길,00030,00000,4163433,01,11650,0,11650,개인,10800,서초동,195000.0,2025-05-15
1636,4,한신,11650-145,56,3,1992,개인,,,"297,500",5,5,2025,중개거래,서울 서초구,84.52,7,56-3,1,N,25.08.01,잠원로,00150,00000,3121019,01,11650,0,11650,개인,10600,잠원동,297500.0,2025-05-05
1637,111,서초더샵포레,11650-4063,411,0,2014,개인,,,"118,000",16,5,2025,중개거래,"서울 강동구, 서울 서초구",59.69,2,411,1,N,25.05.29,헌릉로8길,00058,00000,4163749,02,11650,0,11650,개인,10900,내곡동,118000.0,2025-05-16
1638,102,우성,11650-440,154,2,1991,개인,,,"153,000",3,5,2025,중개거래,서울 서초구,73.15,8,154-2,1,N,25.07.11,바우뫼로,00091,00000,3121009,01,11650,0,11650,개인,10200,양재동,153000.0,2025-05-03
1639,106,방배그랑자이,11650-4970,3283,0,2021,개인,,,"219,500",9,5,2025,중개거래,서울 서초구,54.9954,15,3283,1,N,25.07.03,방배로,00021,00000,3121010,00,11650,0,11650,개인,10100,방배동,219500.0,2025-05-09
1640,204,신반포4,11650-125,70,0,1979,개인,,,"428,000",12,5,2025,중개거래,"서울 강남구, 서울 서초구",96.78,1,70,1,N,25.09.26,잠원로,00037,00048,3121019,01,11650,0,11650,개인,10600,잠원동,428000.0,2025-05-12
1641,2,궁전,11650-160,65,1,1984,개인,,,"294,000",3,5,2025,중개거래,"서울 동대문구, 서울 서초구",146.81,5,65-1,1,N,25.08.04,사평대로,00142,00000,2121001,02,11650,0,11650,개인,10700,반포동,294000.0,2025-05-03
1642,107,방배그랑자이,11650-4970,3283,0,2021,개인,,,"219,000",10,5,2025,중개거래,서울 서초구,54.9954,17,3283,1,N,25.08.27,방배로,00021,00000,3121010,00,11650,0,11650,개인,10100,방배동,219000.0,2025-05-10
1643,,신반포2,11650-117,73,0,1978,개인,25.06.29,O,"350,000",17,5,2025,중개거래,경기 용인시 기흥구,68.91,8,73,1,N,,신반포로23길,00041,00000,4163452,01,11650,0,11650,개인,10600,잠원동,350000.0,2025-05-17
1644,,반포미도2차아파트,11650-173,60,5,1989,개인,25.06.05,O,"251,000",16,5,2025,중개거래,서울 서초구,71.49,12,60-5,1,N,,사평대로,00240,00000,2121001,02,11650,0,11650,개인,10700,반포동,251000.0,2025-05-16
1645,,서초더샵포레,11650-4063,411,0,2014,개인,25.06.17,O,"128,000",16,5,2025,중개거래,서울 서초구,59.94,6,411,1,N,,헌릉로8길,00058,00000,4163749,02,11650,0,11650,개인,10900,내곡동,128000.0,2025-05-16
1646,101,현대,11650-152,53,0,1993,개인,,,"240,000",16,5,2025,중개거래,서울 서초구,84.87,6,53,1,N,25.08.07,잠원로12길,00004,00000,4163525,01,11650,0,11650,개인,10600,잠원동,240000.0,2025-05-16
1647,101,서초한빛삼성,11650-42,1509,1,1999,개인,,,"134,500",12,5,2025,중개거래,서울 서초구,59.52,2,1509-1,1,N,25.06.19,서초대로40길,00072,00000,4163406,01,11650,0,11650,개인,10800,서초동,134500.0,2025-05-12
1648,,래미안서초에스티지,11650-4470,1332,13,2016,개인,25.05.21,O,"270,000",16,5,2025,중개거래,서울 서초구,59.99,22,1332-13,1,N,,서운로,00107,00000,3121016,00,11650,0,11650,개인,10800,서초동,270000.0,2025-05-16
1649,래미안 서초유니빌,래미안서초유니빌,11650-518,1445,4,2003,개인,,,"45,000",1,5,2025,중개거래,서울 서초구,45.255,8,1445-4,1,N,25.06.02,서초중앙로,00026,00000,3121024,03,11650,0,11650,개인,10800,서초동,45000.0,2025-05-01
1650,,현대슈퍼빌,11650-519,1446,11,2003,개인,25.06.24,O,"280,000",12,5,2025,중개거래,서울 영등포구,185.02,19,1446-11,1,N,,서초중앙로,00015,00000,3121024,03,11650,0,11650,개인,10800,서초동,280000.0,2025-05-12
1651,103동,래미안서초에스티지,11650-4470,1332,13,2016,개인,,,"330,000",10,5,2025,중개거래,서울 서초구,101.55,3,1332-13,1,N,25.06.09,서운로,00107,00000,3121016,00,11650,0,11650,개인,10800,서초동,330000.0,2025-05-10
1652,105,반포힐스테이트,11650-3687,16,6,2012,개인,,,"322,500",2,5,2025,중개거래,서울 서초구,59.96,2,16-6,1,N,25.08.01,신반포로16길,00015,00020,4163754,01,11650,0,11650,개인,10700,반포동,322500.0,2025-05-02
1653,107동,아크로리버파크,11650-4440,2,12,2016,개인,,,"496,000",9,5,2025,중개거래,서울 서초구,84.95,2,2-12,1,N,25.08.27,신반포로15길,00019,00000,4163450,00,11650,0,11650,개인,10700,반포동,496000.0,2025-05-09
1654,,아크로리버파크,11650-4440,2,12,2016,개인,25.05.20,O,"565,000",1,5,2025,중개거래,서울 서초구,84.95,19,2-12,1,N,,신반포로15길,00019,00000,4163450,00,11650,0,11650,개인,10700,반포동,565000.0,2025-05-01
1655,,디에이치반포라클라스,11650-4959,1343,0,2021,개인,25.06.02,O,"337,000",3,5,2025,중개거래,서울 서초구,59.9928,12,1343,1,N,,서초중앙로,00206,00000,3121024,00,11650,,11650,개인,10700,반포동,337000.0,2025-05-03
1656,104동,래미안 리더스원,11650-4887,1755,0,2020,개인,,,"370,000",14,5,2025,중개거래,"서울 서초구, 서울 송파구",84.94,12,1755,1,N,25.07.30,서운로,00062,00000,3121016,00,11650,,11650,개인,10800,서초동,370000.0,2025-05-14
1657,,그랑빌,11650-161,110,6,2001,개인,,,"340,000",9,5,2025,중개거래,"서울 강남구, 서울 서대문구",273.31,8,110-6,1,N,25.05.26,사평대로14길,00023,00000,4163322,01,11650,0,11650,법인,10700,반포동,340000.0,2025-05-09
1658,,서초대우,11650-34,1467,3,2000,개인,,,"182,000",13,5,2025,중개거래,서울 서초구,186.05,3,1467-3,1,N,25.07.24,명달로,00020,00000,3121008,02,11650,0,11650,개인,10800,서초동,182000.0,2025-05-13
1659,104동,래미안 리더스원,11650-4887,1755,0,2020,개인,,,"369,500",9,5,2025,중개거래,"서울 서초구, 서울 영등포구",84.94,22,1755,1,N,25.08.29,서운로,00062,00000,3121016,00,11650,,11650,개인,10800,서초동,369500.0,2025-05-09
1660,104,반포힐스테이트,11650-3687,16,6,2012,개인,,,"420,000",12,5,2025,중개거래,서울 서초구,84.8,20,16-6,1,N,25.07.15,신반포로16길,00015,00020,4163754,01,11650,0,11650,개인,10700,반포동,420000.0,2025-05-12
1661,A,현대슈퍼빌,11650-519,1446,11,2003,개인,,,"350,000",12,5,2025,중개거래,"서울 강남구, 서울 서초구",216.16,19,1446-11,1,N,25.08.20,서초중앙로,00015,00000,3121024,03,11650,0,11650,개인,10800,서초동,350000.0,2025-05-12
1662,103,신반포2,11650-117,73,0,1978,개인,,,"505,000",12,5,2025,중개거래,서울 서초구,107.31,1,73,1,N,25.07.18,신반포로23길,00041,00000,4163452,01,11650,0,11650,개인,10600,잠원동,505000.0,2025-05-12
1663,201,서초4현대,11650-30,1684,0,2000,개인,,,"244,000",5,5,2025,중개거래,서울 서초구,140.03,11,1684,1,N,25.07.29,고무래로,00094,00000,3121001,02,11650,0,11650,개인,10800,서초동,244000.0,2025-05-05
1664,103,서초롯데캐슬프레지던트,11650-4129,1681,8,2014,개인,,,"265,000",3,5,2025,중개거래,서울 서초구,84.97,14,1681-8,1,N,25.07.10,서초중앙로24길,00057,00000,4163710,01,11650,0,11650,개인,10800,서초동,265000.0,2025-05-03
1665,,양재한신휴플러스,11650-3205,12,10,2005,개인,,,"154,000",10,5,2025,중개거래,서울 서초구,84.89,14,12-10,1,N,25.06.25,강남대로,00224,00000,2102001,01,11650,0,11650,개인,10200,양재동,154000.0,2025-05-10
1666,301,서초4현대,11650-30,1684,0,2000,개인,,,"238,000",10,5,2025,중개거래,서울 서초구,105.75,18,1684,1,N,25.08.20,고무래로,00094,00000,3121001,02,11650,0,11650,개인,10800,서초동,238000.0,2025-05-10
1667,한라비발디스튜디오193,한라비발디스튜디오193,11650-3926,1363,25,2013,개인,,,"25,000",10,5,2025,중개거래,"서울 강남구, 서울 서초구",19.99,8,1363-25,1,N,25.05.13,강남대로39길,00015,00010,4163018,01,11650,0,11650,개인,10800,서초동,25000.0,2025-05-10
1668,,서초한빛삼성,11650-42,1509,1,1999,개인,25.05.15,O,"134,500",12,5,2025,중개거래,서울 서초구,59.52,2,1509-1,1,N,,서초대로40길,00072,00000,4163406,01,11650,0,11650,개인,10800,서초동,134500.0,2025-05-12
1669,107,방배1차현대홈타운,11650-290,1344,0,1999,개인,,,"155,500",9,5,2025,중개거래,서울 중구,59.94,1,1344,1,N,25.08.12,서초대로1길,00030,00000,4163389,01,11650,0,11650,개인,10100,방배동,155500.0,2025-05-09
1670,113,롯데캐슬클래식,11650-3300,1312,3,2006,개인,,,"315,000",1,5,2025,중개거래,서울 서초구,120.18,6,1312-3,1,N,25.08.08,서운로,00200,00000,3121016,01,11650,0,11650,개인,10800,서초동,315000.0,2025-05-01
1671,103,서초롯데캐슬프레지던트,11650-4129,1681,8,2014,개인,,,"274,000",7,5,2025,중개거래,서울 서초구,84.97,15,1681-8,1,N,25.07.04,서초중앙로24길,00057,00000,4163710,01,11650,0,11650,개인,10800,서초동,274000.0,2025-05-07
1672,101,서초현대,11650-46,1648,2,1999,개인,,,"194,000",7,5,2025,중개거래,서울 서초구,84.69,15,1648-2,1,N,25.07.31,사임당로19길,00010,00000,4163315,01,11650,0,11650,개인,10800,서초동,194000.0,2025-05-07
1673,702,서초네이처힐7단지,11650-3703,735,0,2011,개인,,,"155,000",9,5,2025,중개거래,서울 서초구,84.77,6,735,1,N,25.08.26,태봉로2길,00010,00000,4163582,01,11650,0,11650,개인,10300,우면동,155000.0,2025-05-09
1674,10,현대아파트,11650-85,1346,0,1989,개인,,,"189,000",7,5,2025,중개거래,서울 서초구,84.34,3,1346,1,N,25.09.01,효령로72길,00014,00000,4163657,01,11650,0,11650,개인,10800,서초동,189000.0,2025-05-07
1675,101동,서초센트럴IPARK,11650-4827,1582,3,2020,개인,,,"165,000",2,5,2025,중개거래,"서울 동작구, 서울 서초구",80.5154,8,1582-3,1,N,25.07.25,반포대로18길,00036,00000,4163228,00,11650,0,11650,개인,10800,서초동,165000.0,2025-05-02
1676,101,현대멤피스,11650-373,772,13,2001,개인,,,"278,000",8,5,2025,중개거래,서울 서초구,159.47,6,772-13,1,N,25.08.07,방배로,00239,00000,3121010,01,11650,0,11650,개인,10100,방배동,278000.0,2025-05-08
1677,105동,서초그랑자이,11650-4969,1757,0,2021,개인,,,"295,000",8,5,2025,중개거래,서울 서초구,59.98,20,1757,1,N,25.09.12,효령로,00391,00000,3121021,00,11650,,11650,개인,10800,서초동,295000.0,2025-05-08
1678,103,방배3차e-편한세상,11650-3281,797,30,2006,개인,,,"380,000",9,5,2025,중개거래,서울 서초구,216.7346,6,797-30,1,N,25.09.08,동광로,00089,00005,3121004,01,11650,0,11650,개인,10100,방배동,380000.0,2025-05-09
1679,501,우성아파트,11650-60,1326,17,1998,개인,,,"168,000",10,5,2025,중개거래,서울 서초구,57.26,23,1326-17,1,N,25.07.10,서초대로74길,00030,00000,4163433,01,11650,0,11650,개인,10800,서초동,168000.0,2025-05-10
1680,,아이리스,11650-588,1021,9,2003,개인,,,"89,000",2,5,2025,중개거래,서울 서초구,84.79,4,1021-9,1,N,25.05.29,효령로34길,00048,00000,4163634,01,11650,0,11650,개인,10100,방배동,89000.0,2025-05-02
1681,,엠브이아파트,11650-199,46,0,1994,개인,,,"128,000",1,5,2025,중개거래,서울 서초구,59.82,1,46,1,N,25.07.11,고무래로10길,00039,00000,4163042,01,11650,0,11650,개인,10700,반포동,128000.0,2025-05-01
1682,103,서초아트자이,11650-3542,1583,10,2009,개인,,,"245,000",2,5,2025,중개거래,서울 서초구,144.3141,13,1583-10,1,N,25.06.09,반포대로,00058,00000,2121003,03,11650,0,11650,개인,10800,서초동,245000.0,2025-05-02
1683,,반포써밋,11650-4703,1342,0,2018,개인,25.05.27,O,"295,000",6,5,2025,중개거래,"서울 마포구, 서울 서초구",59.3264,6,1342,1,N,,고무래로,00089,00000,3121001,00,11650,0,11650,개인,10700,반포동,295000.0,2025-05-06
1684,,아크로리버파크,11650-4440,2,12,2016,개인,25.05.15,O,"565,000",1,5,2025,중개거래,서울 서초구,84.95,19,2-12,1,N,,신반포로15길,00019,00000,4163450,00,11650,0,11650,개인,10700,반포동,565000.0,2025-05-01
1685,,방배신동아럭스빌,11650-589,1026,14,2003,개인,,,"210,000",28,6,2025,직거래,,164.43,12,1026-14,1,N,25.09.04,방배로1길,00009,00000,4163256,01,11650,0,11650,개인,10100,방배동,210000.0,2025-06-28
1686,101,반포리체,11650-3617,30,26,2010,개인,,,"418,000",4,6,2025,중개거래,서울 서초구,84.967,28,30-26,1,N,25.09.11,고무래로,00035,00000,3121001,01,11650,0,11650,개인,10700,반포동,418000.0,2025-06-04
1687,102,서초롯데캐슬프레지던트,11650-4129,1681,8,2014,개인,,,"343,000",27,6,2025,중개거래,서울 서초구,119.13,14,1681-8,1,N,25.10.02,서초중앙로24길,00057,00000,4163710,01,11650,0,11650,개인,10800,서초동,343000.0,2025-06-27
1688,104,롯데캐슬헤론,11650-3317,754,1,2006,개인,,,"185,000",17,6,2025,중개거래,서울 서초구,95.66,9,754-1,1,N,25.09.11,동광로1길,00112,00000,4163119,01,11650,0,11650,개인,10100,방배동,185000.0,2025-06-17
1689,2,훼미리,11650-154,51,0,1992,개인,,,"255,000",10,6,2025,중개거래,서울 서초구,84.9,3,51,1,N,25.08.12,잠원로,00202,00011,3121019,01,11650,0,11650,개인,10600,잠원동,255000.0,2025-06-10
1690,,롯데캐슬헤론,11650-3317,754,1,2006,개인,25.08.18,O,"185,000",17,6,2025,중개거래,서울 서초구,95.66,9,754-1,1,N,,동광로1길,00112,00000,4163119,01,11650,0,11650,개인,10100,방배동,185000.0,2025-06-17
1691,103,반포리체,11650-3617,30,26,2010,개인,,,"418,000",24,6,2025,중개거래,"서울 강남구, 서울 서초구",84.967,5,30-26,1,N,25.09.25,고무래로,00035,00000,3121001,01,11650,0,11650,개인,10700,반포동,418000.0,2025-06-24
1692,503,호반써밋서초파크뷰(토지임대부아파트),11650-3976,789,0,2013,개인,,,"125,000",5,6,2025,중개거래,"서울 강남구, 서울 서초구",84.95,17,789,1,Y,25.08.08,양재대로2길,00011,00000,4163748,01,11650,0,11650,개인,10300,우면동,125000.0,2025-06-05
1693,102,반포리체,11650-3617,30,26,2010,개인,,,"500,000",13,6,2025,중개거래,"서울 마포구, 서울 서초구",138.257,33,30-26,1,N,25.08.29,고무래로,00035,00000,3121001,01,11650,0,11650,개인,10700,반포동,500000.0,2025-06-13
1694,118,래미안퍼스티지,11650-3559,18,1,2009,개인,,,"775,000",27,6,2025,중개거래,서울 서초구,198.04,3,18-1,1,N,25.09.26,반포대로,00275,00000,2121003,02,11650,0,11650,개인,10700,반포동,775000.0,2025-06-27
1695,503,호반써밋서초파크뷰(토지임대부아파트),11650-3976,789,0,2013,개인,,,"125,000",30,6,2025,중개거래,서울 서초구,84.95,9,789,1,Y,25.10.02,양재대로2길,00011,00000,4163748,01,11650,0,11650,개인,10300,우면동,125000.0,2025-06-30
1696,11,삼풍아파트,11650-28,1685,0,1988,개인,,,"410,000",27,6,2025,중개거래,서울 서초구,130.23,4,1685,1,N,25.09.30,서초중앙로,00200,00000,3121024,03,11650,0,11650,개인,10800,서초동,410000.0,2025-06-27
1697,,엠브이아파트,11650-199,46,0,1994,개인,,,"222,000",26,6,2025,직거래,,129.93,7,46,1,N,25.09.26,고무래로10길,00039,00000,4163042,01,11650,0,11650,개인,10700,반포동,222000.0,2025-06-26
1698,118,래미안원베일리,11650-5126,1,0,2023,개인,,,"660,000",27,6,2025,중개거래,서울 서초구,84.98,17,1,1,N,25.11.03,반포대로,00333,00000,2121003,00,11650,,11650,개인,10700,반포동,660000.0,2025-06-27
1699,3,한신,11650-145,56,3,1992,개인,,,"335,000",27,6,2025,중개거래,서울 서초구,84.52,12,56-3,1,N,25.09.03,잠원로,00150,00000,3121019,01,11650,0,11650,개인,10600,잠원동,335000.0,2025-06-27
1700,109,서리풀e편한세상,11650-3573,906,13,2010,개인,,,"210,000",27,6,2025,중개거래,"서울 강남구, 서울 서초구",59.97,8,906-13,1,N,25.09.11,효령로33길,00050,00000,4163633,01,11650,0,11650,개인,10100,방배동,210000.0,2025-06-27
1701,107,서초더샵포레,11650-4063,411,0,2014,개인,,,"180,000",17,6,2025,중개거래,서울 서초구,114.71,18,411,1,N,25.08.29,헌릉로8길,00058,00000,4163749,02,11650,0,11650,개인,10900,내곡동,180000.0,2025-06-17
1702,351,신반포27,11650-124,56,2,1985,개인,,,"310,000",26,6,2025,중개거래,서울 서초구,84.49,5,56-2,1,N,25.08.21,잠원로8길,00003,00000,4163529,01,11650,0,11650,개인,10600,잠원동,310000.0,2025-06-26
1703,2,삼호1동~3동,11650-309,770,1,1975,개인,,,"215,000",27,6,2025,중개거래,서울 서초구,81.39,12,770-1,1,N,25.12.05,방배로43길,00021,00000,4163277,01,11650,0,11650,개인,10100,방배동,215000.0,2025-06-27
1704,106,반포르엘,11650-5015,163,0,2022,개인,,,"565,000",27,6,2025,중개거래,서울 서초구,97.4743,24,163,1,N,25.10.30,신반포로23길,00023,00000,4163452,01,11650,0,11650,개인,10600,잠원동,565000.0,2025-06-27
1705,,반포래미안아이파크,11650-4678,1341,0,2018,개인,25.08.09,O,"485,000",20,6,2025,중개거래,"서울 강남구, 서울 서초구",99.92,2,1341,1,N,,서초중앙로,00220,00000,3121024,02,11650,0,11650,개인,10700,반포동,485000.0,2025-06-20
1706,103,반포르엘,11650-5015,163,0,2022,개인,,,"555,000",27,6,2025,중개거래,서울 서초구,97.4743,25,163,1,N,25.10.24,신반포로23길,00023,00000,4163452,01,11650,0,11650,개인,10600,잠원동,555000.0,2025-06-27
1707,103,방배그랑자이,11650-4970,3283,0,2021,개인,,,"305,000",27,6,2025,중개거래,서울 서초구,84.9712,10,3283,1,N,25.09.10,방배로,00021,00000,3121010,00,11650,0,11650,개인,10100,방배동,305000.0,2025-06-27
1708,131,반포자이,11650-3500,20,43,2009,개인,,,"370,000",25,6,2025,중개거래,서울 서초구,59.98,10,20-43,1,N,25.09.10,신반포로,00270,00000,3121017,02,11650,0,11650,개인,10700,반포동,370000.0,2025-06-25
1709,,대주피오레아파트,11650-157,31,14,2002,개인,,,"170,000",30,6,2025,중개거래,서울 서초구,126.69,1,31-14,1,N,25.10.30,강남대로95길,00056,00000,4163039,01,11650,0,11650,개인,10600,잠원동,170000.0,2025-06-30
1710,204,래미안서초에스티지S,11650-4622,1754,0,2018,개인,,,"348,000",27,6,2025,중개거래,서울 서초구,84.8,15,1754,1,N,25.09.12,서운로,00104,00000,3121016,01,11650,0,11650,개인,10800,서초동,348000.0,2025-06-27
1711,102동,서초센트럴IPARK,11650-4827,1582,3,2020,개인,,,"196,000",27,6,2025,중개거래,서울 서초구,80.5154,32,1582-3,1,N,25.10.28,반포대로18길,00036,00000,4163228,00,11650,0,11650,개인,10800,서초동,196000.0,2025-06-27
1712,2,훼미리,11650-154,51,0,1992,개인,,,"270,000",27,6,2025,중개거래,서울 서초구,84.9,9,51,1,N,25.09.30,잠원로,00202,00011,3121019,01,11650,0,11650,개인,10600,잠원동,270000.0,2025-06-27
1713,,한신타운,11650-149,60,4,1989,개인,,,"267,000",27,6,2025,중개거래,서울 서초구,78.39,8,60-4,1,N,25.09.26,나루터로4길,00070,00005,4163049,01,11650,0,11650,개인,10600,잠원동,267000.0,2025-06-27
1714,103동,반포써밋,11650-4703,1342,0,2018,개인,,,"368,000",27,6,2025,중개거래,서울 서초구,84.6849,26,1342,1,N,25.10.24,고무래로,00089,00000,3121001,00,11650,0,11650,개인,10700,반포동,368000.0,2025-06-27
1715,,반포훼미리(101동),11650-259,713,1,2002,개인,,,"144,000",27,6,2025,중개거래,서울 서초구,84.12,4,713-1,1,N,25.08.29,주흥11길,00040,00000,4163549,01,11650,0,11650,개인,10700,반포동,144000.0,2025-06-27
1716,112,신반포2,11650-117,73,0,1978,개인,,,"376,000",25,6,2025,중개거래,"대전 서구, 서울 서초구",68.91,4,73,1,N,25.10.21,신반포로23길,00041,00000,4163452,01,11650,0,11650,개인,10600,잠원동,376000.0,2025-06-25
1717,102,반포자이,11650-3500,20,43,2009,개인,,,"568,000",23,6,2025,중개거래,서울 서초구,132.439,3,20-43,1,N,25.09.30,신반포로,00270,00000,3121017,02,11650,0,11650,개인,10700,반포동,568000.0,2025-06-23
1718,206,방배2차현대홈타운,11650-380,2001,0,2001,개인,,,"220,000",20,6,2025,중개거래,서울 서초구,84.94,13,2001,1,N,25.09.19,서초대로1길,00034,00000,4163389,01,11650,0,11650,개인,10100,방배동,220000.0,2025-06-20
1719,101동,래미안서초에스티지,11650-4470,1332,13,2016,개인,,,"400,000",27,6,2025,중개거래,서울 서초구,139.99,11,1332-13,1,N,25.10.24,서운로,00107,00000,3121016,00,11650,0,11650,개인,10800,서초동,400000.0,2025-06-27
1720,403,호반써밋서초파크,11650-3974,788,0,2013,개인,,,"132,250",26,6,2025,중개거래,서울 서초구,59.93,11,788,1,N,25.09.05,양재대로2길,00033,00000,4163748,01,11650,0,11650,개인,10300,우면동,132250.0,2025-06-26
1721,,서초이오빌,11650-521,1593,7,2003,개인,,,"58,500",21,6,2025,중개거래,서울 서초구,50.77,4,1593-7,1,N,25.08.29,효령로53길,00045,00000,4163646,01,11650,0,11650,개인,10800,서초동,58500.0,2025-06-21
1722,,방배래미안타워,11650-759,485,3,2005,개인,25.07.29,O,"243,000",27,6,2025,중개거래,서울 서초구,134.36,15,485-3,1,N,,남부순환로,02183,00000,2000003,01,11650,0,11650,개인,10100,방배동,243000.0,2025-06-27
1723,B,현대ESA2,11650-601,1542,6,2003,개인,,,"189,000",19,6,2025,중개거래,서울 서초구,136.25,18,1542-6,1,N,25.07.25,반포대로,00122,00000,2121003,03,11650,0,11650,개인,10800,서초동,189000.0,2025-06-19
1724,207,서초힐스,11650-3821,773,0,2012,개인,,,"130,000",20,6,2025,직거래,,84.96,23,773,1,N,25.09.05,양재대로2길,00090,00000,4163748,01,11650,0,11650,법인,10300,우면동,130000.0,2025-06-20
1725,,반포센트럴자이,11650-4805,162,0,2020,개인,25.07.29,O,"499,000",18,6,2025,중개거래,"대전 유성구, 서울 서초구",84.95,27,162,1,N,,반포대로,00310,00006,2121003,01,11650,0,11650,개인,10600,잠원동,499000.0,2025-06-18
1726,13,삼풍아파트,11650-28,1685,0,1988,개인,,,"408,000",28,6,2025,중개거래,서울 서초구,130.73,3,1685,1,N,25.10.16,서초중앙로,00200,00000,3121024,03,11650,0,11650,개인,10800,서초동,408000.0,2025-06-28
1727,351,신반포27,11650-124,56,2,1985,개인,,,"240,000",27,6,2025,중개거래,서울 서초구,53.46,5,56-2,1,N,25.09.19,잠원로8길,00003,00000,4163529,01,11650,0,11650,개인,10600,잠원동,240000.0,2025-06-27
1728,,신영체르니,11650-461,90,0,2002,개인,,,"57,000",26,6,2025,중개거래,서울 서초구,35.91,8,90,1,N,25.08.26,논현로27길,00057,00000,4163097,01,11650,0,11650,개인,10200,양재동,57000.0,2025-06-26
1729,118,반포자이,11650-3500,20,43,2009,개인,,,"570,000",19,6,2025,중개거래,서울 서초구,132.439,11,20-43,1,N,25.08.29,신반포로,00270,00000,3121017,02,11650,0,11650,개인,10700,반포동,570000.0,2025-06-19
1730,,신영체르니,11650-461,90,0,2002,개인,,,"60,000",27,6,2025,중개거래,서울 서초구,39.1,2,90,1,N,25.09.30,논현로27길,00057,00000,4163097,01,11650,0,11650,개인,10200,양재동,60000.0,2025-06-27
1731,102,신반포청구,11650-141,63,2,1998,개인,,,"250,000",25,6,2025,중개거래,서울 서초구,59.91,12,63-2,1,N,25.08.29,신반포로33길,00066,00000,4163453,01,11650,0,11650,개인,10600,잠원동,250000.0,2025-06-25
1732,106,신반포2,11650-117,73,0,1978,개인,,,"727,000",26,6,2025,중개거래,서울 서초구,150.58,7,73,1,N,25.10.02,신반포로23길,00041,00000,4163452,01,11650,0,11650,개인,10600,잠원동,727000.0,2025-06-26
1733,,반포센트레빌아스테리움,11650-4927,1344,0,2021,개인,25.07.11,O,"349,000",25,6,2025,중개거래,서울 서초구,82.0165,13,1344,1,N,,사평대로,00310,00004,2121001,02,11650,0,11650,개인,10700,반포동,349000.0,2025-06-25
1734,111,롯데캐슬아르떼,11650-4044,424,28,2013,개인,,,"345,000",27,6,2025,중개거래,"서울 강서구, 서울 서초구",147.7221,9,424-28,1,N,25.09.30,방배천로18길,00011,00000,4163687,01,11650,0,11650,개인,10100,방배동,345000.0,2025-06-27
1735,101,서초1차e-편한세상,11650-708,1487,63,2004,개인,,,"225,000",27,6,2025,중개거래,서울 서초구,130.53,6,1487-63,1,N,25.10.24,명달로6길,00031,00000,4163193,01,11650,0,11650,개인,10800,서초동,225000.0,2025-06-27
1736,101동,서초센트럴IPARK,11650-4827,1582,3,2020,개인,,,"167,000",17,6,2025,중개거래,서울 서초구,80.5154,13,1582-3,1,N,25.08.01,반포대로18길,00036,00000,4163228,00,11650,0,11650,개인,10800,서초동,167000.0,2025-06-17
1737,101,래미안방배아트힐(1008-2),11650-658,1008,2,2004,개인,,,"248,000",27,6,2025,중개거래,서울 서초구,114.18,15,1008-2,1,N,25.09.05,남부순환로,02311,00012,2000003,01,11650,0,11650,개인,10100,방배동,248000.0,2025-06-27
1738,202,방배래미안타워,11650-759,485,3,2005,개인,,,"207,000",21,6,2025,중개거래,서울 서초구,102.93,6,485-3,1,N,25.08.19,남부순환로,02183,00000,2000003,01,11650,0,11650,개인,10100,방배동,207000.0,2025-06-21
1739,114동,아크로리버파크,11650-4440,2,12,2016,개인,,,"730,000",27,6,2025,중개거래,서울 서초구,129.92,3,2-12,1,N,25.10.13,신반포로15길,00019,00000,4163450,00,11650,0,11650,개인,10700,반포동,730000.0,2025-06-27
1740,102,반포센트레빌아스테리움,11650-4927,1344,0,2021,개인,,,"349,000",25,6,2025,중개거래,서울 서초구,82.0165,13,1344,1,N,25.10.24,사평대로,00310,00004,2121001,02,11650,0,11650,개인,10700,반포동,349000.0,2025-06-25
1741,111,롯데캐슬아르떼,11650-4044,424,28,2013,개인,,,"298,000",27,6,2025,중개거래,서울 서초구,147.7221,1,424-28,1,N,25.09.25,방배천로18길,00011,00000,4163687,01,11650,0,11650,개인,10100,방배동,298000.0,2025-06-27
1742,119,신반포16,11650-113,55,12,1983,개인,,,"383,000",27,6,2025,중개거래,서울 서초구,83.12,2,55-12,1,N,25.08.29,잠원로,00157,00000,3121019,01,11650,0,11650,개인,10600,잠원동,383000.0,2025-06-27
1743,102,서초푸르지오써밋,11650-4550,1311,10,2017,개인,,,"290,000",27,6,2025,중개거래,서울 서초구,59.62,17,1311-10,1,N,25.10.27,서운로,00201,00000,3121016,01,11650,0,11650,개인,10800,서초동,290000.0,2025-06-27
1744,103,쌍용예가클래식,11650-265,776,3,2006,개인,,,"239,000",17,6,2025,중개거래,서울 서초구,121.0751,10,776-3,1,N,25.09.30,방배로37길,00026,00009,4163272,01,11650,0,11650,개인,10100,방배동,239000.0,2025-06-17
1745,102,동부센트레빌,11650-659,3275,0,2004,개인,,,"282,000",21,6,2025,중개거래,서울 서초구,134.04,3,3275,1,N,25.09.19,방배로,00278,00000,3121010,01,11650,0,11650,개인,10100,방배동,282000.0,2025-06-21
1746,2,한강,11650-144,49,8,1989,개인,,,"320,000",27,6,2025,중개거래,서울 서초구,84.53,6,49-8,1,N,25.10.30,잠원로,00213,00010,3121019,01,11650,0,11650,개인,10600,잠원동,320000.0,2025-06-27
1747,,잠원현대훼밀리,11650-138,59,3,1997,개인,,,"207,000",26,6,2025,중개거래,서울 서초구,59.56,10,59-3,1,N,25.09.19,신반포로,00261,00000,3121017,01,11650,0,11650,개인,10600,잠원동,207000.0,2025-06-26
1748,1,훼미리,11650-154,51,0,1992,개인,,,"268,000",28,6,2025,중개거래,서울 서초구,84.83,2,51,1,N,25.09.30,잠원로,00202,00011,3121019,01,11650,0,11650,개인,10600,잠원동,268000.0,2025-06-28
1749,109동,서초그랑자이,11650-4969,1757,0,2021,개인,,,"380,000",27,6,2025,중개거래,"서울 강남구, 서울 서초구",84.51,6,1757,1,N,25.08.27,효령로,00391,00000,3121021,00,11650,,11650,개인,10800,서초동,380000.0,2025-06-27
1750,,잠원현대훼밀리,11650-138,59,3,1997,개인,25.07.10,O,"207,000",26,6,2025,중개거래,서울 서초구,59.56,10,59-3,1,N,,신반포로,00261,00000,3121017,01,11650,0,11650,개인,10600,잠원동,207000.0,2025-06-26
1751,104,롯데캐슬헤론,11650-3317,754,1,2006,개인,,,"186,000",21,6,2025,중개거래,서울 서초구,95.66,11,754-1,1,N,25.08.22,동광로1길,00112,00000,4163119,01,11650,0,11650,개인,10100,방배동,186000.0,2025-06-21
1752,102,서초한신,11650-43,1454,29,2001,개인,,,"213,000",14,6,2025,중개거래,서울 서초구,115.3,10,1454-29,1,N,25.09.10,남부순환로323길,00038,00016,4163071,00,11650,,11650,개인,10800,서초동,213000.0,2025-06-14
1753,113,롯데캐슬클래식,11650-3300,1312,3,2006,개인,,,"318,000",16,6,2025,중개거래,서울 서초구,120.18,12,1312-3,1,N,25.09.11,서운로,00200,00000,3121016,01,11650,0,11650,개인,10800,서초동,318000.0,2025-06-16
1754,,롯데캐슬헤론,11650-3317,754,1,2006,개인,25.08.08,O,"185,000",17,6,2025,중개거래,서울 서초구,95.66,9,754-1,1,N,,동광로1길,00112,00000,4163119,01,11650,0,11650,개인,10100,방배동,185000.0,2025-06-17
1755,103동,서초그랑자이,11650-4969,1757,0,2021,개인,,,"320,000",27,6,2025,중개거래,서울 서초구,59.98,25,1757,1,N,25.10.20,효령로,00391,00000,3121021,00,11650,,11650,개인,10800,서초동,320000.0,2025-06-27
1756,106,동아,11650-102,157,0,2002,개인,,,"335,000",24,6,2025,중개거래,서울 서초구,84.91,6,157,1,N,25.08.18,신반포로33길,00015,00000,4163453,01,11650,0,11650,개인,10600,잠원동,335000.0,2025-06-24
1757,2,한신로얄,11650-147,63,34,1992,개인,,,"204,000",18,6,2025,직거래,,81.05,1,63-34,1,N,25.07.10,신반포로33길,00064,00000,4163453,01,11650,0,11650,개인,10600,잠원동,204000.0,2025-06-18
1758,1,임광,11650-341,1015,0,1985,개인,,,"237,000",24,6,2025,중개거래,서울 서초구,84.78,7,1015,1,N,25.09.19,방배로,00014,00000,3121010,01,11650,0,11650,개인,10100,방배동,237000.0,2025-06-24
1759,,서초이오빌,11650-521,1593,7,2003,개인,,,"44,000",20,6,2025,중개거래,서울 서초구,45.96,7,1593-7,1,N,25.08.19,효령로53길,00045,00000,4163646,01,11650,0,11650,개인,10800,서초동,44000.0,2025-06-20
1760,11,삼호3,11650-311,759,3,1976,개인,,,"271,000",17,6,2025,중개거래,서울 서초구,183.16,1,759-3,1,N,25.09.30,방배로45길,00027,00000,4163278,01,11650,0,11650,개인,10100,방배동,271000.0,2025-06-17
1761,101,서초교대e편한세상,11650-3579,1686,9,2010,개인,,,"265,000",27,6,2025,중개거래,"서울 서초구, 서울 중랑구",84.68,2,1686-9,1,N,25.08.11,서초중앙로24길,00033,00000,4163710,01,11650,0,11650,개인,10800,서초동,265000.0,2025-06-27
1762,107동,래미안 리더스원,11650-4887,1755,0,2020,개인,,,"425,000",25,6,2025,중개거래,"서울 강남구, 서울 서초구",114.94,18,1755,1,N,25.10.17,서운로,00062,00000,3121016,00,11650,,11650,개인,10800,서초동,425000.0,2025-06-25
1763,10,삼풍아파트,11650-28,1685,0,1988,개인,,,"408,000",10,6,2025,중개거래,서울 서초구,130.73,10,1685,1,N,25.09.29,서초중앙로,00200,00000,3121024,03,11650,0,11650,개인,10800,서초동,408000.0,2025-06-10
1764,105,반포자이,11650-3500,20,43,2009,개인,,,"580,000",21,6,2025,중개거래,서울 서초구,132.439,13,20-43,1,N,25.09.29,신반포로,00270,00000,3121017,02,11650,0,11650,개인,10700,반포동,580000.0,2025-06-21
1765,,우정에쉐르,11650-702,1355,24,2004,개인,,,"126,000",27,6,2025,중개거래,서울 서초구,77.39,10,1355-24,1,N,25.08.22,서운로3길,00029,00000,4163379,01,11650,0,11650,개인,10800,서초동,126000.0,2025-06-27
1766,,래미안원베일리,11650-5126,1,0,2023,개인,25.07.22,O,"660,000",27,6,2025,중개거래,서울 서초구,84.98,17,1,1,N,,반포대로,00333,00000,2121003,00,11650,,11650,개인,10700,반포동,660000.0,2025-06-27
1767,A,현대슈퍼빌,11650-519,1446,11,2003,개인,,,"250,000",27,6,2025,중개거래,서울 강남구,164.87,2,1446-11,1,N,25.09.10,서초중앙로,00015,00000,3121024,03,11650,0,11650,개인,10800,서초동,250000.0,2025-06-27
1768,106,롯데캐슬아르떼,11650-4044,424,28,2013,개인,,,"290,000",30,6,2025,중개거래,서울 서초구,84.974,7,424-28,1,N,25.09.30,방배천로18길,00011,00000,4163687,01,11650,0,11650,개인,10100,방배동,290000.0,2025-06-30
1769,2,궁전,11650-160,65,1,1984,개인,,,"295,000",27,6,2025,중개거래,서울 서초구,146.81,1,65-1,1,N,25.10.31,사평대로,00142,00000,2121001,02,11650,0,11650,개인,10700,반포동,295000.0,2025-06-27
1770,,엠브이아파트,11650-199,46,0,1994,개인,,,"183,000",27,6,2025,중개거래,서울 서초구,83.4,12,46,1,N,25.09.26,고무래로10길,00039,00000,4163042,01,11650,0,11650,개인,10700,반포동,183000.0,2025-06-27
1771,345,신반포25,11650-122,61,1,1984,개인,,,"400,000",25,6,2025,중개거래,서울 서초구,84.49,12,61-1,1,N,25.09.30,잠원로,00136,00000,3121019,01,11650,0,11650,개인,10600,잠원동,400000.0,2025-06-25
1772,101동,서초센트럴IPARK,11650-4827,1582,3,2020,개인,,,"200,000",27,6,2025,중개거래,서울 서초구,80.5154,31,1582-3,1,N,25.10.22,반포대로18길,00036,00000,4163228,00,11650,0,11650,개인,10800,서초동,200000.0,2025-06-27
1773,1,한신로얄,11650-147,63,34,1992,개인,,,"180,000",26,6,2025,직거래,,81.23,3,63-34,1,N,25.09.16,신반포로33길,00064,00000,4163453,01,11650,0,11650,개인,10600,잠원동,180000.0,2025-06-26
1774,21,현대아파트,11650-85,1346,0,1989,개인,,,"209,000",27,6,2025,중개거래,서울 서초구,84.34,6,1346,1,N,25.08.22,효령로68길,00013,00000,4163654,00,11650,,11650,개인,10800,서초동,209000.0,2025-06-27
1775,104,방배그랑자이,11650-4970,3283,0,2021,개인,,,"310,000",30,6,2025,중개거래,서울 서초구,84.972,2,3283,1,N,25.10.02,방배로,00021,00000,3121010,00,11650,0,11650,개인,10100,방배동,310000.0,2025-06-30
1776,,서리풀e편한세상,11650-3573,906,13,2010,개인,25.07.22,O,"210,000",27,6,2025,중개거래,"서울 강남구, 서울 서초구",59.97,8,906-13,1,N,,효령로33길,00050,00000,4163633,01,11650,0,11650,개인,10100,방배동,210000.0,2025-06-27
1777,101동,서초센트럴IPARK,11650-4827,1582,3,2020,개인,,,"200,000",28,6,2025,중개거래,서울 서초구,80.5154,33,1582-3,1,N,25.11.07,반포대로18길,00036,00000,4163228,00,11650,0,11650,개인,10800,서초동,200000.0,2025-06-28
1778,1,반포2차ApelBaum,11650-3385,612,2,2007,개인,,,"370,000",27,6,2025,중개거래,서울 서초구,230.86,6,612-2,1,N,25.10.24,사평대로12길,00022,00000,4163321,02,11650,0,11650,개인,10700,반포동,370000.0,2025-06-27
1779,A,아크로비스타,11650-724,1685,3,2004,개인,,,"353,000",30,6,2025,중개거래,"서울 강남구, 서울 서초구",151.61,29,1685-3,1,N,25.10.30,서초중앙로,00188,00000,3121024,03,11650,0,11650,개인,10800,서초동,353000.0,2025-06-30
1780,102,반포래미안아이파크,11650-4678,1341,0,2018,개인,,,"490,000",27,6,2025,중개거래,서울 서초구,112.95,14,1341,1,N,25.10.31,서초중앙로,00220,00000,3121024,02,11650,0,11650,개인,10700,반포동,490000.0,2025-06-27
1781,101,신반포청구,11650-141,63,2,1998,개인,,,"320,000",27,6,2025,중개거래,서울 서초구,84.86,8,63-2,1,N,25.08.29,신반포로33길,00066,00000,4163453,01,11650,0,11650,개인,10600,잠원동,320000.0,2025-06-27
1782,105,현대멤피스,11650-373,772,13,2001,개인,,,"284,500",21,6,2025,중개거래,서울 서초구,158.82,21,772-13,1,N,25.09.30,방배로,00249,00000,3121010,01,11650,0,11650,개인,10100,방배동,284500.0,2025-06-21
1783,101,반포두산힐스빌,11650-168,54,5,2001,개인,,,"107,500",27,6,2025,중개거래,서울 서초구,47.84,2,54-5,1,N,25.09.26,고무래로10길,00016,00000,4163042,01,11650,0,11650,개인,10700,반포동,107500.0,2025-06-27
1784,102동,아크로리버뷰신반포,11650-4676,159,0,2018,개인,,,"429,000",23,6,2025,중개거래,서울 서초구,78.5,4,159,1,N,25.08.27,잠원로,00117,00000,3121019,00,11650,0,11650,개인,10600,잠원동,429000.0,2025-06-23
1785,,반포리체,11650-3617,30,26,2010,개인,25.07.01,O,"345,000",27,6,2025,중개거래,서울 서초구,59.993,6,30-26,1,N,,고무래로,00035,00000,3121001,01,11650,0,11650,개인,10700,반포동,345000.0,2025-06-27
1786,109,반포리체,11650-3617,30,26,2010,개인,,,"345,000",27,6,2025,중개거래,서울 서초구,59.993,6,30-26,1,N,25.08.28,고무래로,00035,00000,3121001,01,11650,0,11650,개인,10700,반포동,345000.0,2025-06-27
1787,103동,방배 서리풀 그랑블,11650-4769,3279,0,2019,개인,,,"152,500",28,6,2025,중개거래,서울 서초구,59.9394,1,3279,1,N,25.09.19,서초대로34가길,00052,00000,4163402,00,11650,0,11650,개인,10100,방배동,152500.0,2025-06-28
1788,606,서초포레스타6단지,11650-4140,619,0,2015,개인,,,"150,000",27,6,2025,중개거래,서울 강남구,59.98,7,619,1,N,25.07.07,청계산로9길,00001,00012,4163751,01,11650,0,11650,개인,11100,신원동,150000.0,2025-06-27
1789,105동,래미안신반포팰리스,11650-4439,158,0,2016,개인,,,"409,000",27,6,2025,중개거래,서울 서초구,84.49,29,158,1,N,25.10.01,잠원로8길,00035,00000,4163529,00,11650,0,11650,개인,10600,잠원동,409000.0,2025-06-27
1790,1,방배마에스트로,11650-4693,866,10,2019,개인,,,"68,300",14,6,2025,중개거래,서울 서초구,25.48,20,866-10,1,N,25.08.25,서초대로,00013,00000,2121002,01,11650,0,11650,개인,10100,방배동,68300.0,2025-06-14
1791,103동,서초그랑자이,11650-4969,1757,0,2021,개인,,,"375,000",27,6,2025,중개거래,서울 서초구,84.51,4,1757,1,N,25.09.04,효령로,00391,00000,3121021,00,11650,,11650,개인,10800,서초동,375000.0,2025-06-27
1792,102,서초현대,11650-46,1648,2,1999,개인,,,"128,000",25,6,2025,중개거래,서울 서초구,54.45,7,1648-2,1,N,25.08.27,사임당로19길,00010,00000,4163315,01,11650,0,11650,개인,10800,서초동,128000.0,2025-06-25
1793,104,방배아크로리버,11650-640,752,36,2004,개인,,,"239,000",12,6,2025,중개거래,서울 서초구,124.569,19,752-36,1,N,25.07.29,방배중앙로,00207,00010,3121011,01,11650,0,11650,개인,10100,방배동,239000.0,2025-06-12
1794,7,삼호2,11650-310,758,4,1976,개인,,,"270,000",30,6,2025,중개거래,서울 서초구,131.41,12,758-4,1,N,25.09.15,방배로43길,00002,00000,4163277,01,11650,0,11650,개인,10100,방배동,270000.0,2025-06-30
1795,103,반포센트럴자이,11650-4805,162,0,2020,개인,,,"500,000",27,6,2025,중개거래,서울 서초구,84.98,16,162,1,N,25.10.21,반포대로,00310,00006,2121003,01,11650,0,11650,개인,10600,잠원동,500000.0,2025-06-27
1796,103,방배아트e-편한세상103,11650-3171,484,6,2005,개인,,,"164,000",27,6,2025,중개거래,서울 서초구,108.98,3,484-6,1,N,25.09.19,효령로2길,00087,00000,4163631,01,11650,0,11650,개인,10100,방배동,164000.0,2025-06-27
1797,,잠원현대훼밀리,11650-138,59,3,1997,개인,,,"206,000",27,6,2025,중개거래,서울 서초구,59.56,6,59-3,1,N,25.10.20,신반포로,00261,00000,3121017,01,11650,0,11650,개인,10600,잠원동,206000.0,2025-06-27
1798,403,호반써밋서초파크,11650-3974,788,0,2013,개인,,,"132,000",30,6,2025,중개거래,서울 서초구,59.93,21,788,1,N,25.08.20,양재대로2길,00033,00000,4163748,01,11650,0,11650,개인,10300,우면동,132000.0,2025-06-30
1799,108,방배1차현대홈타운,11650-290,1344,0,1999,개인,,,"265,000",27,6,2025,중개거래,서울 서초구,134.76,3,1344,1,N,25.10.13,서초대로1길,00030,00000,4163389,01,11650,0,11650,개인,10100,방배동,265000.0,2025-06-27
1800,102,한신타워,11650-150,71,11,1996,개인,,,"298,000",27,6,2025,중개거래,서울 서초구,84.93,8,71-11,1,N,25.09.01,잠원로3길,00008,00000,4163527,01,11650,0,11650,개인,10600,잠원동,298000.0,2025-06-27
1801,110,서초래미안,11650-523,1682,0,2003,개인,,,"325,000",30,6,2025,중개거래,서울 서초구,126.31,9,1682,1,N,25.11.03,서초대로65길,00013,00010,4163425,01,11650,0,11650,개인,10800,서초동,325000.0,2025-06-30
1802,101,서초호반써밋,11650-3963,753,0,2013,개인,,,"220,000",30,6,2025,중개거래,서울 서초구,118.0151,16,753,1,N,25.10.21,양재대로2길,00109,00000,4163748,01,11650,0,11650,개인,10300,우면동,220000.0,2025-06-30
1803,,한강,11650-144,49,8,1989,개인,25.07.09,O,"320,000",27,6,2025,중개거래,서울 서초구,84.53,6,49-8,1,N,,잠원로,00213,00010,3121019,01,11650,0,11650,개인,10600,잠원동,320000.0,2025-06-27
1804,가,방배신삼호,11650-323,725,0,1983,개인,,,"328,000",9,6,2025,중개거래,서울 서초구,105.04,7,725,1,N,25.09.16,방배로,00270,00000,3121010,01,11650,0,11650,개인,10100,방배동,328000.0,2025-06-09
1805,D,현대슈퍼빌,11650-519,1446,11,2003,개인,,,"258,000",30,6,2025,중개거래,서울 서초구,153.93,5,1446-11,1,N,25.09.17,서초중앙로,00015,00000,3121024,03,11650,0,11650,개인,10800,서초동,258000.0,2025-06-30
1806,101,서초아트자이,11650-3542,1583,10,2009,개인,,,"291,000",16,6,2025,중개거래,서울 서초구,165.5725,24,1583-10,1,N,25.08.11,반포대로,00058,00000,2121003,03,11650,0,11650,개인,10800,서초동,291000.0,2025-06-16
1807,,신화,11650-132,54,7,1997,개인,,,"176,000",21,6,2025,중개거래,서울 서초구,57.33,18,54-7,1,N,25.08.29,잠원로14길,00054,00000,4163526,01,11650,0,11650,개인,10600,잠원동,176000.0,2025-06-21
1808,101,삼성래미안1,11650-503,2626,0,2003,개인,,,"149,000",30,6,2025,중개거래,서울 서초구,59.9,5,2626,1,N,25.08.28,방배선행길,00002,00000,4163671,01,11650,0,11650,개인,10100,방배동,149000.0,2025-06-30
1809,101,서초한신,11650-43,1454,29,2001,개인,,,"200,000",27,6,2025,중개거래,서울 서초구,115.3,2,1454-29,1,N,25.08.11,남부순환로323길,00038,00015,4163071,00,11650,0,11650,개인,10800,서초동,200000.0,2025-06-27
1810,,서초롯데캐슬프레지던트,11650-4129,1681,8,2014,개인,25.08.22,O,"343,000",27,6,2025,중개거래,서울 서초구,119.13,14,1681-8,1,N,,서초중앙로24길,00057,00000,4163710,01,11650,0,11650,개인,10800,서초동,343000.0,2025-06-27
1811,126,반포자이,11650-3500,20,43,2009,개인,,,"740,000",3,6,2025,중개거래,서울 서초구,244.543,24,20-43,1,N,25.08.29,신반포로,00270,00000,3121017,02,11650,0,11650,개인,10700,반포동,740000.0,2025-06-03
1812,1,강변,11650-97,53,15,1987,개인,,,"274,000",21,6,2025,중개거래,서울 서초구,84.53,5,53-15,1,N,25.07.24,잠원로,00166,00017,3121019,01,11650,0,11650,개인,10600,잠원동,274000.0,2025-06-21
1813,201,서초2차e-편한세상,11650-774,1529,0,2005,개인,,,"196,500",28,6,2025,중개거래,서울 서초구,84.67,4,1529,1,N,25.09.22,효령로49길,00057,00000,4163642,01,11650,0,11650,개인,10800,서초동,196500.0,2025-06-28
1814,,호반써밋서초파크뷰(토지임대부아파트),11650-3976,789,0,2013,개인,25.07.24,O,"125,000",30,6,2025,중개거래,서울 서초구,84.95,9,789,1,Y,,양재대로2길,00011,00000,4163748,01,11650,0,11650,개인,10300,우면동,125000.0,2025-06-30
1815,101,방배1차현대홈타운,11650-290,1344,0,1999,개인,,,"185,000",29,6,2025,중개거래,서울 서초구,59.94,4,1344,1,N,25.10.13,서초대로1길,00030,00000,4163389,01,11650,0,11650,개인,10100,방배동,185000.0,2025-06-29
1816,101,대성유니드,11650-607,1641,3,2004,개인,,,"188,000",28,6,2025,중개거래,서울 서초구,84.991,12,1641-3,1,N,25.09.23,서초대로64길,00036,00000,4163424,01,11650,0,11650,개인,10800,서초동,188000.0,2025-06-28
1817,101,현대동궁아파트,11650-236,64,5,1991,개인,,,"215,000",10,6,2025,중개거래,서울 서초구,82.35,11,64-5,1,N,25.08.28,사평대로,00154,00000,2121001,02,11650,0,11650,개인,10700,반포동,215000.0,2025-06-10
1818,1,방배대우(562-1),11650-271,562,1,1992,개인,,,"160,000",27,6,2025,중개거래,서울 서초구,84.76,7,562-1,1,N,25.10.22,효령로4길,00056,00029,4163643,01,11650,0,11650,개인,10100,방배동,160000.0,2025-06-27
1819,101동,서초센트럴IPARK,11650-4827,1582,3,2020,개인,,,"175,000",27,6,2025,중개거래,"서울 강남구, 서울 서초구",80.5154,9,1582-3,1,N,25.09.23,반포대로18길,00036,00000,4163228,00,11650,0,11650,개인,10800,서초동,175000.0,2025-06-27
1820,103,한라,11650-483,67,0,1994,개인,,,"135,000",24,6,2025,중개거래,"서울 동작구, 서울 서초구",59.98,1,67,1,N,25.10.30,바우뫼로,00033,00000,3121009,02,11650,0,11650,개인,10300,우면동,135000.0,2025-06-24
1821,102,디에이치반포라클라스,11650-4959,1343,0,2021,개인,,,"350,000",27,6,2025,중개거래,"서울 마포구, 서울 서초구",59.9897,27,1343,1,N,25.09.29,서초중앙로,00206,00000,3121024,00,11650,,11650,개인,10700,반포동,350000.0,2025-06-27
1822,101,동원베네스트아파트,11650-88,1350,13,2002,개인,,,"159,000",27,6,2025,중개거래,서울 서초구,84.9,2,1350-13,1,N,25.10.20,효령로74길,00057,00000,4163658,01,11650,0,11650,개인,10800,서초동,159000.0,2025-06-27
1823,,새티스2,11650-707,1472,21,2002,개인,,,"94,500",27,6,2025,중개거래,서울 서초구,84.48,2,1472-21,1,N,25.09.05,반포대로3길,00048,00000,4163243,01,11650,0,11650,개인,10800,서초동,94500.0,2025-06-27
1824,,신반포16,11650-113,55,12,1983,개인,25.07.10,O,"383,000",27,6,2025,중개거래,서울 서초구,83.12,2,55-12,1,N,,잠원로,00157,00000,3121019,01,11650,0,11650,개인,10600,잠원동,383000.0,2025-06-27
1825,,신반포16,11650-113,55,12,1983,개인,25.06.27,O,"383,000",27,6,2025,중개거래,서울 서초구,83.12,2,55-12,1,N,,잠원로,00157,00000,3121019,01,11650,0,11650,개인,10600,잠원동,383000.0,2025-06-27
1826,103,서초롯데캐슬프레지던트,11650-4129,1681,8,2014,개인,,,"278,000",27,6,2025,중개거래,서울 서초구,84.97,20,1681-8,1,N,25.08.25,서초중앙로24길,00057,00000,4163710,01,11650,0,11650,개인,10800,서초동,278000.0,2025-06-27
1827,102,래미안서초7차,11650-3243,1642,34,2006,개인,,,"220,000",27,6,2025,중개거래,서울 서초구,110.68,4,1642-34,1,N,25.10.24,사임당로17길,00080,00000,4163313,01,11650,0,11650,개인,10800,서초동,220000.0,2025-06-27
1828,,반포리체,11650-3617,30,26,2010,개인,25.07.01,O,"345,000",27,6,2025,중개거래,서울 서초구,59.993,6,30-26,1,N,,고무래로,00035,00000,3121001,01,11650,0,11650,개인,10700,반포동,345000.0,2025-06-27
1829,106,롯데캐슬아르떼,11650-4044,424,28,2013,개인,,,"279,500",27,6,2025,중개거래,"서울 서초구, 서울 성동구",84.9321,4,424-28,1,N,25.09.16,방배천로18길,00011,00000,4163687,01,11650,0,11650,개인,10100,방배동,279500.0,2025-06-27
1830,107동,래미안신반포팰리스,11650-4439,158,0,2016,개인,,,"395,000",27,6,2025,중개거래,서울 서초구,84.46,21,158,1,N,25.09.19,잠원로8길,00035,00000,4163529,00,11650,0,11650,개인,10600,잠원동,395000.0,2025-06-27
1831,,신반포27,11650-124,56,2,1985,개인,25.07.14,O,"240,000",27,6,2025,중개거래,서울 서초구,53.46,5,56-2,1,N,,잠원로8길,00003,00000,4163529,01,11650,0,11650,개인,10600,잠원동,240000.0,2025-06-27
1832,122,래미안원베일리,11650-5126,1,0,2023,개인,,,"720,000",27,6,2025,중개거래,서울 서초구,84.98,12,1,1,N,25.10.15,반포대로,00333,00000,2121003,00,11650,,11650,개인,10700,반포동,720000.0,2025-06-27
1833,120,서초더샵포레,11650-4063,411,0,2014,개인,,,"145,500",21,6,2025,중개거래,서울 서초구,84.81,4,411,1,N,25.08.18,헌릉로8길,00058,00000,4163749,02,11650,0,11650,개인,10900,내곡동,145500.0,2025-06-21
1834,,반포훼미리(101동),11650-259,713,1,2002,개인,25.07.11,O,"144,000",27,6,2025,중개거래,서울 서초구,84.12,4,713-1,1,N,,주흥11길,00040,00000,4163549,01,11650,0,11650,개인,10700,반포동,144000.0,2025-06-27
1835,103,반포푸르지오,11650-176,10,0,2000,개인,,,"300,000",27,6,2025,중개거래,서울 서초구,84.82,4,10,1,N,25.09.30,신반포로15길,00004,00000,4163450,01,11650,0,11650,개인,10700,반포동,300000.0,2025-06-27
1836,103,서초삼성래미안,11650-24,1641,1,2001,개인,,,"206,000",27,6,2025,중개거래,서울 서초구,84.97,1,1641-1,1,N,25.09.26,사임당로17길,00116,00000,4163313,01,11650,0,11650,개인,10800,서초동,206000.0,2025-06-27
1837,105,동아,11650-102,157,0,2002,개인,,,"340,000",27,6,2025,중개거래,서울 서초구,84.91,16,157,1,N,25.09.02,신반포로33길,00015,00000,4163453,01,11650,0,11650,개인,10600,잠원동,340000.0,2025-06-27
1838,5,한강,11650-144,49,8,1989,개인,,,"318,000",27,6,2025,중개거래,"서울 광진구, 서울 서초구",84.53,4,49-8,1,N,25.10.30,잠원로,00213,00010,3121019,01,11650,0,11650,개인,10600,잠원동,318000.0,2025-06-27
1839,,서초삼성래미안,11650-24,1641,1,2001,개인,25.06.27,O,"206,000",27,6,2025,중개거래,서울 서초구,84.97,1,1641-1,1,N,,사임당로17길,00116,00000,4163313,01,11650,0,11650,개인,10800,서초동,206000.0,2025-06-27
1840,14,삼풍아파트,11650-28,1685,0,1988,개인,,,"390,000",27,6,2025,중개거래,서울 서초구,130.73,1,1685,1,N,25.10.24,서초중앙로,00200,00000,3121024,03,11650,0,11650,개인,10800,서초동,390000.0,2025-06-27
1841,103,서초호반써밋,11650-3963,753,0,2013,개인,,,"179,500",27,6,2025,중개거래,서울 서초구,101.0482,3,753,1,N,25.08.20,양재대로2길,00109,00000,4163748,01,11650,0,11650,개인,10300,우면동,179500.0,2025-06-27
1842,301,현대서초3,11650-83,1644,0,1997,개인,,,"180,000",27,6,2025,중개거래,서울 서초구,84.49,7,1644,1,N,25.09.30,사임당로23길,00058,00000,4163318,01,11650,0,11650,개인,10800,서초동,180000.0,2025-06-27
1843,309,서초네이처힐3단지,11650-3864,717,0,2013,개인,,,"159,700",27,6,2025,중개거래,서울 서초구,84.61,9,717,1,N,25.10.14,태봉로2길,00060,00000,4163582,01,11650,0,11650,개인,10300,우면동,159700.0,2025-06-27
1844,103,유원서초,11650-62,1687,0,1993,개인,,,"220,000",16,6,2025,중개거래,"서울 마포구, 서울 서초구",84.87,3,1687,1,N,25.08.29,서초중앙로24길,00043,00000,4163710,01,11650,0,11650,개인,10800,서초동,220000.0,2025-06-16
1845,1,강변,11650-97,53,15,1987,개인,,,"284,300",27,6,2025,중개거래,서울 서초구,84.53,13,53-15,1,N,25.08.18,잠원로,00166,00017,3121019,01,11650,0,11650,개인,10600,잠원동,284300.0,2025-06-27
1846,102,유원서초,11650-62,1687,0,1993,개인,,,"243,000",20,6,2025,중개거래,서울 서초구,84.82,8,1687,1,N,25.09.12,서초중앙로24길,00043,00000,4163710,01,11650,0,11650,개인,10800,서초동,243000.0,2025-06-20
1847,117,래미안퍼스티지,11650-3559,18,1,2009,개인,,,"850,000",27,6,2025,중개거래,서울 서초구,198.04,11,18-1,1,N,25.09.11,반포대로,00275,00000,2121003,02,11650,0,11650,개인,10700,반포동,850000.0,2025-06-27
1848,103,롯데캐슬갤럭시,11650-155,50,0,2002,개인,,,"370,000",26,6,2025,중개거래,서울 서초구,106.15,18,50,1,N,25.09.11,잠원로14길,00003,00000,4163526,01,11650,0,11650,개인,10600,잠원동,370000.0,2025-06-26
1849,115,반포자이,11650-3500,20,43,2009,개인,,,"666,000",11,6,2025,중개거래,서울 서초구,216.49,20,20-43,1,N,25.09.05,신반포로,00270,00000,3121017,02,11650,0,11650,개인,10700,반포동,666000.0,2025-06-11
1850,112,래미안원베일리,11650-5126,1,0,2023,개인,,,"590,000",13,6,2025,중개거래,서울 서초구,84.95,14,1,1,N,25.10.13,반포대로,00333,00000,2121003,00,11650,,11650,개인,10700,반포동,590000.0,2025-06-13
1851,,서초이오빌,11650-521,1593,7,2003,개인,,,"41,500",10,6,2025,중개거래,서울 서초구,45.96,20,1593-7,1,N,25.07.18,효령로53길,00045,00000,4163646,01,11650,0,11650,개인,10800,서초동,41500.0,2025-06-10
1852,110,서초더샵포레,11650-4063,411,0,2014,개인,,,"162,000",2,6,2025,중개거래,경기 성남시 수정구,84.81,14,411,1,N,25.08.29,헌릉로8길,00058,00000,4163749,02,11650,0,11650,개인,10900,내곡동,162000.0,2025-06-02
1853,,롯데캐슬갤럭시,11650-155,50,0,2002,개인,25.06.27,O,"370,000",26,6,2025,중개거래,서울 서초구,106.15,18,50,1,N,,잠원로14길,00003,00000,4163526,01,11650,0,11650,개인,10600,잠원동,370000.0,2025-06-26
1854,201,서초4현대,11650-30,1684,0,2000,개인,,,"259,000",17,6,2025,중개거래,서울 서초구,140.03,18,1684,1,N,25.08.28,고무래로,00094,00000,3121001,02,11650,0,11650,개인,10800,서초동,259000.0,2025-06-17
1855,101,서초더샵포레,11650-4063,411,0,2014,개인,,,"127,000",6,6,2025,중개거래,서울 서초구,59.94,2,411,1,N,25.08.25,헌릉로8길,00058,00000,4163749,02,11650,0,11650,개인,10900,내곡동,127000.0,2025-06-06
1856,102동,서초그랑자이,11650-4969,1757,0,2021,개인,,,"400,000",26,6,2025,중개거래,서울 서초구,90.97,12,1757,1,N,25.09.24,효령로,00391,00000,3121021,00,11650,,11650,개인,10800,서초동,400000.0,2025-06-26
1857,1,팔라디오,11650-544,551,0,2003,개인,,,"94,500",26,6,2025,중개거래,서울 서초구,75.99,3,551,1,N,25.06.30,사평대로28길,00055,00000,4163330,01,11650,0,11650,개인,10700,반포동,94500.0,2025-06-26
1858,,신화,11650-132,54,7,1997,개인,,,"188,000",26,6,2025,중개거래,서울 서초구,57.33,12,54-7,1,N,25.08.21,잠원로14길,00054,00000,4163526,01,11650,0,11650,개인,10600,잠원동,188000.0,2025-06-26
1859,주건축물제1동,지에스타워,11650-4967,1675,10,2022,개인,,,"42,000",16,6,2025,중개거래,서울 서초구,25.91,7,1675-10,1,N,25.07.29,서초대로58길,00018,00000,4163421,00,11650,0,11650,개인,10800,서초동,42000.0,2025-06-16
1860,104,래미안원베일리,11650-5126,1,0,2023,개인,,,"637,000",26,6,2025,중개거래,서울 서초구,84.98,28,1,1,N,25.10.20,반포대로,00333,00000,2121003,00,11650,,11650,개인,10700,반포동,637000.0,2025-06-26
1861,101,킴스빌리지,11650-142,71,12,1996,개인,,,"87,000",26,6,2025,중개거래,서울 서초구,23.7,13,71-12,1,N,25.09.01,잠원로3길,00006,00000,4163527,01,11650,0,11650,개인,10600,잠원동,87000.0,2025-06-26
1862,106,반포르엘,11650-5015,163,0,2022,개인,,,"510,000",19,6,2025,중개거래,서울 서초구,97.4743,8,163,1,N,25.09.19,신반포로23길,00023,00000,4163452,01,11650,0,11650,개인,10600,잠원동,510000.0,2025-06-19
1863,엘리제빌,엘리제빌,11650-3430,99,1,2007,개인,,,"320,000",26,6,2025,중개거래,서울 서초구,192.38,1,99-1,1,N,25.08.04,동광로33길,00009,00000,4163126,02,11650,0,11650,개인,10700,반포동,320000.0,2025-06-26
1864,101,래미안서초스위트,11650-3515,1301,6,2009,개인,,,"260,000",18,6,2025,중개거래,"서울 서초구, 서울 용산구",59.9958,12,1301-6,1,N,25.09.10,서운로,00221,00000,3121016,01,11650,0,11650,개인,10800,서초동,260000.0,2025-06-18
1865,,반포리체,11650-3617,30,26,2010,개인,25.06.26,O,"418,000",16,6,2025,중개거래,"서울 강남구, 서울 서초구",84.967,5,30-26,1,N,,고무래로,00035,00000,3121001,01,11650,0,11650,개인,10700,반포동,418000.0,2025-06-16
1866,101,롯데캐슬헤론,11650-3317,754,1,2006,개인,,,"242,000",3,6,2025,중개거래,서울 서초구,168.81,24,754-1,1,N,25.08.29,동광로1길,00112,00000,4163119,01,11650,0,11650,개인,10100,방배동,242000.0,2025-06-03
1867,,반포리체,11650-3617,30,26,2010,개인,25.08.06,O,"418,000",16,6,2025,중개거래,"서울 강남구, 서울 서초구",84.967,5,30-26,1,N,,고무래로,00035,00000,3121001,01,11650,0,11650,개인,10700,반포동,418000.0,2025-06-16
1868,104동,래미안 리더스원,11650-4887,1755,0,2020,개인,,,"430,000",25,6,2025,중개거래,서울 서초구,114.7,11,1755,1,N,25.11.14,서운로,00062,00000,3121016,00,11650,,11650,개인,10800,서초동,430000.0,2025-06-25
1869,,신반포2,11650-117,73,0,1978,개인,25.07.11,O,"727,000",26,6,2025,중개거래,서울 서초구,150.58,7,73,1,N,,신반포로23길,00041,00000,4163452,01,11650,0,11650,개인,10600,잠원동,727000.0,2025-06-26
1870,2,강변,11650-97,53,15,1987,개인,,,"293,000",24,6,2025,중개거래,서울 서초구,84.53,10,53-15,1,N,25.09.30,잠원로,00166,00017,3121019,01,11650,0,11650,개인,10600,잠원동,293000.0,2025-06-24
1871,B,중앙하이츠,11650-139,71,17,1998,개인,,,"250,000",25,6,2025,중개거래,"서울 강남구, 서울 서초구",75.44,4,71-17,1,N,25.09.01,잠원로3길,00020,00000,4163527,01,11650,0,11650,개인,10600,잠원동,250000.0,2025-06-25
1872,102,래미안방배아트힐(1008-2),11650-658,1008,2,2004,개인,,,"250,000",26,6,2025,중개거래,서울 서초구,127.31,20,1008-2,1,N,25.10.01,남부순환로,02311,00012,2000003,01,11650,0,11650,개인,10100,방배동,250000.0,2025-06-26
1873,326,신반포12,11650-110,50,5,1982,개인,,,"260,000",25,6,2025,중개거래,서울 서초구,55.45,9,50-5,1,N,25.07.29,잠원로14길,00041,00000,4163526,01,11650,0,11650,개인,10600,잠원동,260000.0,2025-06-25
1874,106,동아,11650-102,157,0,2002,개인,,,"300,000",25,6,2025,중개거래,서울 서초구,59.92,18,157,1,N,25.10.17,신반포로33길,00015,00000,4163453,01,11650,0,11650,개인,10600,잠원동,300000.0,2025-06-25
1875,,신반포청구,11650-141,63,2,1998,개인,25.07.11,O,"250,000",25,6,2025,중개거래,서울 서초구,59.91,12,63-2,1,N,,신반포로33길,00066,00000,4163453,01,11650,0,11650,개인,10600,잠원동,250000.0,2025-06-25
1876,,반포센트레빌아스테리움,11650-4927,1344,0,2021,개인,25.07.11,O,"349,000",25,6,2025,중개거래,서울 서초구,82.0165,13,1344,1,N,,사평대로,00310,00004,2121001,02,11650,0,11650,개인,10700,반포동,349000.0,2025-06-25
1877,,경남아너스빌,11650-3220,1455,9,2005,개인,,,"208,000",23,6,2025,중개거래,서울 서초구,127.042,3,1455-9,1,N,25.09.19,남부순환로323길,00056,00018,4163071,01,11650,0,11650,개인,10800,서초동,208000.0,2025-06-23
1878,101,대성유니드,11650-607,1641,3,2004,개인,,,"194,000",16,6,2025,중개거래,"서울 강남구, 서울 서초구",84.991,11,1641-3,1,N,25.09.04,서초대로64길,00036,00000,4163424,01,11650,0,11650,개인,10800,서초동,194000.0,2025-06-16
1879,330,신반포19,11650-116,61,2,1982,개인,,,"289,000",14,6,2025,중개거래,서울 서초구,80.25,2,61-2,1,N,25.07.29,잠원로8길,00020,00000,4163529,01,11650,0,11650,개인,10600,잠원동,289000.0,2025-06-14
1880,306,반포미도,11650-172,60,4,1987,개인,,,"320,000",14,6,2025,중개거래,서울 서초구,84.96,2,60-4,1,N,25.10.20,서초중앙로29길,00028,00000,4163713,01,11650,0,11650,개인,10700,반포동,320000.0,2025-06-14
1881,113,우성KBS(113동),11650-488,160,2,1996,개인,,,"152,000",16,6,2025,중개거래,서울 서초구,84.69,9,160-2,1,N,25.07.10,바우뫼로,00091,00000,3121009,01,11650,0,11650,개인,10200,양재동,152000.0,2025-06-16
1882,6,한신,11650-145,56,3,1992,개인,,,"325,000",9,6,2025,중개거래,서울 서초구,84.52,3,56-3,1,N,25.08.29,잠원로,00150,00000,3121019,01,11650,0,11650,개인,10600,잠원동,325000.0,2025-06-09
1883,102,래미안방배아트힐(1008-2),11650-658,1008,2,2004,개인,,,"250,000",11,6,2025,중개거래,서울 서초구,127.61,6,1008-2,1,N,25.09.30,남부순환로,02311,00012,2000003,01,11650,0,11650,개인,10100,방배동,250000.0,2025-06-11
1884,12,방배임광3차,11650-342,1010,1,1988,개인,,,"121,000",23,6,2025,중개거래,서울 서초구,51.84,8,1010-1,1,N,25.08.28,방배로2길,00024,00006,4163264,01,11650,0,11650,개인,10100,방배동,121000.0,2025-06-23
1885,한라비발디스튜디오193,한라비발디스튜디오193,11650-3926,1363,25,2013,개인,,,"25,500",14,6,2025,중개거래,서울 강남구,19.99,11,1363-25,1,N,25.07.03,강남대로39길,00015,00010,4163018,01,11650,0,11650,개인,10800,서초동,25500.0,2025-06-14
1886,101,서초래미안,11650-523,1682,0,2003,개인,,,"288,000",24,6,2025,중개거래,서울 서초구,111.92,15,1682,1,N,25.09.05,서초대로65길,00013,00010,4163425,01,11650,0,11650,개인,10800,서초동,288000.0,2025-06-24
1887,107동,래미안 리더스원,11650-4887,1755,0,2020,개인,,,"417,000",16,6,2025,중개거래,서울 서초구,114.94,28,1755,1,N,25.08.11,서운로,00062,00000,3121016,00,11650,,11650,개인,10800,서초동,417000.0,2025-06-16
1888,501,래미안서초5차,11650-3229,1522,1,2005,개인,,,"225,000",24,6,2025,중개거래,서울 서초구,120.22,11,1522-1,1,N,25.09.30,반포대로21길,00067,00000,4163232,01,11650,0,11650,개인,10800,서초동,225000.0,2025-06-24
1889,,임광,11650-341,1015,0,1985,개인,25.07.07,O,"237,000",24,6,2025,중개거래,서울 서초구,84.78,7,1015,1,N,,방배로,00014,00000,3121010,01,11650,0,11650,개인,10100,방배동,237000.0,2025-06-24
1890,302,반포미도,11650-172,60,4,1987,개인,,,"380,000",24,6,2025,중개거래,"서울 강남구, 서울 서초구",84.96,7,60-4,1,N,25.09.04,서초중앙로29길,00028,00000,4163713,01,11650,0,11650,개인,10700,반포동,380000.0,2025-06-24
1891,,롯데캐슬헤론,11650-3317,754,1,2006,개인,25.07.08,O,"186,000",21,6,2025,중개거래,서울 서초구,95.66,11,754-1,1,N,,동광로1길,00112,00000,4163119,01,11650,0,11650,개인,10100,방배동,186000.0,2025-06-21
1892,,서초4현대,11650-30,1684,0,2000,개인,25.06.27,O,"259,000",17,6,2025,중개거래,서울 서초구,140.03,18,1684,1,N,,고무래로,00094,00000,3121001,02,11650,0,11650,개인,10800,서초동,259000.0,2025-06-17
1893,102,래미안서초7차,11650-3243,1642,34,2006,개인,,,"240,000",7,6,2025,중개거래,서울 서초구,148.08,6,1642-34,1,N,25.07.15,사임당로17길,00080,00000,4163313,01,11650,0,11650,개인,10800,서초동,240000.0,2025-06-07
1894,브라운스톤,브라운스톤서초(1677-1),11650-3278,1677,1,2006,개인,,,"128,000",17,6,2025,중개거래,"서울 강남구, 서울 서초구",76.51,13,1677-1,1,N,25.10.17,서초대로,00334,00000,2121002,02,11650,0,11650,개인,10800,서초동,128000.0,2025-06-17
1895,202,극동스타클래스2,11650-3321,1615,10,2006,개인,,,"143,000",11,6,2025,중개거래,서울 서초구,81.065,3,1615-10,1,N,25.07.10,효령로67길,00035,00000,4163653,01,11650,0,11650,개인,10800,서초동,143000.0,2025-06-11
1896,105,현대멤피스,11650-373,772,13,2001,개인,,,"273,500",21,6,2025,중개거래,서울 서초구,158.82,10,772-13,1,N,25.09.01,방배로,00249,00000,3121010,01,11650,0,11650,개인,10100,방배동,273500.0,2025-06-21
1897,201,방배2차e-편한세상,11650-510,881,26,2004,개인,,,"280,000",27,6,2025,중개거래,서울 서초구,164.12,7,881-26,1,N,25.09.15,서초대로33길,00022,00000,4163401,01,11650,0,11650,개인,10100,방배동,280000.0,2025-06-27
1898,(102동),방배서리풀힐스,11650-3338,915,16,2006,개인,,,"155,000",18,6,2025,중개거래,서울 서초구,84.992,2,915-16,1,N,25.09.19,방배로11길,00035,00000,4163250,01,11650,0,11650,개인,10100,방배동,155000.0,2025-06-18
1899,109,삼성래미안1,11650-503,2626,0,2003,개인,,,"182,000",11,6,2025,중개거래,서울 서초구,114.94,5,2626,1,N,25.09.26,방배선행길,00002,00000,4163671,01,11650,0,11650,개인,10100,방배동,182000.0,2025-06-11
1900,107,래미안퍼스티지,11650-3559,18,1,2009,개인,,,"520,000",16,6,2025,중개거래,서울 서초구,84.93,5,18-1,1,N,25.09.04,반포대로,00275,00000,2121003,02,11650,0,11650,개인,10700,반포동,520000.0,2025-06-16
1901,,동일하이빌,11650-3339,1542,1,2006,개인,25.08.05,O,"181,000",22,6,2025,중개거래,서울 서초구,100.39,9,1542-1,1,N,,서초대로,00240,00000,2121002,02,11650,0,11650,개인,10800,서초동,181000.0,2025-06-22
1902,,엠브이아파트,11650-199,46,0,1994,개인,,,"145,000",21,6,2025,중개거래,서울 서초구,59.82,15,46,1,N,25.09.30,고무래로10길,00039,00000,4163042,01,11650,0,11650,개인,10700,반포동,145000.0,2025-06-21
1903,101,현대동궁아파트,11650-236,64,5,1991,개인,,,"179,000",14,6,2025,중개거래,"서울 서초구, 서울 성동구",70.38,3,64-5,1,N,25.09.19,사평대로,00154,00000,2121001,02,11650,0,11650,개인,10700,반포동,179000.0,2025-06-14
1904,102,반포훼미리(102동),11650-549,712,19,2003,개인,,,"153,000",12,6,2025,중개거래,서울 서초구,84.63,5,712-19,1,N,25.07.30,주흥13길,00038,00000,4163550,01,11650,0,11650,개인,10700,반포동,153000.0,2025-06-12
1905,,서초센트럴IPARK,11650-4827,1582,3,2020,개인,25.07.31,O,"170,000",7,6,2025,중개거래,"서울 서초구, 서울 성북구",80.5154,10,1582-3,1,N,,반포대로18길,00036,00000,4163228,00,11650,0,11650,개인,10800,서초동,170000.0,2025-06-07
1906,B,현대슈퍼빌,11650-519,1446,11,2003,개인,,,"289,000",19,6,2025,중개거래,"서울 강남구, 서울 서초구",164.87,27,1446-11,1,N,25.08.28,서초중앙로,00015,00000,3121024,03,11650,0,11650,개인,10800,서초동,289000.0,2025-06-19
1907,107,반포리체,11650-3617,30,26,2010,개인,,,"410,000",21,6,2025,중개거래,서울 서초구,84.967,30,30-26,1,N,25.10.30,고무래로,00035,00000,3121001,01,11650,0,11650,개인,10700,반포동,410000.0,2025-06-21
1908,301,현대서초3,11650-83,1644,0,1997,개인,,,"148,500",20,6,2025,중개거래,서울 서초구,84.49,1,1644,1,N,25.09.01,사임당로23길,00058,00000,4163318,01,11650,0,11650,개인,10800,서초동,148500.0,2025-06-20
1909,,서초힐하우스,11650-96,1612,2,2002,개인,,,"135,000",18,6,2025,중개거래,서울 서초구,111.92,1,1612-2,1,N,25.09.01,서리풀길,00028,00000,4163371,01,11650,0,11650,개인,10800,서초동,135000.0,2025-06-18
1910,102,서리풀e편한세상,11650-3573,906,13,2010,개인,,,"279,000",20,6,2025,중개거래,서울 성동구,84.97,6,906-13,1,N,25.09.19,효령로33길,00050,00000,4163633,01,11650,0,11650,개인,10100,방배동,279000.0,2025-06-20
1911,104,동고,11650-480,59,0,1995,개인,,,"123,000",20,6,2025,중개거래,서울 서초구,77.14,3,59,1,N,25.08.18,바우뫼로7길,00029,00000,4163219,01,11650,0,11650,개인,10300,우면동,123000.0,2025-06-20
1912,103동,래미안신반포리오센트,11650-4750,161,0,2019,개인,,,"478,500",17,6,2025,중개거래,서울 서초구,133.37,4,161,1,N,25.08.14,잠원로14길,00032,00000,4163526,00,11650,0,11650,개인,10600,잠원동,478500.0,2025-06-17
1913,105,반포리체,11650-3617,30,26,2010,개인,,,"420,000",20,6,2025,중개거래,서울 서초구,84.967,29,30-26,1,N,25.09.29,고무래로,00035,00000,3121001,01,11650,0,11650,개인,10700,반포동,420000.0,2025-06-20
1914,104,유원서초,11650-62,1687,0,1993,개인,,,"217,000",21,6,2025,중개거래,서울 서초구,84.82,2,1687,1,N,25.07.16,서초중앙로24길,00043,00000,4163710,01,11650,0,11650,개인,10800,서초동,217000.0,2025-06-21
1915,141,반포자이,11650-3500,20,43,2009,개인,,,"457,000",22,6,2025,중개거래,서울 서초구,84.943,9,20-43,1,N,25.09.02,신반포로,00270,00000,3121017,02,11650,0,11650,개인,10700,반포동,457000.0,2025-06-22
1916,,현대멤피스,11650-373,772,13,2001,개인,25.06.23,O,"273,500",21,6,2025,중개거래,서울 서초구,158.82,10,772-13,1,N,,방배로,00249,00000,3121010,01,11650,0,11650,개인,10100,방배동,273500.0,2025-06-21
1917,120,래미안원베일리,11650-5126,1,0,2023,개인,,,"875,000",21,6,2025,중개거래,서울 서초구,133.91,8,1,1,N,25.08.19,반포대로,00333,00000,2121003,00,11650,,11650,개인,10700,반포동,875000.0,2025-06-21
1918,104동,래미안신반포리오센트,11650-4750,161,0,2019,개인,,,"393,000",21,6,2025,중개거래,서울 서초구,84.92,12,161,1,N,25.09.30,잠원로14길,00032,00000,4163526,00,11650,0,11650,개인,10600,잠원동,393000.0,2025-06-21
1919,,방배래미안타워,11650-759,485,3,2005,개인,25.07.03,O,"207,000",21,6,2025,중개거래,서울 서초구,102.93,6,485-3,1,N,,남부순환로,02183,00000,2000003,01,11650,0,11650,개인,10100,방배동,207000.0,2025-06-21
1920,,신화,11650-132,54,7,1997,개인,25.06.21,O,"176,000",18,6,2025,중개거래,서울 서초구,57.33,18,54-7,1,N,,잠원로14길,00054,00000,4163526,01,11650,0,11650,개인,10600,잠원동,176000.0,2025-06-18
1921,102,삼성래미안1,11650-503,2626,0,2003,개인,,,"170,000",19,6,2025,중개거래,서울 서초구,84.91,2,2626,1,N,25.10.13,방배선행길,00002,00000,4163671,01,11650,0,11650,개인,10100,방배동,170000.0,2025-06-19
1922,104,래미안퍼스티지,11650-3559,18,1,2009,개인,,,"400,000",16,6,2025,중개거래,"서울 강남구, 서울 서초구",59.96,6,18-1,1,N,25.10.02,반포대로,00275,00000,2121003,02,11650,0,11650,개인,10700,반포동,400000.0,2025-06-16
1923,,현대멤피스,11650-373,772,13,2001,개인,25.07.02,O,"284,500",21,6,2025,중개거래,서울 서초구,158.82,21,772-13,1,N,,방배로,00249,00000,3121010,01,11650,0,11650,개인,10100,방배동,284500.0,2025-06-21
1924,101동,래미안서초에스티지,11650-4470,1332,13,2016,개인,,,"370,000",19,6,2025,중개거래,서울 서초구,125.79,24,1332-13,1,N,25.07.21,서운로,00107,00000,3121016,00,11650,0,11650,개인,10800,서초동,370000.0,2025-06-19
1925,,반포자이,11650-3500,20,43,2009,개인,25.08.30,O,"610,000",10,6,2025,중개거래,서울 서초구,165.446,13,20-43,1,N,,신반포로,00270,00000,3121017,02,11650,0,11650,개인,10700,반포동,610000.0,2025-06-10
1926,102,신반포2,11650-117,73,0,1978,개인,,,"544,500",20,6,2025,중개거래,서울 마포구,107.31,4,73,1,N,25.09.05,신반포로23길,00041,00000,4163452,01,11650,0,11650,개인,10600,잠원동,544500.0,2025-06-20
1927,B,방배대우멤버스카운티,11650-506,809,22,2003,개인,,,"183,000",20,6,2025,중개거래,서울 서초구,101.59,1,809-22,1,N,25.09.05,방배로32길,00017,00016,4163267,01,11650,0,11650,개인,10100,방배동,183000.0,2025-06-20
1928,128,래미안퍼스티지,11650-3559,18,1,2009,개인,,,"482,000",20,6,2025,중개거래,서울 서초구,84.93,21,18-1,1,N,25.08.29,반포대로,00275,00000,2121003,02,11650,0,11650,개인,10700,반포동,482000.0,2025-06-20
1929,6,한신,11650-145,56,3,1992,개인,,,"340,000",17,6,2025,중개거래,서울 서초구,84.52,12,56-3,1,N,25.09.01,잠원로,00150,00000,3121019,01,11650,0,11650,개인,10600,잠원동,340000.0,2025-06-17
1930,101,신반포2,11650-117,73,0,1978,개인,,,"550,000",20,6,2025,중개거래,서울 서초구,107.31,2,73,1,N,25.08.25,신반포로23길,00041,00000,4163452,01,11650,0,11650,개인,10600,잠원동,550000.0,2025-06-20
1931,104,대림,11650-479,57,0,1995,개인,,,"175,000",20,6,2025,중개거래,"서울 서초구, 서울 송파구",130.89,7,57,1,N,25.10.10,바우뫼로7길,00051,00000,4163219,01,11650,0,11650,개인,10300,우면동,175000.0,2025-06-20
1932,101,서초1차e-편한세상,11650-708,1487,63,2004,개인,,,"240,000",20,6,2025,중개거래,"서울 강서구, 서울 서초구",130.53,1,1487-63,1,N,25.09.08,명달로6길,00031,00000,4163193,01,11650,0,11650,개인,10800,서초동,240000.0,2025-06-20
1933,,그린빌라트,11650-2,1488,5,1997,개인,,,"120,000",17,6,2025,중개거래,서울 서초구,118.09,6,1488-5,1,N,25.10.02,명달로8길,00011,00000,4163194,01,11650,0,11650,개인,10800,서초동,120000.0,2025-06-17
1934,2,진흥아파트,11650-66,1315,0,1979,개인,,,"313,000",17,6,2025,중개거래,서울 서초구,101.32,7,1315,1,N,25.09.10,서초대로,00385,00000,2121002,02,11650,0,11650,개인,10800,서초동,313000.0,2025-06-17
1935,B,현대ESA2,11650-601,1542,6,2003,개인,,,"207,000",20,6,2025,중개거래,"서울 강남구, 서울 서초구",136.25,18,1542-6,1,N,25.08.20,반포대로,00122,00000,2121003,03,11650,0,11650,개인,10800,서초동,207000.0,2025-06-20
1936,,서초두산위브2,11650-3228,1507,38,2005,개인,,,"200,000",10,6,2025,중개거래,서울 서초구,130.05,11,1507-38,1,N,25.08.29,명달로,00112,00000,3121008,02,11650,0,11650,개인,10800,서초동,200000.0,2025-06-10
1937,301,현대서초3,11650-83,1644,0,1997,개인,,,"178,000",6,6,2025,중개거래,서울 서초구,84.04,8,1644,1,N,25.07.30,사임당로23길,00058,00000,4163318,01,11650,0,11650,개인,10800,서초동,178000.0,2025-06-06
1938,208,서초네이처힐2단지,11650-3748,712,0,2012,개인,,,"145,000",20,6,2025,중개거래,서울 서초구,84.73,2,712,1,N,25.08.29,형촌길,00015,00000,4163604,01,11650,0,11650,개인,10300,우면동,145000.0,2025-06-20
1939,,반포리체,11650-3617,30,26,2010,개인,25.07.24,O,"500,000",13,6,2025,중개거래,"서울 마포구, 서울 서초구",138.257,33,30-26,1,N,,고무래로,00035,00000,3121001,01,11650,0,11650,개인,10700,반포동,500000.0,2025-06-13
1940,113,우성KBS(113동),11650-488,160,2,1996,개인,,,"157,000",14,6,2025,중개거래,서울 서초구,84.69,6,160-2,1,N,25.08.26,바우뫼로,00091,00000,3121009,01,11650,0,11650,개인,10200,양재동,157000.0,2025-06-14
1941,101,방배1차현대홈타운,11650-290,1344,0,1999,개인,,,"182,000",18,6,2025,중개거래,서울 서초구,59.94,4,1344,1,N,25.09.24,서초대로1길,00030,00000,4163389,01,11650,0,11650,개인,10100,방배동,182000.0,2025-06-18
1942,113,우성KBS(113동),11650-488,160,2,1996,개인,,,"148,000",5,6,2025,중개거래,서울 서초구,84.69,2,160-2,1,N,25.09.12,바우뫼로,00091,00000,3121009,01,11650,0,11650,개인,10200,양재동,148000.0,2025-06-05
1943,,서초노블레스아파트,11650-4745,1362,10,2019,개인,,,"49,500",18,6,2025,중개거래,서울 서초구,26.74,10,1362-10,1,N,25.07.04,강남대로39길,00015,00011,4163018,00,11650,,11650,개인,10800,서초동,49500.0,2025-06-18
1944,101,서초롯데캐슬84,11650-37,1642,14,2001,개인,,,"347,000",17,6,2025,중개거래,서울 서초구,208.63,4,1642-14,1,N,25.09.19,사임당로17길,00090,00000,4163313,01,11650,0,11650,개인,10800,서초동,347000.0,2025-06-17
1945,,우정에쉐르,11650-702,1355,24,2004,개인,25.07.03,O,"99,000",14,6,2025,중개거래,서울 서초구,72.44,2,1355-24,1,N,,서운로3길,00029,00000,4163379,01,11650,0,11650,개인,10800,서초동,99000.0,2025-06-14
1946,108,방배그랑자이,11650-4970,3283,0,2021,개인,,,"225,000",19,6,2025,중개거래,서울 서초구,54.9954,16,3283,1,N,25.08.11,방배로,00021,00000,3121010,00,11650,0,11650,개인,10100,방배동,225000.0,2025-06-19
1947,102,디에이치반포라클라스,11650-4959,1343,0,2021,개인,,,"415,000",18,6,2025,중개거래,서울 서초구,84.9671,22,1343,1,N,25.08.29,서초중앙로,00206,00000,3121024,00,11650,,11650,개인,10700,반포동,415000.0,2025-06-18
1948,103,서초교대e편한세상,11650-3579,1686,9,2010,개인,,,"353,000",17,6,2025,중개거래,서울 서초구,131.16,8,1686-9,1,N,25.09.19,서초중앙로24길,00033,00000,4163710,01,11650,0,11650,개인,10800,서초동,353000.0,2025-06-17
1949,502,삼호가든맨션(5차),11650-196,30,1,1986,개인,,,"412,000",19,6,2025,중개거래,서울 서초구,142.11,10,30-1,1,N,25.09.05,서초중앙로,00242,00000,3121024,02,11650,0,11650,개인,10700,반포동,412000.0,2025-06-19
1950,106,신반포2,11650-117,73,0,1978,개인,,,"719,000",18,6,2025,중개거래,서울 서초구,150.58,10,73,1,N,25.10.15,신반포로23길,00041,00000,4163452,01,11650,0,11650,개인,10600,잠원동,719000.0,2025-06-18
1951,힐스테이트 서리풀 101동,"마제스타시티(힐스테이트서리풀101,102동)",11650-4516,1498,5,2017,개인,,,"185,000",11,6,2025,중개거래,서울 서초구,59.97,15,1498-5,1,N,25.07.24,서초대로38길,00012,00000,4163404,01,11650,0,11650,개인,10800,서초동,185000.0,2025-06-11
1952,402,호반써밋서초파크,11650-3974,788,0,2013,개인,,,"147,500",10,6,2025,중개거래,서울 서초구,74.97,17,788,1,N,25.08.28,양재대로2길,00033,00000,4163748,01,11650,0,11650,개인,10300,우면동,147500.0,2025-06-10
1953,102,서초현대,11650-46,1648,2,1999,개인,,,"123,500",18,6,2025,중개거래,서울 서초구,53.01,3,1648-2,1,N,25.06.26,사임당로19길,00010,00000,4163315,01,11650,0,11650,개인,10800,서초동,123500.0,2025-06-18
1954,201,서초4현대,11650-30,1684,0,2000,개인,,,"269,000",18,6,2025,중개거래,서울 서초구,140.03,17,1684,1,N,25.09.12,고무래로,00094,00000,3121001,02,11650,0,11650,개인,10800,서초동,269000.0,2025-06-18
1955,102,반포르엘,11650-5015,163,0,2022,개인,,,"440,000",3,6,2025,중개거래,서울 서초구,84.3465,9,163,1,N,25.07.18,신반포로23길,00023,00000,4163452,01,11650,0,11650,개인,10600,잠원동,440000.0,2025-06-03
1956,7,한신,11650-145,56,3,1992,개인,,,"320,000",16,6,2025,중개거래,서울 서초구,84.52,12,56-3,1,N,25.09.30,잠원로,00150,00000,3121019,01,11650,0,11650,개인,10600,잠원동,320000.0,2025-06-16
1957,2,아남,11650-54,1641,13,1989,개인,,,"180,000",8,6,2025,중개거래,서울 서초구,84.96,8,1641-13,1,N,25.09.15,사임당로23길,00053,00000,4163318,01,11650,0,11650,개인,10800,서초동,180000.0,2025-06-08
1958,,서초더샵포레,11650-4063,411,0,2014,개인,25.06.27,O,"127,000",6,6,2025,중개거래,서울 서초구,59.94,2,411,1,N,,헌릉로8길,00058,00000,4163749,02,11650,0,11650,개인,10900,내곡동,127000.0,2025-06-06
1959,D,현대슈퍼빌,11650-519,1446,11,2003,개인,,,"245,000",10,6,2025,직거래,,147.86,4,1446-11,1,N,25.09.08,서초중앙로,00015,00000,3121024,03,11650,0,11650,개인,10800,서초동,245000.0,2025-06-10
1960,,서초더샵포레,11650-4063,411,0,2014,개인,25.07.21,O,"180,000",17,6,2025,중개거래,서울 서초구,114.71,18,411,1,N,,헌릉로8길,00058,00000,4163749,02,11650,0,11650,개인,10900,내곡동,180000.0,2025-06-17
1961,6,한강,11650-144,49,8,1989,개인,,,"280,000",27,6,2025,중개거래,"서울 광진구, 서울 서초구",76.68,15,49-8,1,N,25.10.30,잠원로,00213,00010,3121019,01,11650,0,11650,개인,10600,잠원동,280000.0,2025-06-27
1962,,현대동궁아파트,11650-236,64,5,1991,개인,25.06.20,O,"179,000",14,6,2025,중개거래,"서울 서초구, 서울 성동구",70.38,3,64-5,1,N,,사평대로,00154,00000,2121001,02,11650,0,11650,개인,10700,반포동,179000.0,2025-06-14
1963,,서초아트래디앙,11650-5111,1582,16,2023,개인,,,"147,500",11,6,2025,직거래,,48.5,12,1582-16,1,N,25.08.14,반포대로18길,00013,00003,4163228,00,11650,0,11650,개인,10800,서초동,147500.0,2025-06-11
1964,107,래미안방배아트힐(1008-2),11650-658,1008,2,2004,개인,,,"250,000",7,6,2025,중개거래,서울 서초구,114.09,17,1008-2,1,N,25.08.06,남부순환로,02311,00012,2000003,01,11650,0,11650,개인,10100,방배동,250000.0,2025-06-07
1965,114,롯데캐슬클래식,11650-3300,1312,3,2006,개인,,,"238,000",16,6,2025,중개거래,"서울 강남구, 서울 서초구",74.3,1,1312-3,1,N,25.08.29,서운로,00200,00000,3121016,01,11650,0,11650,개인,10800,서초동,238000.0,2025-06-16
1966,,호반써밋서초파크뷰(토지임대부아파트),11650-3976,789,0,2013,개인,25.07.31,O,"125,000",5,6,2025,중개거래,"서울 강남구, 서울 서초구",84.95,17,789,1,Y,,양재대로2길,00011,00000,4163748,01,11650,0,11650,개인,10300,우면동,125000.0,2025-06-05
1967,105,롯데캐슬클래식,11650-3300,1312,3,2006,개인,,,"335,000",17,6,2025,중개거래,"서울 강남구, 서울 서초구",133.45,22,1312-3,1,N,25.09.08,서운로,00197,00000,3121016,00,11650,,11650,개인,10800,서초동,335000.0,2025-06-17
1968,1,서초에스케이뷰,11650-3308,1521,8,2006,개인,,,"160,000",17,6,2025,중개거래,서울 서초구,97.21,8,1521-8,1,N,25.06.25,반포대로21길,00062,00000,4163232,01,11650,0,11650,개인,10800,서초동,160000.0,2025-06-17
1969,403,호반써밋서초파크,11650-3974,788,0,2013,개인,,,"128,400",13,6,2025,중개거래,서울 서초구,59.93,21,788,1,N,25.09.19,양재대로2길,00033,00000,4163748,01,11650,0,11650,개인,10300,우면동,128400.0,2025-06-13
1970,120,서초더샵포레,11650-4063,411,0,2014,개인,,,"158,000",6,6,2025,중개거래,서울 서초구,101.31,1,411,1,N,25.08.25,헌릉로8길,00058,00000,4163749,02,11650,0,11650,개인,10900,내곡동,158000.0,2025-06-06
1971,103,래미안원베일리,11650-5126,1,0,2023,개인,,,"570,000",17,6,2025,중개거래,서울 서초구,84.98,19,1,1,N,25.10.16,반포대로,00333,00000,2121003,00,11650,,11650,개인,10700,반포동,570000.0,2025-06-17
1972,105,한라,11650-483,67,0,1994,개인,,,"133,000",2,6,2025,중개거래,서울 서초구,59.98,3,67,1,N,25.09.16,바우뫼로,00033,00000,3121009,02,11650,0,11650,개인,10300,우면동,133000.0,2025-06-02
1973,102,래미안방배아트힐(1008-2),11650-658,1008,2,2004,개인,,,"243,000",3,6,2025,중개거래,서울 서초구,127.61,10,1008-2,1,N,25.07.04,남부순환로,02311,00012,2000003,01,11650,0,11650,개인,10100,방배동,243000.0,2025-06-03
1974,,래미안신반포리오센트,11650-4750,161,0,2019,개인,25.06.19,O,"478,500",17,6,2025,중개거래,서울 서초구,133.37,4,161,1,N,,잠원로14길,00032,00000,4163526,00,11650,0,11650,개인,10600,잠원동,478500.0,2025-06-17
1975,101동,서초센트럴IPARK,11650-4827,1582,3,2020,개인,,,"174,500",11,6,2025,중개거래,서울 서초구,80.5154,17,1582-3,1,N,25.10.30,반포대로18길,00036,00000,4163228,00,11650,0,11650,개인,10800,서초동,174500.0,2025-06-11
1976,,서초한신리빙타워,11650-44,1533,0,1999,개인,,,"59,500",16,6,2025,중개거래,서울 서초구,42.55,5,1533,1,N,25.07.31,효령로,00237,00000,3121021,02,11650,0,11650,개인,10800,서초동,59500.0,2025-06-16
1977,1,진흥아파트,11650-66,1315,0,1979,개인,,,"299,000",8,6,2025,중개거래,서울 서초구,101.32,10,1315,1,N,25.09.12,서초대로,00385,00000,2121002,02,11650,0,11650,개인,10800,서초동,299000.0,2025-06-08
1978,3,한신,11650-145,56,3,1992,개인,,,"310,000",10,6,2025,중개거래,서울 서초구,84.52,14,56-3,1,N,25.07.15,잠원로,00150,00000,3121019,01,11650,0,11650,개인,10600,잠원동,310000.0,2025-06-10
1979,504,서초포레스타5단지,11650-4026,579,0,2014,개인,,,"169,000",9,6,2025,중개거래,서울 서초구,84.39,9,579,1,N,25.07.04,청계산로7길,00043,00000,4163750,01,11650,0,11650,개인,11100,신원동,169000.0,2025-06-09
1980,,래미안원베일리,11650-5126,1,0,2023,개인,25.06.19,O,"637,000",17,6,2025,중개거래,서울 서초구,84.98,28,1,1,N,,반포대로,00333,00000,2121003,00,11650,,11650,개인,10700,반포동,637000.0,2025-06-17
1981,108,서초더샵포레,11650-4063,411,0,2014,개인,,,"153,000",7,6,2025,중개거래,서울 서초구,84.81,2,411,1,N,25.09.24,헌릉로8길,00058,00000,4163749,02,11650,0,11650,개인,10900,내곡동,153000.0,2025-06-07
1982,,래미안 리더스원,11650-4887,1755,0,2020,개인,25.06.24,O,"417,000",17,6,2025,중개거래,서울 서초구,114.94,28,1755,1,N,,서운로,00062,00000,3121016,00,11650,,11650,개인,10800,서초동,417000.0,2025-06-17
1983,,우성,11650-440,154,2,1991,개인,25.07.08,O,"165,000",11,6,2025,중개거래,서울 서초구,84.58,2,154-2,1,N,,바우뫼로,00091,00000,3121009,01,11650,0,11650,개인,10200,양재동,165000.0,2025-06-11
1984,,래미안퍼스티지,11650-3559,18,1,2009,개인,25.06.20,O,"400,000",16,6,2025,중개거래,"서울 강남구, 서울 서초구",59.96,6,18-1,1,N,,반포대로,00275,00000,2121003,02,11650,0,11650,개인,10700,반포동,400000.0,2025-06-16
1985,101,삼호한숲,11650-315,1030,1,1998,개인,,,"150,500",14,6,2025,중개거래,서울 서초구,84.87,1,1030-1,1,N,25.08.11,방배로3길,00010,00003,4163274,01,11650,0,11650,개인,10100,방배동,150500.0,2025-06-14
1986,101,롯데캐슬클래식,11650-3300,1312,3,2006,개인,,,"295,000",16,6,2025,중개거래,서울 서초구,84.98,10,1312-3,1,N,25.08.07,서운로,00197,00000,3121016,00,11650,,11650,개인,10800,서초동,295000.0,2025-06-16
1987,101,서초더샵포레,11650-4063,411,0,2014,개인,,,"130,000",10,6,2025,중개거래,서울 서초구,59.94,6,411,1,N,25.08.22,헌릉로8길,00058,00000,4163749,02,11650,0,11650,개인,10900,내곡동,130000.0,2025-06-10
1988,103,래미안서초스위트,11650-3515,1301,6,2009,개인,,,"292,000",16,6,2025,중개거래,"서울 서초구, 서울 종로구",84.9722,11,1301-6,1,N,25.07.28,서운로,00221,00000,3121016,01,11650,0,11650,개인,10800,서초동,292000.0,2025-06-16
1989,108,롯데캐슬아르떼,11650-4044,424,28,2013,개인,,,"325,000",30,6,2025,중개거래,서울 서초구,121.6576,7,424-28,1,N,25.10.14,방배천로18길,00011,00000,4163687,01,11650,0,11650,개인,10100,방배동,325000.0,2025-06-30
1990,203,서초2차e-편한세상,11650-774,1529,0,2005,개인,,,"220,000",4,6,2025,중개거래,"서울 강남구, 서울 서초구",116.745,11,1529,1,N,25.07.14,효령로49길,00057,00000,4163642,01,11650,0,11650,개인,10800,서초동,220000.0,2025-06-04
1991,104,서초래미안,11650-523,1682,0,2003,개인,,,"299,500",7,6,2025,중개거래,서울 서초구,127.66,9,1682,1,N,25.08.08,서초대로65길,00013,00010,4163425,01,11650,0,11650,개인,10800,서초동,299500.0,2025-06-07
1992,104,서초래미안,11650-523,1682,0,2003,개인,,,"275,000",16,6,2025,중개거래,"서울 서초구, 서울 성동구",84.95,6,1682,1,N,25.09.05,서초대로65길,00013,00010,4163425,01,11650,0,11650,개인,10800,서초동,275000.0,2025-06-16
1993,106동,래미안 리더스원,11650-4887,1755,0,2020,개인,,,"370,000",13,6,2025,중개거래,"경기 하남시, 서울 서초구",84.94,25,1755,1,N,25.09.12,서운로,00062,00000,3121016,00,11650,,11650,개인,10800,서초동,370000.0,2025-06-13
1994,113,신반포2,11650-117,73,0,1978,개인,,,"380,000",11,6,2025,중개거래,서울 서초구,79.42,2,73,1,N,25.11.17,신반포로23길,00041,00000,4163452,01,11650,0,11650,개인,10600,잠원동,380000.0,2025-06-11
1995,101,대우(효령),11650-272,1038,0,1992,개인,,,"206,500",14,6,2025,중개거래,서울 서초구,84.91,9,1038,1,N,25.08.14,효령로,00084,00000,3121021,01,11650,0,11650,개인,10100,방배동,206500.0,2025-06-14
1996,501,서초5차e편한세상,11650-3225,1467,62,2005,개인,,,"233,500",11,6,2025,중개거래,서울 서초구,158.24,6,1467-62,1,N,25.08.29,명달로4길,00030,00000,4163192,01,11650,0,11650,개인,10800,서초동,233500.0,2025-06-11
1997,5,한강,11650-144,49,8,1989,개인,,,"307,000",13,6,2025,중개거래,"경기 평택시, 서울 서초구",84.53,14,49-8,1,N,25.10.30,잠원로,00213,00010,3121019,01,11650,0,11650,개인,10600,잠원동,307000.0,2025-06-13
1998,103동,방배 서리풀 그랑블,11650-4769,3279,0,2019,개인,,,"168,000",14,6,2025,중개거래,서울 서초구,59.9394,7,3279,1,N,25.08.14,서초대로34가길,00052,00000,4163402,00,11650,0,11650,개인,10100,방배동,168000.0,2025-06-14
1999,103,서초래미안,11650-523,1682,0,2003,개인,,,"275,000",14,6,2025,중개거래,서울 서초구,84.97,22,1682,1,N,25.09.26,서초대로65길,00013,00010,4163425,01,11650,0,11650,개인,10800,서초동,275000.0,2025-06-14
2000,308,서초네이처힐3단지,11650-3864,717,0,2013,개인,,,"162,500",14,6,2025,중개거래,서울 서초구,84.61,4,717,1,N,25.09.10,태봉로2길,00060,00000,4163582,01,11650,0,11650,개인,10300,우면동,162500.0,2025-06-14
2001,,한신트리플,11650-590,816,1,2004,개인,,,"45,500",14,6,2025,중개거래,서울 서초구,43.93,12,816-1,1,N,25.06.19,방배로33길,00029,00000,4163268,01,11650,0,11650,개인,10100,방배동,45500.0,2025-06-14
2002,102,서초한빛삼성,11650-42,1509,1,1999,개인,,,"203,000",12,6,2025,중개거래,서울 서초구,99.09,7,1509-1,1,N,25.10.10,서초대로40길,00072,00000,4163406,01,11650,0,11650,개인,10800,서초동,203000.0,2025-06-12
2003,1,urbanplace,11650-4072,1337,3,2014,개인,,,"23,500",5,6,2025,중개거래,서울 서초구,23.456,6,1337-3,1,N,25.09.29,효령로77길,00030,00000,4163659,01,11650,0,11650,개인,10800,서초동,23500.0,2025-06-05
2004,202,서초2차e-편한세상,11650-774,1529,0,2005,개인,,,"215,000",14,6,2025,중개거래,서울 서초구,123.118,4,1529,1,N,25.08.14,효령로49길,00057,00000,4163642,01,11650,0,11650,개인,10800,서초동,215000.0,2025-06-14
2005,103동,아크로리버뷰신반포,11650-4676,159,0,2018,개인,,,"450,000",5,6,2025,중개거래,"서울 서초구, 서울 중구",78.48,32,159,1,N,25.08.28,잠원로,00117,00000,3121019,00,11650,0,11650,개인,10600,잠원동,450000.0,2025-06-05
2006,,우정에쉐르,11650-702,1355,24,2004,개인,25.06.19,O,"99,000",14,6,2025,중개거래,서울 서초구,72.44,2,1355-24,1,N,,서운로3길,00029,00000,4163379,01,11650,0,11650,개인,10800,서초동,99000.0,2025-06-14
2007,611,서초포레스타6단지,11650-4140,619,0,2015,개인,,,"149,000",13,6,2025,중개거래,서울 서초구,59.93,7,619,1,N,25.08.29,청계산로9길,00001,00012,4163751,01,11650,0,11650,개인,11100,신원동,149000.0,2025-06-13
2008,101,방배한화,11650-369,169,24,2001,개인,,,"185,000",6,6,2025,중개거래,서울 서초구,110.85,14,169-24,1,N,25.07.31,효령로33길,00066,00031,4163633,01,11650,0,11650,개인,10100,방배동,185000.0,2025-06-06
2009,,서초더샵포레,11650-4063,411,0,2014,개인,25.06.16,O,"130,000",10,6,2025,중개거래,서울 서초구,59.94,6,411,1,N,,헌릉로8길,00058,00000,4163749,02,11650,0,11650,개인,10900,내곡동,130000.0,2025-06-10
2010,,방배신동아럭스빌,11650-589,1026,14,2003,개인,,,"258,500",10,6,2025,중개거래,서울 서초구,164.43,8,1026-14,1,N,25.08.20,방배로1길,00009,00000,4163256,01,11650,0,11650,개인,10100,방배동,258500.0,2025-06-10
2011,324,신반포12,11650-110,50,5,1982,개인,,,"345,000",13,6,2025,중개거래,서울 서초구,105.36,10,50-5,1,N,25.08.29,잠원로14길,00041,00000,4163526,01,11650,0,11650,개인,10600,잠원동,345000.0,2025-06-13
2012,,서초노블레스아파트,11650-4745,1362,10,2019,개인,,,"50,000",11,6,2025,중개거래,서울 서초구,28.85,13,1362-10,1,N,25.07.01,강남대로39길,00015,00011,4163018,00,11650,,11650,개인,10800,서초동,50000.0,2025-06-11
2013,,진흥아파트,11650-66,1315,0,1979,개인,25.06.17,O,"299,000",8,6,2025,중개거래,서울 서초구,101.32,10,1315,1,N,,서초대로,00385,00000,2121002,02,11650,0,11650,개인,10800,서초동,299000.0,2025-06-08
2014,한라비발디스튜디오193,한라비발디스튜디오193,11650-3926,1363,25,2013,개인,,,"25,000",2,6,2025,직거래,,19.99,7,1363-25,1,N,25.06.30,강남대로39길,00015,00010,4163018,01,11650,0,11650,개인,10800,서초동,25000.0,2025-06-02
2015,109,서초래미안,11650-523,1682,0,2003,개인,,,"300,000",12,6,2025,중개거래,서울 서초구,126.31,16,1682,1,N,25.09.09,서초대로65길,00013,00010,4163425,01,11650,0,11650,개인,10800,서초동,300000.0,2025-06-12
2016,힐스테이트 서리풀 102동,"마제스타시티(힐스테이트서리풀101,102동)",11650-4516,1498,5,2017,개인,,,"194,500",12,6,2025,중개거래,서울 서초구,59.97,3,1498-5,1,N,25.08.01,서초대로38길,00012,00000,4163404,01,11650,0,11650,개인,10800,서초동,194500.0,2025-06-12
2017,105,삼성래미안1,11650-503,2626,0,2003,개인,,,"175,000",11,6,2025,중개거래,서울 서초구,84.91,6,2626,1,N,25.09.30,방배선행길,00002,00000,4163671,01,11650,0,11650,개인,10100,방배동,175000.0,2025-06-11
2018,5,삼호2,11650-310,758,4,1976,개인,,,"259,000",12,6,2025,중개거래,"서울 강남구, 서울 서초구",131.41,12,758-4,1,N,25.09.05,방배로43길,00002,00000,4163277,01,11650,0,11650,개인,10100,방배동,259000.0,2025-06-12
2019,119,신반포16,11650-113,55,12,1983,개인,,,"230,000",6,6,2025,중개거래,서울 서초구,52.32,10,55-12,1,N,25.08.18,잠원로,00157,00000,3121019,01,11650,0,11650,개인,10600,잠원동,230000.0,2025-06-06
2020,,훼미리,11650-154,51,0,1992,개인,25.08.12,O,"255,000",10,6,2025,중개거래,서울 서초구,84.9,3,51,1,N,,잠원로,00202,00011,3121019,01,11650,0,11650,개인,10600,잠원동,255000.0,2025-06-10
2021,101,현대동궁아파트,11650-236,64,5,1991,개인,,,"150,000",11,6,2025,직거래,,82.35,14,64-5,1,N,25.06.17,사평대로,00154,00000,2121001,02,11650,0,11650,개인,10700,반포동,150000.0,2025-06-11
2022,113,롯데캐슬클래식,11650-3300,1312,3,2006,개인,,,"312,500",10,6,2025,중개거래,서울 서초구,120.18,5,1312-3,1,N,25.08.11,서운로,00200,00000,3121016,01,11650,0,11650,개인,10800,서초동,312500.0,2025-06-10
2023,103,래미안서초스위트,11650-3515,1301,6,2009,개인,,,"307,000",6,6,2025,중개거래,서울 서초구,95.8079,11,1301-6,1,N,25.08.27,서운로,00221,00000,3121016,01,11650,0,11650,개인,10800,서초동,307000.0,2025-06-06
2024,105,래미안원베일리,11650-5126,1,0,2023,개인,,,"608,000",10,6,2025,중개거래,서울 서초구,84.98,9,1,1,N,25.06.27,반포대로,00333,00000,2121003,00,11650,,11650,개인,10700,반포동,608000.0,2025-06-10
2025,107,반포자이,11650-3500,20,43,2009,개인,,,"480,000",14,6,2025,중개거래,서울 서초구,84.943,6,20-43,1,N,25.09.30,신반포로,00270,00000,3121017,02,11650,0,11650,개인,10700,반포동,480000.0,2025-06-14
2026,2,한신서래,11650-232,70,1,1987,개인,,,"278,000",9,6,2025,중개거래,서울 서초구,147.67,3,70-1,1,N,25.08.22,사평대로28길,00031,00000,4163330,01,11650,0,11650,개인,10700,반포동,278000.0,2025-06-09
2027,105,서초더샵포레,11650-4063,411,0,2014,개인,,,"153,800",11,6,2025,중개거래,서울 서초구,84.3,6,411,1,N,25.08.12,헌릉로8길,00058,00000,4163749,02,11650,0,11650,개인,10900,내곡동,153800.0,2025-06-11
2028,106,삼성래미안1,11650-503,2626,0,2003,개인,,,"148,000",9,6,2025,중개거래,"서울 동작구, 서울 서초구",59.9,6,2626,1,N,25.08.28,방배선행길,00002,00000,4163671,01,11650,0,11650,개인,10100,방배동,148000.0,2025-06-09
2029,107동,아크로리버파크,11650-4440,2,12,2016,개인,,,"400,000",1,6,2025,중개거래,서울 서초구,59.98,12,2-12,1,N,25.09.18,신반포로15길,00019,00000,4163450,00,11650,0,11650,개인,10700,반포동,400000.0,2025-06-01
2030,2,아남,11650-54,1641,13,1989,개인,,,"200,000",10,6,2025,중개거래,서울 서초구,84.38,4,1641-13,1,N,25.09.22,사임당로23길,00053,00000,4163318,01,11650,0,11650,개인,10800,서초동,200000.0,2025-06-10
2031,105동,아크로리버뷰신반포,11650-4676,159,0,2018,개인,,,"445,000",10,6,2025,중개거래,서울 서초구,84.82,18,159,1,N,25.08.26,잠원로,00117,00000,3121019,00,11650,0,11650,개인,10600,잠원동,445000.0,2025-06-10
2032,110,서초더샵포레,11650-4063,411,0,2014,개인,,,"170,000",10,6,2025,중개거래,서울 서초구,101.34,3,411,1,N,25.07.15,헌릉로8길,00058,00000,4163749,02,11650,0,11650,개인,10900,내곡동,170000.0,2025-06-10
2033,,서초더샵포레,11650-4063,411,0,2014,개인,25.06.18,O,"127,000",6,6,2025,중개거래,서울 서초구,59.94,2,411,1,N,,헌릉로8길,00058,00000,4163749,02,11650,0,11650,개인,10900,내곡동,127000.0,2025-06-06
2034,102,신반포르엘,11650-5121,165,0,2023,개인,,,"329,500",5,6,2025,중개거래,서울 서초구,59.99,18,165,1,N,25.09.04,잠원로14길,00042,00000,4163526,01,11650,0,11650,개인,10600,잠원동,329500.0,2025-06-05
2035,2,훼미리,11650-154,51,0,1992,개인,,,"239,000",5,6,2025,중개거래,서울 서초구,84.9,2,51,1,N,25.08.26,잠원로,00202,00011,3121019,01,11650,0,11650,개인,10600,잠원동,239000.0,2025-06-05
2036,103,반포푸르지오,11650-176,10,0,2000,개인,,,"233,000",10,6,2025,중개거래,서울 서초구,58.88,12,10,1,N,25.08.18,신반포로15길,00004,00000,4163450,01,11650,0,11650,개인,10700,반포동,233000.0,2025-06-10
2037,102동,래미안신반포팰리스,11650-4439,158,0,2016,개인,,,"429,000",5,6,2025,중개거래,"경기 파주시, 서울 서초구",104.04,31,158,1,N,25.08.27,잠원로8길,00035,00000,4163529,00,11650,0,11650,개인,10600,잠원동,429000.0,2025-06-05
2038,104동,더샾오데움(104동),11650-3251,1472,1,2006,개인,,,"179,500",3,6,2025,중개거래,서울 서초구,110.52,1,1472-1,1,N,25.06.20,반포대로5길,00043,00000,4163245,01,11650,0,11650,개인,10800,서초동,179500.0,2025-06-03
2039,,현대서초3,11650-83,1644,0,1997,개인,25.06.20,O,"178,000",6,6,2025,중개거래,서울 서초구,84.04,8,1644,1,N,,사임당로23길,00058,00000,4163318,01,11650,0,11650,개인,10800,서초동,178000.0,2025-06-06
2040,141,반포자이,11650-3500,20,43,2009,개인,,,"458,000",2,6,2025,중개거래,"서울 서초구, 서울 송파구",84.943,22,20-43,1,N,25.09.02,신반포로,00270,00000,3121017,02,11650,0,11650,개인,10700,반포동,458000.0,2025-06-02
2041,106,우성,11650-440,154,2,1991,개인,,,"169,500",6,6,2025,중개거래,서울 서초구,84.58,5,154-2,1,N,25.07.22,바우뫼로,00091,00000,3121009,01,11650,0,11650,개인,10200,양재동,169500.0,2025-06-06
2042,,진흥아파트,11650-66,1315,0,1979,개인,25.06.13,O,"299,000",8,6,2025,중개거래,서울 서초구,101.32,10,1315,1,N,,서초대로,00385,00000,2121002,02,11650,0,11650,개인,10800,서초동,299000.0,2025-06-08
2043,102,서초래미안,11650-523,1682,0,2003,개인,,,"263,000",7,6,2025,중개거래,서울 서초구,84.97,9,1682,1,N,25.09.09,서초대로65길,00013,00010,4163425,01,11650,0,11650,개인,10800,서초동,263000.0,2025-06-07
2044,107,방배그랑자이,11650-4970,3283,0,2021,개인,,,"270,000",5,6,2025,중개거래,"서울 마포구, 서울 서초구",74.5971,14,3283,1,N,25.07.24,방배로,00021,00000,3121010,00,11650,0,11650,개인,10100,방배동,270000.0,2025-06-05
2045,,서초래미안,11650-523,1682,0,2003,개인,25.06.10,O,"299,500",7,6,2025,중개거래,서울 서초구,127.66,9,1682,1,N,,서초대로65길,00013,00010,4163425,01,11650,0,11650,개인,10800,서초동,299500.0,2025-06-07
2046,117,래미안원베일리,11650-5126,1,0,2023,개인,,,"445,000",7,6,2025,중개거래,"경기 수원시 팔달구, 서울 서초구",59.96,25,1,1,N,25.09.30,반포대로,00333,00000,2121003,00,11650,,11650,개인,10700,반포동,445000.0,2025-06-07
2047,,반포리체,11650-3617,30,26,2010,개인,25.09.02,O,"418,000",4,6,2025,중개거래,서울 서초구,84.967,28,30-26,1,N,,고무래로,00035,00000,3121001,01,11650,0,11650,개인,10700,반포동,418000.0,2025-06-04
2048,금강아파트,금강,11650-609,352,13,2003,개인,,,"105,000",7,6,2025,중개거래,서울 서초구,80.43,3,352-13,1,N,25.07.30,강남대로2길,00048,00000,4163014,01,11650,0,11650,개인,10200,양재동,105000.0,2025-06-07
2049,202,신반포4,11650-125,70,0,1979,개인,,,"500,000",5,6,2025,중개거래,"서울 마포구, 서울 서초구",105.89,6,70,1,N,25.08.20,잠원로,00037,00048,3121019,01,11650,0,11650,개인,10600,잠원동,500000.0,2025-06-05
2050,204,래미안서초에스티지S,11650-4622,1754,0,2018,개인,,,"324,000",6,6,2025,중개거래,서울 서초구,84.8,5,1754,1,N,25.07.30,서운로,00104,00000,3121016,01,11650,0,11650,개인,10800,서초동,324000.0,2025-06-06
2051,,현대서초3,11650-83,1644,0,1997,개인,25.06.09,O,"178,000",6,6,2025,중개거래,서울 서초구,84.04,8,1644,1,N,,사임당로23길,00058,00000,4163318,01,11650,0,11650,개인,10800,서초동,178000.0,2025-06-06
2052,,신반포16,11650-113,55,12,1983,개인,25.06.11,O,"230,000",6,6,2025,중개거래,서울 서초구,52.32,10,55-12,1,N,,잠원로,00157,00000,3121019,01,11650,0,11650,개인,10600,잠원동,230000.0,2025-06-06
2053,,래미안서초스위트,11650-3515,1301,6,2009,개인,25.06.06,O,"307,000",6,6,2025,중개거래,서울 서초구,95.8079,11,1301-6,1,N,,서운로,00221,00000,3121016,01,11650,0,11650,개인,10800,서초동,307000.0,2025-06-06
2054,8,삼풍아파트,11650-28,1685,0,1988,개인,,,"320,000",2,6,2025,중개거래,서울 서초구,79.47,4,1685,1,N,25.08.22,서초중앙로,00200,00000,3121024,03,11650,0,11650,개인,10800,서초동,320000.0,2025-06-02
2055,101,롯데캐슬클래식,11650-3300,1312,3,2006,개인,,,"289,000",5,6,2025,중개거래,서울 서초구,84.98,18,1312-3,1,N,25.08.08,서운로,00197,00000,3121016,00,11650,,11650,개인,10800,서초동,289000.0,2025-06-05
2056,105,신반포자이,11650-4675,160,0,2018,개인,,,"449,000",2,6,2025,중개거래,서울 서초구,84.97,7,160,1,N,25.09.30,잠원로,00060,00000,3121019,01,11650,0,11650,개인,10600,잠원동,449000.0,2025-06-02
2057,,래미안서초스위트,11650-3515,1301,6,2009,개인,25.06.11,O,"307,000",6,6,2025,중개거래,서울 서초구,95.8079,11,1301-6,1,N,,서운로,00221,00000,3121016,01,11650,0,11650,개인,10800,서초동,307000.0,2025-06-06
2058,106,롯데캐슬클래식,11650-3300,1312,3,2006,개인,,,"330,000",4,6,2025,중개거래,서울 서초구,120.18,16,1312-3,1,N,25.09.05,서운로,00197,00000,3121016,00,11650,,11650,개인,10800,서초동,330000.0,2025-06-04
2059,107,래미안방배아트힐(1008-2),11650-658,1008,2,2004,개인,,,"239,000",2,6,2025,중개거래,서울 서초구,114.09,10,1008-2,1,N,25.08.07,남부순환로,02311,00012,2000003,01,11650,0,11650,개인,10100,방배동,239000.0,2025-06-02
2060,503,반포미도2차아파트,11650-173,60,5,1989,개인,,,"265,000",4,6,2025,중개거래,"서울 동대문구, 서울 서초구",71.49,1,60-5,1,N,25.09.16,사평대로,00240,00000,2121001,02,11650,0,11650,개인,10700,반포동,265000.0,2025-06-04
2061,,양재동현대,11650-462,306,11,2003,개인,,,"100,000",2,6,2025,직거래,,113.25,1,306-11,1,N,25.06.04,언남10길,00007,00000,4163484,01,11650,0,11650,개인,10200,양재동,100000.0,2025-06-02
2062,,롯데캐슬클래식,11650-3300,1312,3,2006,개인,25.06.05,O,"330,000",4,6,2025,중개거래,서울 서초구,120.18,16,1312-3,1,N,,서운로,00197,00000,3121016,00,11650,,11650,개인,10800,서초동,330000.0,2025-06-04
2063,108,반포래미안아이파크,11650-4678,1341,0,2018,개인,,,"510,000",2,6,2025,중개거래,서울 서초구,130.92,20,1341,1,N,25.09.02,서초중앙로,00220,00000,3121024,02,11650,0,11650,개인,10700,반포동,510000.0,2025-06-02
2064,112동,아크로리버파크,11650-4440,2,12,2016,개인,,,"510,000",2,6,2025,중개거래,서울 서초구,84.97,7,2-12,1,N,25.06.10,신반포로15길,00019,00000,4163450,00,11650,0,11650,개인,10700,반포동,510000.0,2025-06-02
2065,12,삼풍아파트,11650-28,1685,0,1988,개인,,,"355,000",2,6,2025,중개거래,서울 서초구,130.23,1,1685,1,N,25.08.26,서초중앙로,00200,00000,3121024,03,11650,0,11650,개인,10800,서초동,355000.0,2025-06-02
2066,101,래미안방배에버뉴,11650-3181,775,1,1977,개인,,,"245,000",3,6,2025,중개거래,"서울 서초구, 서울 성동구",181.481,8,775-1,1,N,25.08.29,동광로19길,00051,00000,4163118,01,11650,0,11650,개인,10100,방배동,245000.0,2025-06-03
2067,102,서초삼성래미안,11650-24,1641,1,2001,개인,,,"240,000",25,6,2025,중개거래,서울 서초구,121.66,6,1641-1,1,N,25.07.21,사임당로17길,00116,00000,4163313,01,11650,0,11650,개인,10800,서초동,240000.0,2025-06-25
2068,103동,서초그랑자이,11650-4969,1757,0,2021,개인,,,"300,000",5,6,2025,중개거래,서울 서초구,59.98,3,1757,1,N,25.08.26,효령로,00391,00000,3121021,00,11650,,11650,개인,10800,서초동,300000.0,2025-06-05
2069,3,삼풍아파트,11650-28,1685,0,1988,개인,,,"315,000",1,7,2025,중개거래,서울 서초구,79.47,6,1685,1,N,25.10.23,서초중앙로,00200,00000,3121024,03,11650,0,11650,개인,10800,서초동,315000.0,2025-07-01
2070,203,롯데캐슬갤럭시(50-1),11650-682,50,1,2004,개인,,,"404,000",18,7,2025,중개거래,서울 서초구,132.78,12,50-1,1,N,25.10.13,잠원로14길,00023,00000,4163526,01,11650,0,11650,개인,10600,잠원동,404000.0,2025-07-18
2071,401,방배아이파크,11650-3299,3277,0,2006,개인,,,"259,000",19,7,2025,중개거래,서울 서초구,125.58,11,3277,1,N,25.11.18,동광로3길,00018,00000,4163128,01,11650,0,11650,개인,10100,방배동,259000.0,2025-07-19
2072,105,서초교대e편한세상,11650-3579,1686,9,2010,개인,,,"370,000",18,7,2025,중개거래,서울 서초구,131.16,3,1686-9,1,N,25.10.30,서초중앙로24길,00033,00000,4163710,01,11650,0,11650,개인,10800,서초동,370000.0,2025-07-18
2073,105,서초호반써밋,11650-3963,753,0,2013,개인,,,"199,000",22,7,2025,중개거래,서울 서초구,101.0482,1,753,1,N,25.11.18,양재대로2길,00109,00000,4163748,01,11650,0,11650,개인,10300,우면동,199000.0,2025-07-22
2074,,서초동프레스티지아파트,11650-4471,1344,4,2017,개인,,,"105,000",22,7,2025,중개거래,"서울 강남구, 서울 서초구",81.24,5,1344-4,1,N,25.10.31,서운로11길,00017,00000,4163372,00,11650,0,11650,개인,10800,서초동,105000.0,2025-07-22
2075,4차,상지리츠빌(4),11650-754,1490,36,2004,개인,,,"249,000",28,7,2025,중개거래,서울 서초구,138.54,1,1490-36,1,N,25.10.01,명달로11길,00029,00003,4163181,01,11650,0,11650,개인,10800,서초동,249000.0,2025-07-28
2076,3,삼풍아파트,11650-28,1685,0,1988,개인,,,"343,000",9,7,2025,중개거래,서울 서초구,79.47,3,1685,1,N,25.10.30,서초중앙로,00200,00000,3121024,03,11650,0,11650,개인,10800,서초동,343000.0,2025-07-09
2077,101,동고,11650-480,59,0,1995,개인,,,"138,000",29,7,2025,중개거래,서울 서초구,84.96,15,59,1,N,25.08.28,바우뫼로7길,00029,00000,4163219,01,11650,0,11650,개인,10300,우면동,138000.0,2025-07-29
2078,109동,아크로리버파크,11650-4440,2,12,2016,개인,,,"820,000",24,7,2025,중개거래,서울 서초구,129.92,18,2-12,1,N,25.10.20,신반포로15길,00019,00000,4163450,00,11650,0,11650,개인,10700,반포동,820000.0,2025-07-24
2079,8,진흥아파트,11650-66,1315,0,1979,개인,,,"380,000",24,7,2025,중개거래,서울 서초구,131.04,13,1315,1,N,25.11.27,서초대로,00385,00000,2121002,02,11650,0,11650,개인,10800,서초동,380000.0,2025-07-24
2080,103,우성,11650-440,154,2,1991,개인,,,"160,000",31,7,2025,직거래,,84.58,15,154-2,1,N,25.10.22,바우뫼로,00091,00000,3121009,01,11650,0,11650,개인,10200,양재동,160000.0,2025-07-31
2081,404,호반써밋서초파크,11650-3974,788,0,2013,개인,,,"119,000",28,7,2025,중개거래,서울 서초구,51.89,5,788,1,N,25.11.03,양재대로2길,00033,00000,4163748,01,11650,0,11650,개인,10300,우면동,119000.0,2025-07-28
2082,203,롯데캐슬갤럭시(50-1),11650-682,50,1,2004,개인,,,"420,000",25,7,2025,중개거래,서울 서초구,132.78,19,50-1,1,N,25.11.10,잠원로14길,00023,00000,4163526,01,11650,0,11650,개인,10600,잠원동,420000.0,2025-07-25
2083,502,호반써밋서초파크뷰(토지임대부아파트),11650-3976,789,0,2013,개인,,,"127,000",17,7,2025,중개거래,서울 서초구,84.95,4,789,1,Y,25.09.09,양재대로2길,00011,00000,4163748,01,11650,0,11650,개인,10300,우면동,127000.0,2025-07-17
2084,101,반포래미안아이파크,11650-4678,1341,0,2018,개인,,,"480,000",19,7,2025,중개거래,서울 서초구,112.95,7,1341,1,N,25.11.06,서초중앙로,00220,00000,3121024,02,11650,0,11650,개인,10700,반포동,480000.0,2025-07-19
2085,104,대림,11650-479,57,0,1995,개인,,,"180,000",19,7,2025,중개거래,서울 서초구,130.89,3,57,1,N,25.09.09,바우뫼로7길,00051,00000,4163219,01,11650,0,11650,개인,10300,우면동,180000.0,2025-07-19
2086,202,서초힐스,11650-3821,773,0,2012,개인,,,"165,000",25,7,2025,중개거래,서울 서초구,74.95,13,773,1,N,25.10.15,양재대로2길,00090,00000,4163748,01,11650,0,11650,개인,10300,우면동,165000.0,2025-07-25
2087,104,롯데캐슬클래식,11650-3300,1312,3,2006,개인,,,"345,000",31,7,2025,중개거래,서울 서초구,120.18,13,1312-3,1,N,25.11.14,서운로,00197,00000,3121016,00,11650,,11650,개인,10800,서초동,345000.0,2025-07-31
2088,306,서초포레스타3단지,11650-4040,568,0,2014,개인,,,"148,000",31,7,2025,중개거래,서울 서초구,59.96,10,568,1,N,25.09.30,헌릉로8길,00022,00000,4163749,01,11650,0,11650,개인,11100,신원동,148000.0,2025-07-31
2089,102동,방배아트자이,11650-4706,3278,0,2018,개인,,,"290,000",15,7,2025,중개거래,서울 서초구,84.9383,8,3278,1,N,25.09.10,명달로9길,00057,00000,4163195,00,11650,0,11650,개인,10100,방배동,290000.0,2025-07-15
2090,106동,아크로리버파크,11650-4440,2,12,2016,개인,,,"950,000",13,7,2025,중개거래,서울 서초구,168.96,28,2-12,1,N,25.10.27,신반포로15길,00019,00000,4163450,00,11650,0,11650,개인,10700,반포동,950000.0,2025-07-13
2091,101,롯데캐슬헤론,11650-3317,754,1,2006,개인,,,"200,000",28,7,2025,직거래,,168.81,19,754-1,1,N,25.10.01,동광로1길,00112,00000,4163119,01,11650,0,11650,개인,10100,방배동,200000.0,2025-07-28
2092,103,반포래미안아이파크,11650-4678,1341,0,2018,개인,,,"485,000",18,7,2025,중개거래,"서울 강남구, 서울 서초구",99.92,2,1341,1,N,26.01.16,서초중앙로,00220,00000,3121024,02,11650,0,11650,개인,10700,반포동,485000.0,2025-07-18
2093,,두산위브(1362),11650-3250,1362,0,2005,개인,25.10.13,O,"119,000",18,7,2025,중개거래,"서울 강남구, 서울 서초구",78.63,3,1362,1,N,,강남대로39길,00005,00000,4163018,01,11650,0,11650,개인,10800,서초동,119000.0,2025-07-18
2094,101,서초한빛삼성,11650-42,1509,1,1999,개인,,,"152,000",19,7,2025,중개거래,서울 서초구,59.52,5,1509-1,1,N,25.10.30,서초대로40길,00072,00000,4163406,01,11650,0,11650,개인,10800,서초동,152000.0,2025-07-19
2095,103,반포센트럴자이,11650-4805,162,0,2020,개인,,,"499,000",15,7,2025,중개거래,"대전 유성구, 서울 서초구",84.95,27,162,1,N,25.12.19,반포대로,00310,00006,2121003,01,11650,0,11650,개인,10600,잠원동,499000.0,2025-07-15
2096,110,서초더샵포레,11650-4063,411,0,2014,개인,,,"178,000",13,7,2025,중개거래,"서울 강남구, 서울 서초구",101.34,5,411,1,N,25.11.07,헌릉로8길,00058,00000,4163749,02,11650,0,11650,개인,10900,내곡동,178000.0,2025-07-13
2097,래미안 서초유니빌,래미안서초유니빌,11650-518,1445,4,2003,개인,,,"63,000",30,7,2025,중개거래,서울 서초구,50.19,17,1445-4,1,N,25.10.31,서초중앙로,00026,00000,3121024,03,11650,0,11650,개인,10800,서초동,63000.0,2025-07-30
2098,,서초동프레스티지아파트,11650-4471,1344,4,2017,개인,25.09.03,O,"105,000",22,7,2025,중개거래,"서울 강남구, 서울 서초구",81.24,5,1344-4,1,N,,서운로11길,00017,00000,4163372,00,11650,0,11650,개인,10800,서초동,105000.0,2025-07-22
2099,106,반포리체,11650-3617,30,26,2010,개인,,,"341,000",8,7,2025,중개거래,"경기 성남시 수정구, 서울 서초구",59.994,23,30-26,1,N,25.09.29,고무래로,00035,00000,3121001,01,11650,0,11650,개인,10700,반포동,341000.0,2025-07-08
2100,B,방배아크로타워,11650-3358,923,6,2007,개인,,,"86,500",20,7,2025,중개거래,서울 서초구,60.12,3,923-6,1,N,25.09.30,방배로13길,00018,00000,4163251,01,11650,0,11650,개인,10100,방배동,86500.0,2025-07-20
2101,,호반써밋서초파크뷰(토지임대부아파트),11650-3976,789,0,2013,개인,25.08.14,O,"127,000",17,7,2025,중개거래,서울 서초구,84.95,4,789,1,Y,,양재대로2길,00011,00000,4163748,01,11650,0,11650,개인,10300,우면동,127000.0,2025-07-17
2102,108,반포자이,11650-3500,20,43,2009,개인,,,"500,000",10,7,2025,중개거래,서울 서초구,84.943,19,20-43,1,N,25.09.25,신반포로,00270,00000,3121017,02,11650,0,11650,개인,10700,반포동,500000.0,2025-07-10
2103,306,서초포레스타3단지,11650-4040,568,0,2014,개인,,,"200,000",26,7,2025,중개거래,서울 서초구,114.81,14,568,1,N,25.10.24,헌릉로8길,00022,00000,4163749,01,11650,0,11650,개인,11100,신원동,200000.0,2025-07-26
2104,305,서초포레스타3단지,11650-4040,568,0,2014,개인,,,"209,500",26,7,2025,중개거래,서울 서초구,114.81,6,568,1,N,25.10.31,헌릉로8길,00022,00000,4163749,01,11650,0,11650,개인,11100,신원동,209500.0,2025-07-26
2105,104,삼환나띠르빌(1002-10),11650-486,1002,10,2003,개인,,,"143,000",19,7,2025,중개거래,서울 서초구,92.93,4,1002-10,1,N,25.10.24,명달로,00033,00000,3121008,01,11650,0,11650,개인,10100,방배동,143000.0,2025-07-19
2106,,롯데캐슬클래식,11650-3300,1312,3,2006,개인,25.08.11,O,"345,000",31,7,2025,중개거래,서울 서초구,120.18,13,1312-3,1,N,,서운로,00197,00000,3121016,00,11650,,11650,개인,10800,서초동,345000.0,2025-07-31
2107,104,래미안원베일리,11650-5126,1,0,2023,개인,,,"910,000",19,7,2025,중개거래,서울 서초구,116.95,33,1,1,N,25.11.14,반포대로,00333,00000,2121003,00,11650,,11650,개인,10700,반포동,910000.0,2025-07-19
2108,103동,아크로리버파크,11650-4440,2,12,2016,개인,,,"498,000",15,7,2025,중개거래,서울 서초구,84.95,12,2-12,1,N,25.11.10,신반포로15길,00019,00000,4163450,00,11650,0,11650,개인,10700,반포동,498000.0,2025-07-15
2109,1,서초로얄,11650-36,1627,3,2001,개인,,,"133,500",22,7,2025,중개거래,"경기 하남시, 서울 서초구",84.83,4,1627-3,1,N,25.09.12,사임당로14길,00010,00000,4163311,01,11650,0,11650,개인,10800,서초동,133500.0,2025-07-22
2110,,방배아트자이,11650-4706,3278,0,2018,개인,25.08.11,O,"290,000",15,7,2025,중개거래,서울 서초구,84.9383,8,3278,1,N,,명달로9길,00057,00000,4163195,00,11650,0,11650,개인,10100,방배동,290000.0,2025-07-15
2111,102,대림,11650-479,57,0,1995,개인,,,"176,000",21,7,2025,중개거래,서울 서초구,130.89,14,57,1,N,25.09.25,바우뫼로7길,00051,00000,4163219,01,11650,0,11650,기타,10300,우면동,176000.0,2025-07-21
2112,109,신반포2,11650-117,73,0,1978,개인,,,"455,000",24,7,2025,중개거래,서울 서초구,92.2,7,73,1,N,25.10.02,신반포로23길,00041,00000,4163452,01,11650,0,11650,개인,10600,잠원동,455000.0,2025-07-24
2113,래미안 서초유니빌,래미안서초유니빌,11650-518,1445,4,2003,개인,,,"46,500",28,7,2025,중개거래,서울 서초구,44.447,4,1445-4,1,N,25.08.13,서초중앙로,00026,00000,3121024,03,11650,0,11650,개인,10800,서초동,46500.0,2025-07-28
2114,,아크로리버파크,11650-4440,2,12,2016,개인,25.08.09,O,"950,000",13,7,2025,중개거래,서울 서초구,168.96,28,2-12,1,N,,신반포로15길,00019,00000,4163450,00,11650,0,11650,개인,10700,반포동,950000.0,2025-07-13
2115,101,금호베스트빌,11650-156,58,0,2002,개인,,,"340,000",25,7,2025,중개거래,서울 서초구,84.97,11,58,1,N,25.11.10,나루터로,00046,00000,3121002,01,11650,0,11650,개인,10600,잠원동,340000.0,2025-07-25
2116,,신화,11650-132,54,7,1997,개인,,,"252,000",25,7,2025,중개거래,서울 서초구,84.85,17,54-7,1,N,25.11.17,잠원로14길,00054,00000,4163526,01,11650,0,11650,개인,10600,잠원동,252000.0,2025-07-25
2117,125,반포자이,11650-3500,20,43,2009,개인,,,"475,000",10,7,2025,중개거래,서울 서초구,84.943,4,20-43,1,N,25.10.28,신반포로,00270,00000,3121017,02,11650,0,11650,개인,10700,반포동,475000.0,2025-07-10
2118,404,서초네이처힐4단지,11650-3704,720,0,2011,개인,,,"167,000",26,7,2025,중개거래,서울 서초구,84.77,4,720,1,N,25.09.25,태봉로2길,00065,00000,4163582,01,11650,0,11650,개인,10300,우면동,167000.0,2025-07-26
2119,103,반포래미안아이파크,11650-4678,1341,0,2018,개인,,,"474,000",28,7,2025,중개거래,서울 서초구,99.92,18,1341,1,N,25.12.18,서초중앙로,00220,00000,3121024,02,11650,0,11650,개인,10700,반포동,474000.0,2025-07-28
2120,105,방배우성,11650-331,2525,0,1991,개인,,,"186,500",23,7,2025,중개거래,서울 서초구,80.2,2,2525,1,N,25.11.07,방배선행길,00001,00000,4163671,01,11650,0,11650,개인,10100,방배동,186500.0,2025-07-23
2121,,방배아트자이,11650-4706,3278,0,2018,개인,25.08.05,O,"290,000",15,7,2025,중개거래,서울 서초구,84.9383,8,3278,1,N,,명달로9길,00057,00000,4163195,00,11650,0,11650,개인,10100,방배동,290000.0,2025-07-15
2122,105,방배1차현대홈타운,11650-290,1344,0,1999,개인,,,"270,000",30,7,2025,중개거래,서울 서초구,84.96,20,1344,1,N,25.11.14,서초대로1길,00030,00000,4163389,01,11650,0,11650,개인,10100,방배동,270000.0,2025-07-30
2123,103,코오롱,11650-482,70,0,1994,개인,,,"130,000",8,7,2025,중개거래,"서울 강북구, 서울 서초구",52.47,6,70,1,N,25.08.27,바우뫼로,00053,00000,3121009,02,11650,0,11650,개인,10300,우면동,130000.0,2025-07-08
2124,,롯데캐슬클래식,11650-3300,1312,3,2006,개인,25.08.05,O,"345,000",31,7,2025,중개거래,서울 서초구,120.18,13,1312-3,1,N,,서운로,00197,00000,3121016,00,11650,,11650,개인,10800,서초동,345000.0,2025-07-31
2125,,현대아르빌,11650-635,459,1,2004,개인,,,"260,000",24,7,2025,중개거래,서울 서초구,84.97,4,459-1,1,N,25.11.24,청두곶14길,00032,00000,4163565,01,11650,0,11650,개인,10100,방배동,260000.0,2025-07-24
2126,110,롯데캐슬아르떼,11650-4044,424,28,2013,개인,,,"297,000",10,7,2025,중개거래,서울 서초구,121.6576,2,424-28,1,N,25.09.01,방배천로18길,00011,00000,4163687,01,11650,0,11650,개인,10100,방배동,297000.0,2025-07-10
2127,102,서초래미안,11650-523,1682,0,2003,개인,,,"289,000",18,7,2025,중개거래,서울 서초구,111.32,6,1682,1,N,25.11.19,서초대로65길,00013,00010,4163425,01,11650,0,11650,개인,10800,서초동,289000.0,2025-07-18
2128,래미안 서초유니빌,래미안서초유니빌,11650-518,1445,4,2003,개인,,,"49,000",19,7,2025,중개거래,서울 서초구,45.255,5,1445-4,1,N,25.09.10,서초중앙로,00026,00000,3121024,03,11650,0,11650,개인,10800,서초동,49000.0,2025-07-19
2129,,신원아침도시(1434),11650-704,1434,2,2004,개인,,,"135,000",14,7,2025,중개거래,"서울 관악구, 서울 서초구",83.139,10,1434-2,1,N,25.09.22,남부순환로337가길,00051,00009,4163077,01,11650,0,11650,개인,10800,서초동,135000.0,2025-07-14
2130,래미안 서초유니빌,래미안서초유니빌,11650-518,1445,4,2003,개인,,,"80,000",12,7,2025,중개거래,서울 서초구,66.415,16,1445-4,1,N,25.12.02,서초중앙로,00026,00000,3121024,03,11650,0,11650,개인,10800,서초동,80000.0,2025-07-12
2131,114,래미안원베일리,11650-5126,1,0,2023,개인,,,"600,000",7,7,2025,중개거래,서울 서초구,84.95,3,1,1,N,25.10.30,반포대로,00333,00000,2121003,00,11650,,11650,개인,10700,반포동,600000.0,2025-07-07
2132,,우면파크아파트,11650-593,385,9,2003,개인,,,"78,000",20,7,2025,중개거래,"서울 강남구, 서울 서초구",60.3,6,385-9,1,N,25.09.18,논현로1길,00067,00000,4163096,01,11650,0,11650,개인,10200,양재동,78000.0,2025-07-20
2133,103동,서초그랑자이,11650-4969,1757,0,2021,개인,,,"430,000",24,7,2025,중개거래,서울 서초구,100.31,16,1757,1,N,25.11.14,효령로,00391,00000,3121021,00,11650,,11650,개인,10800,서초동,430000.0,2025-07-24
2134,203,롯데캐슬갤럭시(50-1),11650-682,50,1,2004,개인,,,"400,000",2,7,2025,중개거래,서울 서초구,132.78,23,50-1,1,N,25.09.30,잠원로14길,00023,00000,4163526,01,11650,0,11650,개인,10600,잠원동,400000.0,2025-07-02
2135,,광정,11650-664,7,17,2004,개인,,,"25,000",29,7,2025,중개거래,서울 서초구,29.18,1,7-17,1,N,25.07.30,강남대로34길,00082,00000,4163016,01,11650,0,11650,법인,10200,양재동,25000.0,2025-07-29
2136,101,서초호반써밋,11650-3963,753,0,2013,개인,,,"239,000",9,7,2025,중개거래,서울 서초구,118.1321,18,753,1,N,25.09.01,양재대로2길,00109,00000,4163748,01,11650,0,11650,개인,10300,우면동,239000.0,2025-07-09
2137,,반포센트럴자이,11650-4805,162,0,2020,개인,25.08.08,O,"499,000",15,7,2025,중개거래,"대전 유성구, 서울 서초구",84.95,27,162,1,N,,반포대로,00310,00006,2121003,01,11650,0,11650,개인,10600,잠원동,499000.0,2025-07-15
2138,102,방배래미안타워,11650-759,485,3,2005,개인,,,"243,000",16,7,2025,중개거래,서울 서초구,134.36,15,485-3,1,N,25.10.31,남부순환로,02183,00000,2000003,01,11650,0,11650,개인,10100,방배동,243000.0,2025-07-16
2139,106,래미안방배아트힐(1008-2),11650-658,1008,2,2004,개인,,,"278,000",23,7,2025,중개거래,서울 서초구,163.31,9,1008-2,1,N,25.08.20,남부순환로,02311,00012,2000003,01,11650,0,11650,개인,10100,방배동,278000.0,2025-07-23
2140,107동,서초그랑자이,11650-4969,1757,0,2021,개인,,,"468,000",25,7,2025,중개거래,"서울 마포구, 서울 서초구",119.41,11,1757,1,N,25.09.25,효령로,00391,00000,3121021,00,11650,,11650,개인,10800,서초동,468000.0,2025-07-25
2141,106,대림,11650-479,57,0,1995,개인,,,"178,000",23,7,2025,중개거래,서울 서초구,130.89,14,57,1,N,25.11.11,바우뫼로7길,00051,00000,4163219,01,11650,0,11650,개인,10300,우면동,178000.0,2025-07-23
2142,103,황실자이,11650-3255,883,9,2005,개인,,,"340,000",28,7,2025,중개거래,서울 서초구,163.588,9,883-9,1,N,25.11.14,서초대로,00156,00000,2121002,01,11650,0,11650,개인,10100,방배동,340000.0,2025-07-28
2143,102,서초한신,11650-43,1454,29,2001,개인,,,"203,000",8,7,2025,중개거래,서울 서초구,115.3,9,1454-29,1,N,25.09.10,남부순환로323길,00038,00016,4163071,00,11650,,11650,개인,10800,서초동,203000.0,2025-07-08
2144,107동,래미안신반포팰리스,11650-4439,158,0,2016,개인,,,"425,000",15,7,2025,중개거래,서울 서초구,84.46,29,158,1,N,25.11.13,잠원로8길,00035,00000,4163529,00,11650,0,11650,개인,10600,잠원동,425000.0,2025-07-15
2145,112,신반포2,11650-117,73,0,1978,개인,,,"370,000",19,7,2025,중개거래,서울 서초구,68.91,11,73,1,N,25.11.10,신반포로23길,00041,00000,4163452,01,11650,0,11650,개인,10600,잠원동,370000.0,2025-07-19
2146,104동,래미안 리더스원,11650-4887,1755,0,2020,개인,,,"460,000",23,7,2025,중개거래,"서울 강남구, 서울 서초구",114.94,5,1755,1,N,25.10.27,서운로,00062,00000,3121016,00,11650,,11650,개인,10800,서초동,460000.0,2025-07-23
2147,105,서초호반써밋,11650-3963,753,0,2013,개인,,,"194,000",24,7,2025,중개거래,서울 강남구,101.0107,22,753,1,N,25.10.13,양재대로2길,00109,00000,4163748,01,11650,0,11650,개인,10300,우면동,194000.0,2025-07-24
2148,B,현대ESA2,11650-601,1542,6,2003,개인,,,"180,000",26,7,2025,중개거래,"서울 강남구, 서울 용산구",136.25,5,1542-6,1,N,25.10.01,반포대로,00122,00000,2121003,03,11650,0,11650,개인,10800,서초동,180000.0,2025-07-26
2149,A,서초트라팰리스,11650-3238,1344,13,2005,개인,,,"159,000",13,7,2025,중개거래,서울 강남구,81.76,21,1344-13,1,N,25.10.28,효령로72길,00057,00000,4163657,01,11650,0,11650,개인,10800,서초동,159000.0,2025-07-13
2150,102,반포훼미리(102동),11650-549,712,19,2003,개인,,,"149,000",25,7,2025,중개거래,"서울 동작구, 서울 서초구",71.88,1,712-19,1,N,25.09.26,주흥13길,00038,00000,4163550,01,11650,0,11650,개인,10700,반포동,149000.0,2025-07-25
2151,2,한신서래,11650-232,70,1,1987,개인,,,"280,000",23,7,2025,중개거래,서울 서초구,115.0,8,70-1,1,N,25.11.03,사평대로28길,00031,00000,4163330,01,11650,0,11650,개인,10700,반포동,280000.0,2025-07-23
2152,,서초호반써밋,11650-3963,753,0,2013,개인,25.09.15,O,"199,000",22,7,2025,중개거래,서울 서초구,101.0482,1,753,1,N,,양재대로2길,00109,00000,4163748,01,11650,0,11650,개인,10300,우면동,199000.0,2025-07-22
2153,101,서초현대,11650-46,1648,2,1999,개인,,,"184,000",25,7,2025,중개거래,서울 서초구,84.78,4,1648-2,1,N,25.10.15,사임당로19길,00010,00000,4163315,01,11650,0,11650,개인,10800,서초동,184000.0,2025-07-25
2154,,서초그랑자이,11650-4969,1757,0,2021,개인,25.08.06,O,"445,000",25,7,2025,중개거래,"서울 강남구, 서울 서초구",100.31,21,1757,1,N,,효령로,00391,00000,3121021,00,11650,,11650,개인,10800,서초동,445000.0,2025-07-25
2155,101동,래미안신반포리오센트,11650-4750,161,0,2019,개인,,,"470,000",21,7,2025,중개거래,서울 서초구,133.37,15,161,1,N,25.10.20,잠원로14길,00032,00000,4163526,00,11650,0,11650,개인,10600,잠원동,470000.0,2025-07-21
2156,2,한강,11650-144,49,8,1989,개인,,,"330,000",21,7,2025,중개거래,"서울 강남구, 서울 서초구",84.53,2,49-8,1,N,25.08.26,잠원로,00213,00010,3121019,01,11650,0,11650,개인,10600,잠원동,330000.0,2025-07-21
2157,가,방배신삼호,11650-323,725,0,1983,개인,,,"340,000",21,7,2025,중개거래,서울 서초구,105.04,3,725,1,N,25.10.22,방배로,00270,00000,3121010,01,11650,0,11650,개인,10100,방배동,340000.0,2025-07-21
2158,111,우성,11650-440,154,2,1991,개인,,,"174,000",4,7,2025,중개거래,서울 서초구,84.58,10,154-2,1,N,25.09.30,바우뫼로,00091,00000,3121009,01,11650,0,11650,개인,10200,양재동,174000.0,2025-07-04
2159,502,호반써밋서초파크뷰(토지임대부아파트),11650-3976,789,0,2013,개인,,,"130,000",4,7,2025,중개거래,서울 서초구,84.95,5,789,1,Y,25.10.27,양재대로2길,00011,00000,4163748,01,11650,0,11650,개인,10300,우면동,130000.0,2025-07-04
2160,,스위트빌,11650-558,1513,5,2003,개인,,,"129,000",18,7,2025,중개거래,서울 서초구,84.66,6,1513-5,1,N,25.10.16,명달로20길,00039,00000,4163187,01,11650,0,11650,개인,10800,서초동,129000.0,2025-07-18
2161,107,우성,11650-440,154,2,1991,개인,,,"165,000",13,7,2025,중개거래,서울 서초구,73.15,15,154-2,1,N,25.10.17,바우뫼로,00091,00000,3121009,01,11650,0,11650,법인,10200,양재동,165000.0,2025-07-13
2162,107,방배그랑자이,11650-4970,3283,0,2021,개인,,,"320,000",8,7,2025,중개거래,서울 서초구,84.972,6,3283,1,N,25.09.18,방배로,00021,00000,3121010,00,11650,0,11650,개인,10100,방배동,320000.0,2025-07-08
2163,102,서초아트자이,11650-3542,1583,10,2009,개인,,,"290,000",23,7,2025,중개거래,서울 서초구,165.5725,15,1583-10,1,N,25.09.26,반포대로,00058,00000,2121003,03,11650,0,11650,개인,10800,서초동,290000.0,2025-07-23
2164,101,방배롯데캐슬로제,11650-3548,849,30,2009,개인,,,"410,000",18,7,2025,중개거래,서울 서초구,172.27,10,849-30,1,N,25.10.30,방배로26길,00041,00000,4163261,01,11650,0,11650,개인,10100,방배동,410000.0,2025-07-18
2165,1,방배마에스트로,11650-4693,866,10,2019,개인,,,"65,000",21,7,2025,중개거래,서울 서초구,25.48,9,866-10,1,N,25.08.07,서초대로,00013,00000,2121002,01,11650,0,11650,개인,10100,방배동,65000.0,2025-07-21
2166,2,삼호1동~3동,11650-309,770,1,1975,개인,,,"184,000",18,7,2025,중개거래,서울 서초구,81.88,1,770-1,1,N,25.11.27,방배로43길,00021,00000,4163277,01,11650,0,11650,개인,10100,방배동,184000.0,2025-07-18
2167,102,동부센트레빌,11650-659,3275,0,2004,개인,,,"306,000",5,7,2025,중개거래,서울 서초구,134.04,19,3275,1,N,25.10.30,방배로,00278,00000,3121010,01,11650,0,11650,개인,10100,방배동,306000.0,2025-07-05
2168,201,서초2차e-편한세상,11650-774,1529,0,2005,개인,,,"199,500",4,7,2025,중개거래,서울 서초구,84.67,7,1529,1,N,25.10.30,효령로49길,00057,00000,4163642,01,11650,0,11650,개인,10800,서초동,199500.0,2025-07-04
2169,106,반포래미안아이파크,11650-4678,1341,0,2018,개인,,,"450,000",22,7,2025,중개거래,서울 서초구,84.88,14,1341,1,N,25.10.17,서초중앙로,00220,00000,3121024,02,11650,0,11650,개인,10700,반포동,450000.0,2025-07-22
2170,,반포훼미리(101동),11650-259,713,1,2002,개인,,,"187,000",19,7,2025,중개거래,경기 성남시 분당구,108.5,9,713-1,1,N,25.09.26,주흥11길,00040,00000,4163549,01,11650,0,11650,개인,10700,반포동,187000.0,2025-07-19
2171,404,호반써밋서초파크,11650-3974,788,0,2013,개인,,,"118,000",22,7,2025,중개거래,서울 서초구,51.89,15,788,1,N,25.08.26,양재대로2길,00033,00000,4163748,01,11650,0,11650,개인,10300,우면동,118000.0,2025-07-22
2172,,동고,11650-480,59,0,1995,개인,25.07.22,O,"127,000",19,7,2025,중개거래,"서울 강남구, 서울 서초구",77.14,3,59,1,N,,바우뫼로7길,00029,00000,4163219,01,11650,0,11650,개인,10300,우면동,127000.0,2025-07-19
2173,104,동고,11650-480,59,0,1995,개인,,,"127,000",19,7,2025,중개거래,"서울 강남구, 서울 서초구",77.14,3,59,1,N,25.10.16,바우뫼로7길,00029,00000,4163219,01,11650,0,11650,개인,10300,우면동,127000.0,2025-07-19
2174,2,한신로얄,11650-147,63,34,1992,개인,,,"290,000",18,7,2025,중개거래,서울 서초구,81.05,8,63-34,1,N,25.09.11,신반포로33길,00064,00000,4163453,01,11650,0,11650,개인,10600,잠원동,290000.0,2025-07-18
2175,101,월드메르디앙,11650-135,33,11,2002,개인,,,"177,000",18,7,2025,중개거래,서울 서초구,84.78,11,33-11,1,N,25.10.24,신반포로45길,00071,00000,4163459,01,11650,0,11650,개인,10600,잠원동,177000.0,2025-07-18
2176,,잠원동트루빌,11650-728,33,7,2004,개인,,,"110,000",22,7,2025,중개거래,서울 용산구,84.94,2,33-7,1,N,25.07.23,신반포로41길,00050,00000,4163456,01,11650,0,11650,개인,10600,잠원동,110000.0,2025-07-22
2177,502,서초포레스타5단지,11650-4026,579,0,2014,개인,,,"183,500",17,7,2025,중개거래,서울 서초구,84.41,2,579,1,N,25.09.25,청계산로7길,00043,00000,4163750,01,11650,0,11650,개인,11100,신원동,183500.0,2025-07-17
2178,111동,아크로리버파크,11650-4440,2,12,2016,개인,,,"520,000",10,7,2025,중개거래,서울 서초구,84.95,4,2-12,1,N,25.09.30,신반포로15길,00019,00000,4163450,00,11650,0,11650,개인,10700,반포동,520000.0,2025-07-10
2179,1,훼미리,11650-154,51,0,1992,개인,,,"280,000",3,7,2025,중개거래,서울 서초구,84.83,16,51,1,N,25.09.17,잠원로,00202,00011,3121019,01,11650,0,11650,개인,10600,잠원동,280000.0,2025-07-03
2180,128,래미안퍼스티지,11650-3559,18,1,2009,개인,,,"480,000",3,7,2025,중개거래,"서울 금천구, 서울 서초구",84.93,27,18-1,1,N,25.10.24,반포대로,00275,00000,2121003,02,11650,0,11650,개인,10700,반포동,480000.0,2025-07-03
2181,,롯데캐슬아르떼,11650-4044,424,28,2013,개인,25.07.29,O,"297,000",10,7,2025,중개거래,서울 서초구,121.6576,2,424-28,1,N,,방배천로18길,00011,00000,4163687,01,11650,0,11650,개인,10100,방배동,297000.0,2025-07-10
2182,,방배아이파크,11650-3299,3277,0,2006,개인,25.09.30,O,"259,000",19,7,2025,중개거래,서울 서초구,125.58,11,3277,1,N,,동광로3길,00018,00000,4163128,01,11650,0,11650,개인,10100,방배동,259000.0,2025-07-19
2183,105,코오롱,11650-482,70,0,1994,개인,,,"133,500",19,7,2025,중개거래,서울 서초구,52.47,2,70,1,N,25.10.31,바우뫼로,00053,00000,3121009,02,11650,0,11650,개인,10300,우면동,133500.0,2025-07-19
2184,,서초교대e편한세상,11650-3579,1686,9,2010,개인,25.09.20,O,"370,000",18,7,2025,중개거래,서울 서초구,131.16,3,1686-9,1,N,,서초중앙로24길,00033,00000,4163710,01,11650,0,11650,개인,10800,서초동,370000.0,2025-07-18
2185,107,서초래미안,11650-523,1682,0,2003,개인,,,"330,000",19,7,2025,중개거래,서울 서초구,126.31,22,1682,1,N,26.01.16,서초대로65길,00013,00010,4163425,01,11650,0,11650,개인,10800,서초동,330000.0,2025-07-19
2186,,동고,11650-480,59,0,1995,개인,25.07.22,O,"127,000",19,7,2025,중개거래,"서울 강남구, 서울 서초구",77.14,3,59,1,N,,바우뫼로7길,00029,00000,4163219,01,11650,0,11650,개인,10300,우면동,127000.0,2025-07-19
2187,101동,디아레나서초,11650-4779,1588,5,2020,개인,,,"40,000",19,7,2025,중개거래,서울 서초구,27.39,11,1588-5,1,N,25.07.28,효령로53길,00024,00000,4163646,00,11650,0,11650,개인,10800,서초동,40000.0,2025-07-19
2188,,삼환나띠르빌(1002-10),11650-486,1002,10,2003,개인,25.08.06,O,"143,000",19,7,2025,중개거래,서울 서초구,92.93,4,1002-10,1,N,,명달로,00033,00000,3121008,01,11650,0,11650,개인,10100,방배동,143000.0,2025-07-19
2189,104,디에이치반포라클라스,11650-4959,1343,0,2021,개인,,,"530,000",19,7,2025,중개거래,서울 서초구,115.943,27,1343,1,N,25.11.14,서초중앙로,00206,00000,3121024,00,11650,,11650,개인,10700,반포동,530000.0,2025-07-19
2190,306,반포미도,11650-172,60,4,1987,개인,,,"372,000",12,7,2025,중개거래,서울 서초구,84.96,4,60-4,1,N,25.09.15,서초중앙로29길,00028,00000,4163713,01,11650,0,11650,개인,10700,반포동,372000.0,2025-07-12
2191,102,서초벽산블루밍,11650-3301,1347,20,2006,개인,,,"188,000",18,7,2025,중개거래,서울 강남구,84.39,3,1347-20,1,N,25.08.29,효령로74길,00056,00000,4163658,01,11650,0,11650,개인,10800,서초동,188000.0,2025-07-18
2192,15,방배임광3차,11650-342,1010,1,1988,개인,,,"120,000",18,7,2025,직거래,,65.85,9,1010-1,1,N,25.07.31,방배로2길,00024,00005,4163264,01,11650,0,11650,개인,10100,방배동,120000.0,2025-07-18
2193,101동,래미안신반포팰리스,11650-4439,158,0,2016,개인,,,"550,000",18,7,2025,중개거래,"경기 성남시 분당구, 서울 서초구",133.04,10,158,1,N,25.09.19,잠원로8길,00035,00000,4163529,00,11650,0,11650,개인,10600,잠원동,550000.0,2025-07-18
2194,래미안 서초유니빌,래미안서초유니빌,11650-518,1445,4,2003,개인,,,"48,000",15,7,2025,직거래,,44.447,10,1445-4,1,N,25.07.18,서초중앙로,00026,00000,3121024,03,11650,0,11650,개인,10800,서초동,48000.0,2025-07-15
2195,,호반써밋서초파크뷰(토지임대부아파트),11650-3976,789,0,2013,개인,25.07.24,O,"130,000",4,7,2025,중개거래,서울 서초구,84.95,5,789,1,Y,,양재대로2길,00011,00000,4163748,01,11650,0,11650,개인,10300,우면동,130000.0,2025-07-04
2196,101,서초더샵포레,11650-4063,411,0,2014,개인,,,"118,000",13,7,2025,직거래,,59.94,1,411,1,N,25.08.12,헌릉로8길,00058,00000,4163749,02,11650,0,11650,개인,10900,내곡동,118000.0,2025-07-13
2197,,서초래미안,11650-523,1682,0,2003,개인,25.07.30,O,"289,000",18,7,2025,중개거래,서울 서초구,111.32,6,1682,1,N,,서초대로65길,00013,00010,4163425,01,11650,0,11650,개인,10800,서초동,289000.0,2025-07-18
2198,102,서초호반써밋,11650-3963,753,0,2013,개인,,,"182,500",12,7,2025,중개거래,서울 서초구,101.0515,3,753,1,N,25.08.29,양재대로2길,00109,00000,4163748,01,11650,0,11650,개인,10300,우면동,182500.0,2025-07-12
2199,,호반써밋서초파크뷰(토지임대부아파트),11650-3976,789,0,2013,개인,25.08.06,O,"127,000",17,7,2025,중개거래,서울 서초구,84.95,4,789,1,Y,,양재대로2길,00011,00000,4163748,01,11650,0,11650,개인,10300,우면동,127000.0,2025-07-17
2200,108,반포자이,11650-3500,20,43,2009,개인,,,"495,000",17,7,2025,중개거래,서울 서초구,84.943,28,20-43,1,N,25.09.30,신반포로,00270,00000,3121017,02,11650,0,11650,개인,10700,반포동,495000.0,2025-07-17
2201,102동,반포써밋,11650-4703,1342,0,2018,개인,,,"500,000",17,7,2025,중개거래,서울 서초구,133.0453,13,1342,1,N,25.11.20,고무래로,00089,00000,3121001,00,11650,0,11650,개인,10700,반포동,500000.0,2025-07-17
2202,113,서초더샵포레,11650-4063,411,0,2014,개인,,,"159,000",9,7,2025,중개거래,서울 서초구,84.81,6,411,1,N,25.10.13,헌릉로8길,00058,00000,4163749,02,11650,0,11650,개인,10900,내곡동,159000.0,2025-07-09
2203,312,서초네이처힐3단지,11650-3864,717,0,2013,개인,,,"210,000",16,7,2025,중개거래,서울 서초구,114.79,16,717,1,N,25.11.04,태봉로2길,00060,00000,4163582,01,11650,0,11650,개인,10300,우면동,210000.0,2025-07-16
2204,101동,서초그랑자이,11650-4969,1757,0,2021,개인,,,"410,000",9,7,2025,중개거래,"서울 마포구, 서울 서초구",84.51,33,1757,1,N,25.10.31,효령로,00391,00000,3121021,00,11650,,11650,개인,10800,서초동,410000.0,2025-07-09
2205,3,한신서래,11650-232,70,1,1987,개인,,,"345,000",15,7,2025,중개거래,서울 서초구,147.67,7,70-1,1,N,25.09.10,사평대로28길,00031,00000,4163330,01,11650,0,11650,개인,10700,반포동,345000.0,2025-07-15
2206,101,서초한빛삼성,11650-42,1509,1,1999,개인,,,"218,000",4,7,2025,중개거래,서울 서초구,110.59,5,1509-1,1,N,25.10.14,서초대로40길,00072,00000,4163406,01,11650,0,11650,개인,10800,서초동,218000.0,2025-07-04
2207,107동,래미안 리더스원,11650-4887,1755,0,2020,개인,,,"440,000",17,7,2025,중개거래,서울 서초구,114.94,7,1755,1,N,25.11.13,서운로,00062,00000,3121016,00,11650,,11650,개인,10800,서초동,440000.0,2025-07-17
2208,103동,래미안 리더스원,11650-4887,1755,0,2020,개인,,,"372,000",17,7,2025,중개거래,서울 서초구,84.93,10,1755,1,N,25.09.24,서운로,00062,00000,3121016,00,11650,,11650,개인,10800,서초동,372000.0,2025-07-17
2209,6,한강,11650-144,49,8,1989,개인,,,"350,000",3,7,2025,중개거래,서울 서초구,84.53,10,49-8,1,N,25.10.01,잠원로,00213,00010,3121019,01,11650,0,11650,개인,10600,잠원동,350000.0,2025-07-03
2210,102,한신휴플러스,11650-3289,3000,1,2006,개인,,,"169,000",15,7,2025,중개거래,서울 서초구,84.61,22,3000-1,1,N,25.10.20,동작대로,00112,00000,2005009,01,11650,0,11650,개인,10100,방배동,169000.0,2025-07-15
2211,,엠브이아파트,11650-199,46,0,1994,개인,,,"150,000",15,7,2025,중개거래,서울 서초구,59.82,3,46,1,N,25.10.24,고무래로10길,00039,00000,4163042,01,11650,0,11650,개인,10700,반포동,150000.0,2025-07-15
2212,101,힐스테이트서초젠트리스,11650-4103,557,0,2014,개인,,,"178,000",15,7,2025,중개거래,서울 서초구,84.95,4,557,1,N,25.09.18,헌릉로8길,00010,00012,4163749,01,11650,0,11650,개인,11100,신원동,178000.0,2025-07-15
2213,,방배아트자이,11650-4706,3278,0,2018,개인,25.07.29,O,"290,000",15,7,2025,중개거래,서울 서초구,84.9383,8,3278,1,N,,명달로9길,00057,00000,4163195,00,11650,0,11650,개인,10100,방배동,290000.0,2025-07-15
2214,101,더샵서초,11650-3284,1445,14,2006,개인,,,"230,000",10,7,2025,중개거래,서울 서초구,136.02,14,1445-14,1,N,25.08.11,서초중앙로2길,00021,00000,4163718,01,11650,0,11650,개인,10800,서초동,230000.0,2025-07-10
2215,한라비발디스튜디오193,한라비발디스튜디오193,11650-3926,1363,25,2013,개인,,,"26,000",12,7,2025,중개거래,서울 서초구,19.99,9,1363-25,1,N,25.07.16,강남대로39길,00015,00010,4163018,01,11650,0,11650,개인,10800,서초동,26000.0,2025-07-12
2216,라,방배신삼호,11650-323,725,0,1983,개인,,,"440,000",4,7,2025,중개거래,서울 서초구,185.46,1,725,1,N,25.10.15,방배로,00270,00000,3121010,01,11650,0,11650,개인,10100,방배동,440000.0,2025-07-04
2217,1,한신로얄,11650-147,63,34,1992,개인,,,"273,000",14,7,2025,중개거래,서울 서초구,81.23,2,63-34,1,N,25.10.15,신반포로33길,00064,00000,4163453,01,11650,0,11650,개인,10600,잠원동,273000.0,2025-07-14
2218,1,Venessere,11650-3369,843,6,2007,개인,,,"227,000",14,7,2025,중개거래,"서울 서초구, 서울 양천구",163.16,3,843-6,1,N,25.09.19,방배로32길,00084,00000,4163267,01,11650,0,11650,개인,10100,방배동,227000.0,2025-07-14
2219,106,방배우성,11650-331,2525,0,1991,개인,,,"187,000",14,7,2025,중개거래,서울 서초구,80.2,1,2525,1,N,25.10.30,방배선행길,00001,00000,4163671,01,11650,0,11650,개인,10100,방배동,187000.0,2025-07-14
2220,108,래미안원베일리,11650-5126,1,0,2023,개인,,,"810,000",15,7,2025,중개거래,서울 서초구,116.95,8,1,1,N,25.11.13,반포대로,00333,00000,2121003,00,11650,,11650,개인,10700,반포동,810000.0,2025-07-15
2221,132,반포자이,11650-3500,20,43,2009,개인,,,"380,000",10,7,2025,중개거래,서울 서초구,59.98,26,20-43,1,N,25.09.08,신반포로,00270,00000,3121017,02,11650,0,11650,개인,10700,반포동,380000.0,2025-07-10
2222,,신반포중앙하이츠,11650-4896,71,9,2021,개인,,,"210,000",14,7,2025,중개거래,"서울 강동구, 서울 서초구",74.96,6,71-9,1,N,25.09.04,신반포로23길,00078,00010,4163452,01,11650,0,11650,개인,10600,잠원동,210000.0,2025-07-14
2223,,서리풀래디앙아파트,11650-4798,805,14,2020,개인,,,"160,000",14,7,2025,중개거래,서울 서초구,82.0,5,805-14,1,N,25.09.30,방배로32길,00049,00000,4163267,00,11650,0,11650,개인,10100,방배동,160000.0,2025-07-14
2224,103,방배그랑자이,11650-4970,3283,0,2021,개인,,,"340,000",14,7,2025,중개거래,서울 서초구,84.9712,18,3283,1,N,25.08.26,방배로,00021,00000,3121010,00,11650,0,11650,개인,10100,방배동,340000.0,2025-07-14
2225,201,서초4현대,11650-30,1684,0,2000,개인,,,"290,000",14,7,2025,중개거래,"서울 서초구, 서울 송파구",140.03,7,1684,1,N,25.10.31,고무래로,00094,00000,3121001,02,11650,0,11650,개인,10800,서초동,290000.0,2025-07-14
2226,201,신반포4,11650-125,70,0,1979,개인,,,"488,000",8,7,2025,중개거래,서울 서초구,96.48,9,70,1,N,25.09.15,잠원로,00037,00048,3121019,01,11650,0,11650,개인,10600,잠원동,488000.0,2025-07-08
2227,101,서초한신,11650-43,1454,29,2001,개인,,,"180,000",9,7,2025,중개거래,서울 서초구,85.0,7,1454-29,1,N,25.09.11,남부순환로323길,00038,00015,4163071,00,11650,0,11650,개인,10800,서초동,180000.0,2025-07-09
2228,106,반포센트럴자이,11650-4805,162,0,2020,개인,,,"580,000",1,7,2025,중개거래,서울 서초구,98.99,26,162,1,N,25.10.31,반포대로,00310,00006,2121003,01,11650,0,11650,개인,10600,잠원동,580000.0,2025-07-01
2229,,서초화원그랑빌,11650-716,1510,15,2002,개인,,,"105,000",9,7,2025,중개거래,서울 서초구,68.36,7,1510-15,1,N,25.10.31,반포대로21길,00027,00000,4163232,01,11650,0,11650,개인,10800,서초동,105000.0,2025-07-09
2230,,샹보르,11650-623,1609,1,2002,개인,,,"238,000",13,7,2025,중개거래,"서울 강남구, 서울 서초구",192.57,6,1609-1,1,N,25.08.29,효령로67길,00064,00000,4163653,01,11650,0,11650,개인,10800,서초동,238000.0,2025-07-13
2231,105동,래미안신반포팰리스,11650-4439,158,0,2016,개인,,,"430,000",12,7,2025,중개거래,서울 서초구,84.49,22,158,1,N,25.10.15,잠원로8길,00035,00000,4163529,00,11650,0,11650,개인,10600,잠원동,430000.0,2025-07-12
2232,104,동고,11650-480,59,0,1995,개인,,,"120,000",8,7,2025,중개거래,서울 서초구,77.14,6,59,1,N,25.10.13,바우뫼로7길,00029,00000,4163219,01,11650,0,11650,개인,10300,우면동,120000.0,2025-07-08
2233,,엠브이아파트,11650-199,46,0,1994,개인,,,"185,000",12,7,2025,중개거래,서울 서초구,83.4,11,46,1,N,25.10.15,고무래로10길,00039,00000,4163042,01,11650,0,11650,개인,10700,반포동,185000.0,2025-07-12
2234,308,서초포레스타3단지,11650-4040,568,0,2014,개인,,,"144,500",9,7,2025,중개거래,서울 서초구,59.93,8,568,1,N,25.10.13,헌릉로8길,00022,00000,4163749,01,11650,0,11650,개인,11100,신원동,144500.0,2025-07-09
2235,107,서초래미안,11650-523,1682,0,2003,개인,,,"292,000",1,7,2025,중개거래,서울 서초구,126.31,9,1682,1,N,25.11.14,서초대로65길,00013,00010,4163425,01,11650,0,11650,개인,10800,서초동,292000.0,2025-07-01
2236,,서초트레져,11650-3252,1492,5,2005,개인,,,"224,000",3,7,2025,중개거래,서울 서초구,216.08,2,1492-5,1,N,25.08.20,명달로,00079,00000,3121008,02,11650,0,11650,개인,10800,서초동,224000.0,2025-07-03
2237,5,삼풍아파트,11650-28,1685,0,1988,개인,,,"330,000",12,7,2025,중개거래,"서울 강남구, 서울 서초구",79.47,8,1685,1,N,25.10.30,서초중앙로,00200,00000,3121024,03,11650,0,11650,개인,10800,서초동,330000.0,2025-07-12
2238,,서초대우,11650-34,1467,3,2000,개인,,,"200,000",11,7,2025,중개거래,서울 서초구,186.05,6,1467-3,1,N,25.10.20,명달로,00020,00000,3121008,02,11650,0,11650,개인,10800,서초동,200000.0,2025-07-11
2239,102,신원아침도시(1420),11650-3219,1420,18,2005,개인,,,"180,000",12,7,2025,중개거래,서울 서초구,84.34,12,1420-18,1,N,25.09.10,남부순환로337가길,00052,00000,4163077,01,11650,0,11650,개인,10800,서초동,180000.0,2025-07-12
2240,,미주파스텔,11650-103,54,0,2002,개인,,,"202,000",11,7,2025,중개거래,서울 서초구,59.57,6,54,1,N,25.10.16,잠원로,00166,00004,3121019,01,11650,0,11650,개인,10600,잠원동,202000.0,2025-07-11
2241,109동,서초그랑자이,11650-4969,1757,0,2021,개인,,,"419,000",11,7,2025,중개거래,"서울 서초구, 서울 송파구",84.51,15,1757,1,N,25.09.15,효령로,00391,00000,3121021,00,11650,,11650,개인,10800,서초동,419000.0,2025-07-11
2242,101,브라운스톤방배,11650-630,899,16,2005,개인,,,"230,000",7,7,2025,중개거래,서울 서초구,114.65,4,899-16,1,N,25.08.20,서초대로26길,00019,00000,4163394,01,11650,0,11650,개인,10100,방배동,230000.0,2025-07-07
2243,,두진한아름,11650-14,1609,6,1995,개인,,,"155,000",9,7,2025,중개거래,서울 서초구,84.96,6,1609-6,1,N,25.09.12,효령로67길,00052,00000,4163653,01,11650,0,11650,개인,10800,서초동,155000.0,2025-07-09
2244,102,서초푸르지오써밋,11650-4550,1311,10,2017,개인,,,"323,000",11,7,2025,중개거래,"서울 강남구, 서울 서초구",59.62,33,1311-10,1,N,25.09.26,서운로,00201,00000,3121016,01,11650,0,11650,개인,10800,서초동,323000.0,2025-07-11
2245,101,대성유니드,11650-607,1641,3,2004,개인,,,"225,000",10,7,2025,중개거래,서울 서초구,122.111,5,1641-3,1,N,25.09.12,서초대로64길,00036,00000,4163424,01,11650,0,11650,개인,10800,서초동,225000.0,2025-07-10
2246,101,서초4현대,11650-30,1684,0,2000,개인,,,"130,000",2,7,2025,중개거래,서울 서초구,52.36,9,1684,1,N,25.08.08,고무래로,00094,00000,3121001,02,11650,0,11650,개인,10800,서초동,130000.0,2025-07-02
2247,101동,래미안신반포팰리스,11650-4439,158,0,2016,개인,,,"550,000",10,7,2025,중개거래,서울 서초구,133.04,17,158,1,N,25.10.15,잠원로8길,00035,00000,4163529,00,11650,0,11650,개인,10600,잠원동,550000.0,2025-07-10
2248,A,아크로비스타,11650-724,1685,3,2004,개인,,,"342,000",5,7,2025,중개거래,서울 서초구,149.08,13,1685-3,1,N,25.09.30,서초중앙로,00188,00000,3121024,03,11650,0,11650,개인,10800,서초동,342000.0,2025-07-05
2249,102,한신휴플러스,11650-3289,3000,1,2006,개인,,,"162,700",5,7,2025,중개거래,서울 서초구,84.61,4,3000-1,1,N,25.10.27,동작대로,00112,00000,2005009,01,11650,0,11650,개인,10100,방배동,162700.0,2025-07-05
2250,,롯데캐슬갤럭시(50-1),11650-682,50,1,2004,개인,25.07.29,O,"400,000",2,7,2025,중개거래,서울 서초구,132.78,23,50-1,1,N,,잠원로14길,00023,00000,4163526,01,11650,0,11650,개인,10600,잠원동,400000.0,2025-07-02
2251,,신영체르니,11650-461,90,0,2002,개인,,,"59,400",10,7,2025,직거래,,39.1,5,90,1,N,25.08.28,논현로27길,00057,00000,4163097,01,11650,0,11650,개인,10200,양재동,59400.0,2025-07-10
2252,C,아크로비스타,11650-724,1685,3,2004,개인,,,"480,000",10,7,2025,중개거래,"서울 서초구, 서울 용산구",220.55,7,1685-3,1,N,25.08.28,서초중앙로,00188,00000,3121024,03,11650,0,11650,개인,10800,서초동,480000.0,2025-07-10
2253,,삼풍아파트,11650-28,1685,0,1988,개인,25.08.25,O,"343,000",9,7,2025,중개거래,서울 서초구,79.47,3,1685,1,N,,서초중앙로,00200,00000,3121024,03,11650,0,11650,개인,10800,서초동,343000.0,2025-07-09
2254,,롯데캐슬포레스트,11650-613,844,27,2003,개인,,,"395,000",8,7,2025,중개거래,서울 서초구,239.33,12,844-27,1,N,25.11.05,방배로28길,00063,00000,4163263,01,11650,0,11650,개인,10100,방배동,395000.0,2025-07-08
2255,103,래미안원베일리,11650-5126,1,0,2023,개인,,,"920,000",2,7,2025,중개거래,서울 서초구,116.95,23,1,1,N,25.11.27,반포대로,00333,00000,2121003,00,11650,,11650,개인,10700,반포동,920000.0,2025-07-02
2256,서초쌍용플래티넘,서초쌍용플래티넘,11650-3276,1445,13,2006,개인,,,"129,000",9,7,2025,중개거래,"서울 강남구, 서울 서초구",82.46,16,1445-13,1,N,25.10.14,서초중앙로,00018,00000,3121024,03,11650,0,11650,개인,10800,서초동,129000.0,2025-07-09
2257,102,한신타워,11650-150,71,11,1996,개인,,,"294,500",9,7,2025,중개거래,서울 서초구,84.93,7,71-11,1,N,25.11.04,잠원로3길,00008,00000,4163527,01,11650,0,11650,개인,10600,잠원동,294500.0,2025-07-09
2258,110,신반포2,11650-117,73,0,1978,개인,,,"385,000",9,7,2025,중개거래,서울 서초구,68.91,4,73,1,N,25.08.29,신반포로23길,00041,00000,4163452,01,11650,0,11650,개인,10600,잠원동,385000.0,2025-07-09
2259,702,서초네이처힐7단지,11650-3703,735,0,2011,개인,,,"160,000",8,7,2025,중개거래,서울 서초구,84.77,13,735,1,N,25.09.29,태봉로2길,00010,00000,4163582,01,11650,0,11650,개인,10300,우면동,160000.0,2025-07-08
2260,403,호반써밋서초파크,11650-3974,788,0,2013,개인,,,"138,000",1,7,2025,중개거래,"경기 과천시, 서울 서초구",59.93,16,788,1,N,25.09.10,양재대로2길,00033,00000,4163748,01,11650,0,11650,개인,10300,우면동,138000.0,2025-07-01
2261,A,아크로비스타,11650-724,1685,3,2004,개인,,,"299,000",8,7,2025,중개거래,인천 검단구,137.98,9,1685-3,1,N,25.09.22,서초중앙로,00188,00000,3121024,03,11650,0,11650,개인,10800,서초동,299000.0,2025-07-08
2262,209,서초힐스,11650-3821,773,0,2012,개인,,,"176,000",8,7,2025,중개거래,서울 서초구,84.97,18,773,1,N,25.09.01,양재대로2길,00090,00000,4163748,01,11650,0,11650,개인,10300,우면동,176000.0,2025-07-08
2263,,한신타운,11650-149,60,4,1989,개인,,,"270,000",3,7,2025,중개거래,서울 서초구,78.39,9,60-4,1,N,25.10.16,나루터로4길,00070,00005,4163049,01,11650,0,11650,개인,10600,잠원동,270000.0,2025-07-03
2264,107,삼성래미안1,11650-503,2626,0,2003,개인,,,"181,000",8,7,2025,중개거래,서울 서초구,84.91,7,2626,1,N,25.09.30,방배선행길,00002,00000,4163671,01,11650,0,11650,개인,10100,방배동,181000.0,2025-07-08
2265,206,방배2차현대홈타운,11650-380,2001,0,2001,개인,,,"190,000",7,7,2025,중개거래,"서울 강남구, 서울 서초구",59.86,2,2001,1,N,25.10.02,서초대로1길,00034,00000,4163389,01,11650,0,11650,개인,10100,방배동,190000.0,2025-07-07
2266,102,서초현대,11650-46,1648,2,1999,개인,,,"235,000",8,7,2025,중개거래,서울 서초구,114.84,13,1648-2,1,N,25.09.30,사임당로19길,00010,00000,4163315,01,11650,0,11650,개인,10800,서초동,235000.0,2025-07-08
2267,C,아크로비스타,11650-724,1685,3,2004,개인,,,"370,000",5,7,2025,중개거래,서울 서초구,177.15,4,1685-3,1,N,25.07.28,서초중앙로,00188,00000,3121024,03,11650,0,11650,개인,10800,서초동,370000.0,2025-07-05
2268,207,서초힐스,11650-3821,773,0,2012,개인,,,"170,000",3,7,2025,중개거래,서울 서초구,84.96,11,773,1,N,25.10.21,양재대로2길,00090,00000,4163748,01,11650,0,11650,개인,10300,우면동,170000.0,2025-07-03
2269,,서초이오빌,11650-521,1593,7,2003,개인,,,"33,000",5,7,2025,중개거래,서울 서초구,36.66,17,1593-7,1,N,25.08.11,효령로53길,00045,00000,4163646,01,11650,0,11650,개인,10800,서초동,33000.0,2025-07-05
2270,2,진흥아파트,11650-66,1315,0,1979,개인,,,"314,000",5,7,2025,중개거래,"서울 서초구, 서울 송파구",101.32,3,1315,1,N,25.10.31,서초대로,00385,00000,2121002,02,11650,0,11650,개인,10800,서초동,314000.0,2025-07-05
2271,C,현대슈퍼빌,11650-519,1446,11,2003,개인,,,"262,000",5,7,2025,중개거래,서울 서초구,147.86,14,1446-11,1,N,25.10.16,서초중앙로,00015,00000,3121024,03,11650,0,11650,개인,10800,서초동,262000.0,2025-07-05
2272,201,신반포4,11650-125,70,0,1979,개인,,,"445,000",5,7,2025,중개거래,서울 서초구,96.48,12,70,1,N,25.10.17,잠원로,00037,00048,3121019,01,11650,0,11650,개인,10600,잠원동,445000.0,2025-07-05
2273,102,서초현대,11650-46,1648,2,1999,개인,,,"125,000",1,7,2025,중개거래,서울 서초구,53.01,2,1648-2,1,N,25.10.31,사임당로19길,00010,00000,4163315,01,11650,0,11650,개인,10800,서초동,125000.0,2025-07-01
2274,105,반포리체,11650-3617,30,26,2010,개인,,,"430,000",7,7,2025,중개거래,서울 서초구,84.967,32,30-26,1,N,25.10.30,고무래로,00035,00000,3121001,01,11650,0,11650,개인,10700,반포동,430000.0,2025-07-07
2275,1,이연아마빌레,11650-827,814,31,2006,개인,,,"160,000",6,7,2025,중개거래,서울 서초구,84.286,10,814-31,1,N,25.09.15,동광로,00062,00000,3121004,01,11650,0,11650,개인,10100,방배동,160000.0,2025-07-06
2276,101,대성유니드,11650-607,1641,3,2004,개인,,,"225,000",5,7,2025,중개거래,서울 서초구,122.111,11,1641-3,1,N,25.08.18,서초대로64길,00036,00000,4163424,01,11650,0,11650,개인,10800,서초동,225000.0,2025-07-05
2277,106,방배그랑자이,11650-4970,3283,0,2021,개인,,,"330,000",4,7,2025,중개거래,서울 서초구,84.972,4,3283,1,N,25.09.15,방배로,00021,00000,3121010,00,11650,0,11650,개인,10100,방배동,330000.0,2025-07-04
2278,118,래미안퍼스티지,11650-3559,18,1,2009,개인,,,"850,000",4,7,2025,중개거래,서울 서초구,198.04,26,18-1,1,N,25.10.30,반포대로,00275,00000,2121003,02,11650,0,11650,개인,10700,반포동,850000.0,2025-07-04
2279,101,래미안서초스위트,11650-3515,1301,6,2009,개인,,,"305,000",2,7,2025,중개거래,서울 서초구,84.9571,14,1301-6,1,N,25.08.13,서운로,00221,00000,3121016,01,11650,0,11650,개인,10800,서초동,305000.0,2025-07-02
2280,201,서초힐스,11650-3821,773,0,2012,개인,,,"153,000",5,7,2025,중개거래,서울 서초구,74.97,13,773,1,N,25.10.30,양재대로2길,00090,00000,4163748,01,11650,0,11650,개인,10300,우면동,153000.0,2025-07-05
2281,113,서초더샵포레,11650-4063,411,0,2014,개인,,,"165,000",4,7,2025,중개거래,"서울 강남구, 서울 서초구",84.81,13,411,1,N,25.10.24,헌릉로8길,00058,00000,4163749,02,11650,0,11650,개인,10900,내곡동,165000.0,2025-07-04
2282,,호반써밋서초파크뷰(토지임대부아파트),11650-3976,789,0,2013,개인,25.07.18,O,"130,000",4,7,2025,중개거래,서울 서초구,84.95,5,789,1,Y,,양재대로2길,00011,00000,4163748,01,11650,0,11650,개인,10300,우면동,130000.0,2025-07-04
2283,,우정에쉐르,11650-702,1355,24,2004,개인,,,"99,000",4,7,2025,중개거래,서울 서초구,72.44,2,1355-24,1,N,25.07.18,서운로3길,00029,00000,4163379,01,11650,0,11650,개인,10800,서초동,99000.0,2025-07-04
2284,7,삼풍아파트,11650-28,1685,0,1988,개인,,,"335,000",2,7,2025,중개거래,"서울 서초구, 서울 송파구",79.47,3,1685,1,N,25.09.03,서초중앙로,00200,00000,3121024,03,11650,0,11650,개인,10800,서초동,335000.0,2025-07-02
2285,,대림서초리시온,11650-605,1671,5,2003,개인,,,"40,500",4,7,2025,중개거래,서울 서초구,33.54,11,1671-5,1,N,25.08.29,서초중앙로22길,00025,00000,4163707,01,11650,0,11650,법인,10800,서초동,40500.0,2025-07-04
2286,,반포미도2차아파트,11650-173,60,5,1989,개인,25.07.18,O,"290,000",3,7,2025,중개거래,서울 서초구,71.49,4,60-5,1,N,,사평대로,00240,00000,2121001,02,11650,0,11650,개인,10700,반포동,290000.0,2025-07-03
2287,102,래미안방배아트힐(1008-2),11650-658,1008,2,2004,개인,,,"275,000",4,7,2025,중개거래,"서울 서초구, 서울 영등포구",127.31,8,1008-2,1,N,25.11.07,남부순환로,02311,00012,2000003,01,11650,0,11650,개인,10100,방배동,275000.0,2025-07-04
2288,,서초센트럴IPARK,11650-4827,1582,3,2020,개인,25.10.02,O,"187,000",2,7,2025,중개거래,"서울 마포구, 서울 서초구",80.5098,26,1582-3,1,N,,반포대로18길,00036,00000,4163228,00,11650,0,11650,개인,10800,서초동,187000.0,2025-07-02
2289,106,롯데캐슬클래식,11650-3300,1312,3,2006,개인,,,"320,000",1,7,2025,중개거래,서울 서초구,120.18,3,1312-3,1,N,25.09.17,서운로,00197,00000,3121016,00,11650,,11650,개인,10800,서초동,320000.0,2025-07-01
2290,501,서초5차e편한세상,11650-3225,1467,62,2005,개인,,,"270,000",3,7,2025,중개거래,서울 서초구,158.24,4,1467-62,1,N,25.08.27,명달로4길,00030,00000,4163192,01,11650,0,11650,개인,10800,서초동,270000.0,2025-07-03
2291,,래미안퍼스티지,11650-3559,18,1,2009,개인,25.07.19,O,"480,000",3,7,2025,중개거래,"서울 금천구, 서울 서초구",84.93,27,18-1,1,N,,반포대로,00275,00000,2121003,02,11650,0,11650,개인,10700,반포동,480000.0,2025-07-03
2292,104,서초네이처힐1단지,11650-3863,707,0,2012,개인,,,"153,500",2,7,2025,중개거래,서울 서초구,84.82,4,707,1,N,25.09.10,형촌길,00035,00000,4163604,01,11650,0,11650,개인,10300,우면동,153500.0,2025-07-02
2293,,삼풍아파트,11650-28,1685,0,1988,개인,,,"315,000",1,7,2025,중개거래,서울 서초구,79.47,6,1685,1,N,,서초중앙로,00200,00000,3121024,03,11650,0,11650,개인,10800,서초동,315000.0,2025-07-01
2294,307,반포미도,11650-172,60,4,1987,개인,,,"300,000",1,7,2025,중개거래,서울 강남구,84.96,10,60-4,1,N,25.07.21,서초중앙로29길,00028,00000,4163713,01,11650,0,11650,개인,10700,반포동,300000.0,2025-07-01
2295,101,브라운스톤방배,11650-630,899,16,2005,개인,,,"253,000",1,7,2025,중개거래,서울 서초구,114.65,8,899-16,1,N,25.09.05,서초대로26길,00019,00000,4163394,01,11650,0,11650,개인,10100,방배동,253000.0,2025-07-01
2296,15,삼풍아파트,11650-28,1685,0,1988,개인,,,"450,000",1,7,2025,중개거래,서울 서초구,165.92,5,1685,1,N,25.11.14,서초중앙로,00200,00000,3121024,03,11650,0,11650,개인,10800,서초동,450000.0,2025-07-01
2297,128,반포자이,11650-3500,20,43,2009,개인,,,"650,000",1,7,2025,중개거래,서울 서초구,194.515,1,20-43,1,N,25.09.29,신반포로,00270,00000,3121017,02,11650,0,11650,개인,10700,반포동,650000.0,2025-07-01
2298,301,현대서초3,11650-83,1644,0,1997,개인,,,"174,000",1,7,2025,중개거래,서울 서초구,84.49,5,1644,1,N,25.09.12,사임당로23길,00058,00000,4163318,01,11650,0,11650,개인,10800,서초동,174000.0,2025-07-01
2299,,호반써밋서초파크,11650-3974,788,0,2013,개인,25.07.08,O,"138,000",1,7,2025,중개거래,"경기 과천시, 서울 서초구",59.93,16,788,1,N,,양재대로2길,00033,00000,4163748,01,11650,0,11650,개인,10300,우면동,138000.0,2025-07-01
2300,,신반포중앙하이츠,11650-4896,71,9,2021,개인,,,"190,000",2,7,2025,중개거래,서울 서초구,73.28,12,71-9,1,N,25.08.29,신반포로23길,00078,00010,4163452,01,11650,0,11650,개인,10600,잠원동,190000.0,2025-07-02
2301,303,방배3차현대홈타운,11650-732,2233,0,2004,개인,,,"210,000",19,7,2025,직거래,,120.915,5,2233,1,N,25.09.30,방배중앙로21길,00055,00000,4163677,01,11650,0,11650,개인,10100,방배동,210000.0,2025-07-19
2302,,서초더샵포레,11650-4063,411,0,2014,개인,25.12.16,O,"193,000",8,7,2025,중개거래,서울 노원구,114.68,17,411,1,N,,헌릉로8길,00058,00000,4163749,02,11650,0,11650,개인,10900,내곡동,193000.0,2025-07-08
2303,102,신반포자이,11650-4675,160,0,2018,개인,,,"565,000",9,7,2025,중개거래,서울 서초구,114.94,18,160,1,N,25.09.10,잠원로,00060,00000,3121019,01,11650,0,11650,개인,10600,잠원동,565000.0,2025-07-09
2304,102,더샵서초,11650-3284,1445,14,2006,개인,,,"260,000",6,8,2025,중개거래,서울 서초구,152.95,18,1445-14,1,N,25.11.28,서초중앙로2길,00021,00000,4163718,01,11650,0,11650,개인,10800,서초동,260000.0,2025-08-06
2305,107,서초래미안,11650-523,1682,0,2003,개인,,,"295,000",21,8,2025,중개거래,서울 서초구,126.31,10,1682,1,N,25.12.19,서초대로65길,00013,00010,4163425,01,11650,0,11650,개인,10800,서초동,295000.0,2025-08-21
2306,107,래미안원베일리,11650-5126,1,0,2023,개인,,,"425,000",29,8,2025,중개거래,서울 서초구,59.96,12,1,1,N,25.10.01,반포대로,00333,00000,2121003,00,11650,,11650,개인,10700,반포동,425000.0,2025-08-29
2307,104,대림,11650-479,57,0,1995,개인,,,"175,500",30,8,2025,중개거래,서울 서초구,130.89,13,57,1,N,25.11.27,바우뫼로7길,00051,00000,4163219,01,11650,0,11650,개인,10300,우면동,175500.0,2025-08-30
2308,,서초래미안,11650-523,1682,0,2003,개인,25.10.04,O,"295,000",21,8,2025,중개거래,서울 서초구,126.31,10,1682,1,N,,서초대로65길,00013,00010,4163425,01,11650,0,11650,개인,10800,서초동,295000.0,2025-08-21
2309,,롯데캐슬포레스트,11650-613,844,27,2003,개인,,,"363,000",27,8,2025,중개거래,서울 서초구,239.33,2,844-27,1,N,25.10.15,방배로28길,00063,00000,4163263,01,11650,0,11650,개인,10100,방배동,363000.0,2025-08-27
2310,1,베네쎄레,11650-3416,1,18,2008,개인,,,"300,000",24,8,2025,중개거래,서울 서초구,242.63,5,1-18,1,N,25.11.19,동광로27길,00029,00009,4163122,01,11650,0,11650,개인,10100,방배동,300000.0,2025-08-24
2311,101,래미안원베일리,11650-5126,1,0,2023,개인,,,"715,000",17,8,2025,중개거래,서울 서초구,84.97,31,1,1,N,25.12.10,반포대로,00333,00000,2121003,00,11650,,11650,개인,10700,반포동,715000.0,2025-08-17
2312,120,신반포16,11650-113,55,12,1983,개인,,,"230,000",21,8,2025,중개거래,서울 서초구,52.58,2,55-12,1,N,25.10.24,잠원로,00157,00000,3121019,01,11650,0,11650,개인,10600,잠원동,230000.0,2025-08-21
2313,101,서초한빛삼성,11650-42,1509,1,1999,개인,,,"223,500",19,8,2025,중개거래,서울 서초구,110.59,3,1509-1,1,N,25.11.26,서초대로40길,00072,00000,4163406,01,11650,0,11650,개인,10800,서초동,223500.0,2025-08-19
2314,206,방배2차현대홈타운,11650-380,2001,0,2001,개인,,,"250,000",23,8,2025,중개거래,서울 서초구,84.94,6,2001,1,N,25.12.01,서초대로1길,00034,00000,4163389,01,11650,0,11650,개인,10100,방배동,250000.0,2025-08-23
2315,111,반포자이,11650-3500,20,43,2009,개인,,,"730,000",13,8,2025,중개거래,서울 서초구,194.515,18,20-43,1,N,25.11.27,신반포로,00270,00000,3121017,02,11650,0,11650,개인,10700,반포동,730000.0,2025-08-13
2316,102,서초현대,11650-46,1648,2,1999,개인,,,"254,000",13,8,2025,중개거래,서울 서초구,114.84,7,1648-2,1,N,25.12.11,사임당로19길,00010,00000,4163315,01,11650,0,11650,개인,10800,서초동,254000.0,2025-08-13
2317,풍림아이원플러스,풍림아이원플러스,11650-701,1338,1,2004,개인,,,"36,700",20,8,2025,중개거래,서울 서초구,35.903,12,1338-1,1,N,25.12.31,효령로77길,00014,00000,4163659,01,11650,0,11650,개인,10800,서초동,36700.0,2025-08-20
2318,,삼성에이스빌,11650-260,726,16,2002,개인,,,"115,000",23,8,2025,중개거래,서울 서초구,84.97,5,726-16,1,N,25.10.16,주흥길,00044,00006,4163560,01,11650,0,11650,개인,10700,반포동,115000.0,2025-08-23
2319,,서초이에스에이3차,11650-407,1006,1,2002,개인,,,"127,000",28,8,2025,중개거래,서울 서초구,59.4,11,1006-1,1,N,25.11.03,명달로,00015,00000,3121008,01,11650,0,11650,개인,10100,방배동,127000.0,2025-08-28
2320,101동,서초센트럴IPARK,11650-4827,1582,3,2020,개인,,,"167,000",13,8,2025,중개거래,"경기 부천시 원미구, 서울 서초구, 서울 성북구",80.5154,10,1582-3,1,N,26.01.30,반포대로18길,00036,00000,4163228,00,11650,0,11650,개인,10800,서초동,167000.0,2025-08-13
2321,,서초힐하우스,11650-96,1612,2,2002,개인,,,"103,926",11,8,2025,직거래,,111.92,2,1612-2,1,N,25.09.30,서리풀길,00028,00000,4163371,01,11650,0,11650,법인,10800,서초동,103926.0,2025-08-11
2322,101,동고,11650-480,59,0,1995,개인,,,"130,000",11,8,2025,중개거래,서울 서초구,77.14,3,59,1,N,25.11.27,바우뫼로7길,00029,00000,4163219,01,11650,0,11650,개인,10300,우면동,130000.0,2025-08-11
2323,101,서초호반써밋,11650-3963,753,0,2013,개인,,,"200,000",22,8,2025,중개거래,서울 서초구,118.1321,7,753,1,N,25.09.11,양재대로2길,00109,00000,4163748,01,11650,0,11650,개인,10300,우면동,200000.0,2025-08-22
2324,래미안 서초유니빌,래미안서초유니빌,11650-518,1445,4,2003,개인,,,"50,000",30,8,2025,중개거래,"경기 용인시 기흥구, 서울 서초구",45.255,11,1445-4,1,N,25.10.16,서초중앙로,00026,00000,3121024,03,11650,0,11650,개인,10800,서초동,50000.0,2025-08-30
2325,102동,서초그랑자이,11650-4969,1757,0,2021,개인,,,"210,000",22,8,2025,직거래,,59.98,30,1757,1,N,25.09.16,효령로,00391,00000,3121021,00,11650,,11650,개인,10800,서초동,210000.0,2025-08-22
2326,덕동반포빌라트 101,덕동반포빌라트,11650-830,79,1,2005,개인,,,"162,000",27,8,2025,중개거래,서울 서초구,139.82,3,79-1,1,N,25.11.19,동광로49길,00089,00000,4163135,01,11650,0,11650,개인,10700,반포동,162000.0,2025-08-27
2327,서초쌍용플래티넘,서초쌍용플래티넘,11650-3276,1445,13,2006,개인,,,"72,000",30,8,2025,중개거래,서울 서초구,55.59,19,1445-13,1,N,26.01.16,서초중앙로,00018,00000,3121024,03,11650,0,11650,개인,10800,서초동,72000.0,2025-08-30
2328,707,서초포레스타7단지,11650-3954,615,0,2013,개인,,,"157,000",22,8,2025,중개거래,서울 서초구,59.81,7,615,1,N,25.10.29,청계산로11길,00007,00012,4163752,01,11650,0,11650,개인,11100,신원동,157000.0,2025-08-22
2329,101,초원현대,11650-70,1444,3,1998,개인,,,"134,000",30,8,2025,중개거래,서울 서초구,59.76,5,1444-3,1,N,25.10.21,효령로68길,00105,00000,4163654,01,11650,0,11650,개인,10800,서초동,134000.0,2025-08-30
2330,,초원현대,11650-70,1444,3,1998,개인,25.09.01,O,"134,000",30,8,2025,중개거래,서울 서초구,59.76,5,1444-3,1,N,,효령로68길,00105,00000,4163654,01,11650,0,11650,개인,10800,서초동,134000.0,2025-08-30
2331,,서초이오빌,11650-521,1593,7,2003,개인,,,"42,000",22,8,2025,중개거래,서울 서초구,45.96,24,1593-7,1,N,25.10.01,효령로53길,00045,00000,4163646,01,11650,0,11650,개인,10800,서초동,42000.0,2025-08-22
2332,,방배대우디오빌,11650-3191,866,20,2005,개인,,,"42,000",23,8,2025,중개거래,서울 서초구,36.63,21,866-20,1,N,25.09.08,서초대로,00017,00000,2121002,01,11650,0,11650,개인,10100,방배동,42000.0,2025-08-23
2333,105,방배3차e-편한세상,11650-3281,797,30,2006,개인,,,"390,000",13,8,2025,중개거래,서울 서초구,198.5315,14,797-30,1,N,25.11.03,동광로,00089,00005,3121004,01,11650,0,11650,개인,10100,방배동,390000.0,2025-08-13
2334,303,반포미도,11650-172,60,4,1987,개인,,,"380,000",28,8,2025,중개거래,서울 서초구,84.96,12,60-4,1,N,25.09.05,서초중앙로29길,00028,00000,4163713,01,11650,0,11650,개인,10700,반포동,380000.0,2025-08-28
2335,,양재테크노빌,11650-435,286,6,2001,개인,,,"105,000",26,8,2025,중개거래,서울 서초구,83.42,3,286-6,1,N,25.10.28,논현로11길,00020,00000,4163092,01,11650,0,11650,개인,10200,양재동,105000.0,2025-08-26
2336,107동,서초그랑자이,11650-4969,1757,0,2021,개인,,,"463,000",18,8,2025,중개거래,서울 서초구,119.41,13,1757,1,N,25.10.30,효령로,00391,00000,3121021,00,11650,,11650,개인,10800,서초동,463000.0,2025-08-18
2337,101,서초한빛삼성,11650-42,1509,1,1999,개인,,,"150,000",25,8,2025,중개거래,서울 서초구,59.52,9,1509-1,1,N,25.10.01,서초대로40길,00072,00000,4163406,01,11650,0,11650,개인,10800,서초동,150000.0,2025-08-25
2338,C,현대슈퍼빌,11650-519,1446,11,2003,개인,,,"302,000",26,8,2025,중개거래,서울 서초구,185.02,9,1446-11,1,N,25.10.20,서초중앙로,00015,00000,3121024,03,11650,0,11650,개인,10800,서초동,302000.0,2025-08-26
2339,112,신반포2,11650-117,73,0,1978,개인,,,"394,000",27,8,2025,중개거래,"서울 강남구, 서울 서초구",68.91,8,73,1,N,25.10.29,신반포로23길,00041,00000,4163452,01,11650,0,11650,개인,10600,잠원동,394000.0,2025-08-27
2340,,방배대우디오빌,11650-3191,866,20,2005,개인,,,"27,700",13,8,2025,중개거래,서울 서초구,28.84,9,866-20,1,N,25.10.17,서초대로,00017,00000,2121002,01,11650,0,11650,개인,10100,방배동,27700.0,2025-08-13
2341,120,래미안원베일리,11650-5126,1,0,2023,개인,,,"821,000",6,8,2025,중개거래,서울 서초구,101.97,20,1,1,N,25.10.28,반포대로,00333,00000,2121003,00,11650,,11650,개인,10700,반포동,821000.0,2025-08-06
2342,1,방배마에스트로,11650-4693,866,10,2019,개인,,,"79,000",13,8,2025,중개거래,서울 서초구,34.59,26,866-10,1,N,25.11.27,서초대로,00013,00000,2121002,01,11650,0,11650,개인,10100,방배동,79000.0,2025-08-13
2343,브라운스톤,브라운스톤서초(1677-1),11650-3278,1677,1,2006,개인,,,"140,000",5,8,2025,직거래,,76.51,11,1677-1,1,N,25.10.14,서초대로,00334,00000,2121002,02,11650,0,11650,개인,10800,서초동,140000.0,2025-08-05
2344,2,아남,11650-54,1641,13,1989,개인,,,"205,000",24,8,2025,중개거래,서울 서초구,84.96,4,1641-13,1,N,25.09.12,사임당로23길,00053,00000,4163318,01,11650,0,11650,개인,10800,서초동,205000.0,2025-08-24
2345,(980-50),신구,11650-319,980,48,1992,개인,,,"155,000",9,8,2025,중개거래,서울 서초구,132.19,2,980-48,1,N,25.11.20,효령로,00069,00000,3121021,01,11650,0,11650,개인,10100,방배동,155000.0,2025-08-09
2346,202,방배2차현대홈타운,11650-380,2001,0,2001,개인,,,"270,000",2,8,2025,중개거래,서울 서초구,114.74,16,2001,1,N,25.11.21,서초대로1길,00034,00000,4163389,01,11650,0,11650,개인,10100,방배동,270000.0,2025-08-02
2347,,서초한빛삼성,11650-42,1509,1,1999,개인,25.08.27,O,"150,000",25,8,2025,중개거래,서울 서초구,59.52,9,1509-1,1,N,,서초대로40길,00072,00000,4163406,01,11650,0,11650,개인,10800,서초동,150000.0,2025-08-25
2348,104,현대멤피스,11650-373,772,13,2001,개인,,,"307,000",20,8,2025,중개거래,서울 서초구,186.53,1,772-13,1,N,25.08.29,방배로,00249,00000,3121010,01,11650,0,11650,개인,10100,방배동,307000.0,2025-08-20
2349,101,신반포청구,11650-141,63,2,1998,개인,,,"335,000",23,8,2025,중개거래,서울 서초구,84.84,11,63-2,1,N,25.09.30,신반포로33길,00066,00000,4163453,01,11650,0,11650,개인,10600,잠원동,335000.0,2025-08-23
2350,502,반포미도2차아파트,11650-173,60,5,1989,개인,,,"260,000",23,8,2025,중개거래,서울 서초구,71.49,1,60-5,1,N,25.11.06,사평대로,00240,00000,2121001,02,11650,0,11650,개인,10700,반포동,260000.0,2025-08-23
2351,303,반포미도,11650-172,60,4,1987,개인,,,"353,000",23,8,2025,중개거래,서울 서초구,84.96,8,60-4,1,N,25.09.08,서초중앙로29길,00028,00000,4163713,01,11650,0,11650,개인,10700,반포동,353000.0,2025-08-23
2352,105,반포래미안아이파크,11650-4678,1341,0,2018,개인,,,"495,000",1,8,2025,중개거래,서울 서초구,99.92,27,1341,1,N,25.11.21,서초중앙로,00220,00000,3121024,02,11650,0,11650,개인,10700,반포동,495000.0,2025-08-01
2353,풍림아이원플러스,풍림아이원플러스,11650-701,1338,1,2004,개인,,,"34,800",20,8,2025,중개거래,서울 강남구,34.4237,9,1338-1,1,N,25.11.10,효령로77길,00014,00000,4163659,01,11650,0,11650,개인,10800,서초동,34800.0,2025-08-20
2354,,서초동삼성쉐르빌2,11650-608,1330,0,2002,개인,,,"29,000",15,8,2025,중개거래,서울 서초구,35.22,11,1330,1,N,25.09.29,강남대로53길,00011,00000,4163026,01,11650,0,11650,개인,10800,서초동,29000.0,2025-08-15
2355,103,동고,11650-480,59,0,1995,개인,,,"115,000",21,8,2025,중개거래,서울 서초구,77.14,1,59,1,N,25.11.28,바우뫼로7길,00029,00000,4163219,01,11650,0,11650,개인,10300,우면동,115000.0,2025-08-21
2356,,신반포16,11650-113,55,12,1983,개인,25.08.26,O,"230,000",21,8,2025,중개거래,서울 서초구,52.58,2,55-12,1,N,,잠원로,00157,00000,3121019,01,11650,0,11650,개인,10600,잠원동,230000.0,2025-08-21
2357,110,신반포2,11650-117,73,0,1978,개인,,,"375,000",21,8,2025,중개거래,서울 서초구,68.91,4,73,1,N,25.11.20,신반포로23길,00041,00000,4163452,01,11650,0,11650,개인,10600,잠원동,375000.0,2025-08-21
2358,,래미안원베일리,11650-5126,1,0,2023,개인,25.08.27,O,"821,000",6,8,2025,중개거래,서울 서초구,101.97,20,1,1,N,,반포대로,00333,00000,2121003,00,11650,,11650,개인,10700,반포동,821000.0,2025-08-06
2359,101동,서초센트럴IPARK,11650-4827,1582,3,2020,개인,,,"179,000",21,8,2025,중개거래,서울 서초구,80.5981,27,1582-3,1,N,25.09.29,반포대로18길,00036,00000,4163228,00,11650,0,11650,개인,10800,서초동,179000.0,2025-08-21
2360,,서초노블레스아파트,11650-4745,1362,10,2019,개인,,,"55,000",21,8,2025,중개거래,서울 서초구,27.57,14,1362-10,1,N,25.11.12,강남대로39길,00015,00011,4163018,00,11650,,11650,개인,10800,서초동,55000.0,2025-08-21
2361,501,우성아파트,11650-60,1326,17,1998,개인,,,"207,300",18,8,2025,중개거래,서울 서초구,59.93,1,1326-17,1,N,25.12.12,서초대로74길,00030,00000,4163433,01,11650,0,11650,개인,10800,서초동,207300.0,2025-08-18
2362,가,방배신삼호,11650-323,725,0,1983,개인,,,"300,000",20,8,2025,중개거래,서울 서초구,105.04,3,725,1,N,26.02.27,방배로,00270,00000,3121010,01,11650,0,11650,개인,10100,방배동,300000.0,2025-08-20
2363,101동,동일하이빌,11650-3339,1542,1,2006,개인,,,"181,000",19,8,2025,중개거래,서울 서초구,100.39,9,1542-1,1,N,25.08.29,서초대로,00240,00000,2121002,02,11650,0,11650,개인,10800,서초동,181000.0,2025-08-19
2364,1,서초중흥S-클래스(도시형생활주택),11650-3944,1451,89,2013,개인,,,"19,800",12,8,2025,중개거래,서울 서초구,20.68,1,1451-89,1,N,25.09.03,효령로52길,00063,00000,4163645,01,11650,0,11650,개인,10800,서초동,19800.0,2025-08-12
2365,,현대오페라하우스,11650-396,825,12,2002,개인,,,"164,000",19,8,2025,중개거래,서울 서초구,93.29,6,825-12,1,N,25.12.01,동광로4길,00015,00000,4163136,01,11650,0,11650,개인,10100,방배동,164000.0,2025-08-19
2366,310,서초네이처힐3단지,11650-3864,717,0,2013,개인,,,"200,000",19,8,2025,중개거래,서울 서초구,114.79,7,717,1,N,25.09.05,태봉로2길,00060,00000,4163582,01,11650,0,11650,개인,10300,우면동,200000.0,2025-08-19
2367,,대림서초리시온,11650-605,1671,5,2003,개인,,,"52,300",18,8,2025,중개거래,서울 서초구,49.92,8,1671-5,1,N,25.10.21,서초중앙로22길,00025,00000,4163707,01,11650,0,11650,개인,10800,서초동,52300.0,2025-08-18
2368,112,롯데캐슬클래식,11650-3300,1312,3,2006,개인,,,"270,000",18,8,2025,중개거래,"서울 서초구, 서울 성동구",74.3,9,1312-3,1,N,25.12.18,서운로,00200,00000,3121016,01,11650,0,11650,개인,10800,서초동,270000.0,2025-08-18
2369,,리벨루스(804-1),11650-577,804,1,2003,개인,,,"150,000",1,8,2025,중개거래,서울 서초구,119.11,3,804-1,1,N,25.10.21,방배로34길,00064,00000,4163269,01,11650,0,11650,개인,10100,방배동,150000.0,2025-08-01
2370,101,서초아트자이,11650-3542,1583,10,2009,개인,,,"286,000",19,8,2025,중개거래,서울 서초구,165.5725,19,1583-10,1,N,25.08.19,반포대로,00058,00000,2121003,03,11650,0,11650,개인,10800,서초동,286000.0,2025-08-19
2371,109,롯데캐슬클래식,11650-3300,1312,3,2006,개인,,,"340,000",18,8,2025,중개거래,서울 서초구,133.45,6,1312-3,1,N,25.12.05,서운로,00197,00000,3121016,00,11650,,11650,개인,10800,서초동,340000.0,2025-08-18
2372,110,서초래미안,11650-523,1682,0,2003,개인,,,"330,000",16,8,2025,중개거래,서울 서초구,126.31,11,1682,1,N,25.11.27,서초대로65길,00013,00010,4163425,01,11650,0,11650,개인,10800,서초동,330000.0,2025-08-16
2373,509,서초포레스타5단지,11650-4026,579,0,2014,개인,,,"202,000",5,8,2025,중개거래,"서울 강남구, 서울 서초구",101.47,7,579,1,N,25.11.24,청계산로7길,00043,00000,4163750,01,11650,0,11650,개인,11100,신원동,202000.0,2025-08-05
2374,101,방배그랑자이,11650-4970,3283,0,2021,개인,,,"315,000",16,8,2025,중개거래,서울 서초구,84.972,2,3283,1,N,25.10.17,방배로,00021,00000,3121010,00,11650,0,11650,개인,10100,방배동,315000.0,2025-08-16
2375,,방배대우디오빌,11650-3191,866,20,2005,개인,,,"27,700",2,8,2025,중개거래,"서울 동작구, 서울 서초구",28.84,19,866-20,1,N,26.01.02,서초대로,00017,00000,2121002,01,11650,0,11650,개인,10100,방배동,27700.0,2025-08-02
2376,104,디에이치반포라클라스,11650-4959,1343,0,2021,개인,,,"560,000",14,8,2025,중개거래,서울 서초구,115.943,19,1343,1,N,25.11.24,서초중앙로,00206,00000,3121024,00,11650,,11650,개인,10700,반포동,560000.0,2025-08-14
2377,101,우솔마을서초리슈빌S아파트,11650-4065,764,0,2014,개인,,,"32,000",5,8,2025,중개거래,서울 서초구,30.89,3,764,1,N,25.08.22,양재대로2길,00100,00011,4163748,01,11650,0,11650,개인,10300,우면동,32000.0,2025-08-05
2378,1,삼환바우스,11650-3331,1677,11,2006,개인,,,"150,000",4,8,2025,중개거래,서울 서초구,84.98,10,1677-11,1,N,25.09.12,서초대로,00340,00000,2121002,02,11650,0,11650,개인,10800,서초동,150000.0,2025-08-04
2379,,엠브이아파트,11650-199,46,0,1994,개인,,,"180,000",13,8,2025,중개거래,서울 서초구,83.4,8,46,1,N,25.11.03,고무래로10길,00039,00000,4163042,01,11650,0,11650,개인,10700,반포동,180000.0,2025-08-13
2380,701,서초네이처힐7단지,11650-3703,735,0,2011,개인,,,"150,000",13,8,2025,중개거래,서울 서초구,59.99,5,735,1,N,25.10.31,태봉로2길,00010,00000,4163582,01,11650,0,11650,개인,10300,우면동,150000.0,2025-08-13
2381,,엠브이아파트,11650-199,46,0,1994,개인,25.08.13,O,"180,000",13,8,2025,중개거래,서울 서초구,83.4,8,46,1,N,,고무래로10길,00039,00000,4163042,01,11650,0,11650,개인,10700,반포동,180000.0,2025-08-13
2382,,예림,11650-559,1531,6,2003,개인,,,"107,700",7,8,2025,중개거래,서울 서초구,84.99,3,1531-6,1,N,25.11.05,효령로47길,00018,00000,4163641,01,11650,0,11650,개인,10800,서초동,107700.0,2025-08-07
2383,102,래미안서초7차,11650-3243,1642,34,2006,개인,,,"245,000",11,8,2025,중개거래,"서울 강남구, 서울 서초구",148.08,5,1642-34,1,N,25.09.22,사임당로17길,00080,00000,4163313,01,11650,0,11650,개인,10800,서초동,245000.0,2025-08-11
2384,101,한신타워,11650-150,71,11,1996,개인,,,"290,000",6,8,2025,중개거래,서울 서초구,66.02,2,71-11,1,N,25.11.24,잠원로3길,00008,00000,4163527,01,11650,0,11650,개인,10600,잠원동,290000.0,2025-08-06
2385,101,현대홈타운,11650-624,1506,88,2005,개인,,,"200,000",13,8,2025,중개거래,서울 서초구,134.19,6,1506-88,1,N,25.10.31,반포대로23길,00071,00000,4163234,01,11650,0,11650,개인,10800,서초동,200000.0,2025-08-13
2386,,엠브이아파트,11650-199,46,0,1994,개인,,,"248,000",12,8,2025,중개거래,서울 서초구,129.93,17,46,1,N,25.12.01,고무래로10길,00039,00000,4163042,01,11650,0,11650,개인,10700,반포동,248000.0,2025-08-12
2387,102,롯데캐슬클래식,11650-3300,1312,3,2006,개인,,,"282,500",12,8,2025,중개거래,서울 서초구,84.98,5,1312-3,1,N,25.10.02,서운로,00197,00000,3121016,00,11650,,11650,개인,10800,서초동,282500.0,2025-08-12
2388,101동,서초센트럴IPARK,11650-4827,1582,3,2020,개인,,,"190,000",2,8,2025,중개거래,서울 서초구,80.5154,24,1582-3,1,N,25.11.27,반포대로18길,00036,00000,4163228,00,11650,0,11650,개인,10800,서초동,190000.0,2025-08-02
2389,,동광빌라트,11650-275,791,10,1994,개인,,,"168,500",2,8,2025,중개거래,서울 서초구,153.51,3,791-10,1,N,25.09.12,방배로37길,00049,00000,4163272,01,11650,0,11650,개인,10100,방배동,168500.0,2025-08-02
2390,103,서리풀e편한세상,11650-3573,906,13,2010,개인,,,"290,000",8,8,2025,중개거래,"경기 용인시 수지구, 서울 강남구",84.97,2,906-13,1,N,25.10.24,효령로33길,00050,00000,4163633,01,11650,0,11650,개인,10100,방배동,290000.0,2025-08-08
2391,103,대림,11650-479,57,0,1995,개인,,,"174,000",9,8,2025,중개거래,서울 서초구,130.89,14,57,1,N,25.11.27,바우뫼로7길,00051,00000,4163219,01,11650,0,11650,개인,10300,우면동,174000.0,2025-08-09
2392,503,반포미도2차아파트,11650-173,60,5,1989,개인,,,"275,000",9,8,2025,중개거래,"서울 서초구, 서울 송파구",71.49,4,60-5,1,N,25.10.01,사평대로,00240,00000,2121001,02,11650,0,11650,개인,10700,반포동,275000.0,2025-08-09
2393,102,동고,11650-480,59,0,1995,개인,,,"135,000",9,8,2025,중개거래,서울 서초구,84.96,10,59,1,N,25.09.29,바우뫼로7길,00029,00000,4163219,01,11650,0,11650,개인,10300,우면동,135000.0,2025-08-09
2394,,두진한아름,11650-14,1609,6,1995,개인,,,"104,000",9,8,2025,중개거래,서울 강남구,59.79,2,1609-6,1,N,25.10.01,효령로67길,00052,00000,4163653,01,11650,0,11650,개인,10800,서초동,104000.0,2025-08-09
2395,1,방배대우(562-1),11650-271,562,1,1992,개인,,,"157,000",8,8,2025,중개거래,서울 서초구,84.68,6,562-1,1,N,25.11.28,효령로4길,00056,00029,4163643,01,11650,0,11650,개인,10100,방배동,157000.0,2025-08-08
2396,디오슈페리움2,디오수페리움2,11650-3311,3001,1,2006,개인,,,"145,000",8,8,2025,중개거래,서울 서초구,84.97,8,3001-1,1,N,25.10.16,동작대로,00108,00000,2005009,01,11650,0,11650,개인,10100,방배동,145000.0,2025-08-08
2397,26,효성빌라26동,11650-3212,551,42,2005,개인,,,"220,000",8,8,2025,중개거래,서울 서초구,152.9,4,551-42,1,N,25.09.12,동광로49길,00078,00000,4163135,01,11650,0,11650,개인,10700,반포동,220000.0,2025-08-08
2398,C,아크로비스타,11650-724,1685,3,2004,개인,,,"340,000",7,8,2025,직거래,,174.78,2,1685-3,1,N,25.08.07,서초중앙로,00188,00000,3121024,03,11650,0,11650,법인,10800,서초동,340000.0,2025-08-07
2399,,엘루크방배서리풀,11650-5150,3284,0,2024,개인,,,"90,000",1,8,2025,중개거래,서울 서초구,32.383,6,3284,1,N,25.08.14,효령로31길,00031,00000,4163632,00,11650,,11650,법인,10100,방배동,90000.0,2025-08-01
2400,,더샵서초,11650-3284,1445,14,2006,개인,25.10.21,O,"260,000",6,8,2025,중개거래,서울 서초구,152.95,18,1445-14,1,N,,서초중앙로2길,00021,00000,4163718,01,11650,0,11650,개인,10800,서초동,260000.0,2025-08-06
2401,,방배샤인힐6차,11650-611,840,1,2003,개인,,,"205,000",5,8,2025,중개거래,서울 서초구,163.6,2,840-1,1,N,25.11.21,동광로24길,00045,00000,4163121,01,11650,0,11650,개인,10100,방배동,205000.0,2025-08-05
2402,,현대성우주상복합아파트,11650-700,1316,15,2002,개인,,,"151,000",8,8,2025,중개거래,서울 서초구,176.59,3,1316-15,1,N,25.10.20,강남대로61길,00023,00000,4163028,01,11650,0,11650,개인,10800,서초동,151000.0,2025-08-08
2403,1,삼풍아파트,11650-28,1685,0,1988,개인,,,"370,000",1,8,2025,중개거래,서울 서초구,79.47,7,1685,1,N,25.11.21,서초중앙로,00200,00000,3121024,03,11650,0,11650,개인,10800,서초동,370000.0,2025-08-01
2404,,서초센트럴IPARK,11650-4827,1582,3,2020,개인,25.08.11,O,"190,000",2,8,2025,중개거래,서울 서초구,80.5154,24,1582-3,1,N,,반포대로18길,00036,00000,4163228,00,11650,0,11650,개인,10800,서초동,190000.0,2025-08-02
2405,3,한신서래,11650-232,70,1,1987,개인,,,"251,000",6,8,2025,직거래,,147.67,3,70-1,1,N,25.08.06,사평대로28길,00031,00000,4163330,01,11650,0,11650,개인,10700,반포동,251000.0,2025-08-06
2406,101,N-Suite101동(1511-6),11650-718,1511,6,2004,개인,,,"157,500",5,8,2025,중개거래,서울 서초구,120.43,5,1511-6,1,N,25.08.25,명달로22길,00064,00000,4163188,01,11650,0,11650,개인,10800,서초동,157500.0,2025-08-05
2407,104,서초푸르지오써밋,11650-4550,1311,10,2017,개인,,,"306,000",4,8,2025,중개거래,서울 서초구,59.92,35,1311-10,1,N,25.10.15,서운로,00201,00000,3121016,01,11650,0,11650,개인,10800,서초동,306000.0,2025-08-04
2408,201,방배래미안타워,11650-759,485,3,2005,개인,,,"230,000",14,8,2025,중개거래,서울 서초구,134.96,9,485-3,1,N,25.10.31,남부순환로,02183,00000,2000003,01,11650,0,11650,개인,10100,방배동,230000.0,2025-08-14
2409,101동,디아레나서초,11650-4779,1588,5,2020,개인,,,"40,000",1,8,2025,직거래,,27.39,9,1588-5,1,N,25.08.04,효령로53길,00024,00000,4163646,00,11650,0,11650,개인,10800,서초동,40000.0,2025-08-01
2410,B,현대슈퍼빌,11650-519,1446,11,2003,개인,,,"410,000",1,8,2025,중개거래,"서울 서초구, 서울 영등포구",216.16,32,1446-11,1,N,25.08.13,서초중앙로,00015,00000,3121024,03,11650,0,11650,개인,10800,서초동,410000.0,2025-08-01
2411,107동,서초그랑자이,11650-4969,1757,0,2021,개인,,,"470,000",7,8,2025,중개거래,"서울 도봉구, 서울 서초구",119.41,27,1757,1,N,25.11.28,효령로,00391,00000,3121021,00,11650,,11650,개인,10800,서초동,470000.0,2025-08-07
2412,1,반포2차ApelBaum,11650-3385,612,2,2007,개인,,,"380,000",25,9,2025,중개거래,서울 서초구,244.15,2,612-2,1,N,26.01.15,사평대로12길,00022,00000,4163321,02,11650,0,11650,개인,10700,반포동,380000.0,2025-09-25
2413,101,서초두산위브트레지움,11650-3471,1310,4,2008,개인,,,"281,000",19,9,2025,중개거래,서울 서초구,130.3,6,1310-4,1,N,25.12.10,서운로,00194,00000,3121016,01,11650,0,11650,개인,10800,서초동,281000.0,2025-09-19
2414,101,현대동궁아파트,11650-236,64,5,1991,개인,,,"237,000",9,9,2025,중개거래,서울 서초구,70.38,8,64-5,1,N,26.01.05,사평대로,00154,00000,2121001,02,11650,0,11650,개인,10700,반포동,237000.0,2025-09-09
2415,106,방배우성,11650-331,2525,0,1991,개인,,,"190,000",19,9,2025,중개거래,서울 서초구,80.2,10,2525,1,N,25.12.19,방배선행길,00001,00000,4163671,01,11650,0,11650,개인,10100,방배동,190000.0,2025-09-19
2416,4,한신서래,11650-232,70,1,1987,개인,,,"150,000",30,9,2025,직거래,,45.72,7,70-1,1,N,26.03.11,사평대로28길,00031,00000,4163330,01,11650,0,11650,개인,10700,반포동,150000.0,2025-09-30
2417,6,한신,11650-145,56,3,1992,개인,,,"350,000",29,9,2025,중개거래,서울 서초구,84.52,8,56-3,1,N,25.10.28,잠원로,00150,00000,3121019,01,11650,0,11650,개인,10600,잠원동,350000.0,2025-09-29
2418,102동,래미안신반포팰리스,11650-4439,158,0,2016,개인,,,"487,000",24,9,2025,중개거래,"서울 강남구, 서울 서초구",104.08,4,158,1,N,25.12.29,잠원로8길,00035,00000,4163529,00,11650,0,11650,개인,10600,잠원동,487000.0,2025-09-24
2419,121,래미안퍼스티지,11650-3559,18,1,2009,개인,,,"890,000",26,9,2025,중개거래,서울 서초구,222.76,6,18-1,1,N,25.10.31,반포대로,00275,00000,2121003,02,11650,0,11650,개인,10700,반포동,890000.0,2025-09-26
2420,,신반포르엘,11650-5121,165,0,2023,개인,,,"500,000",19,9,2025,중개거래,서울 서초구,107.97,8,165,1,N,,잠원로14길,00042,00000,4163526,01,11650,0,11650,법인,10600,잠원동,500000.0,2025-09-19
2421,101동,서초센트럴IPARK,11650-4827,1582,3,2020,개인,,,"179,000",22,9,2025,중개거래,서울 강남구,80.5154,11,1582-3,1,N,25.11.28,반포대로18길,00036,00000,4163228,00,11650,0,11650,개인,10800,서초동,179000.0,2025-09-22
2422,106,방배우성,11650-331,2525,0,1991,개인,,,"193,000",27,9,2025,중개거래,서울 서초구,80.2,9,2525,1,N,26.01.16,방배선행길,00001,00000,4163671,01,11650,0,11650,개인,10100,방배동,193000.0,2025-09-27
2423,,강남월드메르디앙프레스티지,11650-5023,11,11,2022,개인,,,"73,000",19,9,2025,중개거래,서울 강남구,36.109,9,11-11,1,N,25.11.24,남부순환로350길,00019,00011,4163086,00,11650,0,11650,법인,10200,양재동,73000.0,2025-09-19
2424,201,서초포레스타2단지,11650-4156,384,0,2015,개인,,,"168,500",27,9,2025,중개거래,서울 서초구,84.87,13,384,1,N,25.12.05,헌릉로8길,00045,00000,4163749,02,11650,0,11650,개인,10900,내곡동,168500.0,2025-09-27
2425,109,반포래미안아이파크,11650-4678,1341,0,2018,개인,,,"530,000",27,9,2025,중개거래,서울 서초구,130.92,19,1341,1,N,26.01.12,서초중앙로,00220,00000,3121024,02,11650,0,11650,개인,10700,반포동,530000.0,2025-09-27
2426,13,삼풍아파트,11650-28,1685,0,1988,개인,,,"450,000",30,9,2025,중개거래,서울 서초구,130.73,1,1685,1,N,26.01.29,서초중앙로,00200,00000,3121024,03,11650,0,11650,개인,10800,서초동,450000.0,2025-09-30
2427,1,방배대우멤버스카운티201,11650-507,809,26,2003,개인,,,"186,000",21,9,2025,중개거래,서울 서초구,112.9,1,809-26,1,N,25.12.12,동광로22길,00032,00000,4163120,01,11650,0,11650,개인,10100,방배동,186000.0,2025-09-21
2428,104동,반포써밋,11650-4703,1342,0,2018,개인,,,"378,000",16,9,2025,중개거래,서울 서초구,84.9716,22,1342,1,N,25.12.09,고무래로,00089,00000,3121001,00,11650,0,11650,개인,10700,반포동,378000.0,2025-09-16
2429,,신영체르니,11650-461,90,0,2002,개인,,,"53,500",16,9,2025,중개거래,서울 서초구,35.91,2,90,1,N,25.11.14,논현로27길,00057,00000,4163097,01,11650,0,11650,개인,10200,양재동,53500.0,2025-09-16
2430,,방배우성,11650-331,2525,0,1991,개인,25.11.25,O,"190,000",19,9,2025,중개거래,서울 서초구,80.2,10,2525,1,N,,방배선행길,00001,00000,4163671,01,11650,0,11650,개인,10100,방배동,190000.0,2025-09-19
2431,,메르디안하우스,11650-667,122,2,2001,개인,,,"160,000",22,9,2025,중개거래,서울 강남구,206.12,6,122-2,1,N,,양재천로17길,00011,00000,4163475,01,11650,0,11650,개인,10200,양재동,160000.0,2025-09-22
2432,D,현대슈퍼빌,11650-519,1446,11,2003,개인,,,"300,000",16,9,2025,중개거래,서울 서초구,185.02,13,1446-11,1,N,25.12.31,서초중앙로,00015,00000,3121024,03,11650,0,11650,개인,10800,서초동,300000.0,2025-09-16
2433,101,방배3차e-편한세상,11650-3281,797,30,2006,개인,,,"410,000",20,9,2025,중개거래,서울 서초구,198.5315,11,797-30,1,N,25.12.19,동광로,00089,00005,3121004,01,11650,0,11650,개인,10100,방배동,410000.0,2025-09-20
2434,B동,강남태영데시앙루브,11650-3217,1303,35,2005,개인,,,"100,000",22,9,2025,중개거래,서울 서초구,83.54,12,1303-35,1,N,26.02.24,강남대로,00455,00000,2102001,04,11650,0,11650,개인,10800,서초동,100000.0,2025-09-22
2435,1,훼미리타운,11650-3820,932,34,2012,개인,,,"66,000",20,9,2025,중개거래,서울 서초구,47.6,1,932-34,1,N,25.12.10,방배로19길,00040,00000,4163255,01,11650,0,11650,개인,10100,방배동,66000.0,2025-09-20
2436,112,신반포2,11650-117,73,0,1978,개인,,,"410,000",13,9,2025,중개거래,서울 서초구,68.91,9,73,1,N,25.12.30,신반포로23길,00041,00000,4163452,01,11650,0,11650,개인,10600,잠원동,410000.0,2025-09-13
2437,107동,서초그랑자이,11650-4969,1757,0,2021,개인,,,"440,000",19,9,2025,중개거래,서울 서초구,119.41,7,1757,1,N,25.11.05,효령로,00391,00000,3121021,00,11650,,11650,개인,10800,서초동,440000.0,2025-09-19
2438,101,삼환나띠르빌(1002-21),11650-656,1002,21,2003,개인,,,"140,000",26,9,2025,중개거래,서울 서초구,92.93,2,1002-21,1,N,25.11.20,명달로,00033,00000,3121008,01,11650,0,11650,개인,10100,방배동,140000.0,2025-09-26
2439,,휴먼씨티,11650-680,402,15,2001,개인,,,"84,000",22,9,2025,중개거래,서울 강남구,79.54,3,402-15,1,N,26.01.13,논현로1길,00049,00000,4163096,01,11650,0,11650,개인,10200,양재동,84000.0,2025-09-22
2440,,두산위브(1362),11650-3250,1362,0,2005,개인,,,"106,000",30,9,2025,중개거래,서울 서초구,57.15,7,1362,1,N,25.12.30,강남대로39길,00005,00000,4163018,01,11650,0,11650,개인,10800,서초동,106000.0,2025-09-30
2441,103,더샵서초,11650-3284,1445,14,2006,개인,,,"65,000",27,9,2025,중개거래,서울 서초구,33.06,24,1445-14,1,N,25.11.12,서초중앙로2길,00021,00000,4163718,01,11650,0,11650,개인,10800,서초동,65000.0,2025-09-27
2442,202,서초2차e-편한세상,11650-774,1529,0,2005,개인,,,"230,000",21,9,2025,중개거래,서울 서초구,116.745,9,1529,1,N,25.12.19,효령로49길,00057,00000,4163642,01,11650,0,11650,개인,10800,서초동,230000.0,2025-09-21
2443,,신영체르니,11650-461,90,0,2002,개인,,,"45,800",16,9,2025,중개거래,서울 서초구,32.08,3,90,1,N,25.11.19,논현로27길,00057,00000,4163097,01,11650,0,11650,개인,10200,양재동,45800.0,2025-09-16
2444,115,래미안퍼스티지,11650-3559,18,1,2009,개인,,,"750,000",9,9,2025,중개거래,"서울 강남구, 서울 서초구",135.92,5,18-1,1,N,25.11.21,반포대로,00275,00000,2121003,02,11650,0,11650,개인,10700,반포동,750000.0,2025-09-09
2445,106,반포센트럴자이,11650-4805,162,0,2020,개인,,,"550,000",26,9,2025,중개거래,서울 서초구,98.99,5,162,1,N,25.11.28,반포대로,00310,00006,2121003,01,11650,0,11650,개인,10600,잠원동,550000.0,2025-09-26
2446,101,방배래미안타워,11650-759,485,3,2005,개인,,,"188,000",26,9,2025,중개거래,서울 서초구,103.34,1,485-3,1,N,25.12.30,남부순환로,02183,00000,2000003,01,11650,0,11650,개인,10100,방배동,188000.0,2025-09-26
2447,206,롯데캐슬갤럭시(50-1),11650-682,50,1,2004,개인,,,"240,500",2,9,2025,직거래,,110.11,1,50-1,1,N,25.10.01,잠원로14길,00023,00000,4163526,01,11650,0,11650,개인,10600,잠원동,240500.0,2025-09-02
2448,136,반포자이,11650-3500,20,43,2009,개인,,,"500,000",9,9,2025,중개거래,서울 서초구,84.943,2,20-43,1,N,25.12.08,신반포로,00270,00000,3121017,02,11650,0,11650,개인,10700,반포동,500000.0,2025-09-09
2449,501,우성아파트,11650-60,1326,17,1998,개인,,,"176,500",29,9,2025,중개거래,서울 서초구,84.93,6,1326-17,1,N,25.12.12,서초대로74길,00030,00000,4163433,01,11650,0,11650,개인,10800,서초동,176500.0,2025-09-29
2450,4,한신서래,11650-232,70,1,1987,개인,,,"240,000",26,9,2025,중개거래,서울 서초구,45.72,2,70-1,1,N,25.10.27,사평대로28길,00031,00000,4163330,01,11650,0,11650,개인,10700,반포동,240000.0,2025-09-26
2451,102,대림,11650-479,57,0,1995,개인,,,"180,000",30,9,2025,중개거래,서울 서초구,130.89,15,57,1,N,26.01.20,바우뫼로7길,00051,00000,4163219,01,11650,0,11650,개인,10300,우면동,180000.0,2025-09-30
2452,107동,래미안 리더스원,11650-4887,1755,0,2020,개인,,,"425,000",10,9,2025,중개거래,서울 서초구,114.94,8,1755,1,N,25.11.28,서운로,00062,00000,3121016,00,11650,,11650,개인,10800,서초동,425000.0,2025-09-10
2453,1,한신서래,11650-232,70,1,1987,개인,,,"370,000",5,9,2025,중개거래,서울 서초구,137.47,3,70-1,1,N,25.10.15,사평대로28길,00031,00000,4163330,01,11650,0,11650,개인,10700,반포동,370000.0,2025-09-05
2454,한라비발디스튜디오193,한라비발디스튜디오193,11650-3926,1363,25,2013,개인,,,"24,700",22,9,2025,중개거래,"서울 강남구, 서울 서초구",19.99,9,1363-25,1,N,25.10.17,강남대로39길,00015,00010,4163018,01,11650,0,11650,개인,10800,서초동,24700.0,2025-09-22
2455,102,서초현대,11650-46,1648,2,1999,개인,,,"200,000",18,9,2025,중개거래,서울 서초구,114.84,1,1648-2,1,N,26.01.21,사임당로19길,00010,00000,4163315,01,11650,0,11650,개인,10800,서초동,200000.0,2025-09-18
2456,,롯데캐슬갤럭시(50-1),11650-682,50,1,2004,개인,25.10.01,O,"240,500",8,9,2025,직거래,,110.11,1,50-1,1,N,,잠원로14길,00023,00000,4163526,01,11650,0,11650,개인,10600,잠원동,240500.0,2025-09-08
2457,101,롯데캐슬헤론,11650-3317,754,1,2006,개인,,,"238,000",20,9,2025,중개거래,서울 서초구,168.81,4,754-1,1,N,25.12.10,동광로1길,00112,00000,4163119,01,11650,0,11650,개인,10100,방배동,238000.0,2025-09-20
2458,102,디에이치반포라클라스,11650-4959,1343,0,2021,개인,,,"365,000",27,9,2025,중개거래,서울 서초구,59.9928,35,1343,1,N,25.11.04,서초중앙로,00206,00000,3121024,00,11650,,11650,개인,10700,반포동,365000.0,2025-09-27
2459,101,서초교대e편한세상,11650-3579,1686,9,2010,개인,,,"317,500",27,9,2025,중개거래,서울 서초구,84.97,3,1686-9,1,N,26.01.16,서초중앙로24길,00033,00000,4163710,01,11650,0,11650,개인,10800,서초동,317500.0,2025-09-27
2460,방배디오슈페리움Ⅰ,방배디오슈페리움Ⅰ,11650-3343,3001,2,2006,개인,,,"147,500",26,9,2025,중개거래,서울 서초구,84.46,11,3001-2,1,N,26.01.05,서초대로,00003,00004,2121002,01,11650,0,11650,개인,10100,방배동,147500.0,2025-09-26
2461,101,반포두산힐스빌,11650-168,54,5,2001,개인,,,"139,000",26,9,2025,중개거래,서울 서초구,58.7,8,54-5,1,N,25.11.06,고무래로10길,00016,00000,4163042,01,11650,0,11650,개인,10700,반포동,139000.0,2025-09-26
2462,105,대림,11650-479,57,0,1995,개인,,,"182,500",25,9,2025,중개거래,서울 서초구,130.89,2,57,1,N,25.12.18,바우뫼로7길,00051,00000,4163219,01,11650,0,11650,개인,10300,우면동,182500.0,2025-09-25
2463,112동,아크로리버파크,11650-4440,2,12,2016,개인,,,"547,000",16,9,2025,중개거래,서울 서초구,84.95,1,2-12,1,N,25.10.27,신반포로15길,00019,00000,4163450,00,11650,0,11650,개인,10700,반포동,547000.0,2025-09-16
2464,104,서초푸르지오써밋,11650-4550,1311,10,2017,개인,,,"330,000",9,9,2025,중개거래,서울 서초구,74.93,6,1311-10,1,N,25.12.16,서운로,00201,00000,3121016,01,11650,0,11650,개인,10800,서초동,330000.0,2025-09-09
2465,3,삼호1동~3동,11650-309,770,1,1975,개인,,,"277,000",24,9,2025,중개거래,서울 서초구,116.13,9,770-1,1,N,25.12.18,방배로43길,00021,00000,4163277,01,11650,0,11650,개인,10100,방배동,277000.0,2025-09-24
2466,101,킴스빌리지,11650-142,71,12,1996,개인,,,"110,000",24,9,2025,중개거래,서울 서초구,34.23,11,71-12,1,N,25.10.30,잠원로3길,00006,00000,4163527,01,11650,0,11650,개인,10600,잠원동,110000.0,2025-09-24
2467,102,유원서초,11650-62,1687,0,1993,개인,,,"248,000",1,9,2025,중개거래,서울 서초구,84.82,6,1687,1,N,25.11.27,서초중앙로24길,00043,00000,4163710,01,11650,0,11650,개인,10800,서초동,248000.0,2025-09-01
2468,112,신반포2,11650-117,73,0,1978,개인,,,"395,000",24,9,2025,중개거래,서울 서초구,68.91,2,73,1,N,25.12.30,신반포로23길,00041,00000,4163452,01,11650,0,11650,개인,10600,잠원동,395000.0,2025-09-24
2469,104,방배1차현대홈타운,11650-290,1344,0,1999,개인,,,"295,000",24,9,2025,중개거래,서울 서초구,114.78,3,1344,1,N,26.01.12,서초대로1길,00030,00000,4163389,01,11650,0,11650,법인,10100,방배동,295000.0,2025-09-24
2470,2,한신서래,11650-232,70,1,1987,개인,,,"154,000",16,9,2025,직거래,,115.0,1,70-1,1,N,25.09.24,사평대로28길,00031,00000,4163330,01,11650,0,11650,개인,10700,반포동,154000.0,2025-09-16
2471,404,서초네이처힐4단지,11650-3704,720,0,2011,개인,,,"178,500",6,9,2025,중개거래,서울 서초구,84.61,11,720,1,N,25.10.31,태봉로2길,00065,00000,4163582,01,11650,0,11650,개인,10300,우면동,178500.0,2025-09-06
2472,116,서초더샵포레,11650-4063,411,0,2014,개인,,,"165,000",4,9,2025,중개거래,서울 서초구,84.3,9,411,1,N,25.10.21,헌릉로8길,00058,00000,4163749,02,11650,0,11650,개인,10900,내곡동,165000.0,2025-09-04
2473,106동,래미안 리더스원,11650-4887,1755,0,2020,개인,,,"398,000",23,9,2025,중개거래,서울 서초구,84.93,23,1755,1,N,25.10.15,서운로,00062,00000,3121016,00,11650,,11650,개인,10800,서초동,398000.0,2025-09-23
2474,107,동아,11650-102,157,0,2002,개인,,,"355,000",22,9,2025,중개거래,서울 서초구,84.91,15,157,1,N,25.11.28,신반포로33길,00015,00000,4163453,01,11650,0,11650,개인,10600,잠원동,355000.0,2025-09-22
2475,,미주파스텔,11650-103,54,0,2002,개인,,,"222,000",15,9,2025,중개거래,서울 서초구,84.64,10,54,1,N,25.11.19,잠원로,00166,00004,3121019,01,11650,0,11650,개인,10600,잠원동,222000.0,2025-09-15
2476,104동,래미안 리더스원,11650-4887,1755,0,2020,개인,,,"378,000",19,9,2025,중개거래,서울 서초구,84.94,5,1755,1,N,25.12.29,서운로,00062,00000,3121016,00,11650,,11650,개인,10800,서초동,378000.0,2025-09-19
2477,110동,아크로리버파크,11650-4440,2,12,2016,개인,,,"560,000",6,9,2025,중개거래,서울 서초구,84.97,9,2-12,1,N,25.10.30,신반포로15길,00019,00000,4163450,00,11650,0,11650,개인,10700,반포동,560000.0,2025-09-06
2478,,리시본하우스,11650-4810,15,11,2020,개인,,,"90,000",20,9,2025,중개거래,"서울 강남구, 서울 서초구",58.715,5,15-11,1,N,25.10.21,남부순환로356길,00088,00000,4163088,00,11650,0,11650,법인,10200,양재동,90000.0,2025-09-20
2479,,신영체르니,11650-461,90,0,2002,개인,,,"45,800",4,9,2025,중개거래,서울 서초구,32.08,2,90,1,N,25.10.30,논현로27길,00057,00000,4163097,01,11650,0,11650,개인,10200,양재동,45800.0,2025-09-04
2480,105동,서초그랑자이,11650-4969,1757,0,2021,개인,,,"335,000",20,9,2025,중개거래,서울 서초구,59.98,16,1757,1,N,25.12.23,효령로,00391,00000,3121021,00,11650,,11650,개인,10800,서초동,335000.0,2025-09-20
2481,201,방배2차현대홈타운,11650-380,2001,0,2001,개인,,,"200,000",21,9,2025,중개거래,서울 서초구,59.86,15,2001,1,N,25.11.25,서초대로1길,00034,00000,4163389,01,11650,0,11650,개인,10100,방배동,200000.0,2025-09-21
2482,나,더-클라스(402-8),11650-678,402,8,2003,개인,,,"105,000",3,9,2025,중개거래,서울 서초구,83.72,2,402-8,1,N,25.11.06,논현로1길,00025,00000,4163096,01,11650,0,11650,개인,10200,양재동,105000.0,2025-09-03
2483,125,반포자이,11650-3500,20,43,2009,개인,,,"488,000",20,9,2025,중개거래,서울 서초구,84.998,15,20-43,1,N,26.01.16,신반포로,00270,00000,3121017,02,11650,0,11650,개인,10700,반포동,488000.0,2025-09-20
2484,105,신반포2,11650-117,73,0,1978,개인,,,"505,000",19,9,2025,중개거래,서울 서초구,93.71,12,73,1,N,25.10.31,신반포로23길,00041,00000,4163452,01,11650,0,11650,개인,10600,잠원동,505000.0,2025-09-19
2485,102동,동일하이빌,11650-3339,1542,1,2006,개인,,,"111,000",5,9,2025,직거래,,84.98,18,1542-1,1,N,25.10.29,서초대로,00240,00000,2121002,02,11650,0,11650,개인,10800,서초동,111000.0,2025-09-05
2486,4,강변,11650-97,53,15,1987,개인,,,"273,000",10,9,2025,중개거래,서울 서초구,66.29,5,53-15,1,N,25.12.12,잠원로,00166,00017,3121019,01,11650,0,11650,개인,10600,잠원동,273000.0,2025-09-10
2487,101,현대동궁아파트,11650-236,64,5,1991,개인,,,"275,000",19,9,2025,중개거래,서울 동작구,82.35,2,64-5,1,N,25.11.03,사평대로,00154,00000,2121001,02,11650,0,11650,개인,10700,반포동,275000.0,2025-09-19
2488,,서초두산위브트레지움,11650-3471,1310,4,2008,개인,25.12.10,O,"281,000",19,9,2025,중개거래,서울 서초구,130.3,6,1310-4,1,N,,서운로,00194,00000,3121016,01,11650,0,11650,개인,10800,서초동,281000.0,2025-09-19
2489,101,반포푸르지오,11650-176,10,0,2000,개인,,,"278,000",19,9,2025,중개거래,서울 서초구,59.91,11,10,1,N,25.11.21,신반포로15길,00004,00000,4163450,01,11650,0,11650,개인,10700,반포동,278000.0,2025-09-19
2490,112동,래미안 리더스원,11650-4887,1755,0,2020,개인,,,"322,000",19,9,2025,중개거래,서울 서초구,59.96,16,1755,1,N,26.01.23,서운로,00062,00000,3121016,00,11650,,11650,개인,10800,서초동,322000.0,2025-09-19
2491,,엠브이아파트,11650-199,46,0,1994,개인,,,"220,000",18,9,2025,중개거래,서울 서초구,129.93,1,46,1,N,25.12.01,고무래로10길,00039,00000,4163042,01,11650,0,11650,개인,10700,반포동,220000.0,2025-09-18
2492,,서초이오빌,11650-521,1593,7,2003,개인,,,"38,400",8,9,2025,중개거래,서울 서초구,36.66,20,1593-7,1,N,25.11.28,효령로53길,00045,00000,4163646,01,11650,0,11650,개인,10800,서초동,38400.0,2025-09-08
2493,서초 대우아이빌,서초대우아이빌,11650-606,1675,11,2003,개인,,,"31,000",9,9,2025,중개거래,서울 서초구,35.307,6,1675-11,1,N,25.10.30,서초대로58길,00010,00000,4163421,01,11650,0,11650,개인,10800,서초동,31000.0,2025-09-09
2494,325,신반포12,11650-110,50,5,1982,개인,,,"320,000",17,9,2025,중개거래,"서울 서초구, 서울 은평구",75.79,10,50-5,1,N,25.09.18,잠원로14길,00041,00000,4163526,01,11650,0,11650,개인,10600,잠원동,320000.0,2025-09-17
2495,103,서초더샵포레,11650-4063,411,0,2014,개인,,,"190,000",13,9,2025,중개거래,서울 서초구,114.68,8,411,1,N,25.11.28,헌릉로8길,00058,00000,4163749,02,11650,0,11650,개인,10900,내곡동,190000.0,2025-09-13
2496,101,킴스빌리지,11650-142,71,12,1996,개인,,,"106,000",13,9,2025,중개거래,서울 서초구,30.18,10,71-12,1,N,25.11.10,잠원로3길,00006,00000,4163527,01,11650,0,11650,개인,10600,잠원동,106000.0,2025-09-13
2497,2,훼미리,11650-154,51,0,1992,개인,,,"260,000",2,9,2025,중개거래,서울 서초구,84.9,7,51,1,N,25.10.16,잠원로,00202,00011,3121019,01,11650,0,11650,개인,10600,잠원동,260000.0,2025-09-02
2498,,새티스2,11650-707,1472,21,2002,개인,,,"94,000",12,9,2025,중개거래,서울 서초구,75.6,5,1472-21,1,N,25.10.16,반포대로3길,00048,00000,4163243,01,11650,0,11650,개인,10800,서초동,94000.0,2025-09-12
2499,203,신반포4,11650-125,70,0,1979,개인,,,"550,000",4,9,2025,중개거래,"서울 서초구, 서울 송파구",105.89,12,70,1,N,26.01.05,잠원로,00037,00048,3121019,01,11650,0,11650,개인,10600,잠원동,550000.0,2025-09-04
2500,204,래미안서초에스티지S,11650-4622,1754,0,2018,개인,,,"341,000",6,9,2025,중개거래,서울 서초구,84.8,13,1754,1,N,25.11.24,서운로,00104,00000,3121016,01,11650,0,11650,개인,10800,서초동,341000.0,2025-09-06
2501,,엠브이아파트,11650-199,46,0,1994,개인,,,"167,000",15,9,2025,중개거래,서울 서초구,59.82,11,46,1,N,25.12.10,고무래로10길,00039,00000,4163042,01,11650,0,11650,개인,10700,반포동,167000.0,2025-09-15
2502,서초동대우디오빌프라임,서초동대우디오빌프라임,11650-3218,1337,22,2005,개인,,,"126,000",9,9,2025,중개거래,"경기 용인시 수지구, 서울 강남구",84.97,12,1337-22,1,N,25.11.14,강남대로,00321,00000,2102001,04,11650,0,11650,개인,10800,서초동,126000.0,2025-09-09
2503,203,방배2차현대홈타운,11650-380,2001,0,2001,개인,,,"269,000",13,9,2025,중개거래,서울 서초구,147.26,1,2001,1,N,25.12.10,서초대로1길,00034,00000,4163389,01,11650,0,11650,개인,10100,방배동,269000.0,2025-09-13
2504,2,진흥아파트,11650-66,1315,0,1979,개인,,,"330,000",15,9,2025,중개거래,서울 서초구,101.32,9,1315,1,N,25.11.03,서초대로,00385,00000,2121002,02,11650,0,11650,개인,10800,서초동,330000.0,2025-09-15
2505,,태평아트,11650-258,701,59,2002,개인,,,"117,500",13,9,2025,중개거래,서울 서초구,80.54,4,701-59,1,N,25.11.11,주흥길,00077,00000,4163560,01,11650,0,11650,개인,10700,반포동,117500.0,2025-09-13
2506,,엠브이아파트,11650-199,46,0,1994,개인,,,"173,000",6,9,2025,중개거래,서울 서초구,83.4,9,46,1,N,25.12.30,고무래로10길,00039,00000,4163042,01,11650,0,11650,개인,10700,반포동,173000.0,2025-09-06
2507,B,아크로비스타,11650-724,1685,3,2004,개인,,,"320,000",13,9,2025,중개거래,서울 서초구,149.17,32,1685-3,1,N,26.01.14,서초중앙로,00188,00000,3121024,03,11650,0,11650,개인,10800,서초동,320000.0,2025-09-13
2508,105,동고,11650-480,59,0,1995,개인,,,"130,000",12,9,2025,중개거래,서울 서초구,77.14,6,59,1,N,25.11.07,바우뫼로7길,00029,00000,4163219,01,11650,0,11650,개인,10300,우면동,130000.0,2025-09-12
2509,래미안 서초유니빌,래미안서초유니빌,11650-518,1445,4,2003,개인,,,"56,000",13,9,2025,중개거래,서울 송파구,45.255,17,1445-4,1,N,25.10.29,서초중앙로,00026,00000,3121024,03,11650,0,11650,개인,10800,서초동,56000.0,2025-09-13
2510,106,방배그랑자이,11650-4970,3283,0,2021,개인,,,"285,000",5,9,2025,중개거래,"서울 강남구, 서울 관악구",59.9609,18,3283,1,N,25.12.16,방배로,00021,00000,3121010,00,11650,0,11650,개인,10100,방배동,285000.0,2025-09-05
2511,351,신반포27,11650-124,56,2,1985,개인,,,"240,000",8,9,2025,중개거래,서울 서초구,53.46,3,56-2,1,N,25.09.19,잠원로8길,00003,00000,4163529,01,11650,0,11650,개인,10600,잠원동,240000.0,2025-09-08
2512,4,한신서래,11650-232,70,1,1987,개인,,,"195,000",14,9,2025,중개거래,서울 서초구,45.72,5,70-1,1,N,25.10.27,사평대로28길,00031,00000,4163330,01,11650,0,11650,개인,10700,반포동,195000.0,2025-09-14
2513,,현대동궁아파트,11650-236,64,5,1991,개인,25.11.25,O,"237,000",9,9,2025,중개거래,서울 서초구,70.38,8,64-5,1,N,,사평대로,00154,00000,2121001,02,11650,0,11650,개인,10700,반포동,237000.0,2025-09-09
2514,118,래미안퍼스티지,11650-3559,18,1,2009,개인,,,"785,000",12,9,2025,중개거래,서울 서초구,198.04,18,18-1,1,N,25.11.17,반포대로,00275,00000,2121003,02,11650,0,11650,개인,10700,반포동,785000.0,2025-09-12
2515,107동,래미안 리더스원,11650-4887,1755,0,2020,개인,,,"428,000",5,9,2025,중개거래,서울 서초구,114.94,16,1755,1,N,25.12.29,서운로,00062,00000,3121016,00,11650,,11650,개인,10800,서초동,428000.0,2025-09-05
2516,101,아이파크빌,11650-55,1477,1,2001,개인,,,"219,500",4,9,2025,중개거래,서울 용산구,179.28,1,1477-1,1,N,25.12.15,반포대로5길,00065,00000,4163245,01,11650,0,11650,개인,10800,서초동,219500.0,2025-09-04
2517,128,반포자이,11650-3500,20,43,2009,개인,,,"670,000",12,9,2025,중개거래,서울 서초구,194.515,2,20-43,1,N,26.01.02,신반포로,00270,00000,3121017,02,11650,0,11650,법인,10700,반포동,670000.0,2025-09-12
2518,2,궁전,11650-160,65,1,1984,개인,,,"345,000",12,9,2025,중개거래,서울 서초구,146.81,6,65-1,1,N,25.10.13,사평대로,00142,00000,2121001,02,11650,0,11650,개인,10700,반포동,345000.0,2025-09-12
2519,136,반포자이,11650-3500,20,43,2009,개인,,,"480,000",11,9,2025,중개거래,서울 서초구,84.943,8,20-43,1,N,25.10.13,신반포로,00270,00000,3121017,02,11650,0,11650,개인,10700,반포동,480000.0,2025-09-11
2520,108,서초네이처힐1단지,11650-3863,707,0,2012,개인,,,"199,000",9,9,2025,중개거래,"서울 강남구, 서울 서초구",114.71,5,707,1,N,25.09.23,형촌길,00035,00000,4163604,01,11650,0,11650,개인,10300,우면동,199000.0,2025-09-09
2521,101,아이파크빌,11650-55,1477,1,2001,개인,,,"250,000",10,9,2025,중개거래,서울 서초구,179.28,6,1477-1,1,N,25.12.23,반포대로5길,00065,00000,4163245,01,11650,0,11650,개인,10800,서초동,250000.0,2025-09-10
2522,,위너스,11650-576,15,9,2003,개인,,,"68,500",9,9,2025,중개거래,서울 서초구,54.5,6,15-9,1,N,25.11.07,바우뫼로37길,00042,00005,4163213,01,11650,0,11650,개인,10200,양재동,68500.0,2025-09-09
2523,방배디오슈페리움Ⅰ,방배디오슈페리움Ⅰ,11650-3343,3001,2,2006,개인,,,"150,000",10,9,2025,중개거래,서울 서초구,84.82,8,3001-2,1,N,25.12.08,서초대로,00003,00004,2121002,01,11650,0,11650,개인,10100,방배동,150000.0,2025-09-10
2524,래미안 서초유니빌,래미안서초유니빌,11650-518,1445,4,2003,개인,,,"80,000",4,9,2025,중개거래,서울 서초구,66.415,13,1445-4,1,N,25.10.24,서초중앙로,00026,00000,3121024,03,11650,0,11650,개인,10800,서초동,80000.0,2025-09-04
2525,1,서초동아,11650-3329,1527,14,2006,개인,,,"116,000",4,9,2025,중개거래,서울 서초구,106.86,6,1527-14,1,N,25.11.14,효령로45길,00007,00000,4163639,01,11650,0,11650,개인,10800,서초동,116000.0,2025-09-04
2526,,서초동삼성쉐르빌2,11650-608,1330,0,2002,개인,,,"31,000",6,9,2025,중개거래,서울 서초구,35.22,4,1330,1,N,25.12.08,강남대로53길,00011,00000,4163026,01,11650,0,11650,개인,10800,서초동,31000.0,2025-09-06
2527,,서초동삼성쉐르빌2,11650-608,1330,0,2002,개인,,,"65,000",6,9,2025,중개거래,서울 서초구,52.83,14,1330,1,N,25.09.17,강남대로53길,00011,00000,4163026,01,11650,0,11650,개인,10800,서초동,65000.0,2025-09-06
2528,501,서초5차e편한세상,11650-3225,1467,62,2005,개인,,,"265,000",1,9,2025,중개거래,서울 서초구,158.24,13,1467-62,1,N,25.11.28,명달로4길,00030,00000,4163192,01,11650,0,11650,개인,10800,서초동,265000.0,2025-09-01
2529,101,현대홈타운,11650-624,1506,88,2005,개인,,,"235,000",6,9,2025,중개거래,서울 서초구,134.19,2,1506-88,1,N,25.12.16,반포대로23길,00071,00000,4163234,01,11650,0,11650,개인,10800,서초동,235000.0,2025-09-06
2530,109,방배우성,11650-331,2525,0,1991,개인,,,"192,000",5,9,2025,중개거래,서울 서초구,84.99,4,2525,1,N,25.12.12,방배선행길,00001,00000,4163671,01,11650,0,11650,개인,10100,방배동,192000.0,2025-09-05
2531,래미안 서초유니빌,래미안서초유니빌,11650-518,1445,4,2003,개인,,,"69,500",5,9,2025,중개거래,서울 서초구,56.344,12,1445-4,1,N,25.09.30,서초중앙로,00026,00000,3121024,03,11650,0,11650,개인,10800,서초동,69500.0,2025-09-05
2532,A,현대슈퍼빌,11650-519,1446,11,2003,개인,,,"295,000",6,9,2025,중개거래,"서울 강동구, 서울 서초구",164.87,36,1446-11,1,N,25.11.27,서초중앙로,00015,00000,3121024,03,11650,0,11650,개인,10800,서초동,295000.0,2025-09-06
2533,503,호반써밋서초파크뷰(토지임대부아파트),11650-3976,789,0,2013,개인,,,"125,000",6,9,2025,중개거래,서울 서초구,84.95,3,789,1,Y,25.12.12,양재대로2길,00011,00000,4163748,01,11650,0,11650,개인,10300,우면동,125000.0,2025-09-06
2534,101,서초한일,11650-45,1636,1,1997,개인,,,"158,000",5,9,2025,중개거래,"서울 강남구, 서울 서초구",84.98,10,1636-1,1,N,25.12.15,서초대로64길,00031,00000,4163424,01,11650,0,11650,개인,10800,서초동,158000.0,2025-09-05
2535,101,우솔마을서초리슈빌S아파트,11650-4065,764,0,2014,개인,,,"28,700",13,9,2025,중개거래,서울 서초구,30.89,6,764,1,N,25.10.24,양재대로2길,00100,00011,4163748,01,11650,0,11650,개인,10300,우면동,28700.0,2025-09-13
2536,102,반포힐스테이트,11650-3687,16,6,2012,개인,,,"430,000",25,9,2025,중개거래,서울 서초구,84.8,15,16-6,1,N,25.10.20,신반포로16길,00015,00020,4163754,01,11650,0,11650,개인,10700,반포동,430000.0,2025-09-25
2537,102,반포자이,11650-3500,20,43,2009,개인,,,"605,000",29,10,2025,중개거래,서울 서초구,132.179,25,20-43,1,N,26.01.15,신반포로,00270,00000,3121017,02,11650,0,11650,개인,10700,반포동,605000.0,2025-10-29
2538,B,현대ESA2,11650-601,1542,6,2003,개인,,,"213,000",22,10,2025,중개거래,서울 서초구,136.25,21,1542-6,1,N,26.03.17,반포대로,00122,00000,2121003,03,11650,0,11650,개인,10800,서초동,213000.0,2025-10-22
2539,207,신반포4,11650-125,70,0,1979,개인,,,"505,000",20,10,2025,중개거래,서울 서초구,100.11,7,70,1,N,26.01.02,잠원로,00037,00048,3121019,01,11650,0,11650,개인,10600,잠원동,505000.0,2025-10-20
2540,102동,서초센트럴IPARK,11650-4827,1582,3,2020,개인,,,"188,000",13,10,2025,중개거래,"서울 강남구, 서울 서초구",80.5004,23,1582-3,1,N,26.01.23,반포대로18길,00036,00000,4163228,00,11650,0,11650,개인,10800,서초동,188000.0,2025-10-13
2541,,상지리츠빌4차(843-13),11650-646,843,13,2004,개인,,,"209,000",23,10,2025,중개거래,서울 서초구,136.87,3,843-13,1,N,26.02.09,서초대로33길,00084,00020,4163401,01,11650,0,11650,개인,10100,방배동,209000.0,2025-10-23
2542,,엠브이아파트,11650-199,46,0,1994,개인,,,"240,000",31,10,2025,중개거래,서울 서초구,129.93,7,46,1,N,26.02.26,고무래로10길,00039,00000,4163042,01,11650,0,11650,개인,10700,반포동,240000.0,2025-10-31
2543,209,서초힐스,11650-3821,773,0,2012,개인,,,"190,000",31,10,2025,중개거래,서울 서초구,84.96,20,773,1,N,26.01.21,양재대로2길,00090,00000,4163748,01,11650,0,11650,개인,10300,우면동,190000.0,2025-10-31
2544,204,서초힐스,11650-3821,773,0,2012,개인,,,"168,500",30,10,2025,중개거래,서울 서초구,59.97,15,773,1,N,26.02.25,양재대로2길,00090,00000,4163748,01,11650,0,11650,개인,10300,우면동,168500.0,2025-10-30
2545,110,우성,11650-440,154,2,1991,개인,,,"193,000",31,10,2025,중개거래,서울 서초구,73.15,3,154-2,1,N,26.01.15,바우뫼로,00091,00000,3121009,01,11650,0,11650,개인,10200,양재동,193000.0,2025-10-31
2546,,서초이오빌,11650-521,1593,7,2003,개인,,,"36,900",31,10,2025,중개거래,서울 서초구,36.66,13,1593-7,1,N,25.12.05,효령로53길,00045,00000,4163646,01,11650,0,11650,개인,10800,서초동,36900.0,2025-10-31
2547,B,중앙하이츠,11650-139,71,17,1998,개인,,,"222,000",25,10,2025,중개거래,서울 서초구,59.93,10,71-17,1,N,26.02.26,잠원로3길,00020,00000,4163527,01,11650,0,11650,개인,10600,잠원동,222000.0,2025-10-25
2548,105,동아,11650-102,157,0,2002,개인,,,"345,000",29,10,2025,중개거래,서울 서초구,84.91,2,157,1,N,25.12.01,신반포로33길,00015,00000,4163453,01,11650,0,11650,개인,10600,잠원동,345000.0,2025-10-29
2549,101,방배한화,11650-369,169,24,2001,개인,,,"205,000",29,10,2025,중개거래,서울 서초구,112.68,9,169-24,1,N,26.01.05,효령로33길,00066,00031,4163633,01,11650,0,11650,개인,10100,방배동,205000.0,2025-10-29
2550,2,한강,11650-144,49,8,1989,개인,,,"350,000",31,10,2025,중개거래,서울 서초구,84.53,5,49-8,1,N,26.01.30,잠원로,00213,00010,3121019,01,11650,0,11650,개인,10600,잠원동,350000.0,2025-10-31
2551,세양아르비채101동,세양아르비채101동,11650-3245,421,1,2006,개인,,,"194,500",23,10,2025,중개거래,경기 파주시,166.223,6,421-1,1,N,26.02.12,서초대로,00012,00000,2121002,01,11650,0,11650,법인,10100,방배동,194500.0,2025-10-23
2552,101,반포두산힐스빌,11650-168,54,5,2001,개인,,,"120,000",21,10,2025,중개거래,서울 서초구,47.7,10,54-5,1,N,25.12.15,고무래로10길,00016,00000,4163042,01,11650,0,11650,개인,10700,반포동,120000.0,2025-10-21
2553,104,방배그랑자이,11650-4970,3283,0,2021,개인,,,"400,000",31,10,2025,중개거래,서울 서초구,112.961,19,3283,1,N,25.11.27,방배로,00021,00000,3121010,00,11650,0,11650,개인,10100,방배동,400000.0,2025-10-31
2554,A,현대ESA2,11650-601,1542,6,2003,개인,,,"200,000",28,10,2025,중개거래,서울 서초구,136.25,9,1542-6,1,N,26.02.25,반포대로,00122,00000,2121003,03,11650,0,11650,개인,10800,서초동,200000.0,2025-10-28
2555,마,방배신삼호,11650-323,725,0,1983,개인,,,"405,000",30,10,2025,중개거래,"서울 강남구, 서울 서초구",164.97,3,725,1,N,26.01.19,방배로,00270,00000,3121010,01,11650,0,11650,개인,10100,방배동,405000.0,2025-10-30
2556,104,대림,11650-479,57,0,1995,개인,,,"185,000",28,10,2025,중개거래,서울 서초구,130.89,9,57,1,N,26.01.30,바우뫼로7길,00051,00000,4163219,01,11650,0,11650,개인,10300,우면동,185000.0,2025-10-28
2557,110,서초더샵포레,11650-4063,411,0,2014,개인,,,"166,000",21,10,2025,중개거래,서울 서초구,84.81,6,411,1,N,26.02.27,헌릉로8길,00058,00000,4163749,02,11650,0,11650,개인,10900,내곡동,166000.0,2025-10-21
2558,102동,서초센트럴IPARK,11650-4827,1582,3,2020,개인,,,"189,500",17,10,2025,중개거래,"경기 포천시, 서울 서초구",80.5004,9,1582-3,1,N,26.02.26,반포대로18길,00036,00000,4163228,00,11650,0,11650,개인,10800,서초동,189500.0,2025-10-17
2559,,서초두산위브2,11650-3228,1507,38,2005,개인,,,"184,000",22,10,2025,중개거래,서울 서초구,111.07,6,1507-38,1,N,26.01.15,명달로,00112,00000,3121008,02,11650,0,11650,개인,10800,서초동,184000.0,2025-10-22
2560,,신반포4,11650-125,70,0,1979,개인,26.01.02,O,"505,000",20,10,2025,중개거래,서울 서초구,100.11,7,70,1,N,,잠원로,00037,00048,3121019,01,11650,0,11650,개인,10600,잠원동,505000.0,2025-10-20
2561,102동,서초센트럴IPARK,11650-4827,1582,3,2020,개인,,,"189,000",29,10,2025,중개거래,서울 서초구,80.5332,5,1582-3,1,N,26.03.18,반포대로18길,00036,00000,4163228,00,11650,0,11650,개인,10800,서초동,189000.0,2025-10-29
2562,,서초동삼성쉐르빌2,11650-608,1330,0,2002,개인,,,"30,000",22,10,2025,중개거래,서울 서초구,35.22,8,1330,1,N,25.11.20,강남대로53길,00011,00000,4163026,01,11650,0,11650,개인,10800,서초동,30000.0,2025-10-22
2563,1,방배마에스트로,11650-4693,866,10,2019,개인,,,"72,000",27,10,2025,중개거래,서울 서초구,25.48,16,866-10,1,N,25.12.29,서초대로,00013,00000,2121002,01,11650,0,11650,개인,10100,방배동,72000.0,2025-10-27
2564,,미주파스텔,11650-103,54,0,2002,개인,,,"225,000",21,10,2025,중개거래,경기 성남시 분당구,59.76,7,54,1,N,26.01.26,잠원로,00166,00004,3121019,01,11650,0,11650,개인,10600,잠원동,225000.0,2025-10-21
2565,서초동대우디오빌프라임,서초동대우디오빌프라임,11650-3218,1337,22,2005,개인,,,"125,000",18,10,2025,중개거래,서울 서초구,84.97,14,1337-22,1,N,26.05.07,강남대로,00321,00000,2102001,04,11650,0,11650,개인,10800,서초동,125000.0,2025-10-18
2566,7,진흥아파트,11650-66,1315,0,1979,개인,,,"395,000",14,10,2025,중개거래,서울 서초구,131.07,6,1315,1,N,26.02.27,서초대로,00385,00000,2121002,02,11650,0,11650,개인,10800,서초동,395000.0,2025-10-14
2567,101,반포르엘,11650-5015,163,0,2022,개인,,,"550,000",18,10,2025,중개거래,서울 서초구,84.3465,20,163,1,N,26.01.02,신반포로23길,00023,00000,4163452,01,11650,0,11650,개인,10600,잠원동,550000.0,2025-10-18
2568,1,한신서래,11650-232,70,1,1987,개인,,,"330,000",28,10,2025,중개거래,"서울 강남구, 서울 서초구",64.53,11,70-1,1,N,26.01.27,사평대로28길,00031,00000,4163330,01,11650,0,11650,개인,10700,반포동,330000.0,2025-10-28
2569,102동,방배아트자이,11650-4706,3278,0,2018,개인,,,"279,000",30,10,2025,중개거래,서울 서초구,84.9383,14,3278,1,N,26.02.10,명달로9길,00057,00000,4163195,00,11650,0,11650,개인,10100,방배동,279000.0,2025-10-30
2570,102,반포훼미리(102동),11650-549,712,19,2003,개인,,,"130,000",31,10,2025,중개거래,서울 서초구,71.88,4,712-19,1,N,26.02.04,주흥13길,00038,00000,4163550,01,11650,0,11650,개인,10700,반포동,130000.0,2025-10-31
2571,,메이플자이,11650-6434,60,3,2025,개인,,,"340,000",23,10,2025,중개거래,서울 서초구,49.2874,9,60-3,1,N,,신반포로,00251,00000,3121017,00,11650,,11650,개인,10600,잠원동,340000.0,2025-10-23
2572,202,서초힐스,11650-3821,773,0,2012,개인,,,"178,000",30,10,2025,중개거래,서울 서초구,74.97,17,773,1,N,25.12.23,양재대로2길,00090,00000,4163748,01,11650,0,11650,개인,10300,우면동,178000.0,2025-10-30
2573,,보아스방배,11650-631,831,6,2005,개인,,,"100,000",31,10,2025,중개거래,서울 서초구,83.42,3,831-6,1,N,26.01.05,서초대로15길,00067,00000,4163385,01,11650,0,11650,개인,10100,방배동,100000.0,2025-10-31
2574,,서초동삼성쉐르빌2,11650-608,1330,0,2002,개인,,,"28,300",30,10,2025,중개거래,서울 서초구,35.17,10,1330,1,N,25.12.22,강남대로53길,00011,00000,4163026,01,11650,0,11650,개인,10800,서초동,28300.0,2025-10-30
2575,128,반포자이,11650-3500,20,43,2009,개인,,,"680,000",15,10,2025,중개거래,서울 서초구,194.515,14,20-43,1,N,26.02.06,신반포로,00270,00000,3121017,02,11650,0,11650,법인,10700,반포동,680000.0,2025-10-15
2576,102,서초삼성래미안,11650-24,1641,1,2001,개인,,,"280,000",20,10,2025,중개거래,서울 서초구,121.66,15,1641-1,1,N,26.01.09,사임당로17길,00116,00000,4163313,01,11650,0,11650,개인,10800,서초동,280000.0,2025-10-20
2577,106,방배1차현대홈타운,11650-290,1344,0,1999,개인,,,"281,000",25,10,2025,중개거래,서울 서초구,84.96,6,1344,1,N,26.01.12,서초대로1길,00030,00000,4163389,01,11650,0,11650,개인,10100,방배동,281000.0,2025-10-25
2578,106,반포리체,11650-3617,30,26,2010,개인,,,"359,000",30,10,2025,중개거래,서울 서초구,59.994,20,30-26,1,N,26.01.26,고무래로,00035,00000,3121001,01,11650,0,11650,개인,10700,반포동,359000.0,2025-10-30
2579,106,방배1차현대홈타운,11650-290,1344,0,1999,개인,,,"300,000",29,10,2025,중개거래,서울 서초구,114.78,11,1344,1,N,26.01.12,서초대로1길,00030,00000,4163389,01,11650,0,11650,개인,10100,방배동,300000.0,2025-10-29
2580,201,방배2차e-편한세상,11650-510,881,26,2004,개인,,,"280,000",29,10,2025,중개거래,서울 서초구,164.12,8,881-26,1,N,26.02.03,서초대로33길,00022,00000,4163401,01,11650,0,11650,개인,10100,방배동,280000.0,2025-10-29
2581,,잠원현대훼밀리,11650-138,59,3,1997,개인,,,"250,000",24,10,2025,중개거래,서울 서초구,84.52,2,59-3,1,N,25.12.26,신반포로,00261,00000,3121017,01,11650,0,11650,개인,10600,잠원동,250000.0,2025-10-24
2582,103,신반포2,11650-117,73,0,1978,개인,,,"615,000",28,10,2025,중개거래,"서울 강남구, 서울 서초구",107.31,12,73,1,N,26.01.29,신반포로23길,00041,00000,4163452,01,11650,0,11650,개인,10600,잠원동,615000.0,2025-10-28
2583,,우정에쉐르,11650-702,1355,24,2004,개인,,,"103,000",31,10,2025,중개거래,서울 서초구,63.58,6,1355-24,1,N,26.01.30,서운로3길,00029,00000,4163379,01,11650,0,11650,개인,10800,서초동,103000.0,2025-10-31
2584,B,현대슈퍼빌,11650-519,1446,11,2003,개인,,,"285,000",30,10,2025,중개거래,"서울 강남구, 서울 서초구",164.87,13,1446-11,1,N,26.01.29,서초중앙로,00015,00000,3121024,03,11650,0,11650,개인,10800,서초동,285000.0,2025-10-30
2585,2,한강,11650-144,49,8,1989,개인,,,"346,000",31,10,2025,중개거래,서울 서초구,84.53,4,49-8,1,N,26.02.06,잠원로,00213,00010,3121019,01,11650,0,11650,개인,10600,잠원동,346000.0,2025-10-31
2586,107,방배1차현대홈타운,11650-290,1344,0,1999,개인,,,"212,000",25,10,2025,중개거래,서울 서초구,59.94,9,1344,1,N,26.02.26,서초대로1길,00030,00000,4163389,01,11650,0,11650,개인,10100,방배동,212000.0,2025-10-25
2587,202,래미안서초에스티지S,11650-4622,1754,0,2018,개인,,,"354,000",14,10,2025,중개거래,"서울 강남구, 서울 서초구",84.8,13,1754,1,N,26.01.29,서운로,00104,00000,3121016,01,11650,0,11650,개인,10800,서초동,354000.0,2025-10-14
2588,,서초이에스에이3차,11650-407,1006,1,2002,개인,,,"125,000",29,10,2025,중개거래,서울 서초구,59.4,4,1006-1,1,N,25.12.30,명달로,00015,00000,3121008,01,11650,0,11650,개인,10100,방배동,125000.0,2025-10-29
2589,503,호반써밋서초파크뷰(토지임대부아파트),11650-3976,789,0,2013,개인,,,"140,000",11,10,2025,중개거래,"서울 강남구, 서울 서초구",84.95,14,789,1,Y,26.02.09,양재대로2길,00011,00000,4163748,01,11650,0,11650,개인,10300,우면동,140000.0,2025-10-11
2590,101,"더샾오데움(101,102동)",11650-3227,1483,18,2005,개인,,,"384,000",31,10,2025,중개거래,서울 용산구,205.195,13,1483-18,1,N,26.02.06,효령로46길,00021,00000,4163640,01,11650,0,11650,개인,10800,서초동,384000.0,2025-10-31
2591,114,롯데캐슬클래식,11650-3300,1312,3,2006,개인,,,"293,700",27,10,2025,중개거래,서울 서초구,74.3,27,1312-3,1,N,25.12.15,서운로,00200,00000,3121016,01,11650,0,11650,개인,10800,서초동,293700.0,2025-10-27
2592,101,현대동궁아파트,11650-236,64,5,1991,개인,,,"310,000",31,10,2025,중개거래,서울 서초구,70.38,9,64-5,1,N,26.01.16,사평대로,00154,00000,2121001,02,11650,0,11650,개인,10700,반포동,310000.0,2025-10-31
2593,래미안 서초유니빌,래미안서초유니빌,11650-518,1445,4,2003,개인,,,"40,500",3,10,2025,중개거래,서울 서초구,34.052,18,1445-4,1,N,25.12.22,서초중앙로,00026,00000,3121024,03,11650,0,11650,개인,10800,서초동,40500.0,2025-10-03
2594,4,강변,11650-97,53,15,1987,개인,,,"310,000",25,10,2025,중개거래,서울 서초구,66.29,13,53-15,1,N,26.01.30,잠원로,00166,00017,3121019,01,11650,0,11650,개인,10600,잠원동,310000.0,2025-10-25
2595,503,호반써밋서초파크뷰(토지임대부아파트),11650-3976,789,0,2013,개인,,,"145,000",30,10,2025,중개거래,서울 서초구,84.95,9,789,1,Y,26.01.28,양재대로2길,00011,00000,4163748,01,11650,0,11650,개인,10300,우면동,145000.0,2025-10-30
2596,1,궁전,11650-160,65,1,1984,개인,,,"385,000",31,10,2025,중개거래,서울 서초구,146.63,8,65-1,1,N,25.11.05,사평대로,00142,00000,2121001,02,11650,0,11650,개인,10700,반포동,385000.0,2025-10-31
2597,,상지리츠빌(1),11650-710,1490,1,2002,개인,,,"224,000",25,10,2025,중개거래,서울 서초구,164.52,8,1490-1,1,N,26.01.30,명달로11길,00031,00000,4163181,01,11650,0,11650,개인,10800,서초동,224000.0,2025-10-25
2598,114,롯데캐슬클래식,11650-3300,1312,3,2006,개인,,,"305,000",27,10,2025,중개거래,서울 서초구,74.3,7,1312-3,1,N,26.01.08,서운로,00200,00000,3121016,01,11650,0,11650,개인,10800,서초동,305000.0,2025-10-27
2599,,서초센트럴IPARK,11650-4827,1582,3,2020,개인,25.11.14,O,"189,500",17,10,2025,중개거래,서울 서초구,80.5004,9,1582-3,1,N,,반포대로18길,00036,00000,4163228,00,11650,0,11650,개인,10800,서초동,189500.0,2025-10-17
2600,112,신반포2,11650-117,73,0,1978,개인,,,"410,000",2,10,2025,중개거래,"서울 강남구, 서울 서초구",68.91,5,73,1,N,26.01.23,신반포로23길,00041,00000,4163452,01,11650,0,11650,개인,10600,잠원동,410000.0,2025-10-02
2601,106,반포르엘,11650-5015,163,0,2022,개인,,,"555,000",23,10,2025,중개거래,서울 서초구,97.4743,17,163,1,N,26.02.13,신반포로23길,00023,00000,4163452,01,11650,0,11650,개인,10600,잠원동,555000.0,2025-10-23
2602,101동,서초센트럴IPARK,11650-4827,1582,3,2020,개인,,,"210,000",22,10,2025,중개거래,서울 서초구,80.5332,26,1582-3,1,N,26.03.03,반포대로18길,00036,00000,4163228,00,11650,0,11650,개인,10800,서초동,210000.0,2025-10-22
2603,101동,서초센트럴IPARK,11650-4827,1582,3,2020,개인,,,"190,000",23,10,2025,중개거래,서울 서초구,80.5981,19,1582-3,1,N,26.06.10,반포대로18길,00036,00000,4163228,00,11650,0,11650,개인,10800,서초동,190000.0,2025-10-23
2604,,대림서초리시온,11650-605,1671,5,2003,개인,,,"53,500",28,10,2025,중개거래,서울 강남구,49.92,7,1671-5,1,N,25.12.10,서초중앙로22길,00025,00000,4163707,01,11650,0,11650,개인,10800,서초동,53500.0,2025-10-28
2605,103동,방배아트자이,11650-4706,3278,0,2018,개인,,,"259,000",31,10,2025,중개거래,서울 서초구,59.905,2,3278,1,N,26.03.03,명달로9길,00057,00000,4163195,00,11650,0,11650,개인,10100,방배동,259000.0,2025-10-31
2606,101,킴스빌리지,11650-142,71,12,1996,개인,,,"109,700",23,10,2025,중개거래,서울 서초구,30.18,8,71-12,1,N,25.12.24,잠원로3길,00006,00000,4163527,01,11650,0,11650,개인,10600,잠원동,109700.0,2025-10-23
2607,20,현대아파트,11650-85,1346,0,1989,개인,,,"234,500",30,10,2025,중개거래,서울 서초구,84.34,3,1346,1,N,26.02.13,효령로68길,00013,00000,4163654,00,11650,,11650,개인,10800,서초동,234500.0,2025-10-30
2608,,방배CJ나인빌1차,11650-762,889,5,2005,개인,,,"179,000",29,10,2025,중개거래,서울 서초구,145.76,4,889-5,1,N,25.12.23,방배로18길,00057,00013,4163254,01,11650,0,11650,개인,10100,방배동,179000.0,2025-10-29
2609,,서초힐스,11650-3821,773,0,2012,개인,25.11.26,O,"168,500",30,10,2025,중개거래,서울 서초구,59.97,15,773,1,N,,양재대로2길,00090,00000,4163748,01,11650,0,11650,개인,10300,우면동,168500.0,2025-10-30
2610,107동,래미안신반포팰리스,11650-4439,158,0,2016,개인,,,"420,000",31,10,2025,중개거래,서울 서초구,84.49,29,158,1,N,26.01.09,잠원로8길,00035,00000,4163529,00,11650,0,11650,개인,10600,잠원동,420000.0,2025-10-31
2611,203,서초힐스,11650-3821,773,0,2012,개인,,,"162,000",23,10,2025,중개거래,서울 서초구,59.91,13,773,1,N,25.12.31,양재대로2길,00090,00000,4163748,01,11650,0,11650,개인,10300,우면동,162000.0,2025-10-23
2612,110,래미안방배아트힐(1008-2),11650-658,1008,2,2004,개인,,,"260,000",15,10,2025,중개거래,서울 서초구,174.5,2,1008-2,1,N,26.02.03,남부순환로,02311,00012,2000003,01,11650,0,11650,개인,10100,방배동,260000.0,2025-10-15
2613,,궁전,11650-160,65,1,1984,개인,25.11.05,O,"385,000",31,10,2025,중개거래,서울 서초구,146.63,8,65-1,1,N,,사평대로,00142,00000,2121001,02,11650,0,11650,개인,10700,반포동,385000.0,2025-10-31
2614,101,래미안방배에버뉴,11650-3181,775,1,1977,개인,,,"282,000",15,10,2025,중개거래,서울 서초구,181.481,10,775-1,1,N,26.02.25,동광로19길,00051,00000,4163118,01,11650,0,11650,개인,10100,방배동,282000.0,2025-10-15
2615,3,한신서래,11650-232,70,1,1987,개인,,,"380,000",30,10,2025,중개거래,서울 서초구,115.0,8,70-1,1,N,26.03.03,사평대로28길,00031,00000,4163330,01,11650,0,11650,개인,10700,반포동,380000.0,2025-10-30
2616,케이티파라곤,서초파라곤,11650-3235,1327,29,2005,개인,,,"140,000",31,10,2025,중개거래,서울 서초구,84.98,9,1327-29,1,N,26.01.23,서초대로74길,00029,00000,4163433,01,11650,0,11650,개인,10800,서초동,140000.0,2025-10-31
2617,120,신반포16,11650-113,55,12,1983,개인,,,"230,000",31,10,2025,중개거래,서울 서초구,52.26,9,55-12,1,N,25.11.28,잠원로,00157,00000,3121019,01,11650,0,11650,개인,10600,잠원동,230000.0,2025-10-31
2618,119,서초더샵포레,11650-4063,411,0,2014,개인,,,"164,500",31,10,2025,중개거래,경기 성남시 수정구,84.3,2,411,1,N,25.12.09,헌릉로8길,00058,00000,4163749,02,11650,0,11650,개인,10900,내곡동,164500.0,2025-10-31
2619,,방배씨티(보성),11650-302,836,1,2000,개인,,,"135,000",28,10,2025,중개거래,서울 서초구,74.16,4,836-1,1,N,26.01.26,서초대로23길,00074,00000,4163391,01,11650,0,11650,개인,10100,방배동,135000.0,2025-10-28
2620,101,서초극동스타클래스,11650-602,1616,10,2003,개인,,,"165,000",20,10,2025,중개거래,서울 서초구,84.3,6,1616-10,1,N,26.01.30,서리풀4길,00043,00000,4163368,01,11650,0,11650,개인,10800,서초동,165000.0,2025-10-20
2621,305,서초포레스타3단지,11650-4040,568,0,2014,개인,,,"185,000",31,10,2025,중개거래,"서울 강남구, 서울 서초구",84.34,14,568,1,N,26.02.06,헌릉로8길,00022,00000,4163749,01,11650,0,11650,개인,11100,신원동,185000.0,2025-10-31
2622,306,반포미도,11650-172,60,4,1987,개인,,,"400,000",20,10,2025,중개거래,서울 서초구,84.96,14,60-4,1,N,26.01.28,서초중앙로29길,00028,00000,4163713,01,11650,0,11650,개인,10700,반포동,400000.0,2025-10-20
2623,세양아르비채102,세양아르비채102동,11650-3246,425,1,2006,개인,,,"165,000",31,10,2025,중개거래,서울 서초구,134.159,9,425-1,1,N,25.12.23,방배천로,00092,00000,3121012,01,11650,0,11650,개인,10100,방배동,165000.0,2025-10-31
2624,,엠브이아파트,11650-199,46,0,1994,개인,,,"250,000",10,10,2025,중개거래,서울 서초구,129.93,4,46,1,N,26.01.12,고무래로10길,00039,00000,4163042,01,11650,0,11650,개인,10700,반포동,250000.0,2025-10-10
2625,101,반포힐스테이트,11650-3687,16,6,2012,개인,,,"600,000",31,10,2025,중개거래,서울 서초구,155.95,23,16-6,1,N,26.02.10,신반포로16길,00015,00020,4163754,01,11650,0,11650,개인,10700,반포동,600000.0,2025-10-31
2626,105,신반포자이,11650-4675,160,0,2018,개인,,,"460,000",21,10,2025,중개거래,"서울 서초구, 서울 송파구",84.97,22,160,1,N,25.12.30,잠원로,00060,00000,3121019,01,11650,0,11650,개인,10600,잠원동,460000.0,2025-10-21
2627,101,서초한빛삼성,11650-42,1509,1,1999,개인,,,"202,000",31,10,2025,중개거래,서울 서초구,110.59,11,1509-1,1,N,26.02.26,서초대로40길,00072,00000,4163406,01,11650,0,11650,개인,10800,서초동,202000.0,2025-10-31
2628,106,서초교대e편한세상,11650-3579,1686,9,2010,개인,,,"235,000",31,10,2025,직거래,,110.32,4,1686-9,1,N,25.10.31,서초중앙로24길,00033,00000,4163710,01,11650,0,11650,개인,10800,서초동,235000.0,2025-10-31
2629,,서초동삼성쉐르빌2,11650-608,1330,0,2002,개인,,,"96,000",17,10,2025,중개거래,서울 서초구,70.49,19,1330,1,N,25.12.23,강남대로53길,00011,00000,4163026,01,11650,0,11650,개인,10800,서초동,96000.0,2025-10-17
2630,502,호반써밋서초파크뷰(토지임대부아파트),11650-3976,789,0,2013,개인,,,"140,000",31,10,2025,중개거래,"경기 수원시 영통구, 서울 서초구",84.99,8,789,1,Y,26.01.26,양재대로2길,00011,00000,4163748,01,11650,0,11650,개인,10300,우면동,140000.0,2025-10-31
2631,,엠브이아파트,11650-199,46,0,1994,개인,,,"250,000",31,10,2025,중개거래,서울 서초구,129.93,11,46,1,N,26.02.19,고무래로10길,00039,00000,4163042,01,11650,0,11650,개인,10700,반포동,250000.0,2025-10-31
2632,101,서초래미안,11650-523,1682,0,2003,개인,,,"345,000",31,10,2025,중개거래,"서울 서초구, 서울 송파구",111.92,18,1682,1,N,26.02.24,서초대로65길,00013,00010,4163425,01,11650,0,11650,개인,10800,서초동,345000.0,2025-10-31
2633,,반포자이,11650-3500,20,43,2009,개인,26.01.06,O,"605,000",29,10,2025,중개거래,서울 서초구,132.179,25,20-43,1,N,,신반포로,00270,00000,3121017,02,11650,0,11650,개인,10700,반포동,605000.0,2025-10-29
2634,207,서초힐스,11650-3821,773,0,2012,개인,,,"194,000",30,10,2025,중개거래,서울 서초구,84.95,16,773,1,N,26.02.25,양재대로2길,00090,00000,4163748,01,11650,0,11650,개인,10300,우면동,194000.0,2025-10-30
2635,,현대ESA2,11650-601,1542,6,2003,개인,26.01.05,O,"213,000",22,10,2025,중개거래,서울 서초구,136.25,21,1542-6,1,N,,반포대로,00122,00000,2121003,03,11650,0,11650,개인,10800,서초동,213000.0,2025-10-22
2636,2,한신로얄,11650-147,63,34,1992,개인,,,"315,000",28,10,2025,중개거래,"서울 마포구, 서울 서초구",81.05,13,63-34,1,N,26.01.30,신반포로33길,00064,00000,4163453,01,11650,0,11650,개인,10600,잠원동,315000.0,2025-10-28
2637,3,강변,11650-97,53,15,1987,개인,,,"340,000",30,10,2025,중개거래,서울 서초구,84.53,8,53-15,1,N,26.02.13,잠원로,00166,00017,3121019,01,11650,0,11650,개인,10600,잠원동,340000.0,2025-10-30
2638,101,서초한일,11650-45,1636,1,1997,개인,,,"172,000",30,10,2025,중개거래,"서울 강남구, 서울 서초구",84.98,2,1636-1,1,N,25.11.20,서초대로64길,00031,00000,4163424,01,11650,0,11650,개인,10800,서초동,172000.0,2025-10-30
2639,106,롯데캐슬클래식,11650-3300,1312,3,2006,개인,,,"355,000",27,10,2025,중개거래,서울 서초구,120.18,20,1312-3,1,N,26.01.16,서운로,00197,00000,3121016,00,11650,,11650,개인,10800,서초동,355000.0,2025-10-27
2640,404,호반써밋서초파크,11650-3974,788,0,2013,개인,,,"126,000",30,10,2025,중개거래,서울 서초구,51.89,14,788,1,N,25.12.23,양재대로2길,00033,00000,4163748,01,11650,0,11650,개인,10300,우면동,126000.0,2025-10-30
2641,,미주파스텔,11650-103,54,0,2002,개인,,,"234,000",30,10,2025,중개거래,서울 서초구,59.76,8,54,1,N,26.01.27,잠원로,00166,00004,3121019,01,11650,0,11650,개인,10600,잠원동,234000.0,2025-10-30
2642,,엠브이아파트,11650-199,46,0,1994,개인,,,"167,000",29,10,2025,중개거래,서울 서초구,59.82,13,46,1,N,26.02.19,고무래로10길,00039,00000,4163042,01,11650,0,11650,개인,10700,반포동,167000.0,2025-10-29
2643,,방배대우디오빌,11650-3191,866,20,2005,개인,,,"28,500",29,10,2025,직거래,,29.6,18,866-20,1,N,25.10.30,서초대로,00017,00000,2121002,01,11650,0,11650,개인,10100,방배동,28500.0,2025-10-29
2644,103,반포센트럴자이,11650-4805,162,0,2020,개인,,,"498,000",29,10,2025,중개거래,서울 서초구,84.95,35,162,1,N,26.01.30,반포대로,00310,00006,2121003,01,11650,0,11650,개인,10600,잠원동,498000.0,2025-10-29
2645,102,동아,11650-102,157,0,2002,개인,,,"315,000",29,10,2025,중개거래,서울 서초구,59.8,2,157,1,N,26.01.15,신반포로33길,00015,00000,4163453,01,11650,0,11650,개인,10600,잠원동,315000.0,2025-10-29
2646,101,서초한빛삼성,11650-42,1509,1,1999,개인,,,"222,000",29,10,2025,중개거래,서울 서초구,110.59,2,1509-1,1,N,26.01.22,서초대로40길,00072,00000,4163406,01,11650,0,11650,개인,10800,서초동,222000.0,2025-10-29
2647,107동,서초그랑자이,11650-4969,1757,0,2021,개인,,,"468,000",23,10,2025,중개거래,"경기 성남시 분당구, 서울 서초구",119.41,6,1757,1,N,26.01.28,효령로,00391,00000,3121021,00,11650,,11650,개인,10800,서초동,468000.0,2025-10-23
2648,101,서초동현대리츠빌,11650-741,1359,0,2002,개인,,,"210,000",21,10,2025,중개거래,서울 서초구,163.51,4,1359,1,N,26.01.16,강남대로43길,00051,00000,4163020,01,11650,0,11650,개인,10800,서초동,210000.0,2025-10-21
2649,,해청3차,11650-729,15,12,2004,개인,,,"115,000",22,10,2025,중개거래,서울 서초구,104.35,2,15-12,1,N,26.01.22,남부순환로356길,00082,00000,4163088,01,11650,0,11650,개인,10200,양재동,115000.0,2025-10-22
2650,풍림아이원플러스,풍림아이원플러스,11650-701,1338,1,2004,개인,,,"35,800",21,10,2025,중개거래,서울 서초구,35.903,9,1338-1,1,N,25.11.17,효령로77길,00014,00000,4163659,01,11650,0,11650,개인,10800,서초동,35800.0,2025-10-21
2651,102동,서초센트럴IPARK,11650-4827,1582,3,2020,개인,,,"200,000",27,10,2025,중개거래,서울 서초구,80.5332,18,1582-3,1,N,26.02.10,반포대로18길,00036,00000,4163228,00,11650,0,11650,개인,10800,서초동,200000.0,2025-10-27
2652,,더샵서초,11650-3284,1445,14,2006,개인,25.12.03,O,"245,000",30,10,2025,중개거래,서울 서초구,152.95,20,1445-14,1,N,,서초중앙로2길,00021,00000,4163718,01,11650,0,11650,개인,10800,서초동,245000.0,2025-10-30
2653,,판테옹빌라,11650-397,841,2,2002,개인,,,"260,000",2,10,2025,중개거래,서울 서초구,224.5,3,841-2,1,N,26.01.28,동광로24길,00037,00000,4163121,01,11650,0,11650,개인,10100,방배동,260000.0,2025-10-02
2654,106,방배아트e-편한세상106,11650-3174,486,8,2005,개인,,,"157,500",28,10,2025,중개거래,서울 서초구,74.87,2,486-8,1,N,25.12.23,효령로2길,00109,00000,4163631,01,11650,0,11650,개인,10100,방배동,157500.0,2025-10-28
2655,114,롯데캐슬클래식,11650-3300,1312,3,2006,개인,,,"305,000",27,10,2025,중개거래,"서울 강남구, 서울 서초구",74.3,24,1312-3,1,N,25.12.24,서운로,00200,00000,3121016,01,11650,0,11650,개인,10800,서초동,305000.0,2025-10-27
2656,105,래미안방배아트힐(1008-2),11650-658,1008,2,2004,개인,,,"288,000",28,10,2025,중개거래,서울 서초구,174.5,7,1008-2,1,N,26.01.30,남부순환로,02311,00012,2000003,01,11650,0,11650,개인,10100,방배동,288000.0,2025-10-28
2657,113,롯데캐슬클래식,11650-3300,1312,3,2006,개인,,,"350,000",27,10,2025,중개거래,서울 서초구,120.18,7,1312-3,1,N,26.01.28,서운로,00200,00000,3121016,01,11650,0,11650,개인,10800,서초동,350000.0,2025-10-27
2658,힐스테이트 서리풀 102동,"마제스타시티(힐스테이트서리풀101,102동)",11650-4516,1498,5,2017,개인,,,"200,000",28,10,2025,중개거래,서울 서초구,59.95,2,1498-5,1,N,26.02.27,서초대로38길,00012,00000,4163404,01,11650,0,11650,개인,10800,서초동,200000.0,2025-10-28
2659,,방배씨티(보성),11650-302,836,1,2000,개인,,,"132,000",28,10,2025,중개거래,서울 서초구,74.16,9,836-1,1,N,25.12.26,서초대로23길,00074,00000,4163391,01,11650,0,11650,개인,10100,방배동,132000.0,2025-10-28
2660,205,방배2차현대홈타운,11650-380,2001,0,2001,개인,,,"255,000",28,10,2025,중개거래,서울 서초구,84.94,5,2001,1,N,25.12.15,서초대로1길,00034,00000,4163389,01,11650,0,11650,개인,10100,방배동,255000.0,2025-10-28
2661,B,아크로비스타,11650-724,1685,3,2004,개인,,,"380,000",27,10,2025,중개거래,서울 서초구,161.94,26,1685-3,1,N,25.11.20,서초중앙로,00188,00000,3121024,03,11650,0,11650,개인,10800,서초동,380000.0,2025-10-27
2662,502,호반써밋서초파크뷰(토지임대부아파트),11650-3976,789,0,2013,개인,,,"141,700",28,10,2025,중개거래,서울 서초구,84.99,22,789,1,Y,26.01.02,양재대로2길,00011,00000,4163748,01,11650,0,11650,개인,10300,우면동,141700.0,2025-10-28
2663,A,아크로비스타,11650-724,1685,3,2004,개인,,,"327,000",24,10,2025,중개거래,서울 서초구,149.08,18,1685-3,1,N,26.01.16,서초중앙로,00188,00000,3121024,03,11650,0,11650,개인,10800,서초동,327000.0,2025-10-24
2664,A,현대ESA2,11650-601,1542,6,2003,개인,,,"204,000",22,10,2025,중개거래,서울 서초구,136.25,8,1542-6,1,N,25.11.05,반포대로,00122,00000,2121003,03,11650,0,11650,개인,10800,서초동,204000.0,2025-10-22
2665,103,대림e-편한세상1,11650-511,884,21,2003,개인,,,"269,000",2,10,2025,중개거래,서울 서초구,164.25,8,884-21,1,N,25.11.13,서초대로34길,00034,00000,4163403,01,11650,0,11650,개인,10100,방배동,269000.0,2025-10-02
2666,,더미켈란,11650-626,1494,4,2005,개인,,,"392,000",31,10,2025,중개거래,서울 서초구,219.44,11,1494-4,1,N,26.01.28,명달로,00091,00000,3121008,02,11650,0,11650,개인,10800,서초동,392000.0,2025-10-31
2667,509,서초포레스타5단지,11650-4026,579,0,2014,개인,,,"192,000",27,10,2025,중개거래,서울 서초구,84.84,6,579,1,N,26.01.20,청계산로7길,00043,00000,4163750,01,11650,0,11650,개인,11100,신원동,192000.0,2025-10-27
2668,래미안 서초유니빌,래미안서초유니빌,11650-518,1445,4,2003,개인,,,"86,000",14,10,2025,직거래,,66.415,14,1445-4,1,N,26.02.09,서초중앙로,00026,00000,3121024,03,11650,0,11650,개인,10800,서초동,86000.0,2025-10-14
2669,351,신반포27,11650-124,56,2,1985,법인,,,"260,550",10,10,2025,직거래,,84.49,7,56-2,1,N,25.11.28,잠원로8길,00003,00000,4163529,01,11650,0,11650,개인,10600,잠원동,260550.0,2025-10-10
2670,101,킴스빌리지,11650-142,71,12,1996,개인,,,"111,000",27,10,2025,중개거래,"대구 동구, 서울 서초구",30.9,12,71-12,1,N,25.11.24,잠원로3길,00006,00000,4163527,01,11650,0,11650,개인,10600,잠원동,111000.0,2025-10-27
2671,303,신반포7,11650-128,65,32,1980,개인,,,"460,000",4,10,2025,중개거래,서울 서초구,140.04,9,65-32,1,N,26.01.30,잠원로,00088,00000,3121019,01,11650,0,11650,개인,10600,잠원동,460000.0,2025-10-04
2672,101동,서초센트럴IPARK,11650-4827,1582,3,2020,개인,,,"195,000",18,10,2025,중개거래,서울 서초구,80.5332,21,1582-3,1,N,26.01.16,반포대로18길,00036,00000,4163228,00,11650,0,11650,개인,10800,서초동,195000.0,2025-10-18
2673,,방배비젼21빌라트,11650-294,849,2,2000,개인,,,"205,000",27,10,2025,직거래,,185.12,6,849-2,1,N,25.11.14,방배로28길,00046,00000,4163263,01,11650,0,11650,개인,10100,방배동,205000.0,2025-10-27
2674,105,래미안원베일리,11650-5126,1,0,2023,개인,,,"590,000",18,10,2025,중개거래,"서울 서초구, 서울 양천구",84.98,5,1,1,N,26.01.28,반포대로,00333,00000,2121003,00,11650,,11650,개인,10700,반포동,590000.0,2025-10-18
2675,106,신반포2,11650-117,73,0,1978,개인,,,"700,000",8,10,2025,중개거래,서울 서초구,150.58,2,73,1,N,26.01.08,신반포로23길,00041,00000,4163452,01,11650,0,11650,개인,10600,잠원동,700000.0,2025-10-08
2676,,방배대우디오빌,11650-3191,866,20,2005,개인,,,"27,000",27,10,2025,중개거래,서울 서초구,28.84,7,866-20,1,N,25.11.25,서초대로,00017,00000,2121002,01,11650,0,11650,개인,10100,방배동,27000.0,2025-10-27
2677,잠원동 대우아이빌 3동,대우아이빌,11650-101,42,13,2001,개인,,,"59,000",22,10,2025,중개거래,서울 서초구,35.38,6,42-13,1,N,25.12.29,신반포로45길,00023,00000,4163459,01,11650,0,11650,개인,10600,잠원동,59000.0,2025-10-22
2678,106,대우(효령),11650-272,1038,0,1992,개인,,,"200,000",17,10,2025,중개거래,서울 서초구,84.93,1,1038,1,N,26.01.12,효령로,00084,00000,3121021,01,11650,0,11650,개인,10100,방배동,200000.0,2025-10-17
2679,203,방배2차현대홈타운,11650-380,2001,0,2001,개인,,,"282,500",15,10,2025,중개거래,서울 서초구,147.26,18,2001,1,N,26.01.02,서초대로1길,00034,00000,4163389,01,11650,0,11650,개인,10100,방배동,282500.0,2025-10-15
2680,107,서리풀e편한세상,11650-3573,906,13,2010,개인,,,"380,000",25,10,2025,중개거래,서울 서초구,148.56,6,906-13,1,N,26.01.05,효령로33길,00050,00000,4163633,01,11650,0,11650,개인,10100,방배동,380000.0,2025-10-25
2681,307,반포미도,11650-172,60,4,1987,개인,,,"389,000",20,10,2025,중개거래,서울 서초구,84.96,1,60-4,1,N,25.12.22,서초중앙로29길,00028,00000,4163713,01,11650,0,11650,개인,10700,반포동,389000.0,2025-10-20
2682,101,한신휴플러스,11650-3289,3000,1,2006,개인,,,"178,000",25,10,2025,중개거래,"서울 동작구, 서울 서초구",84.93,19,3000-1,1,N,25.12.23,동작대로,00112,00000,2005009,01,11650,0,11650,개인,10100,방배동,178000.0,2025-10-25
2683,503,반포미도2차아파트,11650-173,60,5,1989,개인,,,"314,000",25,10,2025,중개거래,서울 서초구,71.49,1,60-5,1,N,26.01.05,사평대로,00240,00000,2121001,02,11650,0,11650,개인,10700,반포동,314000.0,2025-10-25
2684,에이,새서울맨션,11650-107,19,4,1975,개인,,,"201,000",25,10,2025,중개거래,서울 서초구,148.3,4,19-4,1,N,25.12.29,강남대로99길,00028,00000,4163041,01,11650,0,11650,개인,10600,잠원동,201000.0,2025-10-25
2685,101,방배한화,11650-369,169,24,2001,개인,,,"215,000",24,10,2025,중개거래,서울 서초구,112.68,13,169-24,1,N,26.01.05,효령로33길,00066,00031,4163633,01,11650,0,11650,개인,10100,방배동,215000.0,2025-10-24
2686,404,호반써밋서초파크,11650-3974,788,0,2013,개인,,,"122,800",24,10,2025,중개거래,서울 서초구,51.89,7,788,1,N,26.02.09,양재대로2길,00033,00000,4163748,01,11650,0,11650,개인,10300,우면동,122800.0,2025-10-24
2687,103,반포자이,11650-3500,20,43,2009,개인,,,"484,000",24,10,2025,중개거래,서울 서초구,84.943,9,20-43,1,N,26.01.28,신반포로,00270,00000,3121017,02,11650,0,11650,개인,10700,반포동,484000.0,2025-10-24
2688,101,서초극동스타클래스,11650-602,1616,10,2003,개인,,,"170,000",24,10,2025,중개거래,"서울 동작구, 서울 서초구",84.3,10,1616-10,1,N,26.01.08,서리풀4길,00043,00000,4163368,01,11650,0,11650,개인,10800,서초동,170000.0,2025-10-24
2689,105,방배1차현대홈타운,11650-290,1344,0,1999,개인,,,"279,500",16,10,2025,중개거래,서울 서초구,84.96,19,1344,1,N,25.12.31,서초대로1길,00030,00000,4163389,01,11650,0,11650,개인,10100,방배동,279500.0,2025-10-16
2690,C,아크로비스타,11650-724,1685,3,2004,개인,,,"380,000",23,10,2025,중개거래,서울 서초구,152.33,22,1685-3,1,N,26.03.27,서초중앙로,00188,00000,3121024,03,11650,0,11650,개인,10800,서초동,380000.0,2025-10-23
2691,106,동아,11650-102,157,0,2002,개인,,,"363,000",20,10,2025,중개거래,서울 서초구,84.91,10,157,1,N,26.01.15,신반포로33길,00015,00000,4163453,01,11650,0,11650,개인,10600,잠원동,363000.0,2025-10-20
2692,104,동고,11650-480,59,0,1995,개인,,,"130,000",18,10,2025,중개거래,"경기 남양주시, 서울 서초구",77.14,3,59,1,N,25.12.31,바우뫼로7길,00029,00000,4163219,01,11650,0,11650,개인,10300,우면동,130000.0,2025-10-18
2693,래미안 서초유니빌,래미안서초유니빌,11650-518,1445,4,2003,개인,,,"38,000",10,10,2025,중개거래,서울 서초구,34.052,13,1445-4,1,N,25.12.23,서초중앙로,00026,00000,3121024,03,11650,0,11650,개인,10800,서초동,38000.0,2025-10-10
2694,,방배씨티(보성),11650-302,836,1,2000,개인,,,"133,500",22,10,2025,중개거래,"서울 서초구, 서울 양천구",74.16,12,836-1,1,N,26.01.02,서초대로23길,00074,00000,4163391,01,11650,0,11650,개인,10100,방배동,133500.0,2025-10-22
2695,,서초이오빌,11650-521,1593,7,2003,개인,,,"41,000",17,10,2025,중개거래,"서울 강동구, 서울 서초구",45.96,9,1593-7,1,N,25.11.04,효령로53길,00045,00000,4163646,01,11650,0,11650,개인,10800,서초동,41000.0,2025-10-17
2696,,방배대우디오빌,11650-3191,866,20,2005,개인,,,"27,000",17,10,2025,중개거래,서울 서초구,28.84,9,866-20,1,N,25.12.18,서초대로,00017,00000,2121002,01,11650,0,11650,개인,10100,방배동,27000.0,2025-10-17
2697,102동,서초센트럴IPARK,11650-4827,1582,3,2020,개인,,,"200,000",20,10,2025,중개거래,서울 서초구,80.5098,26,1582-3,1,N,26.02.20,반포대로18길,00036,00000,4163228,00,11650,0,11650,개인,10800,서초동,200000.0,2025-10-20
2698,106,서리풀e편한세상,11650-3573,906,13,2010,개인,,,"280,000",23,10,2025,중개거래,서울 서초구,84.97,2,906-13,1,N,26.01.30,효령로33길,00050,00000,4163633,01,11650,0,11650,개인,10100,방배동,280000.0,2025-10-23
2699,403,서초네이처힐4단지,11650-3704,720,0,2011,개인,,,"174,000",24,10,2025,중개거래,서울 서초구,84.84,12,720,1,N,26.02.11,태봉로2길,00065,00000,4163582,01,11650,0,11650,개인,10300,우면동,174000.0,2025-10-24
2700,102동,서초센트럴IPARK,11650-4827,1582,3,2020,개인,,,"180,000",4,10,2025,중개거래,서울 서초구,80.5004,5,1582-3,1,N,26.01.23,반포대로18길,00036,00000,4163228,00,11650,0,11650,개인,10800,서초동,180000.0,2025-10-04
2701,702,서초네이처힐7단지,11650-3703,735,0,2011,개인,,,"167,000",17,10,2025,중개거래,"서울 강남구, 서울 서초구",84.77,5,735,1,N,26.01.19,태봉로2길,00010,00000,4163582,01,11650,0,11650,개인,10300,우면동,167000.0,2025-10-17
2702,108,방배그랑자이,11650-4970,3283,0,2021,개인,,,"242,000",20,10,2025,중개거래,서울 노원구,54.9954,7,3283,1,N,26.01.15,방배로,00021,00000,3121010,00,11650,0,11650,개인,10100,방배동,242000.0,2025-10-20
2703,A,아크로비스타,11650-724,1685,3,2004,개인,,,"340,000",17,10,2025,중개거래,서울 서초구,149.84,9,1685-3,1,N,25.12.15,서초중앙로,00188,00000,3121024,03,11650,0,11650,개인,10800,서초동,340000.0,2025-10-17
2704,A,방배아크로타워,11650-3358,923,6,2007,개인,,,"88,000",22,10,2025,중개거래,서울 서초구,60.12,3,923-6,1,N,25.11.03,방배로13길,00018,00000,4163251,01,11650,0,11650,개인,10100,방배동,88000.0,2025-10-22
2705,501,호반써밋서초파크뷰(토지임대부아파트),11650-3976,789,0,2013,개인,,,"110,000",14,10,2025,중개거래,서울 서초구,59.93,14,789,1,Y,25.11.28,양재대로2길,00011,00000,4163748,01,11650,0,11650,개인,10300,우면동,110000.0,2025-10-14
2706,,방배대우디오빌,11650-3191,866,20,2005,개인,,,"30,000",15,10,2025,중개거래,서울 서초구,29.6,20,866-20,1,N,25.12.05,서초대로,00017,00000,2121002,01,11650,0,11650,개인,10100,방배동,30000.0,2025-10-15
2707,104,서초푸르지오써밋,11650-4550,1311,10,2017,개인,,,"349,000",21,10,2025,중개거래,서울 서초구,74.96,16,1311-10,1,N,26.01.16,서운로,00201,00000,3121016,01,11650,0,11650,개인,10800,서초동,349000.0,2025-10-21
2708,102,롯데캐슬아르떼,11650-4044,424,28,2013,개인,,,"270,000",17,10,2025,중개거래,서울 서초구,59.9742,6,424-28,1,N,25.11.20,방배천로18길,00011,00000,4163687,01,11650,0,11650,개인,10100,방배동,270000.0,2025-10-17
2709,102,한진로즈힐,11650-764,3276,0,2005,개인,,,"218,000",14,10,2025,중개거래,서울 서초구,84.376,9,3276,1,N,25.12.23,서초대로1길,00002,00000,4163389,01,11650,0,11650,개인,10100,방배동,218000.0,2025-10-14
2710,,서초이오빌,11650-521,1593,7,2003,개인,,,"30,000",17,10,2025,중개거래,서울 서초구,36.66,13,1593-7,1,N,25.11.05,효령로53길,00045,00000,4163646,01,11650,0,11650,개인,10800,서초동,30000.0,2025-10-17
2711,방배디오슈페리움Ⅰ,방배디오슈페리움Ⅰ,11650-3343,3001,2,2006,개인,,,"162,500",18,10,2025,중개거래,서울 서초구,84.46,21,3001-2,1,N,26.02.05,서초대로,00003,00004,2121002,01,11650,0,11650,개인,10100,방배동,162500.0,2025-10-18
2712,103동,래미안신반포팰리스,11650-4439,158,0,2016,개인,,,"500,000",16,10,2025,중개거래,"서울 강남구, 서울 서초구",104.04,6,158,1,N,25.12.26,잠원로8길,00035,00000,4163529,00,11650,0,11650,개인,10600,잠원동,500000.0,2025-10-16
2713,105,동아,11650-102,157,0,2002,개인,,,"348,000",1,10,2025,중개거래,서울 서초구,84.91,20,157,1,N,26.01.12,신반포로33길,00015,00000,4163453,01,11650,0,11650,개인,10600,잠원동,348000.0,2025-10-01
2714,102동,서초센트럴IPARK,11650-4827,1582,3,2020,개인,,,"175,000",10,10,2025,중개거래,서울 서초구,80.5098,8,1582-3,1,N,26.01.30,반포대로18길,00036,00000,4163228,00,11650,0,11650,개인,10800,서초동,175000.0,2025-10-10
2715,101동,서초센트럴IPARK,11650-4827,1582,3,2020,개인,,,"190,000",19,10,2025,중개거래,서울 서초구,80.5332,19,1582-3,1,N,26.02.25,반포대로18길,00036,00000,4163228,00,11650,0,11650,개인,10800,서초동,190000.0,2025-10-19
2716,103,삼환나띠르빌(1002-9),11650-485,1002,9,2003,개인,,,"167,000",17,10,2025,중개거래,서울 서초구,148.99,6,1002-9,1,N,26.01.15,명달로,00033,00000,3121008,01,11650,0,11650,개인,10100,방배동,167000.0,2025-10-17
2717,아델스빌1,아델스빌1,11650-3431,612,31,2007,개인,,,"390,000",20,10,2025,중개거래,서울 서초구,243.1,5,612-31,1,N,26.02.13,동광로27길,00084,00000,4163122,02,11650,0,11650,개인,10700,반포동,390000.0,2025-10-20
2718,101,서초한신,11650-43,1454,29,2001,개인,,,"215,000",9,10,2025,중개거래,서울 서초구,115.3,4,1454-29,1,N,25.11.26,남부순환로323길,00038,00015,4163071,00,11650,0,11650,개인,10800,서초동,215000.0,2025-10-09
2719,201,서초푸르지오써밋,11650-4550,1311,10,2017,개인,,,"420,000",16,10,2025,중개거래,"서울 강남구, 서울 서초구",120.98,6,1311-10,1,N,26.01.09,서운로,00212,00000,3121016,01,11650,0,11650,개인,10800,서초동,420000.0,2025-10-16
2720,,대림서초리시온,11650-605,1671,5,2003,개인,,,"59,500",2,10,2025,중개거래,서울 서초구,48.2,12,1671-5,1,N,26.02.06,서초중앙로22길,00025,00000,4163707,01,11650,0,11650,개인,10800,서초동,59500.0,2025-10-02
2721,102동,서초센트럴IPARK,11650-4827,1582,3,2020,개인,,,"185,000",14,10,2025,중개거래,서울 서초구,80.5098,22,1582-3,1,N,26.03.04,반포대로18길,00036,00000,4163228,00,11650,0,11650,개인,10800,서초동,185000.0,2025-10-14
2722,402,호반써밋서초파크,11650-3974,788,0,2013,개인,,,"169,000",18,10,2025,중개거래,서울 서초구,84.99,16,788,1,N,26.02.09,양재대로2길,00033,00000,4163748,01,11650,0,11650,개인,10300,우면동,169000.0,2025-10-18
2723,2,아남,11650-54,1641,13,1989,개인,,,"209,000",20,10,2025,중개거래,서울 서초구,84.96,13,1641-13,1,N,26.01.16,사임당로23길,00053,00000,4163318,01,11650,0,11650,개인,10800,서초동,209000.0,2025-10-20
2724,1,삼성서초가든스위트,11650-31,1326,0,2000,개인,,,"395,000",14,10,2025,중개거래,서울 서초구,189.81,14,1326,1,N,26.01.29,서운로,00122,00000,3121016,01,11650,0,11650,개인,10800,서초동,395000.0,2025-10-14
2725,,정림,11650-343,434,3,2001,개인,,,"260,000",2,10,2025,중개거래,서울 서초구,107.83,6,434-3,1,N,26.01.27,청두곶14길,00005,00000,4163565,01,11650,0,11650,개인,10100,방배동,260000.0,2025-10-02
2726,101,삼호한숲,11650-315,1030,1,1998,개인,,,"129,000",18,10,2025,중개거래,서울 서초구,59.98,4,1030-1,1,N,25.12.16,방배로3길,00010,00003,4163274,01,11650,0,11650,개인,10100,방배동,129000.0,2025-10-18
2727,,방배샤인힐6차,11650-611,840,1,2003,개인,,,"205,000",18,10,2025,중개거래,서울 서초구,163.6,2,840-1,1,N,25.12.08,동광로24길,00045,00000,4163121,01,11650,0,11650,개인,10100,방배동,205000.0,2025-10-18
2728,,엠브이아파트,11650-199,46,0,1994,개인,,,"202,000",17,10,2025,중개거래,서울 서초구,83.4,11,46,1,N,26.01.15,고무래로10길,00039,00000,4163042,01,11650,0,11650,개인,10700,반포동,202000.0,2025-10-17
2729,102,한신타워,11650-150,71,11,1996,개인,,,"318,000",17,10,2025,중개거래,서울 서초구,84.93,15,71-11,1,N,26.01.14,잠원로3길,00008,00000,4163527,01,11650,0,11650,개인,10600,잠원동,318000.0,2025-10-17
2730,601,레미안서초6차(1520-9),11650-3277,1520,9,2006,개인,,,"216,000",18,10,2025,중개거래,서울 서초구,138.41,1,1520-9,1,N,26.01.29,반포대로21길,00074,00000,4163232,01,11650,0,11650,개인,10800,서초동,216000.0,2025-10-18
2731,,서초동삼성쉐르빌2,11650-608,1330,0,2002,개인,,,"29,000",16,10,2025,중개거래,서울 서초구,35.22,10,1330,1,N,25.12.03,강남대로53길,00011,00000,4163026,01,11650,0,11650,개인,10800,서초동,29000.0,2025-10-16
2732,A,현대ESA2,11650-601,1542,6,2003,개인,,,"180,000",14,10,2025,중개거래,서울 서초구,136.25,7,1542-6,1,N,26.01.15,반포대로,00122,00000,2121003,03,11650,0,11650,개인,10800,서초동,180000.0,2025-10-14
2733,101,서초삼성래미안,11650-24,1641,1,2001,개인,,,"250,000",16,10,2025,중개거래,서울 서초구,84.97,15,1641-1,1,N,25.12.29,사임당로17길,00116,00000,4163313,01,11650,0,11650,개인,10800,서초동,250000.0,2025-10-16
2734,106,방배1차현대홈타운,11650-290,1344,0,1999,개인,,,"265,000",14,10,2025,중개거래,서울 서초구,84.96,3,1344,1,N,25.11.28,서초대로1길,00030,00000,4163389,01,11650,0,11650,개인,10100,방배동,265000.0,2025-10-14
2735,,엠브이아파트,11650-199,46,0,1994,개인,,,"172,000",15,10,2025,중개거래,서울 서초구,59.82,5,46,1,N,26.02.13,고무래로10길,00039,00000,4163042,01,11650,0,11650,개인,10700,반포동,172000.0,2025-10-15
2736,,파라다이스(477-7),11650-636,477,7,2004,개인,,,"117,000",15,10,2025,중개거래,서울 서초구,84.82,1,477-7,1,N,25.12.30,효령로4길,00013,00000,4163643,01,11650,0,11650,개인,10100,방배동,117000.0,2025-10-15
2737,122,래미안원베일리,11650-5126,1,0,2023,개인,,,"651,000",14,10,2025,중개거래,서울 서초구,84.98,4,1,1,N,26.02.20,반포대로,00333,00000,2121003,00,11650,,11650,개인,10700,반포동,651000.0,2025-10-14
2738,2,아남,11650-54,1641,13,1989,개인,,,"210,000",20,10,2025,중개거래,서울 서초구,84.96,5,1641-13,1,N,26.02.05,사임당로23길,00053,00000,4163318,01,11650,0,11650,개인,10800,서초동,210000.0,2025-10-20
2739,107,힐스테이트서초젠트리스,11650-4103,557,0,2014,개인,,,"191,000",4,10,2025,중개거래,서울 서초구,101.9,1,557,1,N,25.12.30,헌릉로8길,00010,00012,4163749,01,11650,0,11650,개인,11100,신원동,191000.0,2025-10-04
2740,1,방배마에스트로,11650-4693,866,10,2019,개인,,,"80,200",13,10,2025,중개거래,서울 서초구,34.59,24,866-10,1,N,26.01.20,서초대로,00013,00000,2121002,01,11650,0,11650,개인,10100,방배동,80200.0,2025-10-13
2741,,라인,11650-169,70,0,1995,개인,,,"183,000",3,10,2025,중개거래,서울 서초구,59.97,3,70,1,N,25.12.22,서래로10길,00026,00000,4163357,01,11650,0,11650,개인,10700,반포동,183000.0,2025-10-03
2742,101,서초두산위브트레지움,11650-3471,1310,4,2008,개인,,,"261,000",14,10,2025,중개거래,서울 서초구,84.62,12,1310-4,1,N,26.01.20,서운로,00194,00000,3121016,01,11650,0,11650,개인,10800,서초동,261000.0,2025-10-14
2743,103,동아,11650-102,157,0,2002,개인,,,"350,000",14,10,2025,중개거래,서울 서초구,84.91,15,157,1,N,25.10.27,신반포로33길,00015,00000,4163453,01,11650,0,11650,개인,10600,잠원동,350000.0,2025-10-14
2744,101,서초한일,11650-45,1636,1,1997,개인,,,"135,000",13,10,2025,중개거래,서울 서초구,59.96,10,1636-1,1,N,25.10.31,서초대로64길,00031,00000,4163424,01,11650,0,11650,개인,10800,서초동,135000.0,2025-10-13
2745,101,서초호반써밋,11650-3963,753,0,2013,개인,,,"249,000",2,10,2025,중개거래,서울 서초구,118.1321,17,753,1,N,25.12.09,양재대로2길,00109,00000,4163748,01,11650,0,11650,개인,10300,우면동,249000.0,2025-10-02
2746,,래미안서초에스티지S,11650-4622,1754,0,2018,개인,25.11.06,O,"354,000",14,10,2025,중개거래,"서울 강남구, 서울 서초구",84.8,13,1754,1,N,,서운로,00104,00000,3121016,01,11650,0,11650,개인,10800,서초동,354000.0,2025-10-14
2747,205,서초힐스,11650-3821,773,0,2012,개인,,,"158,000",13,10,2025,중개거래,서울 서초구,59.97,8,773,1,N,26.01.27,양재대로2길,00090,00000,4163748,01,11650,0,11650,개인,10300,우면동,158000.0,2025-10-13
2748,,한신트리플,11650-590,816,1,2004,개인,,,"80,000",13,10,2025,중개거래,서울 서초구,62.75,3,816-1,1,N,25.10.23,방배로33길,00029,00000,4163268,01,11650,0,11650,개인,10100,방배동,80000.0,2025-10-13
2749,,엠브이아파트,11650-199,46,0,1994,개인,,,"172,000",13,10,2025,중개거래,서울 서초구,59.82,17,46,1,N,26.01.27,고무래로10길,00039,00000,4163042,01,11650,0,11650,개인,10700,반포동,172000.0,2025-10-13
2750,케이티파라곤,서초파라곤,11650-3235,1327,29,2005,개인,,,"105,000",11,10,2025,중개거래,서울 서초구,57.44,14,1327-29,1,N,25.12.29,서초대로74길,00029,00000,4163433,01,11650,0,11650,개인,10800,서초동,105000.0,2025-10-11
2751,,대림서초리시온,11650-605,1671,5,2003,개인,,,"53,500",11,10,2025,중개거래,서울 서초구,49.92,5,1671-5,1,N,25.10.17,서초중앙로22길,00025,00000,4163707,01,11650,0,11650,개인,10800,서초동,53500.0,2025-10-11
2752,,래미안서초유니빌,11650-518,1445,4,2003,개인,25.11.05,O,"40,500",3,10,2025,중개거래,서울 서초구,34.052,18,1445-4,1,N,,서초중앙로,00026,00000,3121024,03,11650,0,11650,개인,10800,서초동,40500.0,2025-10-03
2753,308,반포미도,11650-172,60,4,1987,개인,,,"395,000",10,10,2025,중개거래,"서울 강남구, 서울 서초구",84.96,12,60-4,1,N,26.01.23,서초중앙로29길,00028,00000,4163713,01,11650,0,11650,개인,10700,반포동,395000.0,2025-10-10
2754,,우정에쉐르,11650-702,1355,24,2004,개인,,,"98,000",3,10,2025,중개거래,서울 서초구,63.58,2,1355-24,1,N,25.11.17,서운로3길,00029,00000,4163379,01,11650,0,11650,개인,10800,서초동,98000.0,2025-10-03
2755,,두산위브(1362),11650-3250,1362,0,2005,개인,,,"119,000",13,10,2025,중개거래,"서울 강남구, 서울 서초구",78.63,3,1362,1,N,25.10.15,강남대로39길,00005,00000,4163018,01,11650,0,11650,개인,10800,서초동,119000.0,2025-10-13
2756,1,방배대우(562-1),11650-271,562,1,1992,개인,,,"164,500",10,10,2025,중개거래,서울 서초구,84.55,5,562-1,1,N,26.01.28,효령로4길,00056,00029,4163643,01,11650,0,11650,개인,10100,방배동,164500.0,2025-10-10
2757,,서초두산위브2,11650-3228,1507,38,2005,개인,,,"220,000",2,10,2025,중개거래,서울 서초구,116.28,7,1507-38,1,N,26.01.15,명달로,00112,00000,3121008,02,11650,0,11650,개인,10800,서초동,220000.0,2025-10-02
2758,101,방배블레스밸리,11650-585,1019,3,2003,개인,,,"189,500",3,10,2025,중개거래,서울 서초구,128.4,7,1019-3,1,N,25.12.05,효령로34길,00092,00000,4163634,01,11650,0,11650,개인,10100,방배동,189500.0,2025-10-03
2759,1,임광,11650-341,1015,0,1985,개인,,,"239,000",3,10,2025,중개거래,서울 서초구,84.78,11,1015,1,N,25.12.24,방배로,00014,00000,3121010,01,11650,0,11650,개인,10100,방배동,239000.0,2025-10-03
2760,501,우성아파트,11650-60,1326,17,1998,개인,,,"270,000",2,10,2025,중개거래,서울 서초구,84.93,4,1326-17,1,N,26.01.07,서초대로74길,00030,00000,4163433,01,11650,0,11650,개인,10800,서초동,270000.0,2025-10-02
2761,101,서초현대,11650-46,1648,2,1999,개인,,,"202,000",2,10,2025,중개거래,서울 서초구,84.78,3,1648-2,1,N,25.12.05,사임당로19길,00010,00000,4163315,01,11650,0,11650,개인,10800,서초동,202000.0,2025-10-02
2762,101,현대동궁아파트,11650-236,64,5,1991,개인,,,"299,000",1,10,2025,중개거래,서울 서초구,70.38,7,64-5,1,N,25.10.30,사평대로,00154,00000,2121001,02,11650,0,11650,개인,10700,반포동,299000.0,2025-10-01
2763,,신반포중앙하이츠,11650-4896,71,9,2021,개인,,,"200,000",27,10,2025,중개거래,서울 서초구,74.96,4,71-9,1,N,26.01.15,신반포로23길,00078,00010,4163452,01,11650,0,11650,개인,10600,잠원동,200000.0,2025-10-27
2764,,청광아트빌(14차),11650-350,482,4,2001,개인,,,"235,000",12,11,2025,중개거래,서울 강남구,244.84,11,482-4,1,N,26.01.16,남부순환로291길,00005,00000,4163054,01,11650,0,11650,개인,10100,방배동,235000.0,2025-11-12
2765,9,삼풍아파트,11650-28,1685,0,1988,개인,,,"305,000",17,11,2025,직거래,,79.47,14,1685,1,N,26.02.25,서초중앙로,00200,00000,3121024,03,11650,0,11650,개인,10800,서초동,305000.0,2025-11-17
2766,,보미리아파트,11650-105,32,22,2001,개인,,,"209,000",20,11,2025,중개거래,"서울 강남구, 서울 서초구",115.24,2,32-22,1,N,26.03.18,신반포로41길,00055,00000,4163456,01,11650,0,11650,개인,10600,잠원동,209000.0,2025-11-20
2767,202,서초힐스,11650-3821,773,0,2012,개인,,,"170,000",29,11,2025,중개거래,서울 서초구,74.97,1,773,1,N,26.02.04,양재대로2길,00090,00000,4163748,01,11650,0,11650,개인,10300,우면동,170000.0,2025-11-29
2768,503,삼호가든맨션(5차),11650-196,30,1,1986,개인,,,"435,000",5,11,2025,중개거래,서울 서초구,142.11,7,30-1,1,N,26.02.12,서초중앙로,00242,00000,3121024,02,11650,0,11650,개인,10700,반포동,435000.0,2025-11-05
2769,112동,래미안 리더스원,11650-4887,1755,0,2020,개인,,,"330,000",4,11,2025,중개거래,서울 서초구,59.96,15,1755,1,N,25.12.29,서운로,00062,00000,3121016,00,11650,,11650,개인,10800,서초동,330000.0,2025-11-04
2770,102,래미안퍼스티지,11650-3559,18,1,2009,개인,,,"532,000",24,11,2025,중개거래,서울 서초구,84.93,22,18-1,1,N,26.01.30,반포대로,00275,00000,2121003,02,11650,0,11650,개인,10700,반포동,532000.0,2025-11-24
2771,,푸른마을,11650-568,763,12,2003,개인,,,"93,000",29,11,2025,중개거래,서울 서초구,63.1,5,763-12,1,N,26.03.26,동광로1길,00084,00000,4163119,01,11650,0,11650,개인,10100,방배동,93000.0,2025-11-29
2772,118,래미안원베일리,11650-5126,1,0,2023,개인,,,"479,000",25,11,2025,중개거래,서울 서초구,59.96,33,1,1,N,26.02.10,반포대로,00333,00000,2121003,00,11650,,11650,개인,10700,반포동,479000.0,2025-11-25
2773,101,서초롯데캐슬프레지던트,11650-4129,1681,8,2014,개인,,,"299,000",19,11,2025,중개거래,"대구 수성구, 서울 서초구",84.97,2,1681-8,1,N,26.03.25,서초중앙로24길,00057,00000,4163710,01,11650,0,11650,개인,10800,서초동,299000.0,2025-11-19
2774,104,래미안원펜타스,11650-5174,12,0,2024,개인,,,"710,000",28,11,2025,중개거래,서울 서초구,107.6378,16,12,1,N,26.03.24,신반포로15길,00001,00000,4163450,01,11650,0,11650,개인,10700,반포동,710000.0,2025-11-28
2775,래미안 서초유니빌,래미안서초유니빌,11650-518,1445,4,2003,개인,,,"44,000",26,11,2025,중개거래,서울 서초구,45.254,5,1445-4,1,N,26.01.30,서초중앙로,00026,00000,3121024,03,11650,0,11650,개인,10800,서초동,44000.0,2025-11-26
2776,105,서초호반써밋,11650-3963,753,0,2013,개인,,,"243,000",26,11,2025,중개거래,서울 서초구,118.1321,7,753,1,N,26.03.30,양재대로2길,00109,00000,4163748,01,11650,0,11650,개인,10300,우면동,243000.0,2025-11-26
2777,,방배대우디오빌,11650-3191,866,20,2005,개인,,,"28,500",26,11,2025,중개거래,서울 서초구,29.6,4,866-20,1,N,26.02.05,서초대로,00017,00000,2121002,01,11650,0,11650,개인,10100,방배동,28500.0,2025-11-26
2778,107,방배1차현대홈타운,11650-290,1344,0,1999,개인,,,"113,900",20,11,2025,직거래,,59.94,12,1344,1,N,26.01.07,서초대로1길,00030,00000,4163389,01,11650,0,11650,개인,10100,방배동,113900.0,2025-11-20
2779,101,서초한신,11650-43,1454,29,2001,개인,,,"195,000",29,11,2025,중개거래,"서울 강남구, 서울 서초구",84.99,1,1454-29,1,N,26.01.26,남부순환로323길,00038,00015,4163071,00,11650,0,11650,개인,10800,서초동,195000.0,2025-11-29
2780,1,현대쉴러하우스,11650-3437,853,19,2008,개인,,,"183,000",29,11,2025,중개거래,서울 서초구,137.27,2,853-19,1,N,26.02.26,서초대로23길,00031,00000,4163391,01,11650,0,11650,개인,10100,방배동,183000.0,2025-11-29
2781,103,방배3차e-편한세상,11650-3281,797,30,2006,개인,,,"409,000",19,11,2025,중개거래,서울 서초구,216.7346,4,797-30,1,N,26.01.30,동광로,00089,00005,3121004,01,11650,0,11650,개인,10100,방배동,409000.0,2025-11-19
2782,109,래미안퍼스티지,11650-3559,18,1,2009,개인,,,"550,000",26,11,2025,중개거래,서울 서초구,84.93,24,18-1,1,N,26.01.20,반포대로,00275,00000,2121003,02,11650,0,11650,개인,10700,반포동,550000.0,2025-11-26
2783,102,서초래미안,11650-523,1682,0,2003,개인,,,"327,000",25,11,2025,중개거래,"서울 마포구, 서울 서초구",96.87,16,1682,1,N,26.04.20,서초대로65길,00013,00010,4163425,01,11650,0,11650,개인,10800,서초동,327000.0,2025-11-25
2784,,서초힐스,11650-3821,773,0,2012,개인,26.02.03,O,"170,000",29,11,2025,중개거래,서울 서초구,74.97,1,773,1,N,,양재대로2길,00090,00000,4163748,01,11650,0,11650,개인,10300,우면동,170000.0,2025-11-29
2785,래미안 서초유니빌,래미안서초유니빌,11650-518,1445,4,2003,개인,,,"72,000",22,11,2025,중개거래,서울 서초구,46.35,23,1445-4,1,N,26.02.10,서초중앙로,00026,00000,3121024,03,11650,0,11650,개인,10800,서초동,72000.0,2025-11-22
2786,105,서초교대e편한세상,11650-3579,1686,9,2010,개인,,,"268,000",6,11,2025,중개거래,서울 서초구,59.9,11,1686-9,1,N,26.02.20,서초중앙로24길,00033,00000,4163710,01,11650,0,11650,개인,10800,서초동,268000.0,2025-11-06
2787,,두산위브,11650-531,76,2,2003,개인,,,"143,000",13,11,2025,중개거래,서울 서초구,46.95,7,76-2,1,N,25.12.26,반포대로,00310,00000,2121003,01,11650,0,11650,개인,10600,잠원동,143000.0,2025-11-13
2788,101,힐스테이트서초젠트리스,11650-4103,557,0,2014,개인,,,"180,000",29,11,2025,중개거래,서울 서초구,84.95,1,557,1,N,26.02.27,헌릉로8길,00010,00012,4163749,01,11650,0,11650,개인,11100,신원동,180000.0,2025-11-29
2789,108,래미안원베일리,11650-5126,1,0,2023,개인,,,"600,000",19,11,2025,중개거래,서울 서초구,84.93,4,1,1,N,26.01.30,반포대로,00333,00000,2121003,00,11650,,11650,개인,10700,반포동,600000.0,2025-11-19
2790,111,서초더샵포레,11650-4063,411,0,2014,개인,,,"155,000",29,11,2025,중개거래,서울 서초구,59.69,11,411,1,N,26.02.27,헌릉로8길,00058,00000,4163749,02,11650,0,11650,개인,10900,내곡동,155000.0,2025-11-29
2791,,방배대성유니드아파트,11650-513,957,7,2003,개인,,,"183,000",14,11,2025,중개거래,서울 서초구,124.95,4,957-7,1,N,26.01.30,도구로,00073,00000,3121003,01,11650,0,11650,개인,10100,방배동,183000.0,2025-11-14
2792,108,방배1차현대홈타운,11650-290,1344,0,1999,개인,,,"250,000",10,11,2025,직거래,,134.76,7,1344,1,N,26.01.07,서초대로1길,00030,00000,4163389,01,11650,0,11650,개인,10100,방배동,250000.0,2025-11-10
2793,102,방배브라운가,11650-569,930,1,2006,개인,,,"195,000",2,11,2025,중개거래,서울 서초구,84.94,8,930-1,1,N,26.02.26,방배로19길,00067,00000,4163255,01,11650,0,11650,개인,10100,방배동,195000.0,2025-11-02
2794,125,래미안퍼스티지,11650-3559,18,1,2009,개인,,,"395,000",15,11,2025,중개거래,서울 서초구,59.96,28,18-1,1,N,26.02.25,반포대로,00275,00000,2121003,02,11650,0,11650,개인,10700,반포동,395000.0,2025-11-15
2795,109,래미안퍼스티지,11650-3559,18,1,2009,개인,,,"515,000",29,11,2025,중개거래,서울 서초구,84.93,26,18-1,1,N,26.03.27,반포대로,00275,00000,2121003,02,11650,0,11650,개인,10700,반포동,515000.0,2025-11-29
2796,잠원동 대우아이빌 3동,대우아이빌,11650-101,42,13,2001,개인,,,"62,500",29,11,2025,중개거래,서울 서초구,35.38,4,42-13,1,N,26.01.22,신반포로45길,00023,00000,4163459,01,11650,0,11650,개인,10600,잠원동,62500.0,2025-11-29
2797,,현대이에스에이아파트,11650-532,1338,0,2002,개인,,,"157,000",1,11,2025,중개거래,서울 서초구,116.04,8,1338,1,N,26.02.03,효령로77길,00020,00000,4163659,01,11650,0,11650,개인,10800,서초동,157000.0,2025-11-01
2798,113,우성KBS(113동),11650-488,160,2,1996,개인,,,"200,000",8,11,2025,중개거래,서울 서초구,84.69,8,160-2,1,N,26.02.11,바우뫼로,00091,00000,3121009,01,11650,0,11650,개인,10200,양재동,200000.0,2025-11-08
2799,,잠원현대훼밀리,11650-138,59,3,1997,개인,,,"248,000",11,11,2025,중개거래,서울 서초구,59.56,16,59-3,1,N,26.02.23,신반포로,00261,00000,3121017,01,11650,0,11650,개인,10600,잠원동,248000.0,2025-11-11
2800,,공작빌라트,11650-264,1029,1,1995,개인,26.02.07,O,"170,000",22,11,2025,중개거래,서울 서초구,148.08,7,1029-1,1,N,,방배로5길,00033,00000,4163280,01,11650,0,11650,개인,10100,방배동,170000.0,2025-11-22
2801,102,우성,11650-440,154,2,1991,개인,,,"200,000",6,11,2025,중개거래,서울 서초구,73.15,5,154-2,1,N,26.02.13,바우뫼로,00091,00000,3121009,01,11650,0,11650,개인,10200,양재동,200000.0,2025-11-06
2802,9,삼호2,11650-310,758,4,1976,개인,,,"269,500",11,11,2025,직거래,,177.52,12,758-4,1,N,26.02.13,방배로43길,00030,00000,4163277,01,11650,0,11650,개인,10100,방배동,269500.0,2025-11-11
2803,,리베하임,11650-3628,488,2,2016,개인,,,"79,000",25,11,2025,중개거래,서울 서초구,76.41,6,488-2,1,N,26.02.12,효령로2길,00132,00000,4163631,01,11650,0,11650,개인,10100,방배동,79000.0,2025-11-25
2804,101,롯데캐슬헤론,11650-3317,754,1,2006,개인,,,"265,000",14,11,2025,중개거래,서울 서초구,168.81,17,754-1,1,N,26.01.16,동광로1길,00112,00000,4163119,01,11650,0,11650,개인,10100,방배동,265000.0,2025-11-14
2805,101,반포두산힐스빌,11650-168,54,5,2001,개인,,,"149,000",15,11,2025,중개거래,서울 서초구,58.7,7,54-5,1,N,26.02.27,고무래로10길,00016,00000,4163042,01,11650,0,11650,개인,10700,반포동,149000.0,2025-11-15
2806,129,반포자이,11650-3500,20,43,2009,개인,,,"803,000",18,11,2025,중개거래,서울 서초구,244.972,26,20-43,1,N,26.01.30,신반포로,00270,00000,3121017,02,11650,0,11650,개인,10700,반포동,803000.0,2025-11-18
2807,102,더샵서초,11650-3284,1445,14,2006,개인,,,"245,000",1,11,2025,중개거래,서울 서초구,152.95,20,1445-14,1,N,25.12.03,서초중앙로2길,00021,00000,4163718,01,11650,0,11650,개인,10800,서초동,245000.0,2025-11-01
2808,,엠브이아파트,11650-199,46,0,1994,개인,,,"165,000",3,11,2025,중개거래,서울 서초구,59.82,8,46,1,N,26.02.27,고무래로10길,00039,00000,4163042,01,11650,0,11650,개인,10700,반포동,165000.0,2025-11-03
2809,,미주파스텔,11650-103,54,0,2002,개인,,,"221,000",24,11,2025,중개거래,서울 서초구,59.57,4,54,1,N,26.03.16,잠원로,00166,00004,3121019,01,11650,0,11650,개인,10600,잠원동,221000.0,2025-11-24
2810,509,서초포레스타5단지,11650-4026,579,0,2014,개인,,,"199,000",25,11,2025,중개거래,서울 서초구,84.81,6,579,1,N,26.03.16,청계산로7길,00043,00000,4163750,01,11650,0,11650,개인,11100,신원동,199000.0,2025-11-25
2811,106,코오롱,11650-482,70,0,1994,개인,,,"147,000",14,11,2025,중개거래,서울 서초구,52.47,5,70,1,N,26.02.27,바우뫼로,00053,00000,3121009,02,11650,0,11650,개인,10300,우면동,147000.0,2025-11-14
2812,,보미리아파트,11650-105,32,22,2001,개인,26.02.04,O,"209,000",20,11,2025,중개거래,"서울 강남구, 서울 서초구",115.24,2,32-22,1,N,,신반포로41길,00055,00000,4163456,01,11650,0,11650,개인,10600,잠원동,209000.0,2025-11-20
2813,,방배대우디오빌,11650-3191,866,20,2005,개인,,,"28,000",8,11,2025,중개거래,서울 서초구,29.6,9,866-20,1,N,25.12.10,서초대로,00017,00000,2121002,01,11650,0,11650,개인,10100,방배동,28000.0,2025-11-08
2814,풍림아이원플러스,풍림아이원플러스,11650-701,1338,1,2004,개인,,,"24,000",20,11,2025,직거래,,28.666,15,1338-1,1,N,25.12.03,효령로77길,00014,00000,4163659,01,11650,0,11650,개인,10800,서초동,24000.0,2025-11-20
2815,206,방배2차현대홈타운,11650-380,2001,0,2001,개인,,,"264,000",25,11,2025,중개거래,서울 서초구,84.94,8,2001,1,N,26.02.06,서초대로1길,00034,00000,4163389,01,11650,0,11650,개인,10100,방배동,264000.0,2025-11-25
2816,201동,경남아너스빌201동,11650-3257,1456,2,2006,개인,,,"190,100",7,11,2025,중개거래,서울 서초구,84.95,6,1456-2,1,N,26.02.05,반포대로10길,00042,00000,4163222,01,11650,0,11650,개인,10800,서초동,190100.0,2025-11-07
2817,,잠원현대훼밀리,11650-138,59,3,1997,개인,,,"279,000",28,11,2025,중개거래,서울 서초구,84.51,14,59-3,1,N,26.02.27,신반포로,00261,00000,3121017,01,11650,0,11650,개인,10600,잠원동,279000.0,2025-11-28
2818,B,반포서래월드메르디앙스칼라아파트B동,11650-766,550,27,2005,개인,,,"178,000",15,11,2025,중개거래,서울 서초구,123.08,6,550-27,1,N,26.02.04,반포대로39길,00069,00000,4163242,01,11650,0,11650,개인,10700,반포동,178000.0,2025-11-15
2819,,광해리드빌,11650-650,917,5,2004,개인,,,"128,000",27,11,2025,중개거래,서울 서초구,116.11,1,917-5,1,N,25.12.31,방배로11길,00049,00000,4163250,01,11650,0,11650,개인,10100,방배동,128000.0,2025-11-27
2820,동아빌리지,동아빌리지,11650-3483,1523,17,2008,개인,,,"62,000",28,11,2025,직거래,,76.01,4,1523-17,1,N,25.12.02,반포대로19길,00009,00026,4163229,01,11650,0,11650,개인,10800,서초동,62000.0,2025-11-28
2821,A,현대슈퍼빌,11650-519,1446,11,2003,개인,,,"298,000",21,11,2025,중개거래,"경기 의정부시, 서울 서초구",164.87,7,1446-11,1,N,26.03.17,서초중앙로,00015,00000,3121024,03,11650,0,11650,개인,10800,서초동,298000.0,2025-11-21
2822,511,서초포레스타5단지,11650-4026,579,0,2014,개인,,,"199,500",29,11,2025,중개거래,서울 서초구,84.51,6,579,1,N,26.01.28,청계산로7길,00043,00000,4163750,01,11650,0,11650,개인,11100,신원동,199500.0,2025-11-29
2823,107,한라,11650-483,67,0,1994,개인,,,"148,000",26,11,2025,중개거래,서울 서초구,59.98,5,67,1,N,26.01.27,바우뫼로,00033,00000,3121009,02,11650,0,11650,개인,10300,우면동,148000.0,2025-11-26
2824,,롯데캐슬파크(38),11650-401,888,38,2002,개인,,,"325,000",14,11,2025,중개거래,서울 서초구,244.91,8,888-38,1,N,26.02.27,방배로18길,00091,00000,4163254,01,11650,0,11650,개인,10100,방배동,325000.0,2025-11-14
2825,,방배대우디오빌,11650-3191,866,20,2005,개인,,,"29,800",29,11,2025,중개거래,서울 서초구,29.6,14,866-20,1,N,26.02.06,서초대로,00017,00000,2121002,01,11650,0,11650,개인,10100,방배동,29800.0,2025-11-29
2826,,서초동삼성쉐르빌2,11650-608,1330,0,2002,개인,,,"30,500",3,11,2025,중개거래,"서울 강남구, 서울 서초구",35.17,7,1330,1,N,26.01.30,강남대로53길,00011,00000,4163026,01,11650,0,11650,개인,10800,서초동,30500.0,2025-11-03
2827,115,서초더샵포레,11650-4063,411,0,2014,개인,,,"178,000",22,11,2025,중개거래,서울 서초구,101.95,3,411,1,N,26.03.03,헌릉로8길,00058,00000,4163749,02,11650,0,11650,개인,10900,내곡동,178000.0,2025-11-22
2828,101,방배브라운가,11650-569,930,1,2006,개인,,,"195,000",4,11,2025,중개거래,서울 서초구,124.67,2,930-1,1,N,26.02.26,방배로19길,00067,00000,4163255,01,11650,0,11650,개인,10100,방배동,195000.0,2025-11-04
2829,122,반포자이,11650-3500,20,43,2009,개인,,,"650,000",6,11,2025,중개거래,서울 서초구,165.446,20,20-43,1,N,26.02.27,신반포로,00270,00000,3121017,02,11650,0,11650,개인,10700,반포동,650000.0,2025-11-06
2830,104동,아크로리버파크,11650-4440,2,12,2016,개인,,,"470,000",6,11,2025,중개거래,서울 서초구,59.95,15,2-12,1,N,26.01.30,신반포로15길,00019,00000,4163450,00,11650,0,11650,개인,10700,반포동,470000.0,2025-11-06
2831,106동,래미안신반포팰리스,11650-4439,158,0,2016,개인,,,"375,000",20,11,2025,직거래,,84.49,3,158,1,N,26.02.06,잠원로8길,00035,00000,4163529,00,11650,0,11650,개인,10600,잠원동,375000.0,2025-11-20
2832,,방배대우디오빌,11650-3191,866,20,2005,개인,,,"45,000",15,11,2025,중개거래,"서울 동작구, 서울 서초구",36.63,7,866-20,1,N,26.01.19,서초대로,00017,00000,2121002,01,11650,0,11650,개인,10100,방배동,45000.0,2025-11-15
2833,,서초힐하우스,11650-96,1612,2,2002,개인,,,"120,000",6,11,2025,중개거래,서울 서초구,111.92,1,1612-2,1,N,26.01.23,서리풀길,00028,00000,4163371,01,11650,0,11650,개인,10800,서초동,120000.0,2025-11-06
2834,,서초롯데캐슬프레지던트,11650-4129,1681,8,2014,개인,25.12.18,O,"299,000",19,11,2025,중개거래,서울 서초구,84.97,2,1681-8,1,N,,서초중앙로24길,00057,00000,4163710,01,11650,0,11650,개인,10800,서초동,299000.0,2025-11-19
2835,109,삼성래미안1,11650-503,2626,0,2003,개인,,,"205,000",4,11,2025,중개거래,서울 서초구,114.94,7,2626,1,N,26.02.13,방배선행길,00002,00000,4163671,01,11650,0,11650,개인,10100,방배동,205000.0,2025-11-04
2836,,신반포4,11650-125,70,0,1979,개인,26.02.05,O,"648,000",22,11,2025,중개거래,서울 서초구,155.0,3,70,1,N,,잠원로,00037,00048,3121019,01,11650,0,11650,개인,10600,잠원동,648000.0,2025-11-22
2837,한라비발디스튜디오193,한라비발디스튜디오193,11650-3926,1363,25,2013,개인,,,"31,800",25,11,2025,중개거래,서울 서초구,25.75,9,1363-25,1,N,25.11.28,강남대로39길,00015,00010,4163018,01,11650,0,11650,개인,10800,서초동,31800.0,2025-11-25
2838,303,방배3차현대홈타운,11650-732,2233,0,2004,개인,,,"247,000",18,11,2025,중개거래,서울 서초구,122.825,2,2233,1,N,26.01.30,방배중앙로21길,00055,00000,4163677,01,11650,0,11650,개인,10100,방배동,247000.0,2025-11-18
2839,102,신반포청구,11650-141,63,2,1998,개인,,,"297,000",25,11,2025,중개거래,서울 서초구,59.91,12,63-2,1,N,25.12.29,신반포로33길,00066,00000,4163453,01,11650,0,11650,개인,10600,잠원동,297000.0,2025-11-25
2840,108,방배그랑자이,11650-4970,3283,0,2021,개인,,,"340,000",10,11,2025,중개거래,서울 서초구,84.972,8,3283,1,N,26.02.23,방배로,00021,00000,3121010,00,11650,0,11650,개인,10100,방배동,340000.0,2025-11-10
2841,101,신반포청구,11650-141,63,2,1998,개인,,,"300,000",3,11,2025,중개거래,서울 서초구,84.86,1,63-2,1,N,25.12.30,신반포로33길,00066,00000,4163453,01,11650,0,11650,개인,10600,잠원동,300000.0,2025-11-03
2842,햄프턴코트,햄프턴코트,11650-734,1428,1,2004,개인,,,"187,000",22,11,2025,중개거래,서울 서초구,149.1,2,1428-1,1,N,25.12.19,서초중앙로2길,00048,00000,4163718,01,11650,0,11650,개인,10800,서초동,187000.0,2025-11-22
2843,106,코오롱,11650-482,70,0,1994,개인,,,"150,000",23,11,2025,중개거래,서울 서초구,52.47,1,70,1,N,26.02.27,바우뫼로,00053,00000,3121009,02,11650,0,11650,개인,10300,우면동,150000.0,2025-11-23
2844,101,방배1차현대홈타운,11650-290,1344,0,1999,개인,,,"220,000",25,11,2025,중개거래,"서울 서초구, 서울 송파구",59.94,5,1344,1,N,26.02.25,서초대로1길,00030,00000,4163389,01,11650,0,11650,개인,10100,방배동,220000.0,2025-11-25
2845,103,대림e-편한세상1,11650-511,884,21,2003,개인,,,"275,000",25,11,2025,중개거래,"서울 강남구, 서울 서초구",164.25,5,884-21,1,N,26.01.23,서초대로34길,00034,00000,4163403,01,11650,0,11650,개인,10100,방배동,275000.0,2025-11-25
2846,103,서초네이처힐1단지,11650-3863,707,0,2012,개인,,,"217,500",1,11,2025,중개거래,"서울 강남구, 서울 서초구",114.71,5,707,1,N,26.01.30,형촌길,00035,00000,4163604,01,11650,0,11650,개인,10300,우면동,217500.0,2025-11-01
2847,201,방배래미안타워,11650-759,485,3,2005,개인,,,"240,000",25,11,2025,중개거래,서울 서초구,134.36,8,485-3,1,N,26.03.09,남부순환로,02183,00000,2000003,01,11650,0,11650,개인,10100,방배동,240000.0,2025-11-25
2848,101,래미안퍼스티지,11650-3559,18,1,2009,개인,,,"552,500",11,11,2025,중개거래,서울 서초구,84.93,26,18-1,1,N,26.02.27,반포대로,00275,00000,2121003,02,11650,0,11650,개인,10700,반포동,552500.0,2025-11-11
2849,106,대림,11650-479,57,0,1995,개인,,,"200,000",25,11,2025,중개거래,서울 서초구,130.89,11,57,1,N,26.01.16,바우뫼로7길,00051,00000,4163219,01,11650,0,11650,개인,10300,우면동,200000.0,2025-11-25
2850,122,래미안퍼스티지,11650-3559,18,1,2009,개인,,,"780,000",19,11,2025,중개거래,서울 서초구,198.22,20,18-1,1,N,26.01.28,반포대로,00275,00000,2121003,02,11650,0,11650,개인,10700,반포동,780000.0,2025-11-19
2851,120,서초더샵포레,11650-4063,411,0,2014,개인,,,"161,000",15,11,2025,중개거래,"서울 강남구, 서울 서초구",84.81,4,411,1,N,26.03.05,헌릉로8길,00058,00000,4163749,02,11650,0,11650,개인,10900,내곡동,161000.0,2025-11-15
2852,,청광아트빌(14차),11650-350,482,4,2001,개인,26.07.20,O,"235,000",12,11,2025,중개거래,서울 강남구,244.84,11,482-4,1,N,,남부순환로291길,00005,00000,4163054,01,11650,0,11650,개인,10100,방배동,235000.0,2025-11-12
2853,116,래미안원베일리,11650-5126,1,0,2023,개인,,,"450,000",25,11,2025,중개거래,서울 서초구,59.96,26,1,1,N,25.11.28,반포대로,00333,00000,2121003,00,11650,,11650,개인,10700,반포동,450000.0,2025-11-25
2854,디오슈페리움2,디오수페리움2,11650-3311,3001,1,2006,개인,,,"160,000",7,11,2025,중개거래,"서울 강남구, 서울 서초구",84.98,9,3001-1,1,N,26.02.26,동작대로,00108,00000,2005009,01,11650,0,11650,개인,10100,방배동,160000.0,2025-11-07
2855,,양재파크뷰,11650-478,8,37,2002,개인,,,"107,000",22,11,2025,중개거래,서울 서초구,84.99,1,8-37,1,N,26.02.26,바우뫼로39길,00088,00003,4163214,01,11650,0,11650,개인,10200,양재동,107000.0,2025-11-22
2856,101동,반포써밋,11650-4703,1342,0,2018,개인,,,"462,000",11,11,2025,중개거래,서울 서초구,106.511,20,1342,1,N,26.02.24,고무래로,00089,00000,3121001,00,11650,0,11650,개인,10700,반포동,462000.0,2025-11-11
2857,102동,동일하이빌,11650-3339,1542,1,2006,개인,,,"162,000",4,11,2025,중개거래,서울 서초구,84.98,13,1542-1,1,N,26.04.21,서초대로,00240,00000,2121002,02,11650,0,11650,개인,10800,서초동,162000.0,2025-11-04
2858,505,서초3차e편한세상,11650-3224,1467,37,2005,개인,,,"255,000",15,11,2025,중개거래,서울 서초구,158.24,3,1467-37,1,N,26.02.02,남부순환로,02343,00010,2000003,03,11650,0,11650,개인,10800,서초동,255000.0,2025-11-15
2859,509,서초포레스타5단지,11650-4026,579,0,2014,개인,,,"199,500",21,11,2025,중개거래,서울 서초구,84.4,4,579,1,N,26.04.07,청계산로7길,00043,00000,4163750,01,11650,0,11650,개인,11100,신원동,199500.0,2025-11-21
2860,1,삼호1동~3동,11650-309,770,1,1975,개인,,,"220,000",21,11,2025,중개거래,서울 서초구,80.33,11,770-1,1,N,26.02.03,방배로43길,00005,00000,4163277,00,11650,,11650,개인,10100,방배동,220000.0,2025-11-21
2861,104,서초자이,11650-3272,1444,7,2006,개인,,,"250,000",22,11,2025,중개거래,강원 원주시,116.85,16,1444-7,1,N,26.01.30,효령로68길,00081,00000,4163654,01,11650,0,11650,개인,10800,서초동,250000.0,2025-11-22
2862,B,서초트라팰리스,11650-3238,1344,13,2005,개인,,,"245,000",22,11,2025,중개거래,서울 서초구,126.56,6,1344-13,1,N,25.12.19,효령로72길,00057,00000,4163657,01,11650,0,11650,개인,10800,서초동,245000.0,2025-11-22
2863,201,래미안서초에스티지S,11650-4622,1754,0,2018,개인,,,"365,000",18,11,2025,중개거래,서울 서초구,84.96,14,1754,1,N,26.03.09,서운로,00104,00000,3121016,01,11650,0,11650,개인,10800,서초동,365000.0,2025-11-18
2864,,신화,11650-132,54,7,1997,개인,,,"225,000",9,11,2025,중개거래,서울 서초구,57.33,16,54-7,1,N,26.02.06,잠원로14길,00054,00000,4163526,01,11650,0,11650,개인,10600,잠원동,225000.0,2025-11-09
2865,501,우성아파트,11650-60,1326,17,1998,개인,,,"270,000",22,11,2025,중개거래,"경기 구리시, 서울 서초구",76.67,19,1326-17,1,N,26.02.23,서초대로74길,00030,00000,4163433,01,11650,0,11650,개인,10800,서초동,270000.0,2025-11-22
2866,201,서초포레스타2단지,11650-4156,384,0,2015,개인,,,"179,000",22,11,2025,중개거래,서울 서초구,84.48,8,384,1,N,26.02.20,헌릉로8길,00045,00000,4163749,02,11650,0,11650,개인,10900,내곡동,179000.0,2025-11-22
2867,,예당하우스,11650-212,577,5,2002,개인,,,"105,000",22,11,2025,중개거래,서울 서초구,84.49,3,577-5,1,N,26.01.30,동광로42길,00004,00000,4163130,01,11650,0,11650,개인,10700,반포동,105000.0,2025-11-22
2868,312,서초네이처힐3단지,11650-3864,717,0,2013,개인,,,"192,000",22,11,2025,중개거래,서울 서초구,84.84,9,717,1,N,26.02.24,태봉로2길,00060,00000,4163582,01,11650,0,11650,개인,10300,우면동,192000.0,2025-11-22
2869,101,삼호한숲,11650-315,1030,1,1998,개인,,,"138,000",22,11,2025,중개거래,서울 서초구,59.98,8,1030-1,1,N,26.01.28,방배로3길,00010,00003,4163274,01,11650,0,11650,개인,10100,방배동,138000.0,2025-11-22
2870,101,서초한빛삼성,11650-42,1509,1,1999,개인,,,"133,000",7,11,2025,중개거래,서울 서초구,59.52,1,1509-1,1,N,26.01.30,서초대로40길,00072,00000,4163406,01,11650,0,11650,개인,10800,서초동,133000.0,2025-11-07
2871,래미안 서초유니빌,래미안서초유니빌,11650-518,1445,4,2003,개인,,,"50,000",22,11,2025,중개거래,서울 서초구,45.255,14,1445-4,1,N,26.03.10,서초중앙로,00026,00000,3121024,03,11650,0,11650,개인,10800,서초동,50000.0,2025-11-22
2872,103,방배1차현대홈타운,11650-290,1344,0,1999,개인,,,"180,000",3,11,2025,중개거래,서울 서초구,59.94,8,1344,1,N,26.02.27,서초대로1길,00030,00000,4163389,01,11650,0,11650,개인,10100,방배동,180000.0,2025-11-03
2873,The H. Herren,TheHerren,11650-4538,812,1,2017,개인,,,"118,500",3,11,2025,중개거래,"서울 강남구, 서울 서초구",61.41,5,812-1,1,N,25.12.31,서초대로23길,00106,00000,4163391,00,11650,0,11650,개인,10100,방배동,118500.0,2025-11-03
2874,107,반포센트럴자이,11650-4805,162,0,2020,개인,,,"550,000",20,11,2025,중개거래,서울 서초구,114.78,17,162,1,N,25.11.27,반포대로,00310,00006,2121003,01,11650,0,11650,개인,10600,잠원동,550000.0,2025-11-20
2875,306,반포미도,11650-172,60,4,1987,개인,,,"410,000",18,11,2025,중개거래,서울 서초구,84.96,14,60-4,1,N,26.02.25,서초중앙로29길,00028,00000,4163713,01,11650,0,11650,개인,10700,반포동,410000.0,2025-11-18
2876,201,서초4현대,11650-30,1684,0,2000,개인,,,"200,000",19,11,2025,중개거래,서울 서초구,67.83,1,1684,1,N,26.02.12,고무래로,00094,00000,3121001,02,11650,0,11650,개인,10800,서초동,200000.0,2025-11-19
2877,2,삼호1동~3동,11650-309,770,1,1975,개인,,,"240,000",15,11,2025,중개거래,서울 서초구,81.39,10,770-1,1,N,26.02.26,방배로43길,00021,00000,4163277,01,11650,0,11650,개인,10100,방배동,240000.0,2025-11-15
2878,107동,아크로리버파크,11650-4440,2,12,2016,개인,,,"430,000",12,11,2025,중개거래,서울 서초구,59.97,8,2-12,1,N,26.02.27,신반포로15길,00019,00000,4163450,00,11650,0,11650,개인,10700,반포동,430000.0,2025-11-12
2879,,프리우스,11650-761,846,1,2004,개인,,,"121,000",19,11,2025,중개거래,서울 서초구,73.25,5,846-1,1,N,26.01.23,방배로30길,00084,00000,4163265,01,11650,0,11650,개인,10100,방배동,121000.0,2025-11-19
2880,서초쌍용플래티넘,서초쌍용플래티넘,11650-3276,1445,13,2006,개인,,,"72,700",15,11,2025,중개거래,"서울 강남구, 서울 서초구",55.59,11,1445-13,1,N,26.01.08,서초중앙로,00018,00000,3121024,03,11650,0,11650,개인,10800,서초동,72700.0,2025-11-15
2881,5,진흥아파트,11650-66,1315,0,1979,개인,,,"430,000",2,11,2025,중개거래,서울 서초구,160.46,11,1315,1,N,26.03.06,서초대로,00385,00000,2121002,02,11650,0,11650,개인,10800,서초동,430000.0,2025-11-02
2882,101,디에이치반포라클라스,11650-4959,1343,0,2021,개인,,,"360,000",4,11,2025,중개거래,서울 서초구,59.9928,12,1343,1,N,26.02.26,서초중앙로,00206,00000,3121024,00,11650,,11650,개인,10700,반포동,360000.0,2025-11-04
2883,111,서초더샵포레,11650-4063,411,0,2014,개인,,,"150,000",19,11,2025,중개거래,"서울 서초구, 서울 종로구",59.69,7,411,1,N,26.01.20,헌릉로8길,00058,00000,4163749,02,11650,0,11650,개인,10900,내곡동,150000.0,2025-11-19
2884,,방배대우디오빌,11650-3191,866,20,2005,개인,,,"30,000",12,11,2025,중개거래,서울 서초구,29.6,15,866-20,1,N,26.03.09,서초대로,00017,00000,2121002,01,11650,0,11650,개인,10100,방배동,30000.0,2025-11-12
2885,101동,더샵반포리버파크,11650-4997,114,1,2022,개인,,,"160,500",18,11,2025,중개거래,서울 서초구,49.986,5,114-1,1,N,26.01.15,사평대로,00073,00000,2121001,00,11650,0,11650,법인,10700,반포동,160500.0,2025-11-18
2886,101,현대,11650-152,53,0,1993,개인,,,"290,000",14,11,2025,중개거래,서울 서초구,84.87,1,53,1,N,26.02.27,잠원로12길,00004,00000,4163525,01,11650,0,11650,개인,10600,잠원동,290000.0,2025-11-14
2887,118,래미안원베일리,11650-5126,1,0,2023,개인,,,"470,000",1,11,2025,중개거래,서울 서초구,59.96,25,1,1,N,26.01.30,반포대로,00333,00000,2121003,00,11650,,11650,개인,10700,반포동,470000.0,2025-11-01
2888,107동,서초그랑자이,11650-4969,1757,0,2021,개인,,,"475,000",1,11,2025,중개거래,서울 서초구,119.41,14,1757,1,N,26.02.10,효령로,00391,00000,3121021,00,11650,,11650,개인,10800,서초동,475000.0,2025-11-01
2889,103,대림,11650-479,57,0,1995,개인,,,"180,000",17,11,2025,중개거래,서울 서초구,130.89,12,57,1,N,26.02.13,바우뫼로7길,00051,00000,4163219,01,11650,0,11650,개인,10300,우면동,180000.0,2025-11-17
2890,잠원동 대우아이빌 3동,대우아이빌,11650-101,42,13,2001,개인,,,"60,000",13,11,2025,중개거래,서울 서초구,35.38,9,42-13,1,N,25.12.19,신반포로45길,00023,00000,4163459,01,11650,0,11650,개인,10600,잠원동,60000.0,2025-11-13
2891,306,반포미도,11650-172,60,4,1987,개인,,,"418,000",18,11,2025,중개거래,서울 서초구,84.96,12,60-4,1,N,26.02.12,서초중앙로29길,00028,00000,4163713,01,11650,0,11650,개인,10700,반포동,418000.0,2025-11-18
2892,110,서초더샵포레,11650-4063,411,0,2014,개인,,,"191,500",14,11,2025,중개거래,"서울 강남구, 서울 서초구",114.71,4,411,1,N,26.03.30,헌릉로8길,00058,00000,4163749,02,11650,0,11650,개인,10900,내곡동,191500.0,2025-11-14
2893,103,방배1차현대홈타운,11650-290,1344,0,1999,개인,,,"202,000",15,11,2025,중개거래,서울 서초구,59.94,9,1344,1,N,26.01.30,서초대로1길,00030,00000,4163389,01,11650,0,11650,개인,10100,방배동,202000.0,2025-11-15
2894,101,서초극동스타클래스,11650-602,1616,10,2003,개인,,,"170,000",11,11,2025,중개거래,서울 서초구,84.3,11,1616-10,1,N,26.02.27,서리풀4길,00043,00000,4163368,01,11650,0,11650,개인,10800,서초동,170000.0,2025-11-11
2895,404,호반써밋서초파크,11650-3974,788,0,2013,개인,,,"124,500",16,11,2025,중개거래,서울 서초구,51.89,2,788,1,N,26.02.10,양재대로2길,00033,00000,4163748,01,11650,0,11650,개인,10300,우면동,124500.0,2025-11-16
2896,,엠브이아파트,11650-199,46,0,1994,개인,,,"219,000",17,11,2025,중개거래,서울 서초구,83.4,13,46,1,N,26.02.20,고무래로10길,00039,00000,4163042,01,11650,0,11650,개인,10700,반포동,219000.0,2025-11-17
2897,104,코오롱,11650-482,70,0,1994,개인,,,"138,000",1,11,2025,중개거래,서울 서초구,52.47,3,70,1,N,25.12.19,바우뫼로,00053,00000,3121009,02,11650,0,11650,개인,10300,우면동,138000.0,2025-11-01
2898,,서리풀프라젠아파트,11650-4807,3281,0,2020,개인,,,"134,000",16,11,2025,중개거래,서울 서초구,59.97,2,3281,1,N,26.01.29,서초대로23길,00047,00000,4163391,00,11650,0,11650,개인,10100,방배동,134000.0,2025-11-16
2899,에이,뉴현대,11650-414,292,0,1992,개인,,,"140,000",15,11,2025,중개거래,서울 서초구,132.2,3,292,1,N,26.02.25,언남10길,00027,00000,4163484,01,11650,0,11650,개인,10200,양재동,140000.0,2025-11-15
2900,한라비발디스튜디오193,한라비발디스튜디오193,11650-3926,1363,25,2013,개인,,,"26,000",15,11,2025,중개거래,서울 서초구,22.72,10,1363-25,1,N,25.11.17,강남대로39길,00015,00010,4163018,01,11650,0,11650,개인,10800,서초동,26000.0,2025-11-15
2901,105,반포센트럴자이,11650-4805,162,0,2020,개인,,,"570,000",4,11,2025,중개거래,서울 서초구,98.87,15,162,1,N,26.03.06,반포대로,00310,00006,2121003,01,11650,0,11650,개인,10600,잠원동,570000.0,2025-11-04
2902,106,서초더샵포레,11650-4063,411,0,2014,개인,,,"187,500",1,11,2025,중개거래,"서울 강남구, 서울 서초구",101.34,16,411,1,N,26.01.21,헌릉로8길,00058,00000,4163749,02,11650,0,11650,개인,10900,내곡동,187500.0,2025-11-01
2903,203,서초힐스,11650-3821,773,0,2012,개인,,,"165,500",4,11,2025,중개거래,서울 서초구,59.89,13,773,1,N,26.02.20,양재대로2길,00090,00000,4163748,01,11650,0,11650,개인,10300,우면동,165500.0,2025-11-04
2904,105동,래미안신반포팰리스,11650-4439,158,0,2016,개인,,,"428,000",5,11,2025,중개거래,서울 서초구,84.49,6,158,1,N,26.02.06,잠원로8길,00035,00000,4163529,00,11650,0,11650,개인,10600,잠원동,428000.0,2025-11-05
2905,104,서초더샵포레,11650-4063,411,0,2014,개인,,,"174,500",14,11,2025,중개거래,"서울 강남구, 서울 서초구",84.61,9,411,1,N,26.02.27,헌릉로8길,00058,00000,4163749,02,11650,0,11650,개인,10900,내곡동,174500.0,2025-11-14
2906,101,신반포르엘,11650-5121,165,0,2023,개인,,,"420,000",7,11,2025,중개거래,서울 서초구,84.92,11,165,1,N,26.01.16,잠원로14길,00042,00000,4163526,01,11650,0,11650,개인,10600,잠원동,420000.0,2025-11-07
2907,서초 대우아이빌,서초대우아이빌,11650-606,1675,11,2003,개인,,,"31,000",1,11,2025,중개거래,서울 서초구,37.777,9,1675-11,1,N,25.12.18,서초대로58길,00010,00000,4163421,01,11650,0,11650,개인,10800,서초동,31000.0,2025-11-01
2908,101,금강프리빌,11650-291,940,8,2001,개인,,,"179,000",6,11,2025,중개거래,서울 서초구,81.73,4,940-8,1,N,26.02.04,서초대로18길,00006,00000,4163387,01,11650,0,11650,개인,10100,방배동,179000.0,2025-11-06
2909,,롯데빌라트2차,11650-286,987,3,1998,개인,,,"198,000",13,11,2025,중개거래,"서울 동작구, 서울 서초구",163.23,1,987-3,1,N,26.01.30,효령로36길,00028,00000,4163635,01,11650,0,11650,개인,10100,방배동,198000.0,2025-11-13
2910,,방배브라운가,11650-569,930,1,2006,개인,25.12.08,O,"195,000",2,11,2025,중개거래,서울 서초구,84.94,8,930-1,1,N,,방배로19길,00067,00000,4163255,01,11650,0,11650,개인,10100,방배동,195000.0,2025-11-02
2911,103,현대멤피스,11650-373,772,13,2001,개인,,,"265,000",7,11,2025,중개거래,서울 서초구,133.31,3,772-13,1,N,26.01.23,방배로,00239,00000,3121010,01,11650,0,11650,개인,10100,방배동,265000.0,2025-11-07
2912,,서초이오빌,11650-521,1593,7,2003,개인,,,"39,600",12,11,2025,중개거래,서울 서초구,45.96,4,1593-7,1,N,25.12.17,효령로53길,00045,00000,4163646,01,11650,0,11650,개인,10800,서초동,39600.0,2025-11-12
2913,101,유원서초,11650-62,1687,0,1993,개인,,,"265,000",3,11,2025,중개거래,서울 서초구,84.82,2,1687,1,N,26.02.11,서초중앙로24길,00043,00000,4163710,01,11650,0,11650,개인,10800,서초동,265000.0,2025-11-03
2914,디오슈페리움2,디오수페리움2,11650-3311,3001,1,2006,개인,,,"82,000",1,11,2025,중개거래,서울 서초구,45.34,6,3001-1,1,N,25.11.18,동작대로,00108,00000,2005009,01,11650,0,11650,법인,10100,방배동,82000.0,2025-11-01
2915,301,서초4현대,11650-30,1684,0,2000,개인,,,"164,600",5,11,2025,직거래,,116.49,9,1684,1,N,25.11.14,고무래로,00094,00000,3121001,02,11650,0,11650,개인,10800,서초동,164600.0,2025-11-05
2916,101,방배블레스밸리,11650-585,1019,3,2003,개인,,,"187,000",12,11,2025,중개거래,서울 서초구,128.4,4,1019-3,1,N,26.02.03,효령로34길,00092,00000,4163634,01,11650,0,11650,개인,10100,방배동,187000.0,2025-11-12
2917,108,방배그랑자이,11650-4970,3283,0,2021,개인,,,"302,000",1,11,2025,중개거래,서울 서초구,74.5971,9,3283,1,N,26.02.10,방배로,00021,00000,3121010,00,11650,0,11650,개인,10100,방배동,302000.0,2025-11-01
2918,래미안 서초유니빌,래미안서초유니빌,11650-518,1445,4,2003,개인,,,"77,800",2,11,2025,중개거래,서울 서초구,51.748,24,1445-4,1,N,26.01.23,서초중앙로,00026,00000,3121024,03,11650,0,11650,개인,10800,서초동,77800.0,2025-11-02
2919,108,삼성래미안1,11650-503,2626,0,2003,개인,,,"200,000",3,11,2025,중개거래,서울 서초구,84.91,10,2626,1,N,26.02.10,방배선행길,00002,00000,4163671,01,11650,0,11650,개인,10100,방배동,200000.0,2025-11-03
2920,래미안 서초유니빌,래미안서초유니빌,11650-518,1445,4,2003,개인,,,"80,000",4,11,2025,중개거래,서울 서초구,66.415,10,1445-4,1,N,25.12.23,서초중앙로,00026,00000,3121024,03,11650,0,11650,개인,10800,서초동,80000.0,2025-11-04
2921,102,방배래미안타워,11650-759,485,3,2005,개인,,,"249,500",7,11,2025,중개거래,서울 서초구,134.36,20,485-3,1,N,26.01.14,남부순환로,02183,00000,2000003,01,11650,0,11650,개인,10100,방배동,249500.0,2025-11-07
2922,2,한신,11650-145,56,3,1992,개인,,,"360,000",1,11,2025,중개거래,"경기 화성시, 서울 서초구",84.52,9,56-3,1,N,25.12.29,잠원로,00150,00000,3121019,01,11650,0,11650,개인,10600,잠원동,360000.0,2025-11-01
2923,서초쌍용플래티넘,서초쌍용플래티넘,11650-3276,1445,13,2006,개인,,,"105,000",1,11,2025,중개거래,서울 서초구,71.9,19,1445-13,1,N,26.01.09,서초중앙로,00018,00000,3121024,03,11650,0,11650,개인,10800,서초동,105000.0,2025-11-01
2924,102,서초한신,11650-43,1454,29,2001,개인,,,"210,000",7,11,2025,중개거래,서울 서초구,95.88,9,1454-29,1,N,26.02.06,남부순환로323길,00038,00016,4163071,00,11650,,11650,개인,10800,서초동,210000.0,2025-11-07
2925,110,서초더샵포레,11650-4063,411,0,2014,개인,,,"188,000",7,11,2025,중개거래,서울 서초구,101.34,3,411,1,N,25.12.29,헌릉로8길,00058,00000,4163749,02,11650,0,11650,개인,10900,내곡동,188000.0,2025-11-07
2926,129,반포자이,11650-3500,20,43,2009,개인,,,"700,000",5,11,2025,중개거래,"서울 강남구, 서울 서초구",194.515,13,20-43,1,N,26.01.08,신반포로,00270,00000,3121017,02,11650,0,11650,개인,10700,반포동,700000.0,2025-11-05
2927,101,삼환나띠르빌(1002-7),11650-655,1002,7,2003,개인,,,"160,000",8,11,2025,중개거래,서울 서초구,92.93,7,1002-7,1,N,26.01.05,명달로,00033,00000,3121008,01,11650,0,11650,개인,10100,방배동,160000.0,2025-11-08
2928,,삼호가든맨션(5차),11650-196,30,1,1986,개인,26.01.08,O,"435,000",5,11,2025,중개거래,서울 서초구,142.11,7,30-1,1,N,,서초중앙로,00242,00000,3121024,02,11650,0,11650,개인,10700,반포동,435000.0,2025-11-05
2929,501,서초포레스타5단지,11650-4026,579,0,2014,개인,,,"199,000",7,11,2025,중개거래,서울 서초구,84.41,4,579,1,N,26.01.29,청계산로7길,00043,00000,4163750,01,11650,0,11650,개인,11100,신원동,199000.0,2025-11-07
2930,106,신반포2,11650-117,73,0,1978,개인,,,"830,000",6,11,2025,중개거래,서울 서초구,150.58,8,73,1,N,26.03.05,신반포로23길,00041,00000,4163452,01,11650,0,11650,개인,10600,잠원동,830000.0,2025-11-06
2931,The H. Herren,TheHerren,11650-4538,812,1,2017,개인,,,"116,000",8,11,2025,중개거래,서울 서초구,63.33,6,812-1,1,N,26.01.30,서초대로23길,00106,00000,4163391,00,11650,0,11650,개인,10100,방배동,116000.0,2025-11-08
2932,101,서초한빛삼성,11650-42,1509,1,1999,개인,,,"220,000",3,11,2025,중개거래,서울 서초구,110.59,2,1509-1,1,N,26.01.15,서초대로40길,00072,00000,4163406,01,11650,0,11650,개인,10800,서초동,220000.0,2025-11-03
2933,112동,래미안 리더스원,11650-4887,1755,0,2020,개인,,,"338,000",10,11,2025,중개거래,서울 서초구,59.96,20,1755,1,N,26.01.16,서운로,00062,00000,3121016,00,11650,,11650,개인,10800,서초동,338000.0,2025-11-10
2934,101,대성유니드,11650-607,1641,3,2004,개인,,,"208,000",3,11,2025,중개거래,서울 서초구,95.55,4,1641-3,1,N,26.01.07,서초대로64길,00036,00000,4163424,01,11650,0,11650,개인,10800,서초동,208000.0,2025-11-03
2935,103,서초삼성래미안,11650-24,1641,1,2001,개인,,,"250,000",8,11,2025,중개거래,서울 서초구,84.97,12,1641-1,1,N,26.03.10,사임당로17길,00116,00000,4163313,01,11650,0,11650,개인,10800,서초동,250000.0,2025-11-08
2936,,서초네스피아B,11650-3223,1466,17,2005,개인,,,"114,000",7,11,2025,중개거래,서울 서초구,100.41,4,1466-17,1,N,25.12.19,명달로4길,00068,00000,4163192,01,11650,0,11650,개인,10800,서초동,114000.0,2025-11-07
2937,101,브라운스톤방배,11650-630,899,16,2005,개인,,,"237,000",8,11,2025,중개거래,"서울 동작구, 서울 서초구",84.9,10,899-16,1,N,26.01.29,서초대로26길,00019,00000,4163394,01,11650,0,11650,개인,10100,방배동,237000.0,2025-11-08
2938,,잠원현대훼밀리,11650-138,59,3,1997,개인,,,"274,000",3,11,2025,중개거래,서울 서초구,84.52,14,59-3,1,N,26.01.12,신반포로,00261,00000,3121017,01,11650,0,11650,개인,10600,잠원동,274000.0,2025-11-03
2939,103,더샵서초,11650-3284,1445,14,2006,개인,,,"62,000",3,11,2025,중개거래,서울 서초구,30.39,26,1445-14,1,N,25.12.19,서초중앙로2길,00021,00000,4163718,01,11650,0,11650,개인,10800,서초동,62000.0,2025-11-03
2940,1,방배대우(562-1),11650-271,562,1,1992,개인,,,"165,000",5,11,2025,중개거래,서울 서초구,84.76,3,562-1,1,N,26.01.30,효령로4길,00056,00029,4163643,01,11650,0,11650,개인,10100,방배동,165000.0,2025-11-05
2941,101,삼호한숲,11650-315,1030,1,1998,개인,,,"139,000",7,11,2025,중개거래,서울 서초구,59.98,8,1030-1,1,N,26.02.23,방배로3길,00010,00003,4163274,01,11650,0,11650,개인,10100,방배동,139000.0,2025-11-07
2942,,방배씨티(보성),11650-302,836,1,2000,개인,,,"136,000",8,11,2025,중개거래,서울 서초구,74.16,8,836-1,1,N,26.01.21,서초대로23길,00074,00000,4163391,01,11650,0,11650,개인,10100,방배동,136000.0,2025-11-08
2943,205,신반포4,11650-125,70,0,1979,개인,,,"400,500",4,11,2025,중개거래,서울 성동구,105.44,4,70,1,N,25.12.18,잠원로,00037,00048,3121019,01,11650,0,11650,개인,10600,잠원동,400500.0,2025-11-04
2944,102,신반포르엘,11650-5121,165,0,2023,개인,,,"354,500",1,11,2025,중개거래,서울 서초구,59.99,16,165,1,N,26.02.23,잠원로14길,00042,00000,4163526,01,11650,0,11650,개인,10600,잠원동,354500.0,2025-11-01
2945,106,대림,11650-479,57,0,1995,개인,,,"205,000",1,11,2025,중개거래,서울 서초구,130.89,10,57,1,N,26.02.26,바우뫼로7길,00051,00000,4163219,01,11650,0,11650,개인,10300,우면동,205000.0,2025-11-01
2946,101,서초한일,11650-45,1636,1,1997,개인,,,"140,000",8,11,2025,중개거래,서울 서초구,59.96,3,1636-1,1,N,26.01.15,서초대로64길,00031,00000,4163424,01,11650,0,11650,개인,10800,서초동,140000.0,2025-11-08
2947,2,방배대우(562-1),11650-271,562,1,1992,개인,,,"170,000",8,11,2025,중개거래,서울 서초구,84.67,8,562-1,1,N,26.01.30,효령로4길,00056,00029,4163643,01,11650,0,11650,개인,10100,방배동,170000.0,2025-11-08
2948,102,서초1차e-편한세상,11650-708,1487,63,2004,개인,,,"240,000",8,11,2025,중개거래,서울 서초구,130.53,2,1487-63,1,N,26.01.15,명달로6길,00031,00000,4163193,01,11650,0,11650,개인,10800,서초동,240000.0,2025-11-08
2949,2,한신서래,11650-232,70,1,1987,개인,,,"303,000",7,11,2025,중개거래,서울 서초구,147.67,7,70-1,1,N,26.01.16,사평대로28길,00031,00000,4163330,01,11650,0,11650,개인,10700,반포동,303000.0,2025-11-07
2950,101,래미안서초스위트,11650-3515,1301,6,2009,개인,,,"288,000",8,11,2025,직거래,,95.7555,14,1301-6,1,N,26.02.03,서운로,00221,00000,3121016,01,11650,0,11650,법인,10800,서초동,288000.0,2025-11-08
2951,103,서초롯데캐슬프레지던트,11650-4129,1681,8,2014,개인,,,"305,000",8,11,2025,중개거래,서울 서초구,84.97,27,1681-8,1,N,25.12.30,서초중앙로24길,00057,00000,4163710,01,11650,0,11650,개인,10800,서초동,305000.0,2025-11-08
2952,106,서초교대e편한세상,11650-3579,1686,9,2010,개인,,,"350,000",8,11,2025,중개거래,서울 서초구,110.32,3,1686-9,1,N,26.02.06,서초중앙로24길,00033,00000,4163710,01,11650,0,11650,개인,10800,서초동,350000.0,2025-11-08
2953,305,서초포레스타3단지,11650-4040,568,0,2014,개인,,,"149,500",8,11,2025,중개거래,서울 서초구,114.81,13,568,1,N,26.02.25,헌릉로8길,00022,00000,4163749,01,11650,0,11650,개인,11100,신원동,149500.0,2025-11-08
2954,105,방배그랑자이,11650-4970,3283,0,2021,개인,,,"325,000",7,11,2025,중개거래,서울 서초구,84.972,3,3283,1,N,26.02.27,방배로,00021,00000,3121010,00,11650,0,11650,개인,10100,방배동,325000.0,2025-11-07
2955,6차,상지리츠빌(6),11650-713,1491,31,2004,개인,,,"220,000",4,11,2025,중개거래,서울 동대문구,143.78,6,1491-31,1,N,26.01.21,명달로13길,00021,00000,4163182,01,11650,0,11650,개인,10800,서초동,220000.0,2025-11-04
2956,SK리더스뷰B동,SK리더스뷰(파스텔시티),11650-3325,444,3,2006,개인,,,"160,000",3,11,2025,중개거래,서울 서초구,84.8,14,444-3,1,N,26.02.06,방배천로,00011,00000,3121012,01,11650,0,11650,개인,10100,방배동,160000.0,2025-11-03
2957,104,유원서초,11650-62,1687,0,1993,개인,,,"292,000",7,11,2025,중개거래,서울 서초구,84.82,17,1687,1,N,26.03.18,서초중앙로24길,00043,00000,4163710,01,11650,0,11650,개인,10800,서초동,292000.0,2025-11-07
2958,503,반포미도2차아파트,11650-173,60,5,1989,개인,,,"320,000",6,11,2025,중개거래,서울 서초구,71.49,11,60-5,1,N,26.02.13,사평대로,00240,00000,2121001,02,11650,0,11650,개인,10700,반포동,320000.0,2025-11-06
2959,405,서초네이처힐4단지,11650-3704,720,0,2011,개인,,,"179,000",7,11,2025,중개거래,서울 서초구,84.61,12,720,1,N,26.02.25,태봉로2길,00065,00000,4163582,01,11650,0,11650,개인,10300,우면동,179000.0,2025-11-07
2960,브라운스톤잠원,브라운스톤잠원,11650-530,67,2,2003,개인,,,"330,000",5,11,2025,중개거래,서울 서초구,84.94,13,67-2,1,N,26.01.30,잠원로,00046,00038,3121019,01,11650,0,11650,개인,10600,잠원동,330000.0,2025-11-05
2961,서초쌍용플래티넘,서초쌍용플래티넘,11650-3276,1445,13,2006,개인,,,"103,000",3,11,2025,중개거래,서울 서초구,68.21,18,1445-13,1,N,26.02.25,서초중앙로,00018,00000,3121024,03,11650,0,11650,개인,10800,서초동,103000.0,2025-11-03
2962,104동,서초그랑자이,11650-4969,1757,0,2021,개인,,,"345,000",1,11,2025,중개거래,서울 서초구,59.98,8,1757,1,N,25.12.30,효령로,00391,00000,3121021,00,11650,,11650,개인,10800,서초동,345000.0,2025-11-01
2963,103,래미안서초스위트,11650-3515,1301,6,2009,개인,,,"321,000",7,11,2025,중개거래,서울 서초구,95.8079,20,1301-6,1,N,26.02.25,서운로,00221,00000,3121016,01,11650,0,11650,개인,10800,서초동,321000.0,2025-11-07
2964,306,서초포레스타3단지,11650-4040,568,0,2014,개인,,,"190,000",6,11,2025,중개거래,서울 서초구,84.61,16,568,1,N,26.02.25,헌릉로8길,00022,00000,4163749,01,11650,0,11650,개인,11100,신원동,190000.0,2025-11-06
2965,502,서초5차e편한세상,11650-3225,1467,62,2005,개인,,,"260,000",7,11,2025,중개거래,서울 서초구,158.24,2,1467-62,1,N,26.02.10,명달로4길,00030,00000,4163192,01,11650,0,11650,개인,10800,서초동,260000.0,2025-11-07
2966,101,방배브라운가,11650-569,930,1,2006,개인,,,"169,000",4,11,2025,중개거래,서울 서초구,84.94,13,930-1,1,N,26.02.23,방배로19길,00067,00000,4163255,01,11650,0,11650,개인,10100,방배동,169000.0,2025-11-04
2967,351,신반포27,11650-124,56,2,1985,개인,,,"320,000",6,11,2025,중개거래,서울 서초구,53.46,12,56-2,1,N,26.01.29,잠원로8길,00003,00000,4163529,01,11650,0,11650,개인,10600,잠원동,320000.0,2025-11-06
2968,108동,서초그랑자이,11650-4969,1757,0,2021,개인,,,"420,000",3,11,2025,중개거래,서울 서초구,84.51,29,1757,1,N,26.02.06,효령로,00391,00000,3121021,00,11650,,11650,개인,10800,서초동,420000.0,2025-11-03
2969,D,현대슈퍼빌,11650-519,1446,11,2003,개인,,,"280,000",4,11,2025,중개거래,"경기 시흥시, 서울 서초구",147.86,21,1446-11,1,N,26.03.03,서초중앙로,00015,00000,3121024,03,11650,0,11650,개인,10800,서초동,280000.0,2025-11-04
2970,래미안 서초유니빌,래미안서초유니빌,11650-518,1445,4,2003,개인,,,"46,000",4,11,2025,중개거래,서울 서초구,43.624,24,1445-4,1,N,26.02.03,서초중앙로,00026,00000,3121024,03,11650,0,11650,개인,10800,서초동,46000.0,2025-11-04
2971,A동,반포동피카소빌,11650-535,79,5,2004,개인,,,"225,000",4,11,2025,중개거래,서울 서초구,153.97,4,79-5,1,N,26.02.26,서래로2길,00035,00000,4163359,00,11650,0,11650,개인,10700,반포동,225000.0,2025-11-04
2972,101,서초아트자이,11650-3542,1583,10,2009,개인,,,"275,000",6,11,2025,중개거래,서울 서초구,165.5725,7,1583-10,1,N,26.02.24,반포대로,00058,00000,2121003,03,11650,0,11650,개인,10800,서초동,275000.0,2025-11-06
2973,201,방배2차e-편한세상,11650-510,881,26,2004,개인,,,"250,000",5,11,2025,중개거래,서울 서초구,163.36,3,881-26,1,N,26.01.29,서초대로33길,00022,00000,4163401,01,11650,0,11650,개인,10100,방배동,250000.0,2025-11-05
2974,101,반포두산힐스빌,11650-168,54,5,2001,개인,,,"145,000",5,11,2025,중개거래,서울 서초구,58.7,9,54-5,1,N,26.02.13,고무래로10길,00016,00000,4163042,01,11650,0,11650,개인,10700,반포동,145000.0,2025-11-05
2975,,지에스타워,11650-4967,1675,10,2022,개인,25.12.03,O,"43,000",5,11,2025,중개거래,서울 서초구,26.05,11,1675-10,1,N,,서초대로58길,00018,00000,4163421,00,11650,0,11650,개인,10800,서초동,43000.0,2025-11-05
2976,201,서초포레스타2단지,11650-4156,384,0,2015,개인,,,"170,000",4,11,2025,중개거래,"서울 강남구, 서울 서초구",84.48,3,384,1,N,26.02.25,헌릉로8길,00045,00000,4163749,02,11650,0,11650,개인,10900,내곡동,170000.0,2025-11-04
2977,,브라운스톤효령아파트,11650-3203,981,40,2005,개인,,,"230,000",3,11,2025,중개거래,서울 서초구,141.647,5,981-40,1,N,26.02.10,효령로26길,00015,00000,4163627,01,11650,0,11650,개인,10100,방배동,230000.0,2025-11-03
2978,102,디에이치반포라클라스,11650-4959,1343,0,2021,개인,,,"375,000",5,11,2025,중개거래,"서울 서초구, 인천 연수구",59.9897,32,1343,1,N,26.01.30,서초중앙로,00206,00000,3121024,00,11650,,11650,개인,10700,반포동,375000.0,2025-11-05
2979,나,방배신삼호,11650-323,725,0,1983,개인,,,"410,000",2,11,2025,중개거래,서울 서초구,164.55,5,725,1,N,25.12.15,방배로,00270,00000,3121010,01,11650,0,11650,개인,10100,방배동,410000.0,2025-11-02
2980,105,서초교대e편한세상,11650-3579,1686,9,2010,개인,,,"316,500",5,11,2025,중개거래,"서울 강남구, 서울 서초구",84.97,3,1686-9,1,N,26.02.25,서초중앙로24길,00033,00000,4163710,01,11650,0,11650,개인,10800,서초동,316500.0,2025-11-05
2981,,래미안 리더스원,11650-4887,1755,0,2020,개인,25.12.22,O,"330,000",4,11,2025,중개거래,서울 서초구,59.96,15,1755,1,N,,서운로,00062,00000,3121016,00,11650,,11650,개인,10800,서초동,330000.0,2025-11-04
2982,107,방배1차현대홈타운,11650-290,1344,0,1999,개인,,,"196,000",3,11,2025,중개거래,서울 서초구,59.94,12,1344,1,N,26.01.23,서초대로1길,00030,00000,4163389,01,11650,0,11650,개인,10100,방배동,196000.0,2025-11-03
2983,404,호반써밋서초파크,11650-3974,788,0,2013,개인,,,"125,000",3,11,2025,중개거래,서울 서초구,51.89,10,788,1,N,26.01.08,양재대로2길,00033,00000,4163748,01,11650,0,11650,개인,10300,우면동,125000.0,2025-11-03
2984,301,현대서초3,11650-83,1644,0,1997,개인,,,"197,000",4,11,2025,중개거래,서울 서초구,83.25,7,1644,1,N,26.01.15,사임당로23길,00058,00000,4163318,01,11650,0,11650,개인,10800,서초동,197000.0,2025-11-04
2985,,대림서초리시온,11650-605,1671,5,2003,개인,,,"51,500",1,11,2025,중개거래,서울 서초구,49.92,7,1671-5,1,N,25.12.30,서초중앙로22길,00025,00000,4163707,01,11650,0,11650,개인,10800,서초동,51500.0,2025-11-01
2986,114,서초더샵포레,11650-4063,411,0,2014,개인,,,"187,500",3,11,2025,중개거래,서울 서초구,101.34,16,411,1,N,25.12.01,헌릉로8길,00058,00000,4163749,02,11650,0,11650,개인,10900,내곡동,187500.0,2025-11-03
2987,102,서초현대,11650-46,1648,2,1999,개인,,,"145,000",3,11,2025,중개거래,서울 서초구,54.45,2,1648-2,1,N,26.01.15,사임당로19길,00010,00000,4163315,01,11650,0,11650,개인,10800,서초동,145000.0,2025-11-03
2988,105,서초교대e편한세상,11650-3579,1686,9,2010,개인,,,"320,000",3,11,2025,중개거래,서울 서초구,84.97,3,1686-9,1,N,26.02.10,서초중앙로24길,00033,00000,4163710,01,11650,0,11650,개인,10800,서초동,320000.0,2025-11-03
2989,106,반포리체,11650-3617,30,26,2010,개인,,,"365,000",3,11,2025,중개거래,서울 서초구,59.994,27,30-26,1,N,26.01.09,고무래로,00035,00000,3121001,01,11650,0,11650,개인,10700,반포동,365000.0,2025-11-03
2990,405,서초네이처힐4단지,11650-3704,720,0,2011,개인,,,"170,000",3,11,2025,중개거래,서울 서초구,84.61,3,720,1,N,26.02.24,태봉로2길,00065,00000,4163582,01,11650,0,11650,개인,10300,우면동,170000.0,2025-11-03
2991,,서초그랑자이,11650-4969,1757,0,2021,개인,25.11.18,O,"475,000",1,11,2025,중개거래,서울 서초구,119.41,14,1757,1,N,,효령로,00391,00000,3121021,00,11650,,11650,개인,10800,서초동,475000.0,2025-11-01
2992,102,현대멤피스,11650-373,772,13,2001,개인,,,"265,000",2,11,2025,중개거래,서울 서초구,133.31,16,772-13,1,N,25.12.15,방배로,00239,00000,3121010,01,11650,0,11650,개인,10100,방배동,265000.0,2025-11-02
2993,101,한진로즈힐,11650-764,3276,0,2005,개인,,,"201,000",1,11,2025,중개거래,서울 서초구,97.342,11,3276,1,N,25.12.15,서초대로1길,00002,00000,4163389,01,11650,0,11650,개인,10100,방배동,201000.0,2025-11-01
2994,풍림아이원플러스,풍림아이원플러스,11650-701,1338,1,2004,개인,,,"35,000",1,11,2025,중개거래,서울 서초구,34.4237,13,1338-1,1,N,26.03.31,효령로77길,00014,00000,4163659,01,11650,0,11650,개인,10800,서초동,35000.0,2025-11-01
2995,110동,래미안 리더스원,11650-4887,1755,0,2020,개인,,,"333,700",1,11,2025,중개거래,서울 서초구,59.96,13,1755,1,N,25.12.10,서운로,00062,00000,3121016,00,11650,,11650,개인,10800,서초동,333700.0,2025-11-01
2996,103,서초교대e편한세상,11650-3579,1686,9,2010,개인,,,"269,000",1,11,2025,중개거래,서울 서초구,59.9,4,1686-9,1,N,26.02.02,서초중앙로24길,00033,00000,4163710,01,11650,0,11650,개인,10800,서초동,269000.0,2025-11-01
2997,102,서초1차e-편한세상,11650-708,1487,63,2004,개인,,,"249,000",1,11,2025,중개거래,서울 서초구,130.53,5,1487-63,1,N,26.02.24,명달로6길,00031,00000,4163193,01,11650,0,11650,개인,10800,서초동,249000.0,2025-11-01
2998,A,서초트라팰리스,11650-3238,1344,13,2005,개인,,,"209,000",1,11,2025,중개거래,서울 서초구,95.58,16,1344-13,1,N,26.01.30,효령로72길,00057,00000,4163657,01,11650,0,11650,개인,10800,서초동,209000.0,2025-11-01
2999,102,서초1차e-편한세상,11650-708,1487,63,2004,개인,,,"255,000",1,11,2025,중개거래,서울 서초구,130.53,5,1487-63,1,N,26.02.25,명달로6길,00031,00000,4163193,01,11650,0,11650,개인,10800,서초동,255000.0,2025-11-01
3000,101,한신타워,11650-150,71,11,1996,개인,,,"277,000",2,11,2025,중개거래,서울 서초구,59.81,8,71-11,1,N,26.01.19,잠원로3길,00008,00000,4163527,01,11650,0,11650,개인,10600,잠원동,277000.0,2025-11-02
3001,7,삼호2,11650-310,758,4,1976,개인,,,"278,000",31,12,2025,중개거래,"서울 서초구, 서울 성동구",131.41,9,758-4,1,N,26.04.20,방배로43길,00002,00000,4163277,01,11650,0,11650,개인,10100,방배동,278000.0,2025-12-31
3002,방배디오슈페리움Ⅰ,방배디오슈페리움Ⅰ,11650-3343,3001,2,2006,개인,,,"161,500",14,12,2025,중개거래,서울 서초구,84.82,7,3001-2,1,N,26.03.31,서초대로,00003,00004,2121002,01,11650,0,11650,개인,10100,방배동,161500.0,2025-12-14
3003,110,반포자이,11650-3500,20,43,2009,개인,,,"501,000",29,12,2025,중개거래,서울 서초구,84.943,3,20-43,1,N,26.02.27,신반포로,00270,00000,3121017,02,11650,0,11650,개인,10700,반포동,501000.0,2025-12-29
3004,123,래미안퍼스티지,11650-3559,18,1,2009,개인,,,"845,000",29,12,2025,중개거래,서울 서초구,198.22,24,18-1,1,N,26.03.10,반포대로,00275,00000,2121003,02,11650,0,11650,개인,10700,반포동,845000.0,2025-12-29
3005,,방배타운하우스,11650-621,790,26,2003,개인,,,"99,000",22,12,2025,중개거래,서울 서초구,68.33,6,790-26,1,N,26.04.10,방배중앙로,00147,00000,3121011,01,11650,0,11650,개인,10100,방배동,99000.0,2025-12-22
3006,102,반포푸르지오,11650-176,10,0,2000,개인,,,"221,000",31,12,2025,직거래,,84.82,8,10,1,N,26.01.30,신반포로15길,00004,00000,4163450,01,11650,0,11650,개인,10700,반포동,221000.0,2025-12-31
3007,102,동아,11650-102,157,0,2002,개인,,,"319,000",29,12,2025,중개거래,"경기 고양시 덕양구, 서울 서초구",59.8,5,157,1,N,26.03.03,신반포로33길,00015,00000,4163453,01,11650,0,11650,개인,10600,잠원동,319000.0,2025-12-29
3008,3,삼호1동~3동,11650-309,770,1,1975,개인,,,"279,000",26,12,2025,중개거래,서울 서초구,116.13,11,770-1,1,N,26.02.27,방배로43길,00021,00000,4163277,01,11650,0,11650,개인,10100,방배동,279000.0,2025-12-26
3009,,서초노블레스아파트,11650-4745,1362,10,2019,개인,,,"52,000",3,12,2025,중개거래,서울 서초구,27.57,13,1362-10,1,N,26.01.29,강남대로39길,00015,00011,4163018,00,11650,,11650,개인,10800,서초동,52000.0,2025-12-03
3010,디오슈페리움2,디오수페리움2,11650-3311,3001,1,2006,개인,,,"151,000",20,12,2025,중개거래,"서울 관악구, 서울 서초구",84.98,10,3001-1,1,N,26.02.20,동작대로,00108,00000,2005009,01,11650,0,11650,개인,10100,방배동,151000.0,2025-12-20
3011,래미안 서초유니빌,래미안서초유니빌,11650-518,1445,4,2003,개인,,,"44,000",19,12,2025,중개거래,서울 서초구,42.0,12,1445-4,1,N,26.03.06,서초중앙로,00026,00000,3121024,03,11650,0,11650,개인,10800,서초동,44000.0,2025-12-19
3012,,대림서초리시온,11650-605,1671,5,2003,개인,,,"53,400",15,12,2025,중개거래,서울 서초구,49.92,4,1671-5,1,N,26.03.09,서초중앙로22길,00025,00000,4163707,01,11650,0,11650,개인,10800,서초동,53400.0,2025-12-15
3013,104,대림,11650-479,57,0,1995,개인,,,"220,000",23,12,2025,중개거래,서울 서초구,130.89,10,57,1,N,26.04.15,바우뫼로7길,00051,00000,4163219,01,11650,0,11650,개인,10300,우면동,220000.0,2025-12-23
3014,래미안 서초유니빌,래미안서초유니빌,11650-518,1445,4,2003,개인,,,"46,000",27,12,2025,중개거래,서울 서초구,42.0,11,1445-4,1,N,26.03.27,서초중앙로,00026,00000,3121024,03,11650,0,11650,개인,10800,서초동,46000.0,2025-12-27
3015,101,방배아트e편한세상101,11650-3169,484,2,2005,개인,,,"164,000",31,12,2025,중개거래,서울 서초구,74.87,2,484-2,1,N,26.01.23,효령로2길,00073,00000,4163631,01,11650,0,11650,개인,10100,방배동,164000.0,2025-12-31
3016,103,더샵서초,11650-3284,1445,14,2006,개인,,,"64,000",31,12,2025,중개거래,서울 서초구,33.06,31,1445-14,1,N,26.03.20,서초중앙로2길,00021,00000,4163718,01,11650,0,11650,개인,10800,서초동,64000.0,2025-12-31
3017,래미안 서초유니빌,래미안서초유니빌,11650-518,1445,4,2003,개인,,,"45,000",29,12,2025,중개거래,서울 서초구,43.625,17,1445-4,1,N,26.02.27,서초중앙로,00026,00000,3121024,03,11650,0,11650,개인,10800,서초동,45000.0,2025-12-29
3018,,방배트리플,11650-508,816,3,2003,개인,,,"129,000",31,12,2025,중개거래,서울 서초구,84.91,5,816-3,1,N,26.01.27,동광로18길,00016,00000,4163117,01,11650,0,11650,개인,10100,방배동,129000.0,2025-12-31
3019,한라비발디스튜디오193,한라비발디스튜디오193,11650-3926,1363,25,2013,개인,,,"25,500",22,12,2025,중개거래,서울 서초구,19.99,6,1363-25,1,N,26.03.31,강남대로39길,00015,00010,4163018,01,11650,0,11650,개인,10800,서초동,25500.0,2025-12-22
3020,102,반포래미안아이파크,11650-4678,1341,0,2018,개인,,,"530,000",23,12,2025,중개거래,서울 서초구,112.96,18,1341,1,N,26.03.10,서초중앙로,00220,00000,3121024,02,11650,0,11650,개인,10700,반포동,530000.0,2025-12-23
3021,202,롯데캐슬갤럭시(50-1),11650-682,50,1,2004,개인,,,"433,700",13,12,2025,중개거래,서울 서초구,148.86,3,50-1,1,N,26.03.06,잠원로14길,00023,00000,4163526,01,11650,0,11650,개인,10600,잠원동,433700.0,2025-12-13
3022,351,신반포27,11650-124,56,2,1985,개인,,,"268,000",22,12,2025,중개거래,서울 서초구,53.46,12,56-2,1,N,26.04.07,잠원로8길,00003,00000,4163529,01,11650,0,11650,개인,10600,잠원동,268000.0,2025-12-22
3023,101,서초벽산블루밍,11650-3301,1347,20,2006,개인,,,"194,000",22,12,2025,중개거래,서울 서초구,84.39,11,1347-20,1,N,26.02.23,효령로74길,00056,00000,4163658,01,11650,0,11650,개인,10800,서초동,194000.0,2025-12-22
3024,202,서초포레스타2단지,11650-4156,384,0,2015,개인,,,"155,000",26,12,2025,중개거래,서울 서초구,59.21,17,384,1,N,26.04.15,헌릉로8길,00045,00000,4163749,02,11650,0,11650,개인,10900,내곡동,155000.0,2025-12-26
3025,잠원동 대우아이빌 2동,대우아이빌,11650-101,42,13,2001,개인,,,"65,000",27,12,2025,중개거래,서울 서초구,34.72,3,42-13,1,N,26.03.24,신반포로45길,00023,00000,4163459,01,11650,0,11650,개인,10600,잠원동,65000.0,2025-12-27
3026,404,서초네이처힐4단지,11650-3704,720,0,2011,개인,,,"189,000",16,12,2025,중개거래,서울 서초구,84.77,9,720,1,N,26.03.23,태봉로2길,00065,00000,4163582,01,11650,0,11650,개인,10300,우면동,189000.0,2025-12-16
3027,방배디오슈페리움Ⅰ,방배디오슈페리움Ⅰ,11650-3343,3001,2,2006,개인,,,"161,300",12,12,2025,중개거래,서울 서초구,84.82,19,3001-2,1,N,26.04.01,서초대로,00003,00004,2121002,01,11650,0,11650,개인,10100,방배동,161300.0,2025-12-12
3028,,대경벨로체,11650-3361,1484,7,2007,개인,,,"92,000",9,12,2025,중개거래,서울 서초구,83.113,3,1484-7,1,N,26.02.23,남부순환로317길,00068,00000,4163069,01,11650,0,11650,개인,10800,서초동,92000.0,2025-12-09
3029,,메르디안하우스,11650-667,122,2,2001,개인,,,"127,500",31,12,2025,직거래,,206.12,5,122-2,1,N,26.02.04,양재천로17길,00011,00000,4163475,01,11650,0,11650,개인,10200,양재동,127500.0,2025-12-31
3030,,새티스2,11650-707,1472,21,2002,개인,,,"90,000",8,12,2025,중개거래,서울 서초구,75.6,5,1472-21,1,N,26.02.27,반포대로3길,00048,00000,4163243,01,11650,0,11650,개인,10800,서초동,90000.0,2025-12-08
3031,101,롯데캐슬헤론,11650-3317,754,1,2006,개인,,,"261,000",17,12,2025,중개거래,서울 서초구,168.81,15,754-1,1,N,26.02.20,동광로1길,00112,00000,4163119,01,11650,0,11650,개인,10100,방배동,261000.0,2025-12-17
3032,110,신반포2,11650-117,73,0,1978,개인,,,"385,000",19,12,2025,중개거래,서울 서초구,68.91,1,73,1,N,26.02.06,신반포로23길,00041,00000,4163452,01,11650,0,11650,개인,10600,잠원동,385000.0,2025-12-19
3033,102,반포센트럴자이,11650-4805,162,0,2020,개인,,,"409,000",31,12,2025,중개거래,"서울 서초구, 인천 연수구",59.98,20,162,1,N,26.04.20,반포대로,00310,00006,2121003,01,11650,0,11650,개인,10600,잠원동,409000.0,2025-12-31
3034,103,동부센트레빌,11650-659,3275,0,2004,개인,,,"310,000",24,12,2025,중개거래,서울 서초구,157.559,7,3275,1,N,26.03.27,방배로,00278,00000,3121010,01,11650,0,11650,개인,10100,방배동,310000.0,2025-12-24
3035,109,방배우성,11650-331,2525,0,1991,개인,,,"205,000",23,12,2025,중개거래,서울 서초구,84.99,3,2525,1,N,26.03.03,방배선행길,00001,00000,4163671,01,11650,0,11650,개인,10100,방배동,205000.0,2025-12-23
3036,브라운스톤,브라운스톤서초(1677-1),11650-3278,1677,1,2006,개인,,,"150,000",19,12,2025,중개거래,서울 서초구,80.09,10,1677-1,1,N,26.02.10,서초대로,00334,00000,2121002,02,11650,0,11650,개인,10800,서초동,150000.0,2025-12-19
3037,109동,래미안 리더스원,11650-4887,1755,0,2020,개인,,,"465,000",31,12,2025,중개거래,서울 서초구,114.94,16,1755,1,N,26.04.01,서운로,00062,00000,3121016,00,11650,,11650,개인,10800,서초동,465000.0,2025-12-31
3038,102,서초한신,11650-43,1454,29,2001,개인,,,"207,500",29,12,2025,중개거래,서울 서초구,95.86,10,1454-29,1,N,26.02.27,남부순환로323길,00038,00016,4163071,00,11650,,11650,개인,10800,서초동,207500.0,2025-12-29
3039,1,서래아르드빌,11650-3451,88,4,2008,개인,,,"190,000",6,12,2025,직거래,,200.4,2,88-4,1,N,26.05.18,사평대로26길,00112,00000,4163329,01,11650,0,11650,법인,10700,반포동,190000.0,2025-12-06
3040,,서초대우,11650-34,1467,3,2000,개인,,,"248,000",27,12,2025,중개거래,"서울 강남구, 서울 서초구",188.47,11,1467-3,1,N,26.04.15,명달로,00020,00000,3121008,02,11650,0,11650,개인,10800,서초동,248000.0,2025-12-27
3041,102,서초자이르네,11650-5012,1758,0,2022,개인,,,"196,000",13,12,2025,중개거래,서울 서초구,84.97,2,1758,1,N,26.01.14,남부순환로323길,00033,00000,4163071,01,11650,0,11650,개인,10800,서초동,196000.0,2025-12-13
3042,,현대이에스에이아파트,11650-532,1338,0,2002,개인,,,"120,000",30,12,2025,직거래,,156.75,12,1338,1,N,26.02.13,효령로77길,00020,00000,4163659,01,11650,0,11650,개인,10800,서초동,120000.0,2025-12-30
3043,501,호반써밋서초파크뷰(토지임대부아파트),11650-3976,789,0,2013,개인,,,"128,000",13,12,2025,중개거래,서울 서초구,59.93,21,789,1,Y,26.03.06,양재대로2길,00011,00000,4163748,01,11650,0,11650,개인,10300,우면동,128000.0,2025-12-13
3044,,골드아트빌,11650-3546,864,7,2009,개인,,,"130,500",24,12,2025,중개거래,서울 서초구,84.99,5,864-7,1,N,26.03.03,서초대로3길,00020,00000,4163405,01,11650,0,11650,개인,10100,방배동,130500.0,2025-12-24
3045,서초쌍용플래티넘,서초쌍용플래티넘,11650-3276,1445,13,2006,개인,,,"79,500",23,12,2025,중개거래,서울 서초구,56.0,16,1445-13,1,N,26.02.20,서초중앙로,00018,00000,3121024,03,11650,0,11650,법인,10800,서초동,79500.0,2025-12-23
3046,래미안 서초유니빌,래미안서초유니빌,11650-518,1445,4,2003,개인,,,"66,000",19,12,2025,중개거래,서울 서초구,56.344,11,1445-4,1,N,26.02.26,서초중앙로,00026,00000,3121024,03,11650,0,11650,개인,10800,서초동,66000.0,2025-12-19
3047,103동,래미안서초에스티지,11650-4470,1332,13,2016,개인,,,"383,000",22,12,2025,중개거래,서울 서초구,101.55,21,1332-13,1,N,26.02.25,서운로,00107,00000,3121016,00,11650,0,11650,개인,10800,서초동,383000.0,2025-12-22
3048,,방배대우디오빌,11650-3191,866,20,2005,개인,,,"30,000",30,12,2025,중개거래,서울 서초구,29.6,11,866-20,1,N,26.02.27,서초대로,00017,00000,2121002,01,11650,0,11650,개인,10100,방배동,30000.0,2025-12-30
3049,101,킴스빌리지,11650-142,71,12,1996,개인,,,"110,000",23,12,2025,중개거래,서울 서초구,23.7,14,71-12,1,N,26.03.27,잠원로3길,00006,00000,4163527,01,11650,0,11650,개인,10600,잠원동,110000.0,2025-12-23
3050,,대흥,11650-476,7,45,2002,개인,,,"43,550",24,12,2025,직거래,,56.65,2,7-45,1,N,25.12.30,강남대로30길,00073,00011,4163015,01,11650,0,11650,개인,10200,양재동,43550.0,2025-12-24
3051,101,방배한화,11650-369,169,24,2001,개인,,,"235,000",29,12,2025,중개거래,서울 서초구,124.39,8,169-24,1,N,26.03.20,효령로33길,00066,00031,4163633,01,11650,0,11650,개인,10100,방배동,235000.0,2025-12-29
3052,104,디에이치반포라클라스,11650-4959,1343,0,2021,개인,,,"525,000",26,12,2025,중개거래,서울 서초구,115.943,6,1343,1,N,26.02.06,서초중앙로,00206,00000,3121024,00,11650,,11650,개인,10700,반포동,525000.0,2025-12-26
3053,303,서초포레스타3단지,11650-4040,568,0,2014,개인,,,"200,000",15,12,2025,중개거래,"서울 서초구, 충북 청주시 흥덕구",114.39,12,568,1,N,26.02.10,헌릉로8길,00022,00000,4163749,01,11650,0,11650,개인,11100,신원동,200000.0,2025-12-15
3054,서초 대우아이빌,서초대우아이빌,11650-606,1675,11,2003,개인,,,"31,000",22,12,2025,직거래,,35.307,10,1675-11,1,N,25.12.31,서초대로58길,00010,00000,4163421,01,11650,0,11650,개인,10800,서초동,31000.0,2025-12-22
3055,래미안 서초유니빌,래미안서초유니빌,11650-518,1445,4,2003,개인,,,"58,000",27,12,2025,중개거래,서울 서초구,45.253,19,1445-4,1,N,26.06.02,서초중앙로,00026,00000,3121024,03,11650,0,11650,개인,10800,서초동,58000.0,2025-12-27
3056,,라인,11650-169,70,0,1995,개인,,,"140,000",5,12,2025,중개거래,서울 강남구,84.89,1,70,1,N,26.04.02,서래로10길,00026,00000,4163357,01,11650,0,11650,개인,10700,반포동,140000.0,2025-12-05
3057,120,래미안퍼스티지,11650-3559,18,1,2009,개인,,,"515,000",19,12,2025,중개거래,서울 서초구,84.93,2,18-1,1,N,26.02.13,반포대로,00275,00000,2121003,02,11650,0,11650,개인,10700,반포동,515000.0,2025-12-19
3058,105,래미안퍼스티지,11650-3559,18,1,2009,개인,,,"408,000",25,12,2025,중개거래,서울 서초구,59.96,2,18-1,1,N,26.05.26,반포대로,00275,00000,2121003,02,11650,0,11650,개인,10700,반포동,408000.0,2025-12-25
3059,102,롯데캐슬쥬피터,11650-620,1359,50,2003,개인,,,"245,000",27,12,2025,중개거래,서울 서초구,164.05,9,1359-50,1,N,26.02.27,서운로6길,00015,00013,4163380,00,11650,,11650,개인,10800,서초동,245000.0,2025-12-27
3060,106,신반포2,11650-117,73,0,1978,개인,,,"635,000",29,12,2025,중개거래,서울 서초구,150.58,2,73,1,N,26.03.31,신반포로23길,00041,00000,4163452,01,11650,0,11650,개인,10600,잠원동,635000.0,2025-12-29
3061,서초 트라팰리스Ⅱ,서초타운트라팰리스,11650-3341,1327,0,2006,개인,,,"155,000",29,12,2025,중개거래,서울 서초구,103.56,14,1327,1,N,26.03.24,서초대로74길,00023,00000,4163433,01,11650,0,11650,개인,10800,서초동,155000.0,2025-12-29
3062,6,진흥아파트,11650-66,1315,0,1979,개인,,,"439,900",27,12,2025,중개거래,서울 서초구,160.46,8,1315,1,N,26.02.27,서초대로,00385,00000,2121002,02,11650,0,11650,개인,10800,서초동,439900.0,2025-12-27
3063,,경남아너스빌,11650-3220,1455,9,2005,개인,,,"230,000",29,12,2025,중개거래,서울 서초구,136.224,11,1455-9,1,N,26.04.15,남부순환로323길,00056,00018,4163071,01,11650,0,11650,개인,10800,서초동,230000.0,2025-12-29
3064,,서초예성그린캐슬,11650-522,1667,2,2003,개인,,,"120,000",1,12,2025,중개거래,서울 서초구,105.49,4,1667-2,1,N,26.02.27,서초대로58길,00026,00000,4163421,01,11650,0,11650,개인,10800,서초동,120000.0,2025-12-01
3065,203,래미안서초에스티지S,11650-4622,1754,0,2018,개인,,,"366,000",19,12,2025,중개거래,서울 서초구,84.96,20,1754,1,N,26.02.06,서운로,00104,00000,3121016,01,11650,0,11650,개인,10800,서초동,366000.0,2025-12-19
3066,106동,서초그랑자이,11650-4969,1757,0,2021,개인,,,"440,000",27,12,2025,중개거래,서울 서초구,100.31,21,1757,1,N,26.05.08,효령로,00391,00000,3121021,00,11650,,11650,개인,10800,서초동,440000.0,2025-12-27
3067,114,서초더샵포레,11650-4063,411,0,2014,개인,,,"183,000",20,12,2025,중개거래,서울 서초구,101.34,13,411,1,N,26.02.24,헌릉로8길,00058,00000,4163749,02,11650,0,11650,개인,10900,내곡동,183000.0,2025-12-20
3068,103,동아,11650-102,157,0,2002,개인,,,"344,000",27,12,2025,중개거래,서울 서초구,84.91,1,157,1,N,26.04.10,신반포로33길,00015,00000,4163453,01,11650,0,11650,개인,10600,잠원동,344000.0,2025-12-27
3069,511,서초포레스타5단지,11650-4026,579,0,2014,개인,,,"198,000",15,12,2025,중개거래,서울 서초구,84.81,4,579,1,N,26.01.29,청계산로7길,00043,00000,4163750,01,11650,0,11650,개인,11100,신원동,198000.0,2025-12-15
3070,,서초힐하우스,11650-96,1612,2,2002,개인,,,"124,500",27,12,2025,중개거래,서울 서초구,111.92,1,1612-2,1,N,26.01.28,서리풀길,00028,00000,4163371,01,11650,0,11650,개인,10800,서초동,124500.0,2025-12-27
3071,,대림서초리시온,11650-605,1671,5,2003,개인,,,"57,500",6,12,2025,중개거래,서울 서초구,49.92,8,1671-5,1,N,26.03.30,서초중앙로22길,00025,00000,4163707,01,11650,0,11650,개인,10800,서초동,57500.0,2025-12-06
3072,래미안 서초유니빌,래미안서초유니빌,11650-518,1445,4,2003,개인,,,"51,000",26,12,2025,중개거래,서울 서초구,45.255,14,1445-4,1,N,26.04.14,서초중앙로,00026,00000,3121024,03,11650,0,11650,개인,10800,서초동,51000.0,2025-12-26
3073,101,대림e-편한세상1,11650-511,884,21,2003,개인,,,"288,000",17,12,2025,중개거래,서울 서초구,188.21,13,884-21,1,N,26.02.20,서초대로34길,00034,00000,4163403,01,11650,0,11650,개인,10100,방배동,288000.0,2025-12-17
3074,,새티스(402-10),11650-679,402,10,2001,개인,,,"37,000",24,12,2025,직거래,,53.44,3,402-10,1,N,25.12.29,논현로1길,00033,00000,4163096,01,11650,0,11650,개인,10200,양재동,37000.0,2025-12-24
3075,113,래미안퍼스티지,11650-3559,18,1,2009,개인,,,"799,000",22,12,2025,중개거래,서울 서초구,169.31,19,18-1,1,N,26.02.26,반포대로,00275,00000,2121003,02,11650,0,11650,개인,10700,반포동,799000.0,2025-12-22
3076,110,서초더샵포레,11650-4063,411,0,2014,개인,,,"184,000",23,12,2025,중개거래,서울 서초구,101.34,1,411,1,N,26.02.12,헌릉로8길,00058,00000,4163749,02,11650,0,11650,개인,10900,내곡동,184000.0,2025-12-23
3077,에이,잠원중앙하이츠(A동),11650-137,71,15,1996,개인,,,"470,000",17,12,2025,중개거래,서울 서초구,229.98,17,71-15,1,N,26.01.30,잠원로3길,00016,00000,4163527,01,11650,0,11650,개인,10600,잠원동,470000.0,2025-12-17
3078,203,래미안서초에스티지S,11650-4622,1754,0,2018,개인,,,"340,500",20,12,2025,중개거래,서울 서초구,84.96,4,1754,1,N,26.02.23,서운로,00104,00000,3121016,01,11650,0,11650,개인,10800,서초동,340500.0,2025-12-20
3079,101,신반포자이,11650-4675,160,0,2018,개인,,,"555,000",15,12,2025,중개거래,서울 서초구,114.94,20,160,1,N,26.03.30,잠원로,00060,00000,3121019,01,11650,0,11650,개인,10600,잠원동,555000.0,2025-12-15
3080,102,동고,11650-480,59,0,1995,개인,,,"150,000",1,12,2025,중개거래,서울 서초구,84.96,8,59,1,N,26.03.04,바우뫼로7길,00029,00000,4163219,01,11650,0,11650,개인,10300,우면동,150000.0,2025-12-01
3081,101,현대,11650-152,53,0,1993,개인,,,"295,000",19,12,2025,중개거래,서울 서초구,84.87,6,53,1,N,26.03.03,잠원로12길,00004,00000,4163525,01,11650,0,11650,개인,10600,잠원동,295000.0,2025-12-19
3082,201,서초포레스타2단지,11650-4156,384,0,2015,개인,,,"153,000",18,12,2025,중개거래,서울 서초구,59.21,13,384,1,N,26.02.20,헌릉로8길,00045,00000,4163749,02,11650,0,11650,개인,10900,내곡동,153000.0,2025-12-18
3083,서초 대우아이빌,서초대우아이빌,11650-606,1675,11,2003,개인,,,"29,500",20,12,2025,중개거래,서울 서초구,32.647,11,1675-11,1,N,25.12.29,서초대로58길,00010,00000,4163421,01,11650,0,11650,개인,10800,서초동,29500.0,2025-12-20
3084,118,서초더샵포레,11650-4063,411,0,2014,개인,,,"174,000",17,12,2025,중개거래,서울 서초구,84.81,3,411,1,N,26.04.10,헌릉로8길,00058,00000,4163749,02,11650,0,11650,개인,10900,내곡동,174000.0,2025-12-17
3085,502,반포미도2차아파트,11650-173,60,5,1989,개인,,,"280,000",22,12,2025,중개거래,서울 서초구,59.07,2,60-5,1,N,26.02.26,사평대로,00240,00000,2121001,02,11650,0,11650,개인,10700,반포동,280000.0,2025-12-22
3086,,서초노블레스아파트,11650-4745,1362,10,2019,개인,,,"48,000",6,12,2025,중개거래,서울 서초구,28.85,7,1362-10,1,N,26.03.06,강남대로39길,00015,00011,4163018,00,11650,,11650,개인,10800,서초동,48000.0,2025-12-06
3087,,대림서초리시온,11650-605,1671,5,2003,개인,,,"33,500",9,12,2025,직거래,,45.72,5,1671-5,1,N,25.12.22,서초중앙로22길,00025,00000,4163707,01,11650,0,11650,개인,10800,서초동,33500.0,2025-12-09
3088,207,신반포4,11650-125,70,0,1979,개인,,,"510,000",5,12,2025,중개거래,서울 서초구,100.11,11,70,1,N,26.03.04,잠원로,00037,00048,3121019,01,11650,0,11650,개인,10600,잠원동,510000.0,2025-12-05
3089,1,아남,11650-54,1641,13,1989,개인,,,"206,000",13,12,2025,중개거래,서울 서초구,71.1,9,1641-13,1,N,26.03.06,사임당로23길,00053,00000,4163318,01,11650,0,11650,개인,10800,서초동,206000.0,2025-12-13
3090,,상지리츠빌(1),11650-710,1490,1,2002,개인,,,"215,000",15,12,2025,중개거래,서울 서초구,147.46,9,1490-1,1,N,26.02.26,명달로11길,00031,00000,4163181,01,11650,0,11650,개인,10800,서초동,215000.0,2025-12-15
3091,105,동고,11650-480,59,0,1995,개인,,,"150,000",19,12,2025,중개거래,서울 서초구,84.96,1,59,1,N,26.02.26,바우뫼로7길,00029,00000,4163219,01,11650,0,11650,개인,10300,우면동,150000.0,2025-12-19
3092,,엠브이아파트,11650-199,46,0,1994,개인,,,"195,000",13,12,2025,중개거래,서울 서초구,59.82,18,46,1,N,26.03.31,고무래로10길,00039,00000,4163042,01,11650,0,11650,개인,10700,반포동,195000.0,2025-12-13
3093,102,동고,11650-480,59,0,1995,개인,,,"115,000",16,12,2025,중개거래,서울 서초구,84.96,1,59,1,N,26.03.06,바우뫼로7길,00029,00000,4163219,01,11650,0,11650,개인,10300,우면동,115000.0,2025-12-16
3094,3,진흥아파트,11650-66,1315,0,1979,개인,,,"335,000",18,12,2025,중개거래,서울 서초구,101.32,11,1315,1,N,26.03.20,서초대로,00385,00000,2121002,02,11650,0,11650,개인,10800,서초동,335000.0,2025-12-18
3095,114,서초더샵포레,11650-4063,411,0,2014,개인,,,"187,500",17,12,2025,중개거래,서울 서초구,101.34,7,411,1,N,26.03.23,헌릉로8길,00058,00000,4163749,02,11650,0,11650,개인,10900,내곡동,187500.0,2025-12-17
3096,,서초노블레스아파트,11650-4745,1362,10,2019,개인,26.01.15,O,"52,000",5,12,2025,중개거래,서울 서초구,27.57,13,1362-10,1,N,,강남대로39길,00015,00011,4163018,00,11650,,11650,개인,10800,서초동,52000.0,2025-12-05
3097,,방배아크빌,11650-615,848,1,2003,개인,,,"270,000",12,12,2025,중개거래,서울 서초구,195.43,6,848-1,1,N,26.03.05,서초대로33길,00052,00000,4163401,01,11650,0,11650,개인,10100,방배동,270000.0,2025-12-12
3098,104,힐스테이트서초젠트리스,11650-4103,557,0,2014,개인,,,"234,000",15,12,2025,중개거래,서울 서초구,114.9,6,557,1,N,26.02.09,헌릉로8길,00010,00012,4163749,01,11650,0,11650,개인,11100,신원동,234000.0,2025-12-15
3099,108동,서초그랑자이,11650-4969,1757,0,2021,개인,,,"430,000",17,12,2025,중개거래,서울 서초구,100.31,27,1757,1,N,26.03.25,효령로,00391,00000,3121021,00,11650,,11650,개인,10800,서초동,430000.0,2025-12-17
3100,401,호반써밋서초파크,11650-3974,788,0,2013,개인,,,"180,000",16,12,2025,중개거래,서울 서초구,84.99,7,788,1,N,26.02.26,양재대로2길,00033,00000,4163748,01,11650,0,11650,개인,10300,우면동,180000.0,2025-12-16
3101,101동,비젼아파트101동,11650-591,17,35,2003,개인,,,"125,000",5,12,2025,중개거래,"서울 강동구, 서울 서초구",102.46,2,17-35,1,N,26.02.27,바우뫼로39길,00039,00000,4163214,01,11650,0,11650,개인,10200,양재동,125000.0,2025-12-05
3102,118,래미안퍼스티지,11650-3559,18,1,2009,개인,,,"770,000",5,12,2025,중개거래,서울 서초구,168.65,28,18-1,1,N,26.01.20,반포대로,00275,00000,2121003,02,11650,0,11650,개인,10700,반포동,770000.0,2025-12-05
3103,B,서초트라팰리스,11650-3238,1344,13,2005,개인,,,"248,500",16,12,2025,중개거래,서울 영등포구,121.71,10,1344-13,1,N,26.03.27,효령로72길,00057,00000,4163657,01,11650,0,11650,개인,10800,서초동,248500.0,2025-12-16
3104,104,동고,11650-480,59,0,1995,개인,,,"150,000",8,12,2025,중개거래,서울 서초구,77.14,2,59,1,N,26.01.15,바우뫼로7길,00029,00000,4163219,01,11650,0,11650,개인,10300,우면동,150000.0,2025-12-08
3105,A,서초트라팰리스,11650-3238,1344,13,2005,개인,,,"163,000",13,12,2025,중개거래,서울 서초구,81.76,16,1344-13,1,N,25.12.29,효령로72길,00057,00000,4163657,01,11650,0,11650,개인,10800,서초동,163000.0,2025-12-13
3106,서초 대우아이빌,서초대우아이빌,11650-606,1675,11,2003,개인,,,"31,500",4,12,2025,중개거래,서울 서초구,32.647,11,1675-11,1,N,26.01.08,서초대로58길,00010,00000,4163421,01,11650,0,11650,개인,10800,서초동,31500.0,2025-12-04
3107,방배디오슈페리움Ⅰ,방배디오슈페리움Ⅰ,11650-3343,3001,2,2006,개인,,,"138,000",5,12,2025,직거래,,125.79,14,3001-2,1,N,25.12.15,서초대로,00003,00004,2121002,01,11650,0,11650,개인,10100,방배동,138000.0,2025-12-05
3108,102,서초지웰,11650-3221,1458,6,2005,개인,,,"197,000",5,12,2025,중개거래,"서울 강남구, 서울 서초구",84.74,14,1458-6,1,N,26.02.24,반포대로10길,00035,00000,4163222,01,11650,0,11650,개인,10800,서초동,197000.0,2025-12-05
3109,,상지리츠빌6차,11650-733,843,10,2004,개인,,,"175,000",12,12,2025,중개거래,서울 서초구,111.02,3,843-10,1,N,26.03.16,서초대로33길,00084,00028,4163401,01,11650,0,11650,개인,10100,방배동,175000.0,2025-12-12
3110,101,대성유니드,11650-684,48,2,2004,개인,,,"235,000",5,12,2025,중개거래,서울 서초구,123.974,7,48-2,1,N,26.02.13,고무래로10길,00028,00000,4163042,01,11650,0,11650,개인,10700,반포동,235000.0,2025-12-05
3111,102,서초아트자이,11650-3542,1583,10,2009,개인,,,"285,000",5,12,2025,중개거래,서울 서초구,165.5725,14,1583-10,1,N,26.02.24,반포대로,00058,00000,2121003,03,11650,0,11650,개인,10800,서초동,285000.0,2025-12-05
3112,102,신원아침도시(1420),11650-3219,1420,18,2005,개인,,,"175,000",14,12,2025,중개거래,서울 서초구,84.34,9,1420-18,1,N,26.01.30,남부순환로337가길,00052,00000,4163077,01,11650,0,11650,개인,10800,서초동,175000.0,2025-12-14
3113,잠원동 대우아이빌 1동,대우아이빌,11650-101,42,13,2001,개인,,,"61,000",13,12,2025,중개거래,서울 서초구,27.07,5,42-13,1,N,26.01.20,신반포로45길,00023,00000,4163459,01,11650,0,11650,개인,10600,잠원동,61000.0,2025-12-13
3114,101,방배자이,11650-512,888,53,2003,개인,,,"320,000",13,12,2025,중개거래,서울 서초구,164.96,8,888-53,1,N,26.04.07,방배로18길,00067,00000,4163254,01,11650,0,11650,개인,10100,방배동,320000.0,2025-12-13
3115,,강남월드메르디앙프레스티지,11650-5023,11,11,2022,개인,,,"74,000",13,12,2025,중개거래,서울 서초구,37.424,9,11-11,1,N,26.02.10,남부순환로350길,00019,00011,4163086,00,11650,0,11650,법인,10200,양재동,74000.0,2025-12-13
3116,205,서초힐스,11650-3821,773,0,2012,개인,,,"177,500",12,12,2025,중개거래,서울 서초구,59.97,12,773,1,N,26.02.13,양재대로2길,00090,00000,4163748,01,11650,0,11650,개인,10300,우면동,177500.0,2025-12-12
3117,,현대이에스에이아파트,11650-532,1338,0,2002,개인,,,"155,500",12,12,2025,중개거래,서울 서초구,116.04,3,1338,1,N,26.01.16,효령로77길,00020,00000,4163659,01,11650,0,11650,개인,10800,서초동,155500.0,2025-12-12
3118,101,베로니스5차,11650-3356,1,39,2007,개인,,,"260,000",12,12,2025,중개거래,서울 서초구,178.71,1,1-39,1,N,25.12.15,사평대로6길,00109,00013,4163339,01,11650,0,11650,개인,10100,방배동,260000.0,2025-12-12
3119,,서초동삼성쉐르빌2,11650-608,1330,0,2002,개인,,,"64,500",9,12,2025,중개거래,서울 서초구,52.83,15,1330,1,N,26.01.29,강남대로53길,00011,00000,4163026,01,11650,0,11650,개인,10800,서초동,64500.0,2025-12-09
3120,3,삼호1동~3동,11650-309,770,1,1975,개인,,,"275,000",11,12,2025,중개거래,서울 서초구,116.13,10,770-1,1,N,26.02.03,방배로43길,00021,00000,4163277,01,11650,0,11650,개인,10100,방배동,275000.0,2025-12-11
3121,201,서초포레스타2단지,11650-4156,384,0,2015,개인,,,"179,000",11,12,2025,중개거래,서울 서초구,84.87,9,384,1,N,26.02.26,헌릉로8길,00045,00000,4163749,02,11650,0,11650,개인,10900,내곡동,179000.0,2025-12-11
3122,B동,강남태영데시앙루브,11650-3217,1303,35,2005,개인,,,"111,000",1,12,2025,중개거래,서울 서초구,84.2,11,1303-35,1,N,26.02.03,강남대로,00455,00000,2102001,04,11650,0,11650,개인,10800,서초동,111000.0,2025-12-01
3123,303,방배3차현대홈타운,11650-732,2233,0,2004,개인,,,"235,000",10,12,2025,중개거래,서울 서초구,84.982,1,2233,1,N,26.02.02,방배중앙로21길,00055,00000,4163677,01,11650,0,11650,개인,10100,방배동,235000.0,2025-12-10
3124,,비버리캐슬,11650-4822,1486,17,2020,개인,,,"118,500",6,12,2025,중개거래,서울 서초구,59.49,4,1486-17,1,N,26.02.12,반포대로9길,00070,00000,4163248,00,11650,0,11650,개인,10800,서초동,118500.0,2025-12-06
3125,101,대성유니드,11650-684,48,2,2004,개인,,,"220,000",9,12,2025,중개거래,서울 서초구,97.992,6,48-2,1,N,26.01.30,고무래로10길,00028,00000,4163042,01,11650,0,11650,개인,10700,반포동,220000.0,2025-12-09
3126,102,한신타워,11650-150,71,11,1996,개인,,,"277,000",8,12,2025,중개거래,서울 서초구,59.4,5,71-11,1,N,26.03.03,잠원로3길,00008,00000,4163527,01,11650,0,11650,개인,10600,잠원동,277000.0,2025-12-08
3127,,서리풀프라젠아파트,11650-4807,3281,0,2020,개인,,,"158,000",8,12,2025,중개거래,서울 서초구,78.69,4,3281,1,N,26.03.17,서초대로23길,00047,00000,4163391,00,11650,0,11650,개인,10100,방배동,158000.0,2025-12-08
3128,102,서초극동스타클래스,11650-602,1616,10,2003,개인,,,"203,000",5,12,2025,중개거래,서울 서초구,110.72,2,1616-10,1,N,26.01.28,서리풀4길,00043,00000,4163368,01,11650,0,11650,개인,10800,서초동,203000.0,2025-12-05
3129,잠원시티아파트,잠원시티아파트,11650-4533,71,8,2017,개인,,,"54,000",5,12,2025,중개거래,서울 서초구,21.17,6,71-8,1,N,25.12.31,신반포로23길,00076,00000,4163452,00,11650,0,11650,법인,10600,잠원동,54000.0,2025-12-05
3130,404,호반써밋서초파크,11650-3974,788,0,2013,개인,,,"130,000",3,12,2025,중개거래,서울 서초구,51.89,5,788,1,N,26.02.26,양재대로2길,00033,00000,4163748,01,11650,0,11650,개인,10300,우면동,130000.0,2025-12-03
3131,101,반포두산힐스빌,11650-168,54,5,2001,개인,,,"125,000",6,12,2025,중개거래,서울 서초구,47.7,5,54-5,1,N,26.03.03,고무래로10길,00016,00000,4163042,01,11650,0,11650,개인,10700,반포동,125000.0,2025-12-06
3132,106,코오롱,11650-482,70,0,1994,개인,,,"155,700",2,12,2025,중개거래,"서울 강남구, 서울 서초구",52.47,2,70,1,N,25.12.30,바우뫼로,00053,00000,3121009,02,11650,0,11650,개인,10300,우면동,155700.0,2025-12-02
3133,10,삼풍아파트,11650-28,1685,0,1988,개인,,,"432,000",2,12,2025,중개거래,서울 서초구,130.73,5,1685,1,N,26.03.31,서초중앙로,00200,00000,3121024,03,11650,0,11650,개인,10800,서초동,432000.0,2025-12-02
3134,B,방배아크로타워,11650-3358,923,6,2007,개인,,,"86,000",5,12,2025,중개거래,서울 서초구,60.12,3,923-6,1,N,26.01.09,방배로13길,00018,00000,4163251,01,11650,0,11650,개인,10100,방배동,86000.0,2025-12-05
3135,,서초노블레스아파트,11650-4745,1362,10,2019,개인,,,"47,000",2,12,2025,중개거래,서울 서초구,29.47,4,1362-10,1,N,26.04.15,강남대로39길,00015,00011,4163018,00,11650,,11650,개인,10800,서초동,47000.0,2025-12-02
3136,501,서초5차e편한세상,11650-3225,1467,62,2005,개인,,,"258,000",4,12,2025,중개거래,서울 서초구,158.24,2,1467-62,1,N,26.03.25,명달로4길,00030,00000,4163192,01,11650,0,11650,개인,10800,서초동,258000.0,2025-12-04
3137,,현대이에스에이아파트,11650-532,1338,0,2002,개인,,,"170,000",3,12,2025,중개거래,서울 강남구,163.95,3,1338,1,N,26.02.20,효령로77길,00020,00000,4163659,01,11650,0,11650,개인,10800,서초동,170000.0,2025-12-03
3138,707,서초포레스타7단지,11650-3954,615,0,2013,개인,,,"168,000",4,12,2025,중개거래,서울 서초구,59.92,6,615,1,N,26.03.26,청계산로11길,00007,00012,4163752,01,11650,0,11650,개인,11100,신원동,168000.0,2025-12-04
3139,101,삼호한숲,11650-315,1030,1,1998,개인,,,"147,000",4,12,2025,중개거래,서울 서초구,59.98,6,1030-1,1,N,26.03.06,방배로3길,00010,00003,4163274,01,11650,0,11650,개인,10100,방배동,147000.0,2025-12-04
3140,26,효성빌라26동,11650-3212,551,42,2005,개인,,,"219,000",4,12,2025,중개거래,서울 서초구,188.61,1,551-42,1,N,26.03.24,동광로49길,00078,00000,4163135,01,11650,0,11650,개인,10700,반포동,219000.0,2025-12-04
3141,202,극동스타클래스2,11650-3321,1615,10,2006,개인,,,"165,000",4,12,2025,중개거래,서울 서초구,81.065,2,1615-10,1,N,26.01.28,효령로67길,00035,00000,4163653,01,11650,0,11650,개인,10800,서초동,165000.0,2025-12-04
3142,B,현대슈퍼빌,11650-519,1446,11,2003,개인,,,"370,000",2,12,2025,중개거래,서울 서초구,205.67,12,1446-11,1,N,26.03.31,서초중앙로,00015,00000,3121024,03,11650,0,11650,개인,10800,서초동,370000.0,2025-12-02
3143,201,방배2차e-편한세상,11650-510,881,26,2004,개인,,,"290,000",2,12,2025,중개거래,서울 서초구,163.36,8,881-26,1,N,26.03.30,서초대로33길,00022,00000,4163401,01,11650,0,11650,개인,10100,방배동,290000.0,2025-12-02
3144,103,서초교대e편한세상,11650-3579,1686,9,2010,개인,,,"245,000",3,12,2025,중개거래,서울 서초구,59.9,9,1686-9,1,N,25.12.10,서초중앙로24길,00033,00000,4163710,01,11650,0,11650,개인,10800,서초동,245000.0,2025-12-03
3145,501,호반써밋서초파크뷰(토지임대부아파트),11650-3976,789,0,2013,개인,,,"127,000",1,12,2025,중개거래,서울 서초구,59.93,21,789,1,Y,26.01.15,양재대로2길,00011,00000,4163748,01,11650,0,11650,개인,10300,우면동,127000.0,2025-12-01
3146,13,삼풍아파트,11650-28,1685,0,1988,개인,,,"420,000",1,12,2025,중개거래,서울 서초구,130.73,1,1685,1,N,26.03.25,서초중앙로,00200,00000,3121024,03,11650,0,11650,개인,10800,서초동,420000.0,2025-12-01
3147,,현대이에스에이아파트,11650-532,1338,0,2002,개인,,,"155,000",10,1,2026,중개거래,서울 서초구,100.06,12,1338,1,N,26.05.29,효령로77길,00020,00000,4163659,01,11650,0,11650,개인,10800,서초동,155000.0,2026-01-10
3148,105,한라,11650-483,67,0,1994,개인,,,"157,000",20,1,2026,중개거래,서울 서초구,59.98,4,67,1,N,26.04.16,바우뫼로,00033,00000,3121009,02,11650,0,11650,개인,10300,우면동,157000.0,2026-01-20
3149,205,서초힐스,11650-3821,773,0,2012,개인,,,"180,000",28,1,2026,중개거래,서울 서초구,59.97,12,773,1,N,26.06.02,양재대로2길,00090,00000,4163748,01,11650,0,11650,개인,10300,우면동,180000.0,2026-01-28
3150,119,신반포16,11650-113,55,12,1983,개인,,,"299,000",9,1,2026,중개거래,서울 서초구,52.32,4,55-12,1,N,26.03.06,잠원로,00157,00000,3121019,01,11650,0,11650,개인,10600,잠원동,299000.0,2026-01-09
3151,,엠브이아파트,11650-199,46,0,1994,개인,,,"218,000",28,1,2026,중개거래,서울 서초구,83.4,13,46,1,N,26.04.29,고무래로10길,00039,00000,4163042,01,11650,0,11650,개인,10700,반포동,218000.0,2026-01-28
3152,108,신반포2,11650-117,73,0,1978,개인,,,"700,000",29,1,2026,중개거래,서울 서초구,137.66,6,73,1,N,26.04.07,신반포로23길,00041,00000,4163452,01,11650,0,11650,개인,10600,잠원동,700000.0,2026-01-29
3153,,비버리캐슬,11650-4822,1486,17,2020,개인,,,"115,000",19,1,2026,중개거래,서울 서초구,59.49,3,1486-17,1,N,26.02.26,반포대로9길,00070,00000,4163248,00,11650,0,11650,개인,10800,서초동,115000.0,2026-01-19
3154,101동,반포써밋,11650-4703,1342,0,2018,개인,,,"449,000",24,1,2026,중개거래,서울 서초구,106.5162,12,1342,1,N,26.04.06,고무래로,00089,00000,3121001,00,11650,0,11650,개인,10700,반포동,449000.0,2026-01-24
3155,서초 노빌리에,서초노빌리에,11650-3320,1566,19,2006,개인,,,"70,000",30,1,2026,직거래,,81.36,6,1566-19,1,N,26.02.25,서초대로46길,00096,00000,4163410,01,11650,0,11650,개인,10800,서초동,70000.0,2026-01-30
3156,109,롯데캐슬클래식,11650-3300,1312,3,2006,개인,,,"390,000",30,1,2026,중개거래,서울 서초구,133.45,2,1312-3,1,N,26.02.26,서운로,00197,00000,3121016,00,11650,,11650,개인,10800,서초동,390000.0,2026-01-30
3157,120,반포자이,11650-3500,20,43,2009,개인,,,"640,000",23,1,2026,중개거래,서울 서초구,165.052,20,20-43,1,N,26.03.17,신반포로,00270,00000,3121017,02,11650,0,11650,개인,10700,반포동,640000.0,2026-01-23
3158,201,방배2차e-편한세상,11650-510,881,26,2004,개인,,,"275,000",24,1,2026,중개거래,서울 서초구,164.53,3,881-26,1,N,26.03.20,서초대로33길,00022,00000,4163401,01,11650,0,11650,개인,10100,방배동,275000.0,2026-01-24
3159,102,방배래미안타워,11650-759,485,3,2005,개인,,,"265,500",28,1,2026,중개거래,서울 서초구,134.36,14,485-3,1,N,26.04.06,남부순환로,02183,00000,2000003,01,11650,0,11650,개인,10100,방배동,265500.0,2026-01-28
3160,202,서초힐스,11650-3821,773,0,2012,개인,,,"189,000",25,1,2026,중개거래,서울 서초구,74.97,17,773,1,N,26.04.29,양재대로2길,00090,00000,4163748,01,11650,0,11650,개인,10300,우면동,189000.0,2026-01-25
3161,106,롯데캐슬클래식,11650-3300,1312,3,2006,개인,,,"367,000",24,1,2026,중개거래,서울 서초구,120.18,6,1312-3,1,N,26.04.09,서운로,00197,00000,3121016,00,11650,,11650,개인,10800,서초동,367000.0,2026-01-24
3162,105,래미안퍼스티지,11650-3559,18,1,2009,개인,,,"435,000",31,1,2026,중개거래,"서울 서초구, 서울 용산구",59.96,21,18-1,1,N,26.04.20,반포대로,00275,00000,2121003,02,11650,0,11650,개인,10700,반포동,435000.0,2026-01-31
3163,,대림서초리시온,11650-605,1671,5,2003,개인,,,"50,500",30,1,2026,중개거래,서울 서초구,49.92,3,1671-5,1,N,26.04.09,서초중앙로22길,00025,00000,4163707,01,11650,0,11650,개인,10800,서초동,50500.0,2026-01-30
3164,101,신반포2,11650-117,73,0,1978,개인,,,"572,000",16,1,2026,중개거래,서울 서초구,107.31,2,73,1,N,26.05.29,신반포로23길,00041,00000,4163452,01,11650,0,11650,개인,10600,잠원동,572000.0,2026-01-16
3165,111,신반포2,11650-117,73,0,1978,개인,,,"422,701",16,1,2026,직거래,,79.42,2,73,1,N,26.02.13,신반포로23길,00041,00000,4163452,01,11650,0,11650,법인,10600,잠원동,422701.0,2026-01-16
3166,101,현대동궁아파트,11650-236,64,5,1991,개인,,,"280,000",16,1,2026,중개거래,서울 서초구,70.38,1,64-5,1,N,26.05.04,사평대로,00154,00000,2121001,02,11650,0,11650,개인,10700,반포동,280000.0,2026-01-16
3167,351,신반포27,11650-124,56,2,1985,개인,,,"279,000",29,1,2026,중개거래,서울 서초구,53.46,5,56-2,1,N,26.04.08,잠원로8길,00003,00000,4163529,01,11650,0,11650,개인,10600,잠원동,279000.0,2026-01-29
3168,344,신반포25,11650-122,61,1,1984,개인,,,"440,000",20,1,2026,중개거래,서울 서초구,117.06,2,61-1,1,N,26.04.30,잠원로,00136,00000,3121019,01,11650,0,11650,개인,10600,잠원동,440000.0,2026-01-20
3169,113,래미안원베일리,11650-5126,1,0,2023,개인,,,"608,000",29,1,2026,중개거래,서울 서초구,84.98,19,1,1,N,26.04.29,반포대로,00333,00000,2121003,00,11650,,11650,개인,10700,반포동,608000.0,2026-01-29
3170,,엠브이아파트,11650-199,46,0,1994,개인,,,"265,000",12,1,2026,중개거래,서울 서초구,129.93,11,46,1,N,26.04.01,고무래로10길,00039,00000,4163042,01,11650,0,11650,개인,10700,반포동,265000.0,2026-01-12
3171,,반포쎄레노아파트,11650-699,742,10,2002,개인,,,"87,000",31,1,2026,중개거래,서울 서초구,73.6,5,742-10,1,N,26.03.31,주흥3길,00017,00000,4163555,01,11650,0,11650,개인,10700,반포동,87000.0,2026-01-31
3172,,새티스,11650-595,1435,2,2003,개인,,,"130,000",30,1,2026,중개거래,서울 서초구,80.85,5,1435-2,1,N,26.04.07,남부순환로337가길,00051,00006,4163077,01,11650,0,11650,개인,10800,서초동,130000.0,2026-01-30
3173,201,방배2차e-편한세상,11650-510,881,26,2004,개인,,,"295,400",24,1,2026,중개거래,서울 서초구,164.53,8,881-26,1,N,26.04.02,서초대로33길,00022,00000,4163401,01,11650,0,11650,개인,10100,방배동,295400.0,2026-01-24
3174,,서리풀프라젠아파트,11650-4807,3281,0,2020,개인,,,"166,400",26,1,2026,중개거래,서울 서초구,78.19,5,3281,1,N,26.03.12,서초대로23길,00047,00000,4163391,00,11650,0,11650,개인,10100,방배동,166400.0,2026-01-26
3175,,서초이오빌,11650-521,1593,7,2003,개인,,,"32,500",26,1,2026,중개거래,서울 서초구,36.66,16,1593-7,1,N,26.03.17,효령로53길,00045,00000,4163646,01,11650,0,11650,개인,10800,서초동,32500.0,2026-01-26
3176,101,대성유니드,11650-607,1641,3,2004,개인,,,"208,000",31,1,2026,중개거래,서울 서초구,84.991,10,1641-3,1,N,26.04.27,서초대로64길,00036,00000,4163424,01,11650,0,11650,개인,10800,서초동,208000.0,2026-01-31
3177,110,반포자이,11650-3500,20,43,2009,개인,,,"510,000",22,1,2026,중개거래,서울 서초구,84.943,17,20-43,1,N,26.03.31,신반포로,00270,00000,3121017,02,11650,0,11650,개인,10700,반포동,510000.0,2026-01-22
3178,119,신반포16,11650-113,55,12,1983,법인,,,"187,119",13,1,2026,직거래,,52.32,3,55-12,1,N,26.01.26,잠원로,00157,00000,3121019,01,11650,0,11650,개인,10600,잠원동,187119.0,2026-01-13
3179,8,삼호2,11650-310,758,4,1976,개인,,,"300,000",31,1,2026,중개거래,서울 서초구,127.94,10,758-4,1,N,26.04.10,방배로43길,00030,00000,4163277,01,11650,0,11650,개인,10100,방배동,300000.0,2026-01-31
3180,,서초이오빌,11650-521,1593,7,2003,개인,,,"42,000",23,1,2026,중개거래,서울 서초구,45.96,17,1593-7,1,N,26.04.03,효령로53길,00045,00000,4163646,01,11650,0,11650,개인,10800,서초동,42000.0,2026-01-23
3181,101,한신휴플러스,11650-3289,3000,1,2006,개인,,,"176,000",28,1,2026,중개거래,"서울 강남구, 서울 서초구",84.55,17,3000-1,1,N,26.03.16,동작대로,00112,00000,2005009,01,11650,0,11650,개인,10100,방배동,176000.0,2026-01-28
3182,101,서초한빛삼성,11650-42,1509,1,1999,개인,,,"246,000",28,1,2026,중개거래,서울 서초구,110.59,8,1509-1,1,N,26.04.20,서초대로40길,00072,00000,4163406,01,11650,0,11650,개인,10800,서초동,246000.0,2026-01-28
3183,,서초동아타워,11650-35,1321,6,1996,개인,,,"128,000",27,1,2026,중개거래,서울 강남구,178.58,11,1321-6,1,N,26.04.10,서운로,00138,00000,3121016,01,11650,0,11650,개인,10800,서초동,128000.0,2026-01-27
3184,202,래미안서초에스티지S,11650-4622,1754,0,2018,개인,,,"352,000",22,1,2026,중개거래,"서울 강동구, 서울 서초구",84.17,12,1754,1,N,26.04.13,서운로,00104,00000,3121016,01,11650,0,11650,개인,10800,서초동,352000.0,2026-01-22
3185,,엠브이아파트,11650-199,46,0,1994,개인,,,"260,000",12,1,2026,중개거래,서울 서초구,129.93,12,46,1,N,26.04.24,고무래로10길,00039,00000,4163042,01,11650,0,11650,개인,10700,반포동,260000.0,2026-01-12
3186,201,래미안서초에스티지S,11650-4622,1754,0,2018,개인,,,"355,000",21,1,2026,중개거래,서울 서초구,84.96,16,1754,1,N,26.03.06,서운로,00104,00000,3121016,01,11650,0,11650,개인,10800,서초동,355000.0,2026-01-21
3187,8,삼호2,11650-310,758,4,1976,개인,,,"295,000",31,1,2026,중개거래,서울 서초구,127.94,8,758-4,1,N,26.04.30,방배로43길,00030,00000,4163277,01,11650,0,11650,개인,10100,방배동,295000.0,2026-01-31
3188,205,래미안서초에스티지S,11650-4622,1754,0,2018,개인,,,"503,000",29,1,2026,중개거래,서울 서초구,134.27,6,1754,1,N,26.05.15,서운로,00104,00000,3121016,01,11650,0,11650,개인,10800,서초동,503000.0,2026-01-29
3189,103,반포리체,11650-3617,30,26,2010,개인,,,"450,000",28,1,2026,중개거래,서울 서초구,84.972,19,30-26,1,N,26.02.26,고무래로,00035,00000,3121001,01,11650,0,11650,개인,10700,반포동,450000.0,2026-01-28
3190,,방배대우유로카운티,11650-399,847,34,2002,개인,,,"405,000",21,1,2026,중개거래,서울 서초구,216.15,2,847-34,1,N,26.04.13,방배로28길,00090,00000,4163263,01,11650,0,11650,개인,10100,방배동,405000.0,2026-01-21
3191,,엠브이아파트,11650-199,46,0,1994,개인,,,"190,000",17,1,2026,중개거래,서울 서초구,59.82,9,46,1,N,26.03.11,고무래로10길,00039,00000,4163042,01,11650,0,11650,개인,10700,반포동,190000.0,2026-01-17
3192,202,서초푸르지오써밋,11650-4550,1311,10,2017,개인,,,"400,000",31,1,2026,중개거래,서울 서초구,104.19,3,1311-10,1,N,26.04.17,서운로,00212,00000,3121016,01,11650,0,11650,개인,10800,서초동,400000.0,2026-01-31
3193,101,래미안서초4차,11650-625,1473,2,2005,개인,,,"229,500",12,1,2026,중개거래,서울 서초구,133.14,2,1473-2,1,N,26.05.07,남부순환로317길,00034,00000,4163069,01,11650,0,11650,개인,10800,서초동,229500.0,2026-01-12
3194,109,우성,11650-440,154,2,1991,개인,,,"225,000",26,1,2026,중개거래,서울 서초구,84.58,2,154-2,1,N,26.03.23,바우뫼로,00091,00000,3121009,01,11650,0,11650,개인,10200,양재동,225000.0,2026-01-26
3195,,대림서초리시온,11650-605,1671,5,2003,개인,,,"53,000",31,1,2026,중개거래,서울 서초구,41.94,9,1671-5,1,N,26.03.03,서초중앙로22길,00025,00000,4163707,01,11650,0,11650,개인,10800,서초동,53000.0,2026-01-31
3196,,더미켈란,11650-626,1494,4,2005,개인,,,"407,500",20,1,2026,중개거래,"서울 강남구, 서울 서초구",244.98,9,1494-4,1,N,26.03.31,명달로,00091,00000,3121008,02,11650,0,11650,개인,10800,서초동,407500.0,2026-01-20
3197,12,방배임광3차,11650-342,1010,1,1988,개인,,,"225,000",27,1,2026,중개거래,서울 서초구,84.0,6,1010-1,1,N,26.04.01,방배로2길,00024,00006,4163264,01,11650,0,11650,개인,10100,방배동,225000.0,2026-01-27
3198,,서초힐스,11650-3821,773,0,2012,개인,26.03.23,O,"180,000",28,1,2026,중개거래,서울 서초구,59.97,12,773,1,N,,양재대로2길,00090,00000,4163748,01,11650,0,11650,개인,10300,우면동,180000.0,2026-01-28
3199,,엠브이아파트,11650-199,46,0,1994,개인,,,"225,000",31,1,2026,중개거래,서울 서초구,129.93,1,46,1,N,26.04.29,고무래로10길,00039,00000,4163042,01,11650,0,11650,개인,10700,반포동,225000.0,2026-01-31
3200,102,서초래미안,11650-523,1682,0,2003,개인,,,"320,000",29,1,2026,중개거래,서울 서초구,111.32,14,1682,1,N,26.04.13,서초대로65길,00013,00010,4163425,01,11650,0,11650,개인,10800,서초동,320000.0,2026-01-29
3201,잠원동 대우아이빌 3동,대우아이빌,11650-101,42,13,2001,개인,,,"64,000",28,1,2026,중개거래,서울 서초구,35.38,12,42-13,1,N,26.03.10,신반포로45길,00023,00000,4163459,01,11650,0,11650,개인,10600,잠원동,64000.0,2026-01-28
3202,204,래미안서초에스티지S,11650-4622,1754,0,2018,개인,,,"358,000",29,1,2026,중개거래,서울 서초구,84.8,6,1754,1,N,26.04.30,서운로,00104,00000,3121016,01,11650,0,11650,개인,10800,서초동,358000.0,2026-01-29
3203,,서초동삼성쉐르빌2,11650-608,1330,0,2002,개인,,,"67,500",19,1,2026,중개거래,서울 서초구,52.83,17,1330,1,N,26.04.30,강남대로53길,00011,00000,4163026,01,11650,0,11650,개인,10800,서초동,67500.0,2026-01-19
3204,103,더샵서초,11650-3284,1445,14,2006,개인,,,"67,000",21,1,2026,중개거래,서울 서초구,33.06,26,1445-14,1,N,26.02.25,서초중앙로2길,00021,00000,4163718,01,11650,0,11650,개인,10800,서초동,67000.0,2026-01-21
3205,105동,서초그랑자이,11650-4969,1757,0,2021,개인,,,"355,000",26,1,2026,중개거래,서울 서초구,59.98,34,1757,1,N,26.02.25,효령로,00391,00000,3121021,00,11650,,11650,개인,10800,서초동,355000.0,2026-01-26
3206,3,한신,11650-145,56,3,1992,개인,,,"358,500",24,1,2026,중개거래,서울 서초구,84.52,11,56-3,1,N,26.05.13,잠원로,00150,00000,3121019,01,11650,0,11650,개인,10600,잠원동,358500.0,2026-01-24
3207,10,현대아파트,11650-85,1346,0,1989,개인,,,"180,000",6,1,2026,중개거래,서울 서초구,62.05,5,1346,1,N,26.04.15,효령로72길,00014,00000,4163657,01,11650,0,11650,개인,10800,서초동,180000.0,2026-01-06
3208,106,반포자이,11650-3500,20,43,2009,개인,,,"520,000",19,1,2026,중개거래,"서울 강남구, 서울 서초구",84.943,18,20-43,1,N,26.04.09,신반포로,00270,00000,3121017,02,11650,0,11650,개인,10700,반포동,520000.0,2026-01-19
3209,,잠원아이비,11650-632,34,1,2005,개인,,,"143,000",22,1,2026,중개거래,서울 서초구,84.969,5,34-1,1,N,26.03.26,강남대로95길,00081,00000,4163039,01,11650,0,11650,개인,10600,잠원동,143000.0,2026-01-22
3210,101,방배그랑자이,11650-4970,3283,0,2021,개인,,,"340,000",17,1,2026,중개거래,서울 서초구,84.972,19,3283,1,N,26.03.13,방배로,00021,00000,3121010,00,11650,0,11650,개인,10100,방배동,340000.0,2026-01-17
3211,104동,래미안신반포리오센트,11650-4750,161,0,2019,개인,,,"357,000",26,1,2026,중개거래,서울 서초구,59.95,15,161,1,N,26.04.29,잠원로14길,00032,00000,4163526,00,11650,0,11650,개인,10600,잠원동,357000.0,2026-01-26
3212,,대림서초리시온,11650-605,1671,5,2003,개인,,,"41,500",27,1,2026,직거래,,49.92,6,1671-5,1,N,26.01.29,서초중앙로22길,00025,00000,4163707,01,11650,0,11650,개인,10800,서초동,41500.0,2026-01-27
3213,,반포훼미리(101동),11650-259,713,1,2002,개인,,,"146,000",13,1,2026,직거래,,108.5,11,713-1,1,N,26.01.28,주흥11길,00040,00000,4163549,01,11650,0,11650,개인,10700,반포동,146000.0,2026-01-13
3214,501,우성아파트,11650-60,1326,17,1998,개인,,,"218,000",10,1,2026,중개거래,서울 서초구,59.93,18,1326-17,1,N,26.04.27,서초대로74길,00030,00000,4163433,01,11650,0,11650,개인,10800,서초동,218000.0,2026-01-10
3215,서초 대우아이빌,서초대우아이빌,11650-606,1675,11,2003,개인,,,"30,000",9,1,2026,중개거래,서울 서초구,35.307,8,1675-11,1,N,26.01.30,서초대로58길,00010,00000,4163421,01,11650,0,11650,개인,10800,서초동,30000.0,2026-01-09
3216,1,삼성서초가든스위트,11650-31,1326,0,2000,개인,,,"399,000",21,1,2026,중개거래,서울 서초구,181.5,8,1326,1,N,26.03.06,서운로,00122,00000,3121016,01,11650,0,11650,개인,10800,서초동,399000.0,2026-01-21
3217,113,우성KBS(113동),11650-488,160,2,1996,개인,,,"205,000",8,1,2026,중개거래,서울 서초구,84.69,8,160-2,1,N,26.02.03,바우뫼로,00091,00000,3121009,01,11650,0,11650,개인,10200,양재동,205000.0,2026-01-08
3218,102,황실자이,11650-3255,883,9,2005,개인,,,"345,000",17,1,2026,중개거래,"서울 동작구, 서울 서초구",186.983,14,883-9,1,N,26.03.11,서초대로,00156,00000,2121002,01,11650,0,11650,개인,10100,방배동,345000.0,2026-01-17
3219,래미안 서초유니빌,래미안서초유니빌,11650-518,1445,4,2003,개인,,,"45,000",23,1,2026,중개거래,서울 서초구,42.0,7,1445-4,1,N,26.03.31,서초중앙로,00026,00000,3121024,03,11650,0,11650,개인,10800,서초동,45000.0,2026-01-23
3220,104,방배그랑자이,11650-4970,3283,0,2021,개인,,,"340,000",17,1,2026,중개거래,서울 서초구,84.9712,10,3283,1,N,26.03.13,방배로,00021,00000,3121010,00,11650,0,11650,개인,10100,방배동,340000.0,2026-01-17
3221,103,동고,11650-480,59,0,1995,개인,,,"80,000",8,1,2026,직거래,,77.14,1,59,1,N,26.02.10,바우뫼로7길,00029,00000,4163219,01,11650,0,11650,개인,10300,우면동,80000.0,2026-01-08
3222,104,서리풀e편한세상,11650-3573,906,13,2010,개인,,,"333,000",24,1,2026,중개거래,서울 서초구,108.28,5,906-13,1,N,26.05.04,효령로33길,00050,00000,4163633,01,11650,0,11650,개인,10100,방배동,333000.0,2026-01-24
3223,101,삼호한숲,11650-315,1030,1,1998,개인,,,"181,000",27,1,2026,중개거래,서울 서초구,84.87,4,1030-1,1,N,26.02.20,방배로3길,00010,00003,4163274,01,11650,0,11650,개인,10100,방배동,181000.0,2026-01-27
3224,한라비발디스튜디오193,한라비발디스튜디오193,11650-3926,1363,25,2013,개인,,,"26,800",27,1,2026,중개거래,서울 서초구,19.99,10,1363-25,1,N,26.01.27,강남대로39길,00015,00010,4163018,01,11650,0,11650,개인,10800,서초동,26800.0,2026-01-27
3225,,두산위브(1362),11650-3250,1362,0,2005,개인,,,"109,000",7,1,2026,중개거래,서울 서초구,57.15,5,1362,1,N,26.04.03,강남대로39길,00005,00000,4163018,01,11650,0,11650,개인,10800,서초동,109000.0,2026-01-07
3226,,대림서초리시온,11650-605,1671,5,2003,법인,,,"55,000",24,1,2026,중개거래,서울 서초구,45.72,9,1671-5,1,N,26.01.30,서초중앙로22길,00025,00000,4163707,01,11650,0,11650,개인,10800,서초동,55000.0,2026-01-24
3227,101,서초극동스타클래스,11650-602,1616,10,2003,개인,,,"185,000",26,1,2026,중개거래,서울 서초구,90.18,11,1616-10,1,N,26.05.28,서리풀4길,00043,00000,4163368,01,11650,0,11650,개인,10800,서초동,185000.0,2026-01-26
3228,,새티스2,11650-707,1472,21,2002,개인,,,"104,000",6,1,2026,중개거래,"서울 강남구, 서울 서초구",84.48,2,1472-21,1,N,26.02.25,반포대로3길,00048,00000,4163243,01,11650,0,11650,개인,10800,서초동,104000.0,2026-01-06
3229,,정광아파트,11650-693,107,19,2004,개인,,,"129,000",26,1,2026,중개거래,서울 서초구,95.65,1,107-19,1,N,26.02.23,사평대로18길,00019,00000,4163324,01,11650,0,11650,개인,10700,반포동,129000.0,2026-01-26
3230,137,반포자이,11650-3500,20,43,2009,개인,,,"486,000",22,1,2026,중개거래,서울 서초구,84.943,18,20-43,1,N,26.05.20,신반포로,00270,00000,3121017,02,11650,0,11650,개인,10700,반포동,486000.0,2026-01-22
3231,,서초대우,11650-34,1467,3,2000,개인,,,"242,000",10,1,2026,중개거래,서울 서초구,188.47,7,1467-3,1,N,26.03.13,명달로,00020,00000,3121008,02,11650,0,11650,개인,10800,서초동,242000.0,2026-01-10
3232,,반포훼미리(101동),11650-259,713,1,2002,개인,26.01.27,O,"146,000",13,1,2026,직거래,,108.5,11,713-1,1,N,,주흥11길,00040,00000,4163549,01,11650,0,11650,개인,10700,반포동,146000.0,2026-01-13
3233,1,아남,11650-54,1641,13,1989,개인,,,"210,000",25,1,2026,중개거래,서울 서초구,71.1,9,1641-13,1,N,26.05.28,사임당로23길,00053,00000,4163318,01,11650,0,11650,개인,10800,서초동,210000.0,2026-01-25
3234,201동,경남아너스빌201동,11650-3257,1456,2,2006,개인,,,"223,000",25,1,2026,중개거래,서울 서초구,84.95,13,1456-2,1,N,26.05.06,반포대로10길,00042,00000,4163222,01,11650,0,11650,개인,10800,서초동,223000.0,2026-01-25
3235,1,훼미리타운,11650-3820,932,34,2012,개인,,,"62,000",17,1,2026,중개거래,서울 서초구,35.34,3,932-34,1,N,26.02.27,방배로19길,00040,00000,4163255,01,11650,0,11650,개인,10100,방배동,62000.0,2026-01-17
3236,101,방배한화,11650-369,169,24,2001,개인,,,"211,000",19,1,2026,중개거래,"서울 동작구, 서울 서초구",84.7,13,169-24,1,N,26.03.23,효령로33길,00066,00031,4163633,01,11650,0,11650,개인,10100,방배동,211000.0,2026-01-19
3237,101,우솔마을서초리슈빌S아파트,11650-4065,764,0,2014,개인,,,"30,000",23,1,2026,중개거래,서울 서초구,30.89,7,764,1,N,26.02.27,양재대로2길,00100,00011,4163748,01,11650,0,11650,개인,10300,우면동,30000.0,2026-01-23
3238,,신영체르니,11650-461,90,0,2002,개인,,,"59,300",10,1,2026,중개거래,"서울 마포구, 서울 서초구",35.91,8,90,1,N,26.03.03,논현로27길,00057,00000,4163097,01,11650,0,11650,개인,10200,양재동,59300.0,2026-01-10
3239,102,"더샾오데움(101,102동)",11650-3227,1483,18,2005,개인,,,"375,000",17,1,2026,중개거래,서울 서초구,207.228,3,1483-18,1,N,26.02.19,효령로46길,00021,00000,4163640,01,11650,0,11650,개인,10800,서초동,375000.0,2026-01-17
3240,13,삼풍아파트,11650-28,1685,0,1988,개인,,,"450,000",21,1,2026,중개거래,서울 서초구,130.73,5,1685,1,N,26.04.13,서초중앙로,00200,00000,3121024,03,11650,0,11650,개인,10800,서초동,450000.0,2026-01-21
3241,에이,뉴현대,11650-414,292,0,1992,개인,,,"140,000",24,1,2026,중개거래,서울 서초구,132.2,3,292,1,N,26.03.10,언남10길,00027,00000,4163484,01,11650,0,11650,개인,10200,양재동,140000.0,2026-01-24
3242,403,호반써밋서초파크,11650-3974,788,0,2013,개인,,,"173,500",24,1,2026,중개거래,서울 서초구,59.93,18,788,1,N,26.04.30,양재대로2길,00033,00000,4163748,01,11650,0,11650,개인,10300,우면동,173500.0,2026-01-24
3243,102,쌍용예가클래식,11650-265,776,3,2006,개인,,,"242,000",6,1,2026,중개거래,서울 서초구,89.844,5,776-3,1,N,26.02.24,방배로37길,00026,00009,4163272,01,11650,0,11650,개인,10100,방배동,242000.0,2026-01-06
3244,,한라,11650-483,67,0,1994,개인,26.04.11,O,"157,000",20,1,2026,중개거래,서울 서초구,59.98,4,67,1,N,,바우뫼로,00033,00000,3121009,02,11650,0,11650,개인,10300,우면동,157000.0,2026-01-20
3245,디오슈페리움2,디오수페리움2,11650-3311,3001,1,2006,개인,,,"161,000",23,1,2026,중개거래,서울 서초구,84.97,10,3001-1,1,N,26.03.23,동작대로,00108,00000,2005009,01,11650,0,11650,개인,10100,방배동,161000.0,2026-01-23
3246,풍림아이원플러스,풍림아이원플러스,11650-701,1338,1,2004,개인,,,"29,500",21,1,2026,중개거래,서울 서초구,27.643,13,1338-1,1,N,26.03.30,효령로77길,00014,00000,4163659,01,11650,0,11650,개인,10800,서초동,29500.0,2026-01-21
3247,607,서초네이처힐6단지,11650-3874,737,0,2013,개인,,,"160,000",17,1,2026,중개거래,서울 서초구,59.99,9,737,1,N,26.04.24,태봉로2길,00030,00000,4163582,01,11650,0,11650,개인,10300,우면동,160000.0,2026-01-17
3248,,방배신동아럭스빌,11650-589,1026,14,2003,개인,,,"253,500",22,1,2026,중개거래,"대전 유성구, 서울 서초구",164.43,10,1026-14,1,N,26.04.30,방배로1길,00009,00000,4163256,01,11650,0,11650,개인,10100,방배동,253500.0,2026-01-22
3249,D,현대슈퍼빌,11650-519,1446,11,2003,개인,,,"292,000",12,1,2026,중개거래,서울 서초구,147.86,13,1446-11,1,N,26.03.09,서초중앙로,00015,00000,3121024,03,11650,0,11650,개인,10800,서초동,292000.0,2026-01-12
3250,201,서초힐스,11650-3821,773,0,2012,개인,,,"170,000",22,1,2026,중개거래,서울 서초구,74.97,16,773,1,N,26.02.09,양재대로2길,00090,00000,4163748,01,11650,0,11650,개인,10300,우면동,170000.0,2026-01-22
3251,,서초노블레스아파트,11650-4745,1362,10,2019,개인,,,"51,000",20,1,2026,중개거래,서울 강남구,29.47,6,1362-10,1,N,26.03.30,강남대로39길,00015,00011,4163018,00,11650,,11650,개인,10800,서초동,51000.0,2026-01-20
3252,103,래미안방배아트힐(1008-2),11650-658,1008,2,2004,개인,,,"270,000",15,1,2026,중개거래,서울 강남구,127.31,20,1008-2,1,N,26.03.03,남부순환로,02311,00012,2000003,01,11650,0,11650,개인,10100,방배동,270000.0,2026-01-15
3253,2,아남,11650-54,1641,13,1989,개인,,,"225,000",20,1,2026,중개거래,서울 서초구,84.96,5,1641-13,1,N,26.04.30,사임당로23길,00053,00000,4163318,01,11650,0,11650,개인,10800,서초동,225000.0,2026-01-20
3254,127,래미안퍼스티지,11650-3559,18,1,2009,개인,,,"470,000",17,1,2026,중개거래,서울 서초구,84.93,15,18-1,1,N,26.03.30,반포대로,00275,00000,2121003,02,11650,0,11650,개인,10700,반포동,470000.0,2026-01-17
3255,105,방배그랑자이,11650-4970,3283,0,2021,개인,,,"340,000",9,1,2026,중개거래,서울 서초구,84.972,14,3283,1,N,26.04.30,방배로,00021,00000,3121010,00,11650,0,11650,개인,10100,방배동,340000.0,2026-01-09
3256,,영진,11650-330,836,4,1998,개인,,,"181,000",16,1,2026,중개거래,서울 서초구,104.98,1,836-4,1,N,26.03.25,서초대로23길,00064,00000,4163391,01,11650,0,11650,개인,10100,방배동,181000.0,2026-01-16
3257,111,서초더샵포레,11650-4063,411,0,2014,법인,,,"184,500",19,1,2026,중개거래,서울 서초구,84.81,11,411,1,N,26.03.09,헌릉로8길,00058,00000,4163749,02,11650,0,11650,개인,10900,내곡동,184500.0,2026-01-19
3258,103,더샵서초,11650-3284,1445,14,2006,개인,,,"58,000",12,1,2026,중개거래,서울 서초구,30.39,30,1445-14,1,N,26.02.23,서초중앙로2길,00021,00000,4163718,01,11650,0,11650,개인,10800,서초동,58000.0,2026-01-12
3259,,비버리캐슬,11650-4822,1486,17,2020,개인,26.02.21,O,"115,000",19,1,2026,중개거래,서울 서초구,59.49,3,1486-17,1,N,,반포대로9길,00070,00000,4163248,00,11650,0,11650,개인,10800,서초동,115000.0,2026-01-19
3260,풍림아이원플러스,풍림아이원플러스,11650-701,1338,1,2004,개인,,,"30,200",12,1,2026,중개거래,서울 서초구,28.666,15,1338-1,1,N,26.02.27,효령로77길,00014,00000,4163659,01,11650,0,11650,개인,10800,서초동,30200.0,2026-01-12
3261,101,삼환나띠르빌(1002-21),11650-656,1002,21,2003,개인,,,"150,000",19,1,2026,중개거래,서울 서초구,92.93,2,1002-21,1,N,26.02.27,명달로,00033,00000,3121008,01,11650,0,11650,개인,10100,방배동,150000.0,2026-01-19
3262,105,동아,11650-102,157,0,2002,개인,,,"365,000",6,1,2026,중개거래,서울 서초구,84.91,14,157,1,N,26.03.04,신반포로33길,00015,00000,4163453,01,11650,0,11650,개인,10600,잠원동,365000.0,2026-01-06
3263,102,대림,11650-479,57,0,1995,개인,,,"206,500",8,1,2026,중개거래,서울 서초구,130.89,15,57,1,N,26.02.25,바우뫼로7길,00051,00000,4163219,01,11650,0,11650,개인,10300,우면동,206500.0,2026-01-08
3264,케이티파라곤,서초파라곤,11650-3235,1327,29,2005,개인,,,"132,000",16,1,2026,중개거래,서울 서초구,89.01,13,1327-29,1,N,26.03.25,서초대로74길,00029,00000,4163433,01,11650,0,11650,개인,10800,서초동,132000.0,2026-01-16
3265,서초 노빌리에,서초노빌리에,11650-3320,1566,19,2006,개인,,,"127,500",17,1,2026,중개거래,서울 서초구,81.36,8,1566-19,1,N,26.03.31,서초대로46길,00096,00000,4163410,01,11650,0,11650,개인,10800,서초동,127500.0,2026-01-17
3266,,방배대우디오빌,11650-3191,866,20,2005,개인,,,"27,500",17,1,2026,중개거래,서울 서초구,29.6,7,866-20,1,N,26.04.20,서초대로,00017,00000,2121002,01,11650,0,11650,개인,10100,방배동,27500.0,2026-01-17
3267,,현대성우주상복합아파트,11650-700,1316,15,2002,개인,,,"180,000",11,1,2026,중개거래,서울 서초구,161.91,13,1316-15,1,N,26.04.02,강남대로61길,00023,00000,4163028,01,11650,0,11650,개인,10800,서초동,180000.0,2026-01-11
3268,,서초훼미리하우스,11650-4570,917,4,2017,개인,,,"123,500",18,1,2026,중개거래,서울 서초구,59.57,2,917-4,1,N,26.04.30,효령로,00089,00000,3121021,01,11650,0,11650,개인,10100,방배동,123500.0,2026-01-18
3269,,엠브이아파트,11650-199,46,0,1994,개인,,,"190,000",17,1,2026,중개거래,서울 서초구,59.82,10,46,1,N,26.04.30,고무래로10길,00039,00000,4163042,01,11650,0,11650,개인,10700,반포동,190000.0,2026-01-17
3270,,대림서초리시온,11650-605,1671,5,2003,개인,,,"58,100",17,1,2026,중개거래,서울 서초구,49.92,7,1671-5,1,N,26.06.02,서초중앙로22길,00025,00000,4163707,01,11650,0,11650,개인,10800,서초동,58100.0,2026-01-17
3271,,신원아침도시(1434),11650-704,1434,2,2004,개인,,,"143,000",16,1,2026,중개거래,"경기 용인시 기흥구, 서울 서초구",82.174,2,1434-2,1,N,26.03.27,남부순환로337가길,00051,00009,4163077,01,11650,0,11650,개인,10800,서초동,143000.0,2026-01-16
3272,706,서초포레스타7단지,11650-3954,615,0,2013,개인,,,"198,000",17,1,2026,중개거래,서울 서초구,84.6,3,615,1,N,26.04.17,청계산로11길,00007,00012,4163752,01,11650,0,11650,개인,11100,신원동,198000.0,2026-01-17
3273,103동,방배 서리풀 그랑블,11650-4769,3279,0,2019,개인,,,"232,000",8,1,2026,중개거래,"서울 동작구, 서울 서초구",84.9969,5,3279,1,N,26.02.23,서초대로34가길,00052,00000,4163402,00,11650,0,11650,개인,10100,방배동,232000.0,2026-01-08
3274,501,서초포레스타5단지,11650-4026,579,0,2014,개인,,,"178,000",6,1,2026,중개거래,서울 서초구,59.93,5,579,1,N,26.03.19,청계산로7길,00043,00000,4163750,01,11650,0,11650,개인,11100,신원동,178000.0,2026-01-06
3275,잠원동 대우아이빌 3동,대우아이빌,11650-101,42,13,2001,개인,,,"67,200",2,1,2026,중개거래,서울 서초구,35.38,8,42-13,1,N,26.03.09,신반포로45길,00023,00000,4163459,01,11650,0,11650,개인,10600,잠원동,67200.0,2026-01-02
3276,201,서초4현대,11650-30,1684,0,2000,개인,,,"295,000",15,1,2026,중개거래,서울 서초구,140.03,15,1684,1,N,26.05.06,고무래로,00094,00000,3121001,02,11650,0,11650,개인,10800,서초동,295000.0,2026-01-15
3277,301,서초4현대,11650-30,1684,0,2000,개인,,,"275,000",15,1,2026,중개거래,서울 서초구,84.99,12,1684,1,N,26.05.06,고무래로,00094,00000,3121001,02,11650,0,11650,개인,10800,서초동,275000.0,2026-01-15
3278,,삼성에이스빌,11650-260,726,16,2002,개인,,,"170,000",13,1,2026,중개거래,서울 서초구,84.67,5,726-16,1,N,26.04.15,주흥길,00044,00006,4163560,01,11650,0,11650,개인,10700,반포동,170000.0,2026-01-13
3279,202,서초포레스타2단지,11650-4156,384,0,2015,개인,,,"178,000",7,1,2026,중개거래,서울 서초구,84.48,19,384,1,N,26.04.10,헌릉로8길,00045,00000,4163749,02,11650,0,11650,개인,10900,내곡동,178000.0,2026-01-07
3280,2,삼호1동~3동,11650-309,770,1,1975,개인,,,"242,000",12,1,2026,중개거래,서울 서초구,81.39,8,770-1,1,N,26.02.13,방배로43길,00021,00000,4163277,01,11650,0,11650,개인,10100,방배동,242000.0,2026-01-12
3281,,현대성우주상복합아파트,11650-700,1316,15,2002,개인,26.01.16,O,"180,000",11,1,2026,중개거래,서울 서초구,161.91,13,1316-15,1,N,,강남대로61길,00023,00000,4163028,01,11650,0,11650,개인,10800,서초동,180000.0,2026-01-11
3282,110,서초더샵포레,11650-4063,411,0,2014,개인,,,"185,000",13,1,2026,중개거래,서울 서초구,114.71,11,411,1,N,26.03.30,헌릉로8길,00058,00000,4163749,02,11650,0,11650,개인,10900,내곡동,185000.0,2026-01-13
3283,1,UPPERHOUSE,11650-3858,12,1,2012,개인,,,"640,000",13,1,2026,중개거래,"서울 마포구, 서울 서초구",233.44,1,12-1,1,N,26.04.13,사평대로12길,00045,00000,4163321,01,11650,0,11650,개인,10100,방배동,640000.0,2026-01-13
3284,404,호반써밋서초파크,11650-3974,788,0,2013,개인,,,"146,000",13,1,2026,중개거래,서울 서초구,51.89,6,788,1,N,26.04.22,양재대로2길,00033,00000,4163748,01,11650,0,11650,개인,10300,우면동,146000.0,2026-01-13
3285,101,서초현대,11650-46,1648,2,1999,개인,,,"228,000",13,1,2026,중개거래,서울 서초구,84.81,7,1648-2,1,N,26.04.03,사임당로19길,00010,00000,4163315,01,11650,0,11650,개인,10800,서초동,228000.0,2026-01-13
3286,,신화,11650-132,54,7,1997,개인,,,"270,000",10,1,2026,중개거래,서울 서초구,84.85,8,54-7,1,N,26.04.01,잠원로14길,00054,00000,4163526,01,11650,0,11650,개인,10600,잠원동,270000.0,2026-01-10
3287,,방배대우디오빌,11650-3191,866,20,2005,개인,,,"29,000",5,1,2026,중개거래,서울 서초구,29.6,6,866-20,1,N,26.02.27,서초대로,00017,00000,2121002,01,11650,0,11650,법인,10100,방배동,29000.0,2026-01-05
3288,래미안 서초유니빌,래미안서초유니빌,11650-518,1445,4,2003,개인,,,"51,000",8,1,2026,중개거래,"서울 강남구, 서울 서초구",45.255,12,1445-4,1,N,26.03.31,서초중앙로,00026,00000,3121024,03,11650,0,11650,개인,10800,서초동,51000.0,2026-01-08
3289,205,방배2차현대홈타운,11650-380,2001,0,2001,개인,,,"282,000",10,1,2026,중개거래,서울 서초구,84.94,12,2001,1,N,26.02.20,서초대로1길,00034,00000,4163389,01,11650,0,11650,개인,10100,방배동,282000.0,2026-01-10
3290,,현대이에스에이아파트,11650-532,1338,0,2002,개인,26.04.20,O,"155,000",10,1,2026,중개거래,서울 서초구,100.06,12,1338,1,N,,효령로77길,00020,00000,4163659,01,11650,0,11650,개인,10800,서초동,155000.0,2026-01-10
3291,101,방배롯데캐슬로제,11650-3548,849,30,2009,개인,,,"438,000",7,1,2026,중개거래,서울 서초구,172.27,9,849-30,1,N,26.02.25,방배로26길,00041,00000,4163261,01,11650,0,11650,개인,10100,방배동,438000.0,2026-01-07
3292,106동,서초그랑자이,11650-4969,1757,0,2021,개인,,,"490,000",9,1,2026,중개거래,서울 서초구,119.41,12,1757,1,N,26.03.09,효령로,00391,00000,3121021,00,11650,,11650,개인,10800,서초동,490000.0,2026-01-09
3293,,신원아침도시(1434),11650-704,1434,2,2004,개인,,,"146,000",9,1,2026,중개거래,서울 서초구,83.102,4,1434-2,1,N,26.03.03,남부순환로337가길,00051,00009,4163077,01,11650,0,11650,개인,10800,서초동,146000.0,2026-01-09
3294,123,래미안퍼스티지,11650-3559,18,1,2009,개인,,,"960,000",13,1,2026,중개거래,서울 서초구,222.76,24,18-1,1,N,26.01.13,반포대로,00275,00000,2121003,02,11650,0,11650,개인,10700,반포동,960000.0,2026-01-13
3295,114,서초더샵포레,11650-4063,411,0,2014,개인,,,"195,000",7,1,2026,중개거래,서울 서초구,114.71,16,411,1,N,26.02.03,헌릉로8길,00058,00000,4163749,02,11650,0,11650,개인,10900,내곡동,195000.0,2026-01-07
3296,,써니힐,11650-548,701,31,2003,개인,,,"110,000",6,1,2026,중개거래,서울 서초구,76.83,2,701-31,1,N,26.01.14,주흥17길,00019,00000,4163553,01,11650,0,11650,개인,10700,반포동,110000.0,2026-01-06
3297,101,서초자이,11650-3272,1444,7,2006,개인,,,"285,000",2,1,2026,중개거래,서울 서초구,148.83,15,1444-7,1,N,26.03.10,효령로68길,00081,00000,4163654,01,11650,0,11650,개인,10800,서초동,285000.0,2026-01-02
3298,,롯데아파트,11650-285,987,1,1998,개인,,,"200,000",8,1,2026,중개거래,서울 서초구,206.87,9,987-1,1,N,26.03.03,효령로34길,00025,00000,4163634,01,11650,0,11650,개인,10100,방배동,200000.0,2026-01-08
3299,104,힐스테이트서초젠트리스,11650-4103,557,0,2014,개인,,,"237,000",5,1,2026,중개거래,서울 서초구,114.9,7,557,1,N,26.04.02,헌릉로8길,00010,00012,4163749,01,11650,0,11650,개인,11100,신원동,237000.0,2026-01-05
3300,,신반포16,11650-113,55,12,1983,개인,26.02.27,O,"299,000",9,1,2026,중개거래,서울 서초구,52.32,4,55-12,1,N,,잠원로,00157,00000,3121019,01,11650,0,11650,개인,10600,잠원동,299000.0,2026-01-09
3301,101동,서초센트럴IPARK,11650-4827,1582,3,2020,개인,,,"203,000",2,1,2026,중개거래,서울 서초구,80.5154,14,1582-3,1,N,26.06.30,반포대로18길,00036,00000,4163228,00,11650,0,11650,개인,10800,서초동,203000.0,2026-01-02
3302,102,롯데캐슬쥬피터,11650-620,1359,50,2003,개인,,,"255,500",2,1,2026,중개거래,"서울 강남구, 서울 서초구",164.05,6,1359-50,1,N,26.03.30,서운로6길,00015,00013,4163380,00,11650,,11650,개인,10800,서초동,255500.0,2026-01-02
3303,3,임광,11650-341,1015,0,1985,개인,,,"297,000",2,1,2026,중개거래,서울 강남구,136.38,10,1015,1,N,26.01.30,방배로,00014,00000,3121010,01,11650,0,11650,개인,10100,방배동,297000.0,2026-01-02
3304,,태림,11650-649,912,13,2004,개인,,,"132,000",18,1,2026,중개거래,서울 서초구,102.8,3,912-13,1,N,26.05.07,방배로11길,00017,00000,4163250,01,11650,0,11650,개인,10100,방배동,132000.0,2026-01-18
3305,105,래미안퍼스티지,11650-3559,18,1,2009,개인,,,"409,000",4,2,2026,중개거래,서울 서초구,59.96,1,18-1,1,N,26.05.28,반포대로,00275,00000,2121003,02,11650,0,11650,개인,10700,반포동,409000.0,2026-02-04
3306,104,대림,11650-479,57,0,1995,개인,,,"210,000",14,2,2026,중개거래,서울 서초구,130.89,4,57,1,N,26.05.29,바우뫼로7길,00051,00000,4163219,01,11650,0,11650,개인,10300,우면동,210000.0,2026-02-14
3307,,청암,11650-357,980,45,1992,개인,,,"167,000",6,2,2026,중개거래,서울 서초구,227.97,4,980-45,1,N,26.05.08,효령로,00065,00000,3121021,01,11650,0,11650,개인,10100,방배동,167000.0,2026-02-06
3308,201,경남아너스빌(1608-8),11650-3322,1608,8,2006,개인,,,"192,000",20,2,2026,중개거래,"서울 서초구, 서울 성동구",84.92,8,1608-8,1,N,26.06.10,효령로67길,00032,00000,4163653,01,11650,0,11650,개인,10800,서초동,192000.0,2026-02-20
3309,잠원동 대우아이빌 3동,대우아이빌,11650-101,42,13,2001,개인,,,"63,000",13,2,2026,중개거래,서울 서초구,35.38,7,42-13,1,N,26.05.27,신반포로45길,00023,00000,4163459,01,11650,0,11650,개인,10600,잠원동,63000.0,2026-02-13
3310,103,방배그랑자이,11650-4970,3283,0,2021,개인,,,"385,000",21,2,2026,중개거래,서울 강남구,112.961,18,3283,1,N,26.06.12,방배로,00021,00000,3121010,00,11650,0,11650,개인,10100,방배동,385000.0,2026-02-21
3311,,청암,11650-357,980,45,1992,개인,26.05.08,O,"167,000",6,2,2026,중개거래,서울 서초구,227.97,4,980-45,1,N,,효령로,00065,00000,3121021,01,11650,0,11650,개인,10100,방배동,167000.0,2026-02-06
3312,,서초한신리빙타워,11650-44,1533,0,1999,개인,,,"70,000",13,2,2026,중개거래,서울 서초구,47.87,8,1533,1,N,26.04.16,효령로,00237,00000,3121021,02,11650,0,11650,개인,10800,서초동,70000.0,2026-02-13
3313,124,반포자이,11650-3500,20,43,2009,개인,,,"480,000",28,2,2026,중개거래,"서울 강남구, 서울 서초구",84.943,18,20-43,1,N,26.04.16,신반포로,00270,00000,3121017,02,11650,0,11650,개인,10700,반포동,480000.0,2026-02-28
3314,,대림서초리시온,11650-605,1671,5,2003,개인,,,"61,000",26,2,2026,중개거래,서울 서초구,49.79,13,1671-5,1,N,26.05.12,서초중앙로22길,00025,00000,4163707,01,11650,0,11650,개인,10800,서초동,61000.0,2026-02-26
3315,106,코오롱,11650-482,70,0,1994,개인,,,"171,000",28,2,2026,중개거래,서울 서초구,52.47,5,70,1,N,26.04.30,바우뫼로,00053,00000,3121009,02,11650,0,11650,개인,10300,우면동,171000.0,2026-02-28
3316,,방배그랑자이,11650-4970,3283,0,2021,개인,26.04.15,O,"385,000",21,2,2026,중개거래,서울 강남구,112.961,18,3283,1,N,,방배로,00021,00000,3121010,00,11650,0,11650,개인,10100,방배동,385000.0,2026-02-21
3317,330,신반포19,11650-116,61,2,1982,개인,,,"400,000",7,2,2026,중개거래,서울 서초구,107.01,9,61-2,1,N,26.03.20,잠원로8길,00020,00000,4163529,01,11650,0,11650,개인,10600,잠원동,400000.0,2026-02-07
3318,127,반포자이,11650-3500,20,43,2009,개인,,,"713,000",28,2,2026,중개거래,서울 서초구,194.515,9,20-43,1,N,26.06.18,신반포로,00270,00000,3121017,02,11650,0,11650,개인,10700,반포동,713000.0,2026-02-28
3319,1,아남,11650-54,1641,13,1989,개인,,,"219,000",23,2,2026,중개거래,서울 서초구,71.1,4,1641-13,1,N,26.04.20,사임당로23길,00053,00000,4163318,01,11650,0,11650,개인,10800,서초동,219000.0,2026-02-23
3320,101,삼성래미안1,11650-503,2626,0,2003,개인,,,"176,000",28,2,2026,중개거래,서울 서초구,59.9,10,2626,1,N,26.06.25,방배선행길,00002,00000,4163671,01,11650,0,11650,개인,10100,방배동,176000.0,2026-02-28
3321,210,신반포4,11650-125,70,0,1979,개인,,,"623,500",25,2,2026,중개거래,"서울 서초구, 서울 영등포구",137.1,11,70,1,N,26.05.26,잠원로,00037,00048,3121019,01,11650,0,11650,개인,10600,잠원동,623500.0,2026-02-25
3322,107,래미안퍼스티지,11650-3559,18,1,2009,개인,,,"570,000",21,2,2026,중개거래,서울 서초구,84.93,13,18-1,1,N,26.05.21,반포대로,00275,00000,2121003,02,11650,0,11650,개인,10700,반포동,570000.0,2026-02-21
3323,117,서초더샵포레,11650-4063,411,0,2014,개인,,,"188,500",11,2,2026,중개거래,서울 서초구,84.3,8,411,1,N,26.05.28,헌릉로8길,00058,00000,4163749,02,11650,0,11650,개인,10900,내곡동,188500.0,2026-02-11
3324,120,신반포16,11650-113,55,12,1983,법인,,,"203,846",23,2,2026,직거래,,53.43,1,55-12,1,N,26.03.19,잠원로,00157,00000,3121019,01,11650,0,11650,개인,10600,잠원동,203846.0,2026-02-23
3325,101동,아크로리버파크,11650-4440,2,12,2016,개인,,,"467,000",25,2,2026,중개거래,"서울 서초구, 서울 송파구",59.98,22,2-12,1,N,26.04.23,신반포로15길,00019,00000,4163450,00,11650,0,11650,개인,10700,반포동,467000.0,2026-02-25
3326,잠원동 대우아이빌 3동,대우아이빌,11650-101,42,13,2001,개인,,,"60,000",11,2,2026,중개거래,서울 서초구,35.38,1,42-13,1,N,26.03.19,신반포로45길,00023,00000,4163459,01,11650,0,11650,개인,10600,잠원동,60000.0,2026-02-11
3327,105,반포리체,11650-3617,30,26,2010,개인,,,"460,000",24,2,2026,중개거래,서울 서초구,106.148,6,30-26,1,N,26.05.08,고무래로,00035,00000,3121001,01,11650,0,11650,개인,10700,반포동,460000.0,2026-02-24
3328,,서초훼미리하우스,11650-4570,917,4,2017,개인,,,"119,500",27,2,2026,중개거래,서울 서초구,59.49,11,917-4,1,N,26.05.06,효령로,00089,00000,3121021,01,11650,0,11650,개인,10100,방배동,119500.0,2026-02-27
3329,,엠브이아파트,11650-199,46,0,1994,개인,,,"200,000",21,2,2026,중개거래,서울 서초구,83.4,1,46,1,N,26.04.30,고무래로10길,00039,00000,4163042,01,11650,0,11650,개인,10700,반포동,200000.0,2026-02-21
3330,120,반포자이,11650-3500,20,43,2009,개인,,,"635,000",20,2,2026,중개거래,서울 서초구,165.446,5,20-43,1,N,26.05.12,신반포로,00270,00000,3121017,02,11650,0,11650,개인,10700,반포동,635000.0,2026-02-20
3331,106,신반포자이,11650-4675,160,0,2018,개인,,,"475,000",21,2,2026,중개거래,서울 서초구,84.92,25,160,1,N,26.03.17,잠원로,00060,00000,3121019,01,11650,0,11650,개인,10600,잠원동,475000.0,2026-02-21
3332,,새티스,11650-424,359,0,2000,개인,,,"139,000",27,2,2026,중개거래,서울 서초구,116.79,2,359,1,N,26.06.10,강남대로6길,00070,00000,4163031,01,11650,0,11650,개인,10200,양재동,139000.0,2026-02-27
3333,,애지앙,11650-557,1466,4,2003,개인,,,"107,500",28,2,2026,중개거래,"서울 강남구, 서울 서초구",84.8,4,1466-4,1,N,26.04.01,명달로4길,00082,00000,4163192,01,11650,0,11650,개인,10800,서초동,107500.0,2026-02-28
3334,108,롯데캐슬아르떼,11650-4044,424,28,2013,개인,,,"335,000",20,2,2026,중개거래,서울 서초구,121.6356,2,424-28,1,N,26.05.20,방배천로18길,00011,00000,4163687,01,11650,0,11650,개인,10100,방배동,335000.0,2026-02-20
3335,102동,디아레나서초,11650-4779,1588,5,2020,개인,,,"40,500",24,2,2026,중개거래,"서울 강남구, 서울 서초구",26.94,9,1588-5,1,N,26.05.18,효령로53길,00024,00000,4163646,00,11650,0,11650,개인,10800,서초동,40500.0,2026-02-24
3336,,상지리츠빌4차(843-13),11650-646,843,13,2004,개인,,,"225,000",10,2,2026,중개거래,서울 서초구,136.87,1,843-13,1,N,26.04.30,서초대로33길,00084,00020,4163401,01,11650,0,11650,개인,10100,방배동,225000.0,2026-02-10
3337,잠원동 대우아이빌 3동,대우아이빌,11650-101,42,13,2001,개인,,,"66,500",11,2,2026,중개거래,서울 서초구,35.38,4,42-13,1,N,26.04.30,신반포로45길,00023,00000,4163459,01,11650,0,11650,개인,10600,잠원동,66500.0,2026-02-11
3338,래미안 서초유니빌,래미안서초유니빌,11650-518,1445,4,2003,개인,,,"48,500",5,2,2026,중개거래,서울 서초구,45.255,13,1445-4,1,N,26.05.29,서초중앙로,00026,00000,3121024,03,11650,0,11650,개인,10800,서초동,48500.0,2026-02-05
3339,3,임광,11650-341,1015,0,1985,개인,,,"300,000",21,2,2026,중개거래,서울 서초구,136.38,8,1015,1,N,26.04.30,방배로,00014,00000,3121010,01,11650,0,11650,개인,10100,방배동,300000.0,2026-02-21
3340,109,반포리체,11650-3617,30,26,2010,개인,,,"360,000",13,2,2026,중개거래,서울 서초구,59.994,31,30-26,1,N,26.04.23,고무래로,00035,00000,3121001,01,11650,0,11650,개인,10700,반포동,360000.0,2026-02-13
3341,,대림,11650-479,57,0,1995,개인,26.06.09,O,"210,000",14,2,2026,중개거래,서울 서초구,130.89,4,57,1,N,,바우뫼로7길,00051,00000,4163219,01,11650,0,11650,개인,10300,우면동,210000.0,2026-02-14
3342,605,서초포레스타6단지,11650-4140,619,0,2015,개인,,,"178,000",21,2,2026,중개거래,서울 서초구,59.93,3,619,1,N,26.05.06,청계산로9길,00001,00012,4163751,01,11650,0,11650,개인,11100,신원동,178000.0,2026-02-21
3343,,경남아너스빌(1608-8),11650-3322,1608,8,2006,개인,26.04.27,O,"192,000",20,2,2026,중개거래,"서울 서초구, 서울 성동구",84.92,8,1608-8,1,N,,효령로67길,00032,00000,4163653,01,11650,0,11650,개인,10800,서초동,192000.0,2026-02-20
3344,D,현대슈퍼빌,11650-519,1446,11,2003,개인,,,"270,000",8,2,2026,직거래,,147.86,16,1446-11,1,N,26.04.08,서초중앙로,00015,00000,3121024,03,11650,0,11650,개인,10800,서초동,270000.0,2026-02-08
3345,106,방배그랑자이,11650-4970,3283,0,2021,개인,,,"260,000",7,2,2026,중개거래,"서울 강남구, 서울 중구",54.9954,7,3283,1,N,26.05.04,방배로,00021,00000,3121010,00,11650,0,11650,개인,10100,방배동,260000.0,2026-02-07
3346,108,우성,11650-440,154,2,1991,개인,,,"210,000",9,2,2026,중개거래,경기 성남시 분당구,73.15,7,154-2,1,N,26.05.19,바우뫼로,00091,00000,3121009,01,11650,0,11650,개인,10200,양재동,210000.0,2026-02-09
3347,101,방배아크로리버,11650-640,752,36,2004,개인,,,"284,000",24,2,2026,중개거래,서울 서초구,149.225,17,752-36,1,N,26.05.19,방배중앙로,00207,00010,3121011,01,11650,0,11650,개인,10100,방배동,284000.0,2026-02-24
3348,110,롯데캐슬아르떼,11650-4044,424,28,2013,개인,,,"344,000",28,2,2026,중개거래,서울 서초구,121.6576,10,424-28,1,N,26.05.07,방배천로18길,00011,00000,4163687,01,11650,0,11650,개인,10100,방배동,344000.0,2026-02-28
3349,107,방배1차현대홈타운,11650-290,1344,0,1999,개인,,,"215,000",24,2,2026,중개거래,서울 서초구,59.94,15,1344,1,N,26.03.31,서초대로1길,00030,00000,4163389,01,11650,0,11650,개인,10100,방배동,215000.0,2026-02-24
3350,,밀라텔쉐르빌,11650-21,1316,31,2001,개인,,,"65,000",14,2,2026,중개거래,서울 서초구,46.28,19,1316-31,1,N,26.03.31,강남대로61길,00017,00000,4163028,01,11650,0,11650,개인,10800,서초동,65000.0,2026-02-14
3351,101,잠원동상지리츠빌카일룸,11650-3525,49,7,2009,개인,,,"467,000",9,2,2026,중개거래,서울 서초구,169.73,6,49-7,1,N,26.03.13,잠원로,00221,00019,3121019,01,11650,0,11650,개인,10600,잠원동,467000.0,2026-02-09
3352,101,서초자이,11650-3272,1444,7,2006,법인,,,"290,000",13,2,2026,중개거래,서울 서초구,148.83,3,1444-7,1,N,26.03.13,효령로68길,00081,00000,4163654,01,11650,0,11650,개인,10800,서초동,290000.0,2026-02-13
3353,104,방배아크로리버,11650-640,752,36,2004,개인,,,"245,000",24,2,2026,중개거래,"서울 광진구, 서울 서초구",84.74,20,752-36,1,N,26.05.08,방배중앙로,00207,00010,3121011,01,11650,0,11650,개인,10100,방배동,245000.0,2026-02-24
3354,,밀라텔쉐르빌,11650-21,1316,31,2001,개인,,,"65,000",26,2,2026,중개거래,"서울 강남구, 서울 서초구",46.28,9,1316-31,1,N,26.04.29,강남대로61길,00017,00000,4163028,01,11650,0,11650,개인,10800,서초동,65000.0,2026-02-26
3355,102,서초더샵포레,11650-4063,411,0,2014,개인,,,"193,000",3,2,2026,중개거래,서울 서초구,114.71,12,411,1,N,26.06.29,헌릉로8길,00058,00000,4163749,02,11650,0,11650,개인,10900,내곡동,193000.0,2026-02-03
3356,401,호반써밋서초파크,11650-3974,788,0,2013,개인,,,"190,000",28,2,2026,중개거래,서울 서초구,84.97,18,788,1,N,26.04.28,양재대로2길,00033,00000,4163748,01,11650,0,11650,개인,10300,우면동,190000.0,2026-02-28
3357,102,반포르엘,11650-5015,163,0,2022,개인,,,"528,000",7,2,2026,중개거래,서울 서초구,84.3465,8,163,1,N,26.04.23,신반포로23길,00023,00000,4163452,01,11650,0,11650,개인,10600,잠원동,528000.0,2026-02-07
3358,,대림서초리시온,11650-605,1671,5,2003,개인,,,"32,500",27,2,2026,중개거래,서울 서초구,33.54,11,1671-5,1,N,26.04.21,서초중앙로22길,00025,00000,4163707,01,11650,0,11650,개인,10800,서초동,32500.0,2026-02-27
3359,101,킴스빌리지,11650-142,71,12,1996,개인,,,"150,000",25,2,2026,중개거래,서울 서초구,30.18,12,71-12,1,N,26.03.26,잠원로3길,00006,00000,4163527,01,11650,0,11650,개인,10600,잠원동,150000.0,2026-02-25
3360,105,롯데캐슬아르떼,11650-4044,424,28,2013,개인,,,"310,000",10,2,2026,중개거래,서울 서초구,84.9145,9,424-28,1,N,26.04.21,방배천로18길,00011,00000,4163687,01,11650,0,11650,개인,10100,방배동,310000.0,2026-02-10
3361,105동,방배아트자이,11650-4706,3278,0,2018,개인,,,"220,000",4,2,2026,중개거래,서울 서초구,59.9938,5,3278,1,N,26.05.29,명달로9길,00057,00000,4163195,00,11650,0,11650,개인,10100,방배동,220000.0,2026-02-04
3362,101,삼성래미안1,11650-503,2626,0,2003,개인,,,"164,000",20,2,2026,중개거래,서울 서초구,59.9,4,2626,1,N,26.05.28,방배선행길,00002,00000,4163671,01,11650,0,11650,개인,10100,방배동,164000.0,2026-02-20
3363,,신반포19,11650-116,61,2,1982,개인,26.03.20,O,"400,000",7,2,2026,중개거래,서울 서초구,107.01,9,61-2,1,N,,잠원로8길,00020,00000,4163529,01,11650,0,11650,개인,10600,잠원동,400000.0,2026-02-07
3364,,서초아트래디앙,11650-5111,1582,16,2023,개인,,,"147,000",26,2,2026,중개거래,"경기 안산시 상록구, 서울 서초구",56.92,12,1582-16,1,N,26.04.20,반포대로18길,00013,00003,4163228,00,11650,0,11650,개인,10800,서초동,147000.0,2026-02-26
3365,113,래미안퍼스티지,11650-3559,18,1,2009,개인,,,"810,000",23,2,2026,중개거래,서울 서초구,169.31,8,18-1,1,N,26.06.30,반포대로,00275,00000,2121003,02,11650,0,11650,개인,10700,반포동,810000.0,2026-02-23
3366,101,삼성래미안1,11650-503,2626,0,2003,개인,,,"172,500",26,2,2026,중개거래,서울 서초구,59.9,3,2626,1,N,26.05.26,방배선행길,00002,00000,4163671,01,11650,0,11650,개인,10100,방배동,172500.0,2026-02-26
3367,501,서초5차e편한세상,11650-3225,1467,62,2005,개인,,,"278,500",25,2,2026,중개거래,서울 서초구,158.24,5,1467-62,1,N,26.05.19,명달로4길,00030,00000,4163192,01,11650,0,11650,개인,10800,서초동,278500.0,2026-02-25
3368,1,서초에스케이뷰,11650-3308,1521,8,2006,개인,,,"196,500",2,2,2026,중개거래,서울 서초구,84.25,3,1521-8,1,N,26.04.17,반포대로21길,00062,00000,4163232,01,11650,0,11650,개인,10800,서초동,196500.0,2026-02-02
3369,103,비젼(103),11650-581,16,21,2003,개인,,,"128,000",21,2,2026,중개거래,서울 서초구,98.99,4,16-21,1,N,26.04.30,남부순환로356길,00095,00010,4163088,01,11650,0,11650,개인,10200,양재동,128000.0,2026-02-21
3370,101,삼호한숲,11650-315,1030,1,1998,개인,,,"170,000",24,2,2026,직거래,,84.87,11,1030-1,1,N,26.05.08,방배로3길,00010,00003,4163274,01,11650,0,11650,개인,10100,방배동,170000.0,2026-02-24
3371,,서초이오빌,11650-521,1593,7,2003,개인,,,"49,000",24,2,2026,중개거래,인천 계양구,58.48,24,1593-7,1,N,26.03.10,효령로53길,00045,00000,4163646,01,11650,0,11650,개인,10800,서초동,49000.0,2026-02-24
3372,103동,래미안서초에스티지,11650-4470,1332,13,2016,개인,,,"310,000",14,2,2026,중개거래,서울 서초구,59.99,14,1332-13,1,N,26.04.10,서운로,00107,00000,3121016,00,11650,0,11650,개인,10800,서초동,310000.0,2026-02-14
3373,,방배대우디오빌,11650-3191,866,20,2005,개인,,,"31,500",7,2,2026,중개거래,"서울 동작구, 서울 서초구",29.6,15,866-20,1,N,26.04.29,서초대로,00017,00000,2121002,01,11650,0,11650,개인,10100,방배동,31500.0,2026-02-07
3374,,한신트리플,11650-590,816,1,2004,개인,26.03.10,O,"31,000",22,2,2026,직거래,,39.31,9,816-1,1,N,,방배로33길,00029,00000,4163268,01,11650,0,11650,개인,10100,방배동,31000.0,2026-02-22
3375,A,서초트라팰리스,11650-3238,1344,13,2005,개인,,,"256,000",19,2,2026,중개거래,서울 서초구,125.41,8,1344-13,1,N,26.05.04,효령로72길,00057,00000,4163657,01,11650,0,11650,개인,10800,서초동,256000.0,2026-02-19
3376,102,디에이치반포라클라스,11650-4959,1343,0,2021,개인,,,"372,000",13,2,2026,중개거래,서울 서초구,59.9928,32,1343,1,N,26.03.25,서초중앙로,00206,00000,3121024,00,11650,,11650,개인,10700,반포동,372000.0,2026-02-13
3377,2,한신로얄,11650-147,63,34,1992,개인,,,"314,000",7,2,2026,중개거래,서울 서초구,81.05,7,63-34,1,N,26.04.24,신반포로33길,00064,00000,4163453,01,11650,0,11650,개인,10600,잠원동,314000.0,2026-02-07
3378,209,신반포4,11650-125,70,0,1979,개인,,,"655,000",25,2,2026,중개거래,서울 서초구,155.0,8,70,1,N,26.04.24,잠원로,00037,00048,3121019,01,11650,0,11650,개인,10600,잠원동,655000.0,2026-02-25
3379,108,신반포2,11650-117,73,0,1978,개인,,,"695,000",24,2,2026,중개거래,서울 서초구,137.66,6,73,1,N,26.03.31,신반포로23길,00041,00000,4163452,01,11650,0,11650,개인,10600,잠원동,695000.0,2026-02-24
3380,107,서리풀e편한세상,11650-3573,906,13,2010,개인,,,"410,000",24,2,2026,중개거래,서울 서초구,148.56,8,906-13,1,N,26.06.08,효령로33길,00050,00000,4163633,01,11650,0,11650,개인,10100,방배동,410000.0,2026-02-24
3381,108,동아,11650-102,157,0,2002,개인,,,"340,000",12,2,2026,중개거래,"서울 서초구, 서울 송파구",84.91,10,157,1,N,26.05.07,신반포로33길,00015,00000,4163453,01,11650,0,11650,개인,10600,잠원동,340000.0,2026-02-12
3382,103,우성,11650-440,154,2,1991,개인,,,"223,000",12,2,2026,중개거래,"경기 안양시 동안구, 서울 서초구",84.58,2,154-2,1,N,26.05.08,바우뫼로,00091,00000,3121009,01,11650,0,11650,개인,10200,양재동,223000.0,2026-02-12
3383,현대타운B,현대타운,11650-3269,16,28,2005,개인,,,"120,000",13,2,2026,중개거래,서울 서초구,84.11,3,16-28,1,N,26.04.30,남부순환로356길,00109,00000,4163088,01,11650,0,11650,개인,10200,양재동,120000.0,2026-02-13
3384,120,신반포16,11650-113,55,12,1983,법인,,,"206,619",4,2,2026,직거래,,52.26,5,55-12,1,N,26.03.10,잠원로,00157,00000,3121019,01,11650,0,11650,개인,10600,잠원동,206619.0,2026-02-04
3385,112,신반포2,11650-117,73,0,1978,개인,,,"422,500",9,2,2026,중개거래,서울 서초구,68.91,9,73,1,N,26.03.06,신반포로23길,00041,00000,4163452,01,11650,0,11650,개인,10600,잠원동,422500.0,2026-02-09
3386,108,우성,11650-440,154,2,1991,개인,,,"189,500",22,2,2026,중개거래,서울 서초구,73.15,2,154-2,1,N,26.02.25,바우뫼로,00091,00000,3121009,01,11650,0,11650,개인,10200,양재동,189500.0,2026-02-22
3387,,대우아이빌,11650-101,42,13,2001,개인,26.03.17,O,"60,000",11,2,2026,중개거래,서울 서초구,35.38,1,42-13,1,N,,신반포로45길,00023,00000,4163459,01,11650,0,11650,개인,10600,잠원동,60000.0,2026-02-11
3388,106,롯데캐슬아르떼,11650-4044,424,28,2013,개인,,,"320,000",2,2,2026,중개거래,서울 서초구,84.9321,16,424-28,1,N,26.05.04,방배천로18길,00011,00000,4163687,01,11650,0,11650,개인,10100,방배동,320000.0,2026-02-02
3389,105,방배그랑자이,11650-4970,3283,0,2021,개인,,,"345,000",4,2,2026,중개거래,서울 서초구,84.972,18,3283,1,N,26.05.08,방배로,00021,00000,3121010,00,11650,0,11650,개인,10100,방배동,345000.0,2026-02-04
3390,403,호반써밋서초파크,11650-3974,788,0,2013,개인,,,"171,000",23,2,2026,중개거래,"서울 서초구, 서울 송파구",59.93,17,788,1,N,26.06.11,양재대로2길,00033,00000,4163748,01,11650,0,11650,개인,10300,우면동,171000.0,2026-02-23
3391,302,방배3차현대홈타운,11650-732,2233,0,2004,개인,,,"274,000",8,2,2026,중개거래,서울 서초구,120.915,5,2233,1,N,26.06.17,방배중앙로21길,00055,00000,4163677,01,11650,0,11650,개인,10100,방배동,274000.0,2026-02-08
3392,404,서초네이처힐4단지,11650-3704,720,0,2011,개인,,,"205,000",10,2,2026,중개거래,"서울 강남구, 서울 서초구",84.77,5,720,1,N,26.05.27,태봉로2길,00065,00000,4163582,01,11650,0,11650,개인,10300,우면동,205000.0,2026-02-10
3393,101,브라운스톤방배,11650-630,899,16,2005,개인,,,"263,000",19,2,2026,중개거래,서울 서초구,114.65,7,899-16,1,N,26.04.28,서초대로26길,00019,00000,4163394,01,11650,0,11650,개인,10100,방배동,263000.0,2026-02-19
3394,105,서초래미안,11650-523,1682,0,2003,개인,,,"324,000",20,2,2026,중개거래,"서울 마포구, 서울 서초구",111.32,15,1682,1,N,26.05.06,서초대로65길,00013,00010,4163425,01,11650,0,11650,개인,10800,서초동,324000.0,2026-02-20
3395,B,아크로비스타,11650-724,1685,3,2004,개인,,,"450,000",12,2,2026,중개거래,서울 서초구,220.55,20,1685-3,1,N,26.05.12,서초중앙로,00188,00000,3121024,03,11650,0,11650,법인,10800,서초동,450000.0,2026-02-12
3396,102,서초푸르지오써밋,11650-4550,1311,10,2017,개인,,,"325,000",14,2,2026,중개거래,서울 서초구,59.92,24,1311-10,1,N,26.06.12,서운로,00201,00000,3121016,01,11650,0,11650,개인,10800,서초동,325000.0,2026-02-14
3397,102,대림e-편한세상1,11650-511,884,21,2003,개인,,,"285,000",9,2,2026,중개거래,서울 서초구,164.38,11,884-21,1,N,26.05.14,서초대로34길,00034,00000,4163403,01,11650,0,11650,개인,10100,방배동,285000.0,2026-02-09
3398,211,신반포4,11650-125,70,0,1979,개인,,,"500,000",9,2,2026,중개거래,서울 서초구,108.42,1,70,1,N,26.04.24,잠원로,00037,00048,3121019,01,11650,0,11650,개인,10600,잠원동,500000.0,2026-02-09
3399,107,방배1차현대홈타운,11650-290,1344,0,1999,개인,,,"228,000",21,2,2026,중개거래,서울 서초구,59.94,2,1344,1,N,26.04.22,서초대로1길,00030,00000,4163389,01,11650,0,11650,개인,10100,방배동,228000.0,2026-02-21
3400,,서초이오빌,11650-521,1593,7,2003,개인,,,"32,800",11,2,2026,중개거래,서울 서초구,36.66,15,1593-7,1,N,26.04.06,효령로53길,00045,00000,4163646,01,11650,0,11650,개인,10800,서초동,32800.0,2026-02-11
3401,,서초이오빌,11650-521,1593,7,2003,개인,,,"29,500",7,2,2026,중개거래,서울 서초구,36.66,17,1593-7,1,N,26.03.13,효령로53길,00045,00000,4163646,01,11650,0,11650,개인,10800,서초동,29500.0,2026-02-07
3402,113,신반포2,11650-117,73,0,1978,개인,,,"475,000",20,2,2026,중개거래,서울 서초구,79.42,8,73,1,N,26.05.27,신반포로23길,00041,00000,4163452,01,11650,0,11650,개인,10600,잠원동,475000.0,2026-02-20
3403,109,서리풀e편한세상,11650-3573,906,13,2010,개인,,,"237,000",20,2,2026,중개거래,서울 서초구,59.97,6,906-13,1,N,26.08.31,효령로33길,00050,00000,4163633,01,11650,0,11650,개인,10100,방배동,237000.0,2026-02-20
3404,,잠원아이비,11650-632,34,1,2005,개인,,,"147,000",14,2,2026,중개거래,서울 서초구,95.589,2,34-1,1,N,26.05.29,강남대로95길,00081,00000,4163039,01,11650,0,11650,개인,10600,잠원동,147000.0,2026-02-14
3405,,프라임,11650-472,402,13,2002,개인,,,"97,400",10,2,2026,중개거래,서울 서초구,78.87,6,402-13,1,N,26.04.23,논현로1길,00043,00000,4163096,01,11650,0,11650,개인,10200,양재동,97400.0,2026-02-10
3406,,프레스턴클레식,11650-769,612,49,2005,개인,,,"290,000",21,2,2026,중개거래,서울 서초구,215.06,3,612-49,1,N,26.04.20,동광로27길,00091,00000,4163122,02,11650,0,11650,개인,10700,반포동,290000.0,2026-02-21
3407,105,래미안퍼스티지,11650-3559,18,1,2009,개인,,,"445,000",3,2,2026,중개거래,서울 서초구,59.89,15,18-1,1,N,26.04.30,반포대로,00275,00000,2121003,02,11650,0,11650,개인,10700,반포동,445000.0,2026-02-03
3408,,서초한신리빙타워,11650-44,1533,0,1999,개인,26.03.31,O,"70,000",13,2,2026,중개거래,서울 서초구,47.87,8,1533,1,N,,효령로,00237,00000,3121021,02,11650,0,11650,개인,10800,서초동,70000.0,2026-02-13
3409,105동,래미안 리더스원,11650-4887,1755,0,2020,개인,,,"380,000",13,2,2026,중개거래,서울 서초구,84.94,17,1755,1,N,26.05.04,서운로,00062,00000,3121016,00,11650,,11650,개인,10800,서초동,380000.0,2026-02-13
3410,B,현대슈퍼빌,11650-519,1446,11,2003,개인,,,"300,000",20,2,2026,중개거래,서울 서초구,164.87,17,1446-11,1,N,26.03.03,서초중앙로,00015,00000,3121024,03,11650,0,11650,법인,10800,서초동,300000.0,2026-02-20
3411,,공작빌라트,11650-264,1029,1,1995,개인,,,"170,000",20,2,2026,중개거래,서울 서초구,148.08,7,1029-1,1,N,26.02.24,방배로5길,00033,00000,4163280,01,11650,0,11650,개인,10100,방배동,170000.0,2026-02-20
3412,,새티스,11650-424,359,0,2000,개인,,,"158,000",7,2,2026,중개거래,서울 서초구,116.79,3,359,1,N,26.04.13,강남대로6길,00070,00000,4163031,01,11650,0,11650,개인,10200,양재동,158000.0,2026-02-07
3413,A,서초트라팰리스,11650-3238,1344,13,2005,개인,,,"209,000",12,2,2026,중개거래,서울 서초구,95.58,13,1344-13,1,N,26.03.04,효령로72길,00057,00000,4163657,01,11650,0,11650,개인,10800,서초동,209000.0,2026-02-12
3414,111,반포자이,11650-3500,20,43,2009,개인,,,"770,000",10,2,2026,중개거래,서울 서초구,194.515,19,20-43,1,N,26.04.10,신반포로,00270,00000,3121017,02,11650,0,11650,개인,10700,반포동,770000.0,2026-02-10
3415,래미안 서초유니빌,래미안서초유니빌,11650-518,1445,4,2003,개인,,,"50,500",11,2,2026,중개거래,서울 서초구,45.255,3,1445-4,1,N,26.03.31,서초중앙로,00026,00000,3121024,03,11650,0,11650,개인,10800,서초동,50500.0,2026-02-11
3416,101,한신타워,11650-150,71,11,1996,개인,,,"400,000",13,2,2026,중개거래,서울 서초구,131.88,17,71-11,1,N,26.04.03,잠원로3길,00008,00000,4163527,01,11650,0,11650,개인,10600,잠원동,400000.0,2026-02-13
3417,,산호아파트,11650-187,741,5,2001,개인,,,"91,000",20,2,2026,중개거래,서울 서초구,68.54,1,741-5,1,N,26.04.30,강남대로79길,00052,00009,4163032,01,11650,0,11650,개인,10700,반포동,91000.0,2026-02-20
3418,B,중앙하이츠,11650-139,71,17,1998,개인,,,"295,000",19,2,2026,중개거래,서울 서초구,75.44,15,71-17,1,N,26.04.02,잠원로3길,00020,00000,4163527,01,11650,0,11650,개인,10600,잠원동,295000.0,2026-02-19
3419,,서초파라곤,11650-3235,1327,29,2005,개인,26.03.10,O,"139,000",13,2,2026,중개거래,서울 서초구,84.98,12,1327-29,1,N,,서초대로74길,00029,00000,4163433,01,11650,0,11650,개인,10800,서초동,139000.0,2026-02-13
3420,1,서초중흥S-클래스(도시형생활주택),11650-3944,1451,89,2013,개인,,,"24,000",14,2,2026,중개거래,서울 서초구,25.82,7,1451-89,1,N,26.02.24,효령로52길,00063,00000,4163645,01,11650,0,11650,개인,10800,서초동,24000.0,2026-02-14
3421,110동,래미안 리더스원,11650-4887,1755,0,2020,개인,,,"325,000",5,2,2026,중개거래,서울 서초구,59.97,13,1755,1,N,26.03.17,서운로,00062,00000,3121016,00,11650,,11650,개인,10800,서초동,325000.0,2026-02-05
3422,501,호반써밋서초파크뷰(토지임대부아파트),11650-3976,789,0,2013,개인,,,"132,000",14,2,2026,중개거래,서울 서초구,59.93,4,789,1,Y,26.04.20,양재대로2길,00011,00000,4163748,01,11650,0,11650,개인,10300,우면동,132000.0,2026-02-14
3423,105,한라,11650-483,67,0,1994,개인,,,"159,500",6,2,2026,중개거래,서울 서초구,59.98,5,67,1,N,26.05.08,바우뫼로,00033,00000,3121009,02,11650,0,11650,개인,10300,우면동,159500.0,2026-02-06
3424,112,서초더샵포레,11650-4063,411,0,2014,개인,,,"195,000",10,2,2026,중개거래,서울 서초구,114.71,11,411,1,N,26.04.29,헌릉로8길,00058,00000,4163749,02,11650,0,11650,개인,10900,내곡동,195000.0,2026-02-10
3425,501,우성아파트,11650-60,1326,17,1998,개인,,,"210,000",5,2,2026,중개거래,서울 서초구,59.93,10,1326-17,1,N,26.05.20,서초대로74길,00030,00000,4163433,01,11650,0,11650,개인,10800,서초동,210000.0,2026-02-05
3426,102,방배3차e-편한세상,11650-3281,797,30,2006,개인,,,"445,000",12,2,2026,중개거래,서울 서초구,216.7346,13,797-30,1,N,26.03.05,동광로,00089,00005,3121004,01,11650,0,11650,개인,10100,방배동,445000.0,2026-02-12
3427,,엠브이아파트,11650-199,46,0,1994,개인,,,"250,000",11,2,2026,중개거래,서울 서초구,129.93,4,46,1,N,26.04.28,고무래로10길,00039,00000,4163042,01,11650,0,11650,개인,10700,반포동,250000.0,2026-02-11
3428,103,서리풀e편한세상,11650-3573,906,13,2010,개인,,,"450,000",12,2,2026,중개거래,"서울 강남구, 서울 서초구",164.46,8,906-13,1,N,26.05.29,효령로33길,00050,00000,4163633,01,11650,0,11650,개인,10100,방배동,450000.0,2026-02-12
3429,113동,아크로리버파크,11650-4440,2,12,2016,개인,,,"445,000",10,2,2026,중개거래,"서울 강남구, 서울 서초구",59.97,7,2-12,1,N,26.04.16,신반포로15길,00019,00000,4163450,00,11650,0,11650,개인,10700,반포동,445000.0,2026-02-10
3430,109,래미안원베일리,11650-5126,1,0,2023,개인,,,"495,000",6,2,2026,중개거래,서울 서초구,59.96,20,1,1,N,26.04.30,반포대로,00333,00000,2121003,00,11650,,11650,개인,10700,반포동,495000.0,2026-02-06
3431,105,롯데캐슬헤론,11650-3317,754,1,2006,개인,,,"230,000",6,2,2026,중개거래,서울 서초구,103.7,16,754-1,1,N,26.04.28,동광로1길,00112,00000,4163119,01,11650,0,11650,개인,10100,방배동,230000.0,2026-02-06
3432,102동,아크로리버뷰신반포,11650-4676,159,0,2018,개인,,,"580,000",10,2,2026,중개거래,서울 서초구,78.5,27,159,1,N,26.04.24,잠원로,00117,00000,3121019,00,11650,0,11650,개인,10600,잠원동,580000.0,2026-02-10
3433,,더미켈란,11650-626,1494,4,2005,개인,,,"430,000",9,2,2026,중개거래,서울 서초구,244.98,4,1494-4,1,N,26.03.10,명달로,00091,00000,3121008,02,11650,0,11650,개인,10800,서초동,430000.0,2026-02-09
3434,,래미안퍼스티지,11650-3559,18,1,2009,개인,26.06.22,O,"409,000",4,2,2026,중개거래,서울 서초구,59.96,1,18-1,1,N,,반포대로,00275,00000,2121003,02,11650,0,11650,개인,10700,반포동,409000.0,2026-02-04
3435,잠원동 대우아이빌 2동,대우아이빌,11650-101,42,13,2001,개인,,,"70,000",6,2,2026,중개거래,서울 서초구,34.72,7,42-13,1,N,26.04.17,신반포로45길,00023,00000,4163459,01,11650,0,11650,개인,10600,잠원동,70000.0,2026-02-06
3436,111,래미안퍼스티지,11650-3559,18,1,2009,개인,,,"575,000",3,2,2026,중개거래,서울 서초구,84.93,9,18-1,1,N,26.04.30,반포대로,00275,00000,2121003,02,11650,0,11650,개인,10700,반포동,575000.0,2026-02-03
3437,,서초이오빌,11650-521,1593,7,2003,개인,,,"67,500",5,2,2026,중개거래,서울 서초구,58.48,16,1593-7,1,N,26.04.21,효령로53길,00045,00000,4163646,01,11650,0,11650,개인,10800,서초동,67500.0,2026-02-05
3438,102,서초현대,11650-46,1648,2,1999,개인,,,"158,000",8,2,2026,중개거래,서울 서초구,54.45,1,1648-2,1,N,26.04.03,사임당로19길,00010,00000,4163315,01,11650,0,11650,개인,10800,서초동,158000.0,2026-02-08
3439,,청암,11650-357,980,45,1992,개인,26.04.07,O,"167,000",6,2,2026,중개거래,서울 서초구,227.97,4,980-45,1,N,,효령로,00065,00000,3121021,01,11650,0,11650,개인,10100,방배동,167000.0,2026-02-06
3440,110동,래미안 리더스원,11650-4887,1755,0,2020,개인,,,"324,000",7,2,2026,중개거래,서울 서초구,59.96,19,1755,1,N,26.04.16,서운로,00062,00000,3121016,00,11650,,11650,개인,10800,서초동,324000.0,2026-02-07
3441,,인랜드,11650-674,363,3,2002,개인,,,"129,700",7,2,2026,중개거래,"서울 강남구, 서울 서초구",73.28,6,363-3,1,N,26.03.31,강남대로2길,00096,00000,4163014,01,11650,0,11650,개인,10200,양재동,129700.0,2026-02-07
3442,501,우성아파트,11650-60,1326,17,1998,개인,,,"228,000",6,2,2026,중개거래,서울 서초구,59.93,13,1326-17,1,N,26.05.27,서초대로74길,00030,00000,4163433,01,11650,0,11650,개인,10800,서초동,228000.0,2026-02-06
3443,래미안 서초유니빌,래미안서초유니빌,11650-518,1445,4,2003,개인,,,"51,000",5,2,2026,중개거래,서울 서초구,45.255,17,1445-4,1,N,26.05.04,서초중앙로,00026,00000,3121024,03,11650,0,11650,개인,10800,서초동,51000.0,2026-02-05
3444,110,신반포2,11650-117,73,0,1978,개인,,,"420,000",6,2,2026,중개거래,"경기 과천시, 서울 서초구",68.91,10,73,1,N,26.05.13,신반포로23길,00041,00000,4163452,01,11650,0,11650,개인,10600,잠원동,420000.0,2026-02-06
3445,,다솔멤버스,11650-598,1507,61,2003,개인,,,"197,000",5,2,2026,중개거래,서울 서초구,140.47,2,1507-61,1,N,26.05.15,명달로22길,00033,00000,4163188,01,11650,0,11650,개인,10800,서초동,197000.0,2026-02-05
3446,108,신반포2,11650-117,73,0,1978,개인,,,"710,000",4,2,2026,중개거래,서울 서초구,137.66,10,73,1,N,26.05.18,신반포로23길,00041,00000,4163452,01,11650,0,11650,개인,10600,잠원동,710000.0,2026-02-04
3447,102,한라,11650-483,67,0,1994,개인,,,"156,000",4,2,2026,중개거래,서울 서초구,59.98,6,67,1,N,26.03.25,바우뫼로,00033,00000,3121009,02,11650,0,11650,개인,10300,우면동,156000.0,2026-02-04
3448,402,호반써밋서초파크,11650-3974,788,0,2013,개인,,,"183,500",4,2,2026,중개거래,서울 서초구,84.99,8,788,1,N,26.02.24,양재대로2길,00033,00000,4163748,01,11650,0,11650,개인,10300,우면동,183500.0,2026-02-04
3449,104,방배아트e편한세상104,11650-3172,486,1,2005,개인,,,"198,500",2,2,2026,중개거래,"서울 동작구, 서울 서초구",113.183,4,486-1,1,N,26.04.24,효령로2길,00097,00000,4163631,01,11650,0,11650,개인,10100,방배동,198500.0,2026-02-02
3450,501,우성아파트,11650-60,1326,17,1998,개인,,,"238,000",3,2,2026,중개거래,서울 서초구,59.93,5,1326-17,1,N,26.05.08,서초대로74길,00030,00000,4163433,01,11650,0,11650,개인,10800,서초동,238000.0,2026-02-03
3451,111,반포자이,11650-3500,20,43,2009,개인,,,"745,000",3,2,2026,중개거래,서울 서초구,194.692,9,20-43,1,N,26.03.26,신반포로,00270,00000,3121017,02,11650,0,11650,개인,10700,반포동,745000.0,2026-02-03
3452,,엠브이아파트,11650-199,46,0,1994,개인,,,"230,000",3,2,2026,중개거래,"경기 남양주시, 서울 서초구",129.93,3,46,1,N,26.04.30,고무래로10길,00039,00000,4163042,01,11650,0,11650,개인,10700,반포동,230000.0,2026-02-03
3453,,서초8차상지리츠빌,11650-3293,1491,3,2006,개인,,,"220,000",3,2,2026,중개거래,서울 서초구,128.81,3,1491-3,1,N,26.04.17,명달로13길,00007,00000,4163182,01,11650,0,11650,개인,10800,서초동,220000.0,2026-02-03
3454,102동,아크로리버뷰신반포,11650-4676,159,0,2018,개인,,,"500,000",2,2,2026,중개거래,서울 서초구,78.48,17,159,1,N,26.05.18,잠원로,00117,00000,3121019,00,11650,0,11650,개인,10600,잠원동,500000.0,2026-02-02
3455,121,래미안원베일리,11650-5126,1,0,2023,개인,,,"735,000",9,2,2026,중개거래,서울 서초구,101.99,9,1,1,N,26.02.11,반포대로,00333,00000,2121003,00,11650,,11650,개인,10700,반포동,735000.0,2026-02-09
3456,105,힐스테이트서초젠트리스,11650-4103,557,0,2014,개인,,,"230,000",5,3,2026,중개거래,서울 서초구,101.9,6,557,1,N,26.07.24,헌릉로8길,00010,00012,4163749,01,11650,0,11650,개인,11100,신원동,230000.0,2026-03-05
3457,109,롯데캐슬클래식,11650-3300,1312,3,2006,개인,,,"385,000",3,3,2026,중개거래,서울 서초구,133.45,11,1312-3,1,N,26.05.27,서운로,00197,00000,3121016,00,11650,,11650,개인,10800,서초동,385000.0,2026-03-03
3458,108,우성,11650-440,154,2,1991,개인,,,"200,000",21,3,2026,중개거래,서울 서초구,73.15,4,154-2,1,N,26.07.16,바우뫼로,00091,00000,3121009,01,11650,0,11650,개인,10200,양재동,200000.0,2026-03-21
3459,2,임광,11650-341,1015,0,1985,개인,,,"233,000",25,3,2026,중개거래,서울 서초구,84.78,9,1015,1,N,26.05.15,방배로,00014,00000,3121010,01,11650,0,11650,개인,10100,방배동,233000.0,2026-03-25
3460,,두산위브(1362),11650-3250,1362,0,2005,개인,,,"132,000",31,3,2026,중개거래,서울 서초구,78.63,8,1362,1,N,26.07.31,강남대로39길,00005,00000,4163018,01,11650,0,11650,개인,10800,서초동,132000.0,2026-03-31
3461,119,반포자이,11650-3500,20,43,2009,개인,,,"650,000",30,3,2026,중개거래,서울 서초구,165.052,16,20-43,1,N,26.06.30,신반포로,00270,00000,3121017,02,11650,0,11650,개인,10700,반포동,650000.0,2026-03-30
3462,101,우솔마을서초리슈빌S아파트,11650-4065,764,0,2014,개인,,,"16,100",31,3,2026,중개거래,서울 서초구,21.5893,3,764,1,N,26.04.27,양재대로2길,00100,00011,4163748,01,11650,0,11650,개인,10300,우면동,16100.0,2026-03-31
3463,,프라임빌라트,11650-502,98,4,2003,개인,,,"130,000",28,3,2026,중개거래,서울 서초구,109.52,3,98-4,1,N,26.06.16,서래로,00005,00000,3121015,01,11650,0,11650,개인,10700,반포동,130000.0,2026-03-28
3464,117,래미안퍼스티지,11650-3559,18,1,2009,개인,,,"734,500",25,3,2026,중개거래,서울 서초구,168.65,14,18-1,1,N,26.05.29,반포대로,00275,00000,2121003,02,11650,0,11650,개인,10700,반포동,734500.0,2026-03-25
3465,,서초이오빌,11650-521,1593,7,2003,개인,,,"40,600",25,3,2026,중개거래,서울 서초구,43.2,22,1593-7,1,N,26.05.15,효령로53길,00045,00000,4163646,01,11650,0,11650,개인,10800,서초동,40600.0,2026-03-25
3466,101동,방배 서리풀 그랑블,11650-4769,3279,0,2019,개인,,,"215,000",23,3,2026,중개거래,서울 서초구,84.9969,2,3279,1,N,26.04.24,서초대로34가길,00052,00000,4163402,00,11650,0,11650,개인,10100,방배동,215000.0,2026-03-23
3467,103,코오롱,11650-482,70,0,1994,개인,,,"161,000",26,3,2026,중개거래,서울 서초구,52.47,6,70,1,N,26.05.19,바우뫼로,00053,00000,3121009,02,11650,0,11650,개인,10300,우면동,161000.0,2026-03-26
3468,102동,서초센트럴IPARK,11650-4827,1582,3,2020,개인,,,"216,000",24,3,2026,중개거래,서울 서초구,80.5154,31,1582-3,1,N,26.06.12,반포대로18길,00036,00000,4163228,00,11650,0,11650,개인,10800,서초동,216000.0,2026-03-24
3469,,방배대우디오빌,11650-3191,866,20,2005,개인,,,"25,500",31,3,2026,중개거래,서울 서초구,28.84,6,866-20,1,N,26.05.26,서초대로,00017,00000,2121002,01,11650,0,11650,개인,10100,방배동,25500.0,2026-03-31
3470,,현대이에스에이아파트,11650-532,1338,0,2002,개인,,,"170,000",24,3,2026,중개거래,"서울 강남구, 서울 서초구",163.95,14,1338,1,N,26.05.22,효령로77길,00020,00000,4163659,01,11650,0,11650,개인,10800,서초동,170000.0,2026-03-24
3471,109,롯데캐슬아르떼,11650-4044,424,28,2013,개인,,,"371,000",28,3,2026,중개거래,서울 서초구,147.7221,9,424-28,1,N,26.06.29,방배천로18길,00011,00000,4163687,01,11650,0,11650,개인,10100,방배동,371000.0,2026-03-28
3472,,한신트리플,11650-590,816,1,2004,개인,,,"42,000",28,3,2026,중개거래,서울 서초구,39.31,4,816-1,1,N,,방배로33길,00029,00000,4163268,01,11650,0,11650,개인,10100,방배동,42000.0,2026-03-28
3473,,서초이오빌,11650-521,1593,7,2003,개인,,,"40,500",21,3,2026,중개거래,서울 서초구,43.2,17,1593-7,1,N,26.05.14,효령로53길,00045,00000,4163646,01,11650,0,11650,개인,10800,서초동,40500.0,2026-03-21
3474,,우성,11650-440,154,2,1991,개인,26.05.21,O,"200,000",21,3,2026,중개거래,서울 서초구,73.15,4,154-2,1,N,,바우뫼로,00091,00000,3121009,01,11650,0,11650,개인,10200,양재동,200000.0,2026-03-21
3475,,프리우스,11650-761,846,1,2004,개인,,,"127,000",20,3,2026,중개거래,서울 서초구,73.25,2,846-1,1,N,26.04.30,방배로30길,00084,00000,4163265,01,11650,0,11650,개인,10100,방배동,127000.0,2026-03-20
3476,서초동롯데캐슬메디치,롯데캐슬메디치,11650-3568,1656,4,2010,개인,,,"143,100",20,3,2026,직거래,,103.24,8,1656-4,1,N,26.04.30,서초중앙로,00110,00000,3121024,03,11650,0,11650,개인,10800,서초동,143100.0,2026-03-20
3477,108,우성,11650-440,154,2,1991,개인,,,"199,000",23,3,2026,중개거래,서울 서초구,73.15,2,154-2,1,N,26.07.02,바우뫼로,00091,00000,3121009,01,11650,0,11650,개인,10200,양재동,199000.0,2026-03-23
3478,서초쌍용플래티넘,서초쌍용플래티넘,11650-3276,1445,13,2006,개인,,,"98,000",22,3,2026,중개거래,서울 서초구,68.21,15,1445-13,1,N,26.05.22,서초중앙로,00018,00000,3121024,03,11650,0,11650,개인,10800,서초동,98000.0,2026-03-22
3479,,서초이오빌,11650-521,1593,7,2003,개인,,,"40,000",17,3,2026,중개거래,서울 서초구,45.96,17,1593-7,1,N,26.05.26,효령로53길,00045,00000,4163646,01,11650,0,11650,개인,10800,서초동,40000.0,2026-03-17
3480,103,동아,11650-102,157,0,2002,개인,,,"367,000",28,3,2026,중개거래,서울 서초구,84.91,15,157,1,N,26.07.10,신반포로33길,00015,00000,4163453,01,11650,0,11650,개인,10600,잠원동,367000.0,2026-03-28
3481,,서초동삼성쉐르빌2,11650-608,1330,0,2002,개인,,,"30,500",28,3,2026,중개거래,서울 서초구,35.22,18,1330,1,N,26.05.29,강남대로53길,00011,00000,4163026,01,11650,0,11650,개인,10800,서초동,30500.0,2026-03-28
3482,,엠브이아파트,11650-199,46,0,1994,개인,,,"199,000",26,3,2026,중개거래,서울 서초구,83.4,1,46,1,N,26.04.30,고무래로10길,00039,00000,4163042,01,11650,0,11650,법인,10700,반포동,199000.0,2026-03-26
3483,202,서초2차e-편한세상,11650-774,1529,0,2005,개인,,,"235,000",29,3,2026,중개거래,"서울 마포구, 서울 서초구",116.745,4,1529,1,N,26.07.16,효령로49길,00057,00000,4163642,01,11650,0,11650,개인,10800,서초동,235000.0,2026-03-29
3484,101,킴스빌리지,11650-142,71,12,1996,개인,,,"175,000",21,3,2026,중개거래,서울 서초구,37.38,12,71-12,1,N,26.05.07,잠원로3길,00006,00000,4163527,01,11650,0,11650,개인,10600,잠원동,175000.0,2026-03-21
3485,103,더샵서초,11650-3284,1445,14,2006,개인,,,"63,000",22,3,2026,중개거래,서울 서초구,33.06,29,1445-14,1,N,26.06.18,서초중앙로2길,00021,00000,4163718,01,11650,0,11650,개인,10800,서초동,63000.0,2026-03-22
3486,109,반포자이,11650-3500,20,43,2009,개인,,,"500,000",14,3,2026,중개거래,서울 서초구,84.984,27,20-43,1,N,26.05.28,신반포로,00270,00000,3121017,02,11650,0,11650,개인,10700,반포동,500000.0,2026-03-14
3487,101,롯데캐슬쥬피터,11650-620,1359,50,2003,개인,,,"245,000",25,3,2026,중개거래,"서울 강남구, 서울 서초구",152.86,10,1359-50,1,N,26.05.20,서운로6길,00015,00020,4163380,01,11650,0,11650,개인,10800,서초동,245000.0,2026-03-25
3488,,서초코아,11650-555,1465,7,2003,개인,,,"88,000",31,3,2026,중개거래,서울 서초구,70.13,5,1465-7,1,N,26.06.22,남부순환로317길,00018,00016,4163069,01,11650,0,11650,개인,10800,서초동,88000.0,2026-03-31
3489,,엠브이아파트,11650-199,46,0,1994,개인,,,"194,000",18,3,2026,중개거래,서울 서초구,83.4,6,46,1,N,26.04.23,고무래로10길,00039,00000,4163042,01,11650,0,11650,개인,10700,반포동,194000.0,2026-03-18
3490,,나인빌,11650-3543,800,3,2009,개인,,,"225,000",16,3,2026,중개거래,서울 서초구,187.68,6,800-3,1,N,26.04.27,방배로32길,00103,00013,4163267,01,11650,0,11650,개인,10100,방배동,225000.0,2026-03-16
3491,105,동아,11650-102,157,0,2002,개인,,,"315,000",18,3,2026,중개거래,서울 서초구,59.8,19,157,1,N,26.05.14,신반포로33길,00015,00000,4163453,01,11650,0,11650,개인,10600,잠원동,315000.0,2026-03-18
3492,14,삼풍아파트,11650-28,1685,0,1988,개인,,,"420,000",31,3,2026,중개거래,서울 서초구,130.73,7,1685,1,N,26.05.27,서초중앙로,00200,00000,3121024,03,11650,0,11650,개인,10800,서초동,420000.0,2026-03-31
3493,,프리우스,11650-761,846,1,2004,개인,,,"139,000",31,3,2026,중개거래,서울 서초구,75.32,2,846-1,1,N,26.05.29,방배로30길,00084,00000,4163265,01,11650,0,11650,개인,10100,방배동,139000.0,2026-03-31
3494,,반포자이,11650-3500,20,43,2009,개인,26.04.14,O,"510,000",31,3,2026,직거래,,84.998,21,20-43,1,N,,신반포로,00270,00000,3121017,02,11650,0,11650,개인,10700,반포동,510000.0,2026-03-31
3495,,서초이오빌,11650-521,1593,7,2003,개인,,,"41,000",6,3,2026,중개거래,서울 서초구,45.96,20,1593-7,1,N,26.04.30,효령로53길,00045,00000,4163646,01,11650,0,11650,개인,10800,서초동,41000.0,2026-03-06
3496,,방배씨티(보성),11650-302,836,1,2000,개인,,,"139,500",24,3,2026,중개거래,서울 서초구,74.16,9,836-1,1,N,26.04.24,서초대로23길,00074,00000,4163391,01,11650,0,11650,개인,10100,방배동,139500.0,2026-03-24
3497,,강남월드메르디앙프레스티지,11650-5023,11,11,2022,개인,,,"73,000",20,3,2026,중개거래,서울 강남구,36.109,7,11-11,1,N,26.04.28,남부순환로350길,00019,00011,4163086,00,11650,0,11650,법인,10200,양재동,73000.0,2026-03-20
3498,,호반써밋서초파크뷰(토지임대부아파트),11650-3976,789,0,2013,개인,,,"112,000",31,3,2026,중개거래,서울 서초구,59.93,5,789,1,Y,,양재대로2길,00011,00000,4163748,01,11650,0,11650,개인,10300,우면동,112000.0,2026-03-31
3499,,서초동삼성쉐르빌2,11650-608,1330,0,2002,개인,,,"27,500",25,3,2026,중개거래,서울 서초구,35.22,14,1330,1,N,26.05.18,강남대로53길,00011,00000,4163026,01,11650,0,11650,개인,10800,서초동,27500.0,2026-03-25
3500,102,동원베네스트아파트,11650-88,1350,13,2002,개인,,,"196,000",16,3,2026,중개거래,서울 서초구,84.9,7,1350-13,1,N,26.05.04,서운로9길,00063,00000,4163381,00,11650,,11650,개인,10800,서초동,196000.0,2026-03-16
3501,,반포훼미리(101동),11650-259,713,1,2002,개인,,,"134,100",18,3,2026,직거래,,108.5,2,713-1,1,N,26.04.10,주흥11길,00040,00000,4163549,01,11650,0,11650,개인,10700,반포동,134100.0,2026-03-18
3502,에이,뉴현대,11650-414,292,0,1992,개인,,,"148,000",23,3,2026,중개거래,서울 서초구,132.2,2,292,1,N,26.05.15,언남10길,00027,00000,4163484,01,11650,0,11650,개인,10200,양재동,148000.0,2026-03-23
3503,,방배우성,11650-331,2525,0,1991,개인,,,"220,000",31,3,2026,중개거래,서울 서초구,80.2,5,2525,1,N,,방배선행길,00001,00000,4163671,01,11650,0,11650,개인,10100,방배동,220000.0,2026-03-31
3504,4002,상지리츠빌(1617-13),11650-723,1617,13,2004,개인,,,"143,500",27,3,2026,직거래,,163.84,2,1617-13,1,N,26.05.20,서리풀4길,00036,00000,4163368,01,11650,0,11650,개인,10800,서초동,143500.0,2026-03-27
3505,102,대림e-편한세상1,11650-511,884,21,2003,개인,,,"285,000",26,3,2026,중개거래,서울 서초구,164.25,10,884-21,1,N,26.04.23,서초대로34길,00034,00000,4163403,01,11650,0,11650,법인,10100,방배동,285000.0,2026-03-26
3506,107동,서초그랑자이,11650-4969,1757,0,2021,개인,,,"515,000",25,3,2026,중개거래,서울 서초구,119.41,24,1757,1,N,26.05.20,효령로,00391,00000,3121021,00,11650,,11650,개인,10800,서초동,515000.0,2026-03-25
3507,501,호반써밋서초파크뷰(토지임대부아파트),11650-3976,789,0,2013,개인,,,"137,000",28,3,2026,중개거래,서울 서초구,59.99,12,789,1,Y,26.06.24,양재대로2길,00011,00000,4163748,01,11650,0,11650,개인,10300,우면동,137000.0,2026-03-28
3508,래미안 서초유니빌,래미안서초유니빌,11650-518,1445,4,2003,개인,,,"54,000",26,3,2026,중개거래,"서울 노원구, 서울 서초구",45.255,10,1445-4,1,N,26.05.26,서초중앙로,00026,00000,3121024,03,11650,0,11650,개인,10800,서초동,54000.0,2026-03-26
3509,1,한신서래,11650-232,70,1,1987,개인,,,"277,000",30,3,2026,중개거래,서울 서초구,64.53,9,70-1,1,N,26.06.26,사평대로28길,00031,00000,4163330,01,11650,0,11650,개인,10700,반포동,277000.0,2026-03-30
3510,101,월드메르디앙,11650-135,33,11,2002,개인,,,"230,000",30,3,2026,중개거래,서울 서초구,84.78,9,33-11,1,N,26.06.16,신반포로45길,00071,00000,4163459,01,11650,0,11650,개인,10600,잠원동,230000.0,2026-03-30
3511,래미안 서초유니빌,래미안서초유니빌,11650-518,1445,4,2003,개인,,,"52,000",31,3,2026,중개거래,서울 서초구,45.255,17,1445-4,1,N,26.06.02,서초중앙로,00026,00000,3121024,03,11650,0,11650,개인,10800,서초동,52000.0,2026-03-31
3512,서초 대우아이빌,서초대우아이빌,11650-606,1675,11,2003,개인,,,"77,800",8,3,2026,중개거래,서울 서초구,65.088,5,1675-11,1,N,26.07.31,서초대로58길,00010,00000,4163421,01,11650,0,11650,개인,10800,서초동,77800.0,2026-03-08
3513,1,한신로얄,11650-147,63,34,1992,개인,,,"285,000",25,3,2026,중개거래,"경기 성남시 분당구, 서울 서초구",84.56,7,63-34,1,N,26.06.29,신반포로33길,00064,00000,4163453,01,11650,0,11650,개인,10600,잠원동,285000.0,2026-03-25
3514,3,훼미리,11650-154,51,0,1992,개인,,,"290,000",30,3,2026,중개거래,서울 서초구,84.83,11,51,1,N,26.06.16,잠원로,00202,00011,3121019,01,11650,0,11650,개인,10600,잠원동,290000.0,2026-03-30
3515,,방배대우디오빌,11650-3191,866,20,2005,개인,,,"28,000",30,3,2026,중개거래,서울 서초구,28.84,17,866-20,1,N,26.04.01,서초대로,00017,00000,2121002,01,11650,0,11650,개인,10100,방배동,28000.0,2026-03-30
3516,403,호반써밋서초파크,11650-3974,788,0,2013,개인,,,"172,500",26,3,2026,중개거래,서울 서초구,59.93,11,788,1,N,26.07.01,양재대로2길,00033,00000,4163748,01,11650,0,11650,개인,10300,우면동,172500.0,2026-03-26
3517,113동,아크로리버파크,11650-4440,2,12,2016,개인,,,"410,000",29,3,2026,중개거래,서울 서초구,59.97,3,2-12,1,N,26.04.15,신반포로15길,00019,00000,4163450,00,11650,0,11650,개인,10700,반포동,410000.0,2026-03-29
3518,105동,서초그랑자이,11650-4969,1757,0,2021,개인,,,"320,000",25,3,2026,중개거래,서울 서초구,59.98,8,1757,1,N,26.06.30,효령로,00391,00000,3121021,00,11650,,11650,개인,10800,서초동,320000.0,2026-03-25
3519,10,현대아파트,11650-85,1346,0,1989,개인,,,"187,000",30,3,2026,중개거래,서울 서초구,62.05,6,1346,1,N,26.07.31,효령로72길,00014,00000,4163657,01,11650,0,11650,개인,10800,서초동,187000.0,2026-03-30
3520,9,삼풍아파트,11650-28,1685,0,1988,개인,,,"317,000",28,3,2026,중개거래,서울 서초구,79.47,7,1685,1,N,26.05.27,서초중앙로,00200,00000,3121024,03,11650,0,11650,개인,10800,서초동,317000.0,2026-03-28
3521,6,진흥아파트,11650-66,1315,0,1979,개인,,,"429,000",28,3,2026,중개거래,서울 서초구,160.46,12,1315,1,N,26.07.10,서초대로,00385,00000,2121002,02,11650,0,11650,개인,10800,서초동,429000.0,2026-03-28
3522,101,래미안서초스위트,11650-3515,1301,6,2009,개인,,,"331,500",14,3,2026,중개거래,서울 서초구,95.7555,10,1301-6,1,N,26.05.29,서운로,00221,00000,3121016,01,11650,0,11650,개인,10800,서초동,331500.0,2026-03-14
3523,102동,래미안신반포리오센트,11650-4750,161,0,2019,개인,,,"330,000",27,3,2026,중개거래,서울 서초구,59.92,20,161,1,N,26.05.26,잠원로14길,00032,00000,4163526,00,11650,0,11650,개인,10600,잠원동,330000.0,2026-03-27
3524,주건축물제1동,지에스타워,11650-4967,1675,10,2022,개인,,,"39,500",20,3,2026,중개거래,서울 서초구,26.43,8,1675-10,1,N,26.04.06,서초대로58길,00018,00000,4163421,00,11650,0,11650,개인,10800,서초동,39500.0,2026-03-20
3525,,서초동삼성쉐르빌2,11650-608,1330,0,2002,개인,,,"32,200",24,3,2026,중개거래,서울 서초구,35.22,8,1330,1,N,26.05.15,강남대로53길,00011,00000,4163026,01,11650,0,11650,개인,10800,서초동,32200.0,2026-03-24
3526,,서초동삼성쉐르빌2,11650-608,1330,0,2002,개인,,,"27,000",26,3,2026,중개거래,서울 서초구,35.22,6,1330,1,N,26.04.01,강남대로53길,00011,00000,4163026,01,11650,0,11650,개인,10800,서초동,27000.0,2026-03-26
3527,104,롯데캐슬헤론,11650-3317,754,1,2006,개인,,,"215,000",14,3,2026,중개거래,서울 서초구,95.66,8,754-1,1,N,26.05.26,동광로1길,00112,00000,4163119,01,11650,0,11650,개인,10100,방배동,215000.0,2026-03-14
3528,207,서초힐스,11650-3821,773,0,2012,개인,,,"215,000",12,3,2026,중개거래,서울 서초구,84.95,15,773,1,N,26.04.28,양재대로2길,00090,00000,4163748,01,11650,0,11650,개인,10300,우면동,215000.0,2026-03-12
3529,101,초원현대,11650-70,1444,3,1998,개인,,,"144,000",25,3,2026,중개거래,서울 서초구,59.76,12,1444-3,1,N,26.06.18,효령로68길,00105,00000,4163654,01,11650,0,11650,개인,10800,서초동,144000.0,2026-03-25
3530,,비젼(102),11650-586,16,22,2003,개인,,,"109,000",12,3,2026,중개거래,서울 서초구,84.46,4,16-22,1,N,26.05.08,바우뫼로39길,00027,00000,4163214,01,11650,0,11650,개인,10200,양재동,109000.0,2026-03-12
3531,106,코오롱,11650-482,70,0,1994,개인,,,"167,000",13,3,2026,중개거래,서울 강남구,52.47,2,70,1,N,26.03.30,바우뫼로,00053,00000,3121009,02,11650,0,11650,개인,10300,우면동,167000.0,2026-03-13
3532,108,서초래미안,11650-523,1682,0,2003,개인,,,"330,000",17,3,2026,중개거래,서울 서초구,111.32,14,1682,1,N,26.05.15,서초대로65길,00013,00010,4163425,01,11650,0,11650,개인,10800,서초동,330000.0,2026-03-17
3533,104,롯데캐슬갤럭시,11650-155,50,0,2002,개인,,,"425,000",19,3,2026,중개거래,"서울 강남구, 서울 서초구",133.41,9,50,1,N,26.05.29,잠원로14길,00003,00000,4163526,01,11650,0,11650,개인,10600,잠원동,425000.0,2026-03-19
3534,,엠브이아파트,11650-199,46,0,1994,법인,,,"210,000",25,3,2026,직거래,,83.4,11,46,1,N,26.04.27,고무래로10길,00039,00000,4163042,01,11650,0,11650,개인,10700,반포동,210000.0,2026-03-25
3535,101,방배한화,11650-369,169,24,2001,개인,,,"209,000",11,3,2026,중개거래,서울 서초구,84.7,10,169-24,1,N,26.05.15,효령로33길,00066,00031,4163633,01,11650,0,11650,개인,10100,방배동,209000.0,2026-03-11
3536,,두진한아름,11650-14,1609,6,1995,개인,,,"140,000",24,3,2026,직거래,,84.96,2,1609-6,1,N,26.03.25,효령로67길,00052,00000,4163653,01,11650,0,11650,개인,10800,서초동,140000.0,2026-03-24
3537,,롯데캐슬클래식,11650-3300,1312,3,2006,개인,26.06.05,O,"385,000",3,3,2026,중개거래,서울 서초구,133.45,11,1312-3,1,N,,서운로,00197,00000,3121016,00,11650,,11650,개인,10800,서초동,385000.0,2026-03-03
3538,105,래미안원펜타스,11650-5174,12,0,2024,개인,,,"1,000,000",23,3,2026,중개거래,"경기 파주시, 서울 서초구",191.859,17,12,1,N,26.05.29,신반포로15길,00001,00000,4163450,01,11650,0,11650,개인,10700,반포동,1000000.0,2026-03-23
3539,B,아크로비스타,11650-724,1685,3,2004,개인,,,"290,000",21,3,2026,중개거래,서울 서초구,138.96,6,1685-3,1,N,26.05.26,서초중앙로,00188,00000,3121024,03,11650,0,11650,개인,10800,서초동,290000.0,2026-03-21
3540,래미안 서초유니빌,래미안서초유니빌,11650-518,1445,4,2003,개인,,,"59,200",24,3,2026,중개거래,서울 서초구,49.745,5,1445-4,1,N,26.04.02,서초중앙로,00026,00000,3121024,03,11650,0,11650,개인,10800,서초동,59200.0,2026-03-24
3541,,한아름,11650-562,3,1,2003,개인,,,"99,000",14,3,2026,중개거래,서울 강남구,84.54,1,3-1,1,N,26.06.12,남부순환로358길,00072,00000,4163089,01,11650,0,11650,개인,10200,양재동,99000.0,2026-03-14
3542,,삼성래미안1,11650-503,2626,0,2003,개인,,,"222,500",7,3,2026,중개거래,서울 서초구,84.91,3,2626,1,N,,방배선행길,00002,00000,4163671,01,11650,0,11650,개인,10100,방배동,222500.0,2026-03-07
3543,잠원동 대우아이빌 2동,대우아이빌,11650-101,42,13,2001,개인,,,"56,500",17,3,2026,중개거래,서울 서초구,34.72,5,42-13,1,N,26.04.28,신반포로45길,00023,00000,4163459,01,11650,0,11650,개인,10600,잠원동,56500.0,2026-03-17
3544,1,한신로얄,11650-147,63,34,1992,개인,,,"295,000",9,3,2026,중개거래,서울 서초구,81.23,6,63-34,1,N,26.05.27,신반포로33길,00064,00000,4163453,01,11650,0,11650,개인,10600,잠원동,295000.0,2026-03-09
3545,,신반포중앙하이츠,11650-4896,71,9,2021,개인,,,"240,000",4,3,2026,중개거래,서울 서초구,84.66,11,71-9,1,N,26.07.01,신반포로23길,00078,00010,4163452,01,11650,0,11650,개인,10600,잠원동,240000.0,2026-03-04
3546,,두산위브,11650-531,76,2,2003,개인,,,"165,000",18,3,2026,중개거래,"경기 이천시, 서울 서초구",46.95,7,76-2,1,N,26.06.12,반포대로,00310,00000,2121003,01,11650,0,11650,개인,10600,잠원동,165000.0,2026-03-18
3547,102,신반포청구,11650-141,63,2,1998,개인,,,"282,500",27,3,2026,중개거래,서울 서초구,59.91,5,63-2,1,N,26.07.16,신반포로33길,00066,00000,4163453,01,11650,0,11650,개인,10600,잠원동,282500.0,2026-03-27
3548,,반포자이,11650-3500,20,43,2009,개인,,,"474,000",21,3,2026,중개거래,서울 서초구,84.998,13,20-43,1,N,,신반포로,00270,00000,3121017,02,11650,0,11650,개인,10700,반포동,474000.0,2026-03-21
3549,306,서초포레스타3단지,11650-4040,568,0,2014,개인,,,"218,000",20,3,2026,중개거래,"서울 서초구, 서울 은평구",114.81,19,568,1,N,26.07.08,헌릉로8길,00022,00000,4163749,01,11650,0,11650,개인,11100,신원동,218000.0,2026-03-20
3550,래미안 서초유니빌,래미안서초유니빌,11650-518,1445,4,2003,개인,,,"46,000",14,3,2026,중개거래,서울 서초구,43.625,9,1445-4,1,N,26.05.07,서초중앙로,00026,00000,3121024,03,11650,0,11650,개인,10800,서초동,46000.0,2026-03-14
3551,잠원동 대우아이빌 2동,대우아이빌,11650-101,42,13,2001,개인,,,"63,000",21,3,2026,중개거래,경기 성남시 분당구,28.87,11,42-13,1,N,26.05.20,신반포로45길,00023,00000,4163459,01,11650,0,11650,개인,10600,잠원동,63000.0,2026-03-21
3552,,두진한아름,11650-14,1609,6,1995,개인,,,"117,000",21,3,2026,중개거래,서울 서초구,59.97,5,1609-6,1,N,26.07.03,효령로67길,00052,00000,4163653,01,11650,0,11650,개인,10800,서초동,117000.0,2026-03-21
3553,서초 노빌리에,서초노빌리에,11650-3320,1566,19,2006,개인,,,"124,000",20,3,2026,중개거래,서울 서초구,81.36,1,1566-19,1,N,26.05.15,서초대로46길,00096,00000,4163410,01,11650,0,11650,개인,10800,서초동,124000.0,2026-03-20
3554,1,삼환바우스,11650-3331,1677,11,2006,개인,,,"150,000",20,3,2026,중개거래,서울 서초구,84.98,8,1677-11,1,N,26.06.29,서초대로,00340,00000,2121002,02,11650,0,11650,개인,10800,서초동,150000.0,2026-03-20
3555,,신영체르니,11650-461,90,0,2002,개인,,,"50,000",1,3,2026,중개거래,서울 서초구,32.08,3,90,1,N,26.04.30,논현로27길,00057,00000,4163097,01,11650,0,11650,개인,10200,양재동,50000.0,2026-03-01
3556,,서리풀프라젠아파트,11650-4807,3281,0,2020,개인,,,"166,000",13,3,2026,중개거래,서울 서초구,78.19,3,3281,1,N,26.04.29,서초대로23길,00047,00000,4163391,00,11650,0,11650,개인,10100,방배동,166000.0,2026-03-13
3557,101,우솔마을서초리슈빌S아파트,11650-4065,764,0,2014,개인,,,"19,800",18,3,2026,중개거래,서울 서초구,21.5893,7,764,1,N,26.05.11,양재대로2길,00100,00011,4163748,01,11650,0,11650,개인,10300,우면동,19800.0,2026-03-18
3558,덕동반포빌라트 101,덕동반포빌라트,11650-830,79,1,2005,개인,,,"138,000",17,3,2026,중개거래,서울 서초구,128.18,1,79-1,1,N,26.06.30,동광로49길,00089,00000,4163135,01,11650,0,11650,개인,10700,반포동,138000.0,2026-03-17
3559,104,반포자이,11650-3500,20,43,2009,개인,,,"620,000",9,3,2026,중개거래,서울 서초구,132.439,23,20-43,1,N,26.05.29,신반포로,00270,00000,3121017,02,11650,0,11650,개인,10700,반포동,620000.0,2026-03-09
3560,1,삼성서초가든스위트,11650-31,1326,0,2000,개인,,,"445,000",17,3,2026,중개거래,서울 서초구,189.81,9,1326,1,N,26.05.28,서운로,00122,00000,3121016,01,11650,0,11650,개인,10800,서초동,445000.0,2026-03-17
3561,102,서초벽산블루밍,11650-3301,1347,20,2006,개인,,,"195,000",14,3,2026,중개거래,서울 서초구,84.39,6,1347-20,1,N,26.04.10,효령로74길,00056,00000,4163658,01,11650,0,11650,개인,10800,서초동,195000.0,2026-03-14
3562,11,삼호3,11650-311,759,3,1976,개인,,,"240,000",16,3,2026,중개거래,인천 미추홀구,181.6,9,759-3,1,N,26.03.19,방배로45길,00027,00000,4163278,01,11650,0,11650,개인,10100,방배동,240000.0,2026-03-16
3563,,킴스빌리지,11650-142,71,12,1996,개인,,,"160,000",4,3,2026,중개거래,서울 서초구,34.23,8,71-12,1,N,,잠원로3길,00006,00000,4163527,01,11650,0,11650,개인,10600,잠원동,160000.0,2026-03-04
3564,101,반포자이,11650-3500,20,43,2009,개인,,,"510,000",9,3,2026,중개거래,서울 서초구,84.943,8,20-43,1,N,26.05.08,신반포로,00270,00000,3121017,02,11650,0,11650,개인,10700,반포동,510000.0,2026-03-09
3565,,대림서초리시온,11650-605,1671,5,2003,개인,,,"56,200",4,3,2026,중개거래,서울 서초구,49.92,5,1671-5,1,N,26.03.19,서초중앙로22길,00025,00000,4163707,01,11650,0,11650,개인,10800,서초동,56200.0,2026-03-04
3566,502,호반써밋서초파크뷰(토지임대부아파트),11650-3976,789,0,2013,개인,,,"156,000",5,3,2026,중개거래,서울 서초구,84.95,18,789,1,Y,26.04.09,양재대로2길,00011,00000,4163748,01,11650,0,11650,개인,10300,우면동,156000.0,2026-03-05
3567,101,래미안방배아트힐(1008-2),11650-658,1008,2,2004,개인,,,"239,500",7,3,2026,중개거래,서울 서초구,114.09,20,1008-2,1,N,26.06.29,남부순환로,02311,00012,2000003,01,11650,0,11650,개인,10100,방배동,239500.0,2026-03-07
3568,101,서초4현대,11650-30,1684,0,2000,개인,,,"160,000",15,3,2026,중개거래,서울 서초구,52.36,8,1684,1,N,26.06.26,고무래로,00094,00000,3121001,02,11650,0,11650,개인,10800,서초동,160000.0,2026-03-15
3569,106,신반포자이,11650-4675,160,0,2018,개인,,,"398,000",12,3,2026,중개거래,"서울 강남구, 서울 서초구",59.93,14,160,1,N,26.04.27,잠원로,00060,00000,3121019,01,11650,0,11650,개인,10600,잠원동,398000.0,2026-03-12
3570,,금정노블,11650-253,81,8,2002,개인,,,"152,300",14,3,2026,중개거래,서울 서초구,99.66,3,81-8,1,N,26.06.30,서래로2길,00054,00006,4163359,01,11650,0,11650,개인,10700,반포동,152300.0,2026-03-14
3571,,힐스테이트서초젠트리스,11650-4103,557,0,2014,개인,26.06.25,O,"230,000",5,3,2026,중개거래,서울 서초구,101.9,6,557,1,N,,헌릉로8길,00010,00012,4163749,01,11650,0,11650,개인,11100,신원동,230000.0,2026-03-05
3572,한라비발디스튜디오193,한라비발디스튜디오193,11650-3926,1363,25,2013,개인,,,"24,800",4,3,2026,중개거래,"서울 강남구, 서울 서초구",19.99,11,1363-25,1,N,26.03.23,강남대로39길,00015,00010,4163018,01,11650,0,11650,개인,10800,서초동,24800.0,2026-03-04
3573,,한신트리플,11650-590,816,1,2004,개인,,,"43,500",10,3,2026,중개거래,서울 서초구,39.31,10,816-1,1,N,26.04.01,방배로33길,00029,00000,4163268,01,11650,0,11650,개인,10100,방배동,43500.0,2026-03-10
3574,108,서초래미안,11650-523,1682,0,2003,개인,,,"342,000",6,3,2026,중개거래,"서울 강남구, 서울 서초구",111.32,25,1682,1,N,26.04.24,서초대로65길,00013,00010,4163425,01,11650,0,11650,개인,10800,서초동,342000.0,2026-03-06
3575,11,방배임광3차,11650-342,1010,1,1988,개인,,,"150,000",11,3,2026,중개거래,서울 서초구,51.84,2,1010-1,1,N,26.05.29,방배로2길,00024,00006,4163264,01,11650,0,11650,개인,10100,방배동,150000.0,2026-03-11
3576,102,서초현대,11650-46,1648,2,1999,개인,,,"174,750",11,3,2026,중개거래,서울 서초구,54.45,14,1648-2,1,N,26.04.24,사임당로19길,00010,00000,4163315,01,11650,0,11650,개인,10800,서초동,174750.0,2026-03-11
3577,,리시본하우스,11650-4810,15,11,2020,개인,,,"92,500",17,3,2026,중개거래,서울 강남구,59.455,3,15-11,1,N,26.05.04,남부순환로356길,00088,00000,4163088,00,11650,0,11650,개인,10200,양재동,92500.0,2026-03-17
3578,101,서초자이,11650-3272,1444,7,2006,개인,,,"265,000",9,3,2026,중개거래,서울 서초구,133.47,3,1444-7,1,N,26.05.27,효령로68길,00081,00000,4163654,01,11650,0,11650,개인,10800,서초동,265000.0,2026-03-09
3579,1,아남,11650-54,1641,13,1989,개인,,,"207,000",7,3,2026,중개거래,서울 서초구,71.1,13,1641-13,1,N,26.05.20,사임당로23길,00053,00000,4163318,01,11650,0,11650,개인,10800,서초동,207000.0,2026-03-07
3580,107,래미안퍼스티지,11650-3559,18,1,2009,개인,,,"550,000",7,3,2026,중개거래,서울 서초구,84.93,21,18-1,1,N,26.03.30,반포대로,00275,00000,2121003,02,11650,0,11650,개인,10700,반포동,550000.0,2026-03-07
3581,,서초대우아이빌,11650-606,1675,11,2003,개인,,,"77,800",8,3,2026,중개거래,서울 서초구,65.088,5,1675-11,1,N,,서초대로58길,00010,00000,4163421,01,11650,0,11650,개인,10800,서초동,77800.0,2026-03-08
3582,브라운스톤잠원,브라운스톤잠원,11650-530,67,2,2003,개인,,,"316,000",9,3,2026,중개거래,서울 서초구,84.94,5,67-2,1,N,26.05.29,잠원로,00046,00038,3121019,01,11650,0,11650,개인,10600,잠원동,316000.0,2026-03-09
3583,,대림서초리시온,11650-605,1671,5,2003,개인,,,"52,000",5,3,2026,중개거래,서울 서초구,49.92,6,1671-5,1,N,26.04.08,서초중앙로22길,00025,00000,4163707,01,11650,0,11650,개인,10800,서초동,52000.0,2026-03-05
3584,잠원동 대우아이빌 3동,대우아이빌,11650-101,42,13,2001,개인,,,"69,000",6,3,2026,중개거래,서울 서초구,35.38,6,42-13,1,N,26.04.30,신반포로45길,00023,00000,4163459,01,11650,0,11650,개인,10600,잠원동,69000.0,2026-03-06
3585,102,서초동롯데캐슬리버티,11650-833,1620,20,2005,개인,,,"182,000",5,3,2026,직거래,,116.72,7,1620-20,1,N,26.03.25,사임당로10길,00039,00000,4163309,01,11650,0,11650,개인,10800,서초동,182000.0,2026-03-05
3586,,서초훼미리하우스,11650-4570,917,4,2017,개인,,,"120,000",6,3,2026,중개거래,서울 서초구,59.49,8,917-4,1,N,26.05.11,효령로,00089,00000,3121021,01,11650,0,11650,개인,10100,방배동,120000.0,2026-03-06
3587,,대림서초리시온,11650-605,1671,5,2003,개인,26.03.17,O,"56,200",4,3,2026,중개거래,서울 서초구,49.92,5,1671-5,1,N,,서초중앙로22길,00025,00000,4163707,01,11650,0,11650,개인,10800,서초동,56200.0,2026-03-04
3588,101,킴스빌리지,11650-142,71,12,1996,개인,,,"118,000",4,3,2026,중개거래,서울 서초구,23.7,4,71-12,1,N,26.04.20,잠원로3길,00006,00000,4163527,01,11650,0,11650,개인,10600,잠원동,118000.0,2026-03-04
3589,209,신반포4,11650-125,70,0,1979,개인,,,"648,000",7,3,2026,중개거래,서울 서초구,155.0,3,70,1,N,26.03.16,잠원로,00037,00048,3121019,01,11650,0,11650,개인,10600,잠원동,648000.0,2026-03-07
3590,103,더샵서초,11650-3284,1445,14,2006,개인,,,"64,000",2,3,2026,중개거래,서울 서초구,33.06,31,1445-14,1,N,26.04.30,서초중앙로2길,00021,00000,4163718,01,11650,0,11650,개인,10800,서초동,64000.0,2026-03-02
3591,502,반포미도2차아파트,11650-173,60,5,1989,개인,,,"321,000",5,3,2026,중개거래,서울 서초구,71.49,9,60-5,1,N,26.06.26,사평대로,00240,00000,2121001,02,11650,0,11650,개인,10700,반포동,321000.0,2026-03-05
3592,103,대림e-편한세상1,11650-511,884,21,2003,개인,,,"270,000",3,3,2026,중개거래,서울 서초구,164.25,9,884-21,1,N,26.06.02,서초대로34길,00034,00000,4163403,01,11650,0,11650,개인,10100,방배동,270000.0,2026-03-03
3593,,덕동반포빌라트,11650-830,79,1,2005,개인,,,"180,000",7,3,2026,중개거래,서울 서초구,113.31,5,79-1,1,N,,동광로49길,00089,00000,4163135,01,11650,0,11650,개인,10700,반포동,180000.0,2026-03-07
3594,202,래미안서초에스티지S,11650-4622,1754,0,2018,개인,,,"361,500",2,3,2026,중개거래,서울 서초구,84.8,8,1754,1,N,26.05.27,서운로,00104,00000,3121016,01,11650,0,11650,개인,10800,서초동,361500.0,2026-03-02
3595,101,월드메르디앙,11650-135,33,11,2002,개인,,,"214,000",2,3,2026,중개거래,서울 서초구,84.78,12,33-11,1,N,26.04.27,신반포로45길,00071,00000,4163459,01,11650,0,11650,개인,10600,잠원동,214000.0,2026-03-02
3596,,대림서초리시온,11650-605,1671,5,2003,개인,,,"40,000",14,3,2026,중개거래,서울 서초구,33.54,11,1671-5,1,N,26.03.25,서초중앙로22길,00025,00000,4163707,01,11650,0,11650,개인,10800,서초동,40000.0,2026-03-14
3597,101,래미안원베일리,11650-5126,1,0,2023,개인,,,"640,000",22,4,2026,중개거래,서울 서초구,84.97,21,1,1,N,26.07.30,반포대로,00333,00000,2121003,00,11650,,11650,개인,10700,반포동,640000.0,2026-04-22
3598,101,방배래미안타워,11650-759,485,3,2005,개인,,,"223,000",11,4,2026,중개거래,서울 서초구,103.34,4,485-3,1,N,26.07.29,남부순환로,02183,00000,2000003,01,11650,0,11650,개인,10100,방배동,223000.0,2026-04-11
3599,101,킴스빌리지,11650-142,71,12,1996,개인,,,"150,000",18,4,2026,중개거래,서울 서초구,30.9,4,71-12,1,N,26.06.29,잠원로3길,00006,00000,4163527,01,11650,0,11650,개인,10600,잠원동,150000.0,2026-04-18
3600,102,동아,11650-102,157,0,2002,개인,,,"292,000",14,4,2026,중개거래,서울 서초구,59.8,4,157,1,N,26.08.12,신반포로33길,00015,00000,4163453,01,11650,0,11650,개인,10600,잠원동,292000.0,2026-04-14
3601,,서초이오빌,11650-521,1593,7,2003,개인,,,"38,500",30,4,2026,중개거래,서울 서초구,45.96,15,1593-7,1,N,26.08.31,효령로53길,00045,00000,4163646,01,11650,0,11650,개인,10800,서초동,38500.0,2026-04-30
3602,107동,서초그랑자이,11650-4969,1757,0,2021,개인,,,"465,000",29,4,2026,중개거래,서울 서초구,119.41,5,1757,1,N,26.07.07,효령로,00391,00000,3121021,00,11650,,11650,개인,10800,서초동,465000.0,2026-04-29
3603,124,래미안퍼스티지,11650-3559,18,1,2009,개인,,,"781,000",29,4,2026,중개거래,서울 서초구,198.04,7,18-1,1,N,26.08.24,반포대로,00275,00000,2121003,02,11650,0,11650,개인,10700,반포동,781000.0,2026-04-29
3604,102,디에이치반포라클라스,11650-4959,1343,0,2021,개인,,,"358,000",28,4,2026,중개거래,서울 서초구,59.9897,26,1343,1,N,26.07.02,서초중앙로,00206,00000,3121024,00,11650,,11650,개인,10700,반포동,358000.0,2026-04-28
3605,선데일,선데일,11650-3313,612,115,2006,개인,,,"320,000",25,4,2026,중개거래,서울 서초구,255.4,5,612-115,1,N,26.05.29,동광로27길,00067,00000,4163122,02,11650,0,11650,개인,10700,반포동,320000.0,2026-04-25
3606,108,반포리체,11650-3617,30,26,2010,개인,,,"400,000",27,4,2026,중개거래,서울 서초구,84.967,27,30-26,1,N,26.07.30,고무래로,00035,00000,3121001,01,11650,0,11650,개인,10700,반포동,400000.0,2026-04-27
3607,,방배대우디오빌,11650-3191,866,20,2005,개인,,,"29,000",30,4,2026,중개거래,서울 서초구,29.6,16,866-20,1,N,26.07.24,서초대로,00017,00000,2121002,01,11650,0,11650,개인,10100,방배동,29000.0,2026-04-30
3608,104,롯데캐슬헤론,11650-3317,754,1,2006,개인,,,"215,000",25,4,2026,중개거래,서울 서초구,95.66,8,754-1,1,N,26.08.14,동광로1길,00112,00000,4163119,01,11650,0,11650,개인,10100,방배동,215000.0,2026-04-25
3609,324,신반포12,11650-110,50,5,1982,개인,,,"380,000",29,4,2026,중개거래,서울 서초구,105.36,4,50-5,1,N,26.06.25,잠원로14길,00041,00000,4163526,01,11650,0,11650,개인,10600,잠원동,380000.0,2026-04-29
3610,101동,서초그랑자이,11650-4969,1757,0,2021,개인,,,"385,000",30,4,2026,중개거래,서울 서초구,84.51,17,1757,1,N,26.07.13,효령로,00391,00000,3121021,00,11650,,11650,개인,10800,서초동,385000.0,2026-04-30
3611,(980-50),신구,11650-319,980,48,1992,개인,,,"160,000",28,4,2026,중개거래,서울 서초구,132.19,9,980-48,1,N,26.07.13,효령로,00069,00000,3121021,01,11650,0,11650,개인,10100,방배동,160000.0,2026-04-28
3612,13,삼풍아파트,11650-28,1685,0,1988,개인,,,"425,000",28,4,2026,중개거래,서울 서초구,130.73,7,1685,1,N,26.07.31,서초중앙로,00200,00000,3121024,03,11650,0,11650,개인,10800,서초동,425000.0,2026-04-28
3613,102,서초자이르네,11650-5012,1758,0,2022,개인,,,"215,000",30,4,2026,중개거래,서울 서초구,84.97,9,1758,1,N,26.07.10,남부순환로323길,00033,00000,4163071,01,11650,0,11650,개인,10800,서초동,215000.0,2026-04-30
3614,120,신반포16,11650-113,55,12,1983,법인,,,"187,055",24,4,2026,직거래,,52.58,2,55-12,1,N,26.05.19,잠원로,00157,00000,3121019,01,11650,0,11650,개인,10600,잠원동,187055.0,2026-04-24
3615,108동,서초그랑자이,11650-4969,1757,0,2021,개인,,,"400,000",29,4,2026,중개거래,서울 서초구,84.51,32,1757,1,N,26.05.28,효령로,00391,00000,3121021,00,11650,,11650,개인,10800,서초동,400000.0,2026-04-29
3616,,메이플자이,11650-6434,60,3,2025,개인,,,"537,000",25,4,2026,중개거래,서울 서초구,99.7128,17,60-3,1,N,,신반포로,00251,00000,3121017,00,11650,,11650,개인,10600,잠원동,537000.0,2026-04-25
3617,103,동아,11650-102,157,0,2002,개인,,,"345,000",30,4,2026,중개거래,서울 서초구,84.91,7,157,1,N,26.08.27,신반포로33길,00015,00000,4163453,01,11650,0,11650,개인,10600,잠원동,345000.0,2026-04-30
3618,103동,서초그랑자이,11650-4969,1757,0,2021,개인,,,"320,000",30,4,2026,중개거래,서울 서초구,59.98,5,1757,1,N,26.06.30,효령로,00391,00000,3121021,00,11650,,11650,개인,10800,서초동,320000.0,2026-04-30
3619,106동,래미안신반포리오센트,11650-4750,161,0,2019,개인,,,"495,000",25,4,2026,중개거래,서울 서초구,133.37,5,161,1,N,26.08.03,잠원로14길,00032,00000,4163526,00,11650,0,11650,개인,10600,잠원동,495000.0,2026-04-25
3620,,한신트리플,11650-590,816,1,2004,개인,,,"46,000",25,4,2026,중개거래,서울 서초구,43.93,8,816-1,1,N,26.07.10,방배로33길,00029,00000,4163268,01,11650,0,11650,개인,10100,방배동,46000.0,2026-04-25
3621,108,서리풀e편한세상,11650-3573,906,13,2010,개인,,,"343,000",13,4,2026,중개거래,서울 서초구,121.48,5,906-13,1,N,26.08.12,효령로33길,00050,00000,4163633,01,11650,0,11650,개인,10100,방배동,343000.0,2026-04-13
3622,101,쌍용예가클래식,11650-265,776,3,2006,개인,,,"279,000",24,4,2026,중개거래,서울 서초구,155.2314,5,776-3,1,N,26.06.26,방배로37길,00026,00009,4163272,01,11650,0,11650,개인,10100,방배동,279000.0,2026-04-24
3623,101,한신타워,11650-150,71,11,1996,개인,,,"255,000",29,4,2026,중개거래,서울 서초구,59.81,12,71-11,1,N,26.08.28,잠원로3길,00008,00000,4163527,01,11650,0,11650,개인,10600,잠원동,255000.0,2026-04-29
3624,102동,동일하이빌,11650-3339,1542,1,2006,개인,,,"162,000",25,4,2026,중개거래,서울 서초구,84.98,11,1542-1,1,N,26.07.13,서초대로,00240,00000,2121002,02,11650,0,11650,개인,10800,서초동,162000.0,2026-04-25
3625,104,방배3차e-편한세상,11650-3281,797,30,2006,개인,,,"500,000",21,4,2026,중개거래,서울 서초구,244.8796,8,797-30,1,N,26.06.30,동광로,00089,00005,3121004,01,11650,0,11650,개인,10100,방배동,500000.0,2026-04-21
3626,105,서초푸르지오써밋,11650-4550,1311,10,2017,개인,,,"345,000",30,4,2026,중개거래,서울 서초구,84.93,4,1311-10,1,N,26.08.21,서운로,00201,00000,3121016,01,11650,0,11650,개인,10800,서초동,345000.0,2026-04-30
3627,3,임광,11650-341,1015,0,1985,개인,,,"270,000",27,4,2026,중개거래,서울 강남구,136.38,4,1015,1,N,26.08.20,방배로,00014,00000,3121010,01,11650,0,11650,개인,10100,방배동,270000.0,2026-04-27
3628,102,대림e-편한세상1,11650-511,884,21,2003,개인,,,"278,000",21,4,2026,중개거래,서울 서초구,164.25,8,884-21,1,N,26.07.31,서초대로34길,00034,00000,4163403,01,11650,0,11650,개인,10100,방배동,278000.0,2026-04-21
3629,102,대림,11650-479,57,0,1995,개인,,,"186,000",22,4,2026,중개거래,서울 서초구,130.89,2,57,1,N,26.08.03,바우뫼로7길,00051,00000,4163219,01,11650,0,11650,개인,10300,우면동,186000.0,2026-04-22
3630,108,서초래미안,11650-523,1682,0,2003,개인,,,"332,000",22,4,2026,중개거래,"경기 과천시, 서울 서초구",111.32,15,1682,1,N,26.08.21,서초대로65길,00013,00010,4163425,01,11650,0,11650,개인,10800,서초동,332000.0,2026-04-22
3631,113,롯데캐슬클래식,11650-3300,1312,3,2006,개인,,,"348,000",25,4,2026,중개거래,서울 서초구,120.18,17,1312-3,1,N,26.08.27,서운로,00200,00000,3121016,01,11650,0,11650,개인,10800,서초동,348000.0,2026-04-25
3632,331,신반포19,11650-116,61,2,1982,개인,,,"350,000",15,4,2026,중개거래,서울 서초구,107.93,6,61-2,1,N,26.08.10,잠원로8길,00020,00000,4163529,01,11650,0,11650,개인,10600,잠원동,350000.0,2026-04-15
3633,풍림아이원플러스,풍림아이원플러스,11650-701,1338,1,2004,개인,,,"34,500",27,4,2026,중개거래,서울 강남구,34.4237,8,1338-1,1,N,26.06.17,효령로77길,00014,00000,4163659,01,11650,0,11650,개인,10800,서초동,34500.0,2026-04-27
3634,122,반포자이,11650-3500,20,43,2009,개인,,,"640,000",25,4,2026,중개거래,서울 서초구,165.052,6,20-43,1,N,26.08.19,신반포로,00270,00000,3121017,02,11650,0,11650,개인,10700,반포동,640000.0,2026-04-25
3635,105,반포리체,11650-3617,30,26,2010,개인,,,"430,000",17,4,2026,중개거래,서울 서초구,106.148,30,30-26,1,N,26.06.05,고무래로,00035,00000,3121001,01,11650,0,11650,개인,10700,반포동,430000.0,2026-04-17
3636,113,래미안원베일리,11650-5126,1,0,2023,개인,,,"563,000",30,4,2026,중개거래,서울 서초구,84.98,19,1,1,N,26.05.28,반포대로,00333,00000,2121003,00,11650,,11650,개인,10700,반포동,563000.0,2026-04-30
3637,101동,아크로리버뷰신반포,11650-4676,159,0,2018,개인,,,"600,000",22,4,2026,중개거래,서울 서초구,84.79,20,159,1,N,26.08.03,잠원로,00117,00000,3121019,00,11650,0,11650,개인,10600,잠원동,600000.0,2026-04-22
3638,105,래미안퍼스티지,11650-3559,18,1,2009,개인,,,"420,000",23,4,2026,중개거래,서울 서초구,59.96,4,18-1,1,N,26.05.28,반포대로,00275,00000,2121003,02,11650,0,11650,개인,10700,반포동,420000.0,2026-04-23
3639,120,래미안퍼스티지,11650-3559,18,1,2009,개인,,,"490,000",29,4,2026,중개거래,서울 서초구,84.93,22,18-1,1,N,26.05.29,반포대로,00275,00000,2121003,02,11650,0,11650,개인,10700,반포동,490000.0,2026-04-29
3640,,메이플자이,11650-6434,60,3,2025,개인,,,"505,000",20,4,2026,중개거래,서울 서초구,84.8456,25,60-3,1,N,,신반포로,00251,00000,3121017,00,11650,,11650,개인,10600,잠원동,505000.0,2026-04-20
3641,,두산위브(1362),11650-3250,1362,0,2005,개인,,,"95,000",30,4,2026,중개거래,"서울 강남구, 서울 서초구",57.15,8,1362,1,N,26.06.08,강남대로39길,00005,00000,4163018,01,11650,0,11650,개인,10800,서초동,95000.0,2026-04-30
3642,B,성지라빌레뜨B,11650-828,845,14,2005,개인,,,"380,000",15,4,2026,중개거래,서울 서초구,244.72,1,845-14,1,N,26.05.27,방배로30길,00083,00000,4163265,01,11650,0,11650,개인,10100,방배동,380000.0,2026-04-15
3643,,양재파크뷰,11650-478,8,37,2002,개인,,,"117,000",24,4,2026,중개거래,서울 서초구,84.99,3,8-37,1,N,26.07.10,바우뫼로39길,00088,00003,4163214,01,11650,0,11650,개인,10200,양재동,117000.0,2026-04-24
3644,,방배동동양파라곤,11650-654,992,8,2004,개인,,,"285,000",23,4,2026,중개거래,서울 서초구,198.42,10,992-8,1,N,26.07.28,남부순환로309길,00067,00000,4163067,01,11650,0,11650,개인,10100,방배동,285000.0,2026-04-23
3645,101,현대동궁아파트,11650-236,64,5,1991,개인,,,"280,000",30,4,2026,중개거래,서울 서초구,70.38,10,64-5,1,N,26.08.25,사평대로,00154,00000,2121001,02,11650,0,11650,개인,10700,반포동,280000.0,2026-04-30
3646,102,롯데캐슬클래식,11650-3300,1312,3,2006,개인,,,"320,000",17,4,2026,중개거래,"서울 강남구, 서울 서초구",84.98,6,1312-3,1,N,26.06.05,서운로,00197,00000,3121016,00,11650,,11650,개인,10800,서초동,320000.0,2026-04-17
3647,101,신반포자이,11650-4675,160,0,2018,개인,,,"529,000",25,4,2026,중개거래,서울 서초구,114.94,12,160,1,N,26.05.29,잠원로,00060,00000,3121019,01,11650,0,11650,개인,10600,잠원동,529000.0,2026-04-25
3648,1,임광,11650-341,1015,0,1985,개인,,,"245,500",20,4,2026,중개거래,서울 서초구,84.78,4,1015,1,N,26.08.14,방배로,00014,00000,3121010,01,11650,0,11650,개인,10100,방배동,245500.0,2026-04-20
3649,325,신반포12,11650-110,50,5,1982,개인,,,"375,000",25,4,2026,중개거래,서울 서초구,75.79,12,50-5,1,N,26.07.08,잠원로14길,00041,00000,4163526,01,11650,0,11650,개인,10600,잠원동,375000.0,2026-04-25
3650,101,방배그랑자이,11650-4970,3283,0,2021,개인,,,"314,000",30,4,2026,중개거래,서울 서초구,84.972,18,3283,1,N,26.07.13,방배로,00021,00000,3121010,00,11650,0,11650,개인,10100,방배동,314000.0,2026-04-30
3651,105,동아,11650-102,157,0,2002,개인,,,"380,000",21,4,2026,중개거래,서울 서초구,84.91,17,157,1,N,26.07.31,신반포로33길,00015,00000,4163453,01,11650,0,11650,개인,10600,잠원동,380000.0,2026-04-21
3652,116,래미안퍼스티지,11650-3559,18,1,2009,개인,,,"500,000",11,4,2026,중개거래,서울 서초구,84.93,18,18-1,1,N,26.06.30,반포대로,00275,00000,2121003,02,11650,0,11650,개인,10700,반포동,500000.0,2026-04-11
3653,5,삼풍아파트,11650-28,1685,0,1988,개인,,,"320,000",14,4,2026,중개거래,서울 서초구,79.47,11,1685,1,N,26.07.24,서초중앙로,00200,00000,3121024,03,11650,0,11650,개인,10800,서초동,320000.0,2026-04-14
3654,114,래미안원베일리,11650-5126,1,0,2023,개인,,,"700,000",18,4,2026,중개거래,서울 서초구,101.94,12,1,1,N,26.07.30,반포대로,00333,00000,2121003,00,11650,,11650,개인,10700,반포동,700000.0,2026-04-18
3655,102,유원서초,11650-62,1687,0,1993,개인,,,"260,000",16,4,2026,중개거래,서울 서초구,84.82,7,1687,1,N,26.09.09,서초중앙로24길,00043,00000,4163710,01,11650,0,11650,개인,10800,서초동,260000.0,2026-04-16
3656,106,반포센트럴자이,11650-4805,162,0,2020,개인,,,"480,000",13,4,2026,중개거래,서울 서초구,98.99,2,162,1,N,26.05.28,반포대로,00310,00006,2121003,01,11650,0,11650,개인,10600,잠원동,480000.0,2026-04-13
3657,110동,래미안 리더스원,11650-4887,1755,0,2020,개인,,,"310,000",8,4,2026,중개거래,서울 서초구,59.96,17,1755,1,N,26.07.02,서운로,00062,00000,3121016,00,11650,,11650,개인,10800,서초동,310000.0,2026-04-08
3658,3,삼풍아파트,11650-28,1685,0,1988,개인,,,"330,000",21,4,2026,중개거래,서울 서초구,79.47,10,1685,1,N,26.06.16,서초중앙로,00200,00000,3121024,03,11650,0,11650,개인,10800,서초동,330000.0,2026-04-21
3659,102동,래미안신반포팰리스,11650-4439,158,0,2016,개인,,,"444,500",20,4,2026,중개거래,서울 서초구,104.04,20,158,1,N,26.05.26,잠원로8길,00035,00000,4163529,00,11650,0,11650,개인,10600,잠원동,444500.0,2026-04-20
3660,202,서초푸르지오써밋,11650-4550,1311,10,2017,개인,,,"350,000",20,4,2026,중개거래,"서울 강남구, 서울 서초구",84.93,12,1311-10,1,N,26.05.28,서운로,00212,00000,3121016,01,11650,0,11650,개인,10800,서초동,350000.0,2026-04-20
3661,102,서초극동스타클래스,11650-602,1616,10,2003,개인,,,"196,000",28,4,2026,중개거래,서울 서초구,110.72,1,1616-10,1,N,26.08.20,서리풀4길,00043,00000,4163368,01,11650,0,11650,개인,10800,서초동,196000.0,2026-04-28
3662,501,서초포레스타5단지,11650-4026,579,0,2014,개인,,,"198,000",25,4,2026,중개거래,"서울 강남구, 서울 서초구",84.41,2,579,1,N,26.08.05,청계산로7길,00043,00000,4163750,01,11650,0,11650,개인,11100,신원동,198000.0,2026-04-25
3663,105동,반포써밋,11650-4703,1342,0,2018,개인,,,"320,000",23,4,2026,중개거래,서울 서초구,59.3264,27,1342,1,N,26.08.11,고무래로,00089,00000,3121001,00,11650,0,11650,개인,10700,반포동,320000.0,2026-04-23
3664,104,방배3차e-편한세상,11650-3281,797,30,2006,개인,,,"430,000",9,4,2026,중개거래,서울 서초구,244.8796,6,797-30,1,N,26.07.28,동광로,00089,00005,3121004,01,11650,0,11650,개인,10100,방배동,430000.0,2026-04-09
3665,서초쌍용플래티넘,서초쌍용플래티넘,11650-3276,1445,13,2006,개인,,,"92,700",27,4,2026,중개거래,서울 서초구,68.21,20,1445-13,1,N,26.08.14,서초중앙로,00018,00000,3121024,03,11650,0,11650,개인,10800,서초동,92700.0,2026-04-27
3666,2,한신로얄,11650-147,63,34,1992,개인,,,"285,000",20,4,2026,중개거래,서울 서초구,81.05,10,63-34,1,N,26.07.01,신반포로33길,00064,00000,4163453,01,11650,0,11650,개인,10600,잠원동,285000.0,2026-04-20
3667,102,한신타워,11650-150,71,11,1996,개인,,,"216,000",24,4,2026,직거래,,59.81,11,71-11,1,N,26.05.07,잠원로3길,00008,00000,4163527,01,11650,0,11650,개인,10600,잠원동,216000.0,2026-04-24
3668,,서리풀프라젠아파트,11650-4807,3281,0,2020,개인,,,"170,000",18,4,2026,중개거래,서울 서초구,78.19,5,3281,1,N,26.07.27,서초대로23길,00047,00000,4163391,00,11650,0,11650,개인,10100,방배동,170000.0,2026-04-18
3669,,서초센트럴IPARK,11650-4827,1582,3,2020,개인,,,"218,000",30,4,2026,중개거래,"서울 서초구, 서울 영등포구",80.5332,19,1582-3,1,N,,반포대로18길,00036,00000,4163228,00,11650,0,11650,개인,10800,서초동,218000.0,2026-04-30
3670,106동,래미안 리더스원,11650-4887,1755,0,2020,개인,,,"309,000",29,4,2026,중개거래,서울 서초구,59.97,14,1755,1,N,26.06.30,서운로,00062,00000,3121016,00,11650,,11650,개인,10800,서초동,309000.0,2026-04-29
3671,104,래미안퍼스티지,11650-3559,18,1,2009,개인,,,"400,000",25,4,2026,중개거래,서울 서초구,59.89,24,18-1,1,N,26.07.03,반포대로,00275,00000,2121003,02,11650,0,11650,개인,10700,반포동,400000.0,2026-04-25
3672,103,반포푸르지오,11650-176,10,0,2000,개인,,,"301,000",23,4,2026,중개거래,서울 서초구,84.82,8,10,1,N,26.08.31,신반포로15길,00004,00000,4163450,01,11650,0,11650,개인,10700,반포동,301000.0,2026-04-23
3673,4,강변,11650-97,53,15,1987,개인,,,"270,000",18,4,2026,중개거래,서울 서초구,66.29,15,53-15,1,N,26.05.29,잠원로,00166,00017,3121019,01,11650,0,11650,개인,10600,잠원동,270000.0,2026-04-18
3674,,방배대우유로카운티,11650-399,847,34,2002,개인,,,"400,000",8,4,2026,중개거래,서울 서초구,216.15,6,847-34,1,N,26.05.22,방배로28길,00090,00000,4163263,01,11650,0,11650,개인,10100,방배동,400000.0,2026-04-08
3675,102,유원서초,11650-62,1687,0,1993,개인,,,"248,000",11,4,2026,중개거래,서울 서초구,84.82,9,1687,1,N,26.06.30,서초중앙로24길,00043,00000,4163710,01,11650,0,11650,개인,10800,서초동,248000.0,2026-04-11
3676,102동,방배중앙센트레빌,11650-4909,3282,0,2021,개인,,,"125,000",25,4,2026,직거래,,59.873,4,3282,1,N,26.05.04,방배중앙로,00158,00000,3121011,01,11650,0,11650,개인,10100,방배동,125000.0,2026-04-25
3677,110동,래미안 리더스원,11650-4887,1755,0,2020,개인,,,"292,000",20,4,2026,중개거래,서울 서초구,59.96,25,1755,1,N,26.07.20,서운로,00062,00000,3121016,00,11650,,11650,개인,10800,서초동,292000.0,2026-04-20
3678,101,현대멤피스,11650-373,772,13,2001,개인,,,"285,000",30,4,2026,중개거래,서울 서초구,159.47,8,772-13,1,N,26.08.28,방배로,00239,00000,3121010,01,11650,0,11650,개인,10100,방배동,285000.0,2026-04-30
3679,6차,상지리츠빌(6),11650-713,1491,31,2004,개인,,,"205,000",20,4,2026,직거래,,143.78,2,1491-31,1,N,26.06.30,명달로13길,00021,00000,4163182,01,11650,0,11650,개인,10800,서초동,205000.0,2026-04-20
3680,잠원동 대우아이빌 2동,대우아이빌,11650-101,42,13,2001,개인,,,"64,000",28,4,2026,중개거래,서울 서초구,34.72,3,42-13,1,N,26.06.22,신반포로45길,00023,00000,4163459,01,11650,0,11650,개인,10600,잠원동,64000.0,2026-04-28
3681,,비버리캐슬,11650-4822,1486,17,2020,개인,,,"104,500",30,4,2026,중개거래,서울 서초구,52.33,7,1486-17,1,N,26.06.25,반포대로9길,00070,00000,4163248,00,11650,0,11650,개인,10800,서초동,104500.0,2026-04-30
3682,101,디에이치반포라클라스,11650-4959,1343,0,2021,개인,,,"341,000",22,4,2026,중개거래,서울 서초구,59.9928,11,1343,1,N,26.08.10,서초중앙로,00206,00000,3121024,00,11650,,11650,개인,10700,반포동,341000.0,2026-04-22
3683,디오슈페리움2,디오수페리움2,11650-3311,3001,1,2006,개인,,,"74,500",25,4,2026,중개거래,서울 서초구,45.34,5,3001-1,1,N,26.06.24,동작대로,00108,00000,2005009,01,11650,0,11650,개인,10100,방배동,74500.0,2026-04-25
3684,105,반포힐스테이트,11650-3687,16,6,2012,개인,,,"355,000",25,4,2026,중개거래,서울 서초구,59.7,5,16-6,1,N,26.08.21,신반포로16길,00015,00020,4163754,01,11650,0,11650,개인,10700,반포동,355000.0,2026-04-25
3685,109,래미안방배아트힐(1008-2),11650-658,1008,2,2004,개인,,,"195,000",28,4,2026,중개거래,서울 송파구,127.61,12,1008-2,1,N,26.05.06,남부순환로,02311,00012,2000003,01,11650,0,11650,개인,10100,방배동,195000.0,2026-04-28
3686,107,서초래미안,11650-523,1682,0,2003,개인,,,"330,000",22,4,2026,중개거래,서울 서초구,126.31,23,1682,1,N,26.08.19,서초대로65길,00013,00010,4163425,01,11650,0,11650,개인,10800,서초동,330000.0,2026-04-22
3687,풍림아이원플러스,풍림아이원플러스,11650-701,1338,1,2004,개인,,,"28,400",28,4,2026,중개거래,서울 서초구,28.666,15,1338-1,1,N,26.05.29,효령로77길,00014,00000,4163659,01,11650,0,11650,개인,10800,서초동,28400.0,2026-04-28
3688,110동,래미안 리더스원,11650-4887,1755,0,2020,개인,,,"307,000",27,4,2026,중개거래,서울 서초구,59.97,20,1755,1,N,26.09.07,서운로,00062,00000,3121016,00,11650,,11650,개인,10800,서초동,307000.0,2026-04-27
3689,109,신반포2,11650-117,73,0,1978,개인,,,"502,000",24,4,2026,중개거래,서울 서초구,92.2,11,73,1,N,26.07.28,신반포로23길,00041,00000,4163452,01,11650,0,11650,개인,10600,잠원동,502000.0,2026-04-24
3690,105,반포르엘,11650-5015,163,0,2022,개인,,,"560,000",29,4,2026,중개거래,서울 서초구,121.6097,15,163,1,N,26.08.13,신반포로23길,00023,00000,4163452,01,11650,0,11650,개인,10600,잠원동,560000.0,2026-04-29
3691,103,더샵서초,11650-3284,1445,14,2006,개인,,,"58,000",25,4,2026,중개거래,"서울 강남구, 서울 서초구",30.39,31,1445-14,1,N,26.07.31,서초중앙로2길,00021,00000,4163718,01,11650,0,11650,개인,10800,서초동,58000.0,2026-04-25
3692,,서초이오빌,11650-521,1593,7,2003,개인,,,"40,000",11,4,2026,중개거래,서울 서초구,43.2,14,1593-7,1,N,26.05.15,효령로53길,00045,00000,4163646,01,11650,0,11650,개인,10800,서초동,40000.0,2026-04-11
3693,,서초이오빌,11650-521,1593,7,2003,개인,,,"36,000",6,4,2026,중개거래,서울 서초구,43.2,4,1593-7,1,N,26.06.22,효령로53길,00045,00000,4163646,01,11650,0,11650,개인,10800,서초동,36000.0,2026-04-06
3694,109,우성,11650-440,154,2,1991,개인,,,"212,000",18,4,2026,중개거래,"서울 동작구, 서울 서초구",84.58,15,154-2,1,N,26.07.15,바우뫼로,00091,00000,3121009,01,11650,0,11650,개인,10200,양재동,212000.0,2026-04-18
3695,106,래미안원베일리,11650-5126,1,0,2023,개인,,,"585,000",27,4,2026,중개거래,서울 서초구,84.98,18,1,1,N,26.07.24,반포대로,00333,00000,2121003,00,11650,,11650,개인,10700,반포동,585000.0,2026-04-27
3696,,현대이에스에이아파트,11650-532,1338,0,2002,개인,,,"160,000",30,4,2026,중개거래,서울 서초구,116.04,8,1338,1,N,26.07.16,효령로77길,00020,00000,4163659,01,11650,0,11650,개인,10800,서초동,160000.0,2026-04-30
3697,,방배대우디오빌,11650-3191,866,20,2005,개인,,,"26,500",30,4,2026,중개거래,서울 서초구,28.84,14,866-20,1,N,26.06.29,서초대로,00017,00000,2121002,01,11650,0,11650,개인,10100,방배동,26500.0,2026-04-30
3698,A,방배대우멤버스카운티(809-17),11650-505,809,17,2003,개인,,,"185,000",23,4,2026,중개거래,서울 서초구,125.52,4,809-17,1,N,26.06.01,방배로34길,00020,00000,4163269,01,11650,0,11650,개인,10100,방배동,185000.0,2026-04-23
3699,,한신그린,11650-146,65,8,1993,개인,,,"280,000",13,4,2026,중개거래,서울 서초구,84.89,7,65-8,1,N,26.08.10,신반포로33길,00071,00000,4163453,01,11650,0,11650,개인,10600,잠원동,280000.0,2026-04-13
3700,345,신반포25,11650-122,61,1,1984,개인,,,"372,500",25,4,2026,중개거래,서울 서초구,84.49,13,61-1,1,N,26.07.06,잠원로,00136,00000,3121019,01,11650,0,11650,개인,10600,잠원동,372500.0,2026-04-25
3701,110동,래미안 리더스원,11650-4887,1755,0,2020,개인,,,"290,000",23,4,2026,중개거래,서울 서초구,59.97,16,1755,1,N,26.08.13,서운로,00062,00000,3121016,00,11650,,11650,개인,10800,서초동,290000.0,2026-04-23
3702,1,방배마에스트로,11650-4693,866,10,2019,개인,,,"76,000",29,4,2026,중개거래,경기 파주시,35.37,22,866-10,1,N,26.07.01,서초대로,00013,00000,2121002,01,11650,0,11650,개인,10100,방배동,76000.0,2026-04-29
3703,104,코오롱,11650-482,70,0,1994,개인,,,"156,000",27,4,2026,중개거래,"서울 강남구, 서울 서초구",52.47,1,70,1,N,26.07.14,바우뫼로,00053,00000,3121009,02,11650,0,11650,개인,10300,우면동,156000.0,2026-04-27
3704,,비욘디에,11650-394,764,0,2002,개인,,,"180,000",30,4,2026,중개거래,서울 서초구,160.03,3,764,1,N,26.06.30,사평대로6길,00044,00000,4163339,01,11650,0,11650,개인,10100,방배동,180000.0,2026-04-30
3705,,두산위브(1362),11650-3250,1362,0,2005,개인,,,"125,500",22,4,2026,중개거래,"서울 강남구, 서울 서초구",73.08,9,1362,1,N,26.08.20,강남대로39길,00005,00000,4163018,01,11650,0,11650,개인,10800,서초동,125500.0,2026-04-22
3706,,쏠레뉴,11650-534,53,2,2004,개인,,,"191,000",28,4,2026,중개거래,서울 서초구,115.92,5,53-2,1,N,26.08.05,고무래로10길,00013,00000,4163042,01,11650,0,11650,개인,10700,반포동,191000.0,2026-04-28
3707,,메이플자이,11650-6434,60,3,2025,개인,,,"501,000",29,4,2026,중개거래,"서울 강남구, 서울 서초구",84.2537,12,60-3,1,N,,신반포로,00253,00000,3121017,00,11650,,11650,개인,10600,잠원동,501000.0,2026-04-29
3708,404,호반써밋서초파크,11650-3974,788,0,2013,개인,,,"150,000",29,4,2026,중개거래,서울 강남구,51.89,15,788,1,N,26.08.18,양재대로2길,00033,00000,4163748,01,11650,0,11650,개인,10300,우면동,150000.0,2026-04-29
3709,202,서초2차e-편한세상,11650-774,1529,0,2005,개인,,,"250,000",29,4,2026,중개거래,"서울 서초구, 서울 영등포구",116.745,11,1529,1,N,26.06.30,효령로49길,00057,00000,4163642,01,11650,0,11650,개인,10800,서초동,250000.0,2026-04-29
3710,101,롯데캐슬클래식,11650-3300,1312,3,2006,개인,,,"290,000",29,4,2026,중개거래,서울 서초구,84.98,16,1312-3,1,N,26.08.12,서운로,00197,00000,3121016,00,11650,,11650,개인,10800,서초동,290000.0,2026-04-29
3711,101동,래미안 리더스원,11650-4887,1755,0,2020,개인,,,"380,000",20,4,2026,중개거래,서울 서초구,84.93,7,1755,1,N,26.05.27,서운로,00062,00000,3121016,00,11650,,11650,개인,10800,서초동,380000.0,2026-04-20
3712,방배디오슈페리움Ⅰ,방배디오슈페리움Ⅰ,11650-3343,3001,2,2006,개인,,,"197,000",29,4,2026,중개거래,서울 서초구,125.79,16,3001-2,1,N,26.08.20,서초대로,00003,00004,2121002,01,11650,0,11650,개인,10100,방배동,197000.0,2026-04-29
3713,312,서초네이처힐3단지,11650-3864,717,0,2013,개인,,,"220,000",9,4,2026,중개거래,서울 서초구,114.79,12,717,1,N,26.05.06,태봉로2길,00060,00000,4163582,01,11650,0,11650,개인,10300,우면동,220000.0,2026-04-09
3714,5,삼풍아파트,11650-28,1685,0,1988,개인,,,"315,000",29,4,2026,중개거래,서울 서초구,79.47,13,1685,1,N,26.08.12,서초중앙로,00200,00000,3121024,03,11650,0,11650,개인,10800,서초동,315000.0,2026-04-29
3715,134,반포자이,11650-3500,20,43,2009,개인,,,"365,000",29,4,2026,중개거래,서울 서초구,59.98,5,20-43,1,N,26.05.15,신반포로,00270,00000,3121017,02,11650,0,11650,개인,10700,반포동,365000.0,2026-04-29
3716,,프레스턴(1-62),11650-757,1,62,2005,개인,,,"280,000",4,4,2026,중개거래,서울 서초구,213.81,3,1-62,1,N,26.08.03,동광로27길,00038,00000,4163122,01,11650,0,11650,개인,10100,방배동,280000.0,2026-04-04
3717,7,임광,11650-341,1015,0,1985,개인,,,"275,000",18,4,2026,중개거래,서울 서초구,136.38,3,1015,1,N,26.07.30,방배로,00014,00000,3121010,01,11650,0,11650,개인,10100,방배동,275000.0,2026-04-18
3718,102,신반포청구,11650-141,63,2,1998,개인,,,"280,000",27,4,2026,중개거래,서울 서초구,59.91,9,63-2,1,N,26.08.04,신반포로33길,00066,00000,4163453,01,11650,0,11650,개인,10600,잠원동,280000.0,2026-04-27
3719,107,한라,11650-483,67,0,1994,개인,,,"150,000",29,4,2026,중개거래,서울 서초구,59.98,1,67,1,N,26.09.02,바우뫼로,00033,00000,3121009,02,11650,0,11650,개인,10300,우면동,150000.0,2026-04-29
3720,108,반포리체,11650-3617,30,26,2010,개인,,,"341,000",20,4,2026,중개거래,서울 서초구,59.993,13,30-26,1,N,26.05.27,고무래로,00035,00000,3121001,01,11650,0,11650,개인,10700,반포동,341000.0,2026-04-20
3721,15,방배임광3차,11650-342,1010,1,1988,개인,,,"215,000",21,4,2026,중개거래,서울 서초구,79.8,6,1010-1,1,N,26.06.30,방배로2길,00024,00005,4163264,01,11650,0,11650,개인,10100,방배동,215000.0,2026-04-21
3722,103,현대멤피스,11650-373,772,13,2001,개인,,,"221,500",29,4,2026,직거래,,133.31,6,772-13,1,N,26.05.06,방배로,00239,00000,3121010,01,11650,0,11650,개인,10100,방배동,221500.0,2026-04-29
3723,7,삼풍아파트,11650-28,1685,0,1988,개인,,,"335,000",28,4,2026,중개거래,서울 서초구,79.47,12,1685,1,N,26.05.21,서초중앙로,00200,00000,3121024,03,11650,0,11650,개인,10800,서초동,335000.0,2026-04-28
3724,110,롯데캐슬아르떼,11650-4044,424,28,2013,개인,,,"348,000",28,4,2026,중개거래,서울 서초구,121.6356,13,424-28,1,N,26.06.02,방배천로18길,00011,00000,4163687,01,11650,0,11650,개인,10100,방배동,348000.0,2026-04-28
3725,112동,래미안 리더스원,11650-4887,1755,0,2020,개인,,,"305,000",7,4,2026,중개거래,"서울 서초구, 서울 송파구",59.97,17,1755,1,N,26.08.06,서운로,00062,00000,3121016,00,11650,,11650,개인,10800,서초동,305000.0,2026-04-07
3726,106,한라,11650-483,67,0,1994,개인,,,"150,000",28,4,2026,중개거래,"서울 강남구, 서울 서초구",59.98,1,67,1,N,26.07.24,바우뫼로,00033,00000,3121009,02,11650,0,11650,개인,10300,우면동,150000.0,2026-04-28
3727,,서초노블레스아파트,11650-4745,1362,10,2019,개인,,,"52,000",18,4,2026,중개거래,"서울 강남구, 서울 서초구",27.57,11,1362-10,1,N,26.07.15,강남대로39길,00015,00011,4163018,00,11650,,11650,개인,10800,서초동,52000.0,2026-04-18
3728,103,반포훼미리(103동),11650-261,702,1,2003,개인,,,"204,000",1,4,2026,중개거래,서울 서초구,102.1,5,702-1,1,N,26.07.03,주흥17길,00025,00000,4163553,01,11650,0,11650,개인,10700,반포동,204000.0,2026-04-01
3729,105,래미안퍼스티지,11650-3559,18,1,2009,개인,,,"402,000",6,4,2026,중개거래,서울 서초구,59.96,6,18-1,1,N,26.05.06,반포대로,00275,00000,2121003,02,11650,0,11650,개인,10700,반포동,402000.0,2026-04-06
3730,래미안 서초유니빌,래미안서초유니빌,11650-518,1445,4,2003,개인,,,"41,500",28,4,2026,중개거래,서울 서초구,36.838,17,1445-4,1,N,26.06.22,서초중앙로,00026,00000,3121024,03,11650,0,11650,개인,10800,서초동,41500.0,2026-04-28
3731,,서초8차상지리츠빌,11650-3293,1491,3,2006,개인,,,"205,000",27,4,2026,중개거래,"경기 용인시 기흥구, 서울 서초구",141.12,2,1491-3,1,N,26.05.29,명달로13길,00007,00000,4163182,01,11650,0,11650,개인,10800,서초동,205000.0,2026-04-27
3732,,메이플자이,11650-6434,60,3,2025,개인,,,"540,000",16,4,2026,중개거래,"서울 서초구, 서울 종로구",84.8456,32,60-3,1,N,,신반포로,00251,00000,3121017,00,11650,,11650,개인,10600,잠원동,540000.0,2026-04-16
3733,339,신반포20,11650-118,60,78,1983,개인,,,"420,000",18,4,2026,중개거래,서울 서초구,143.95,10,60-78,1,N,26.07.30,나루터로4길,00060,00000,4163049,01,11650,0,11650,개인,10600,잠원동,420000.0,2026-04-18
3734,,밀라텔쉐르빌,11650-21,1316,31,2001,개인,,,"58,000",22,4,2026,중개거래,서울 서초구,46.28,6,1316-31,1,N,26.06.22,강남대로61길,00017,00000,4163028,01,11650,0,11650,개인,10800,서초동,58000.0,2026-04-22
3735,,방배대우디오빌,11650-3191,866,20,2005,개인,,,"26,900",22,4,2026,중개거래,서울 서초구,29.6,10,866-20,1,N,26.07.30,서초대로,00017,00000,2121002,01,11650,0,11650,개인,10100,방배동,26900.0,2026-04-22
3736,B,아크로비스타,11650-724,1685,3,2004,개인,,,"360,000",27,4,2026,중개거래,서울 서초구,174.78,32,1685-3,1,N,26.08.21,서초중앙로,00188,00000,3121024,03,11650,0,11650,개인,10800,서초동,360000.0,2026-04-27
3737,105,방배그랑자이,11650-4970,3283,0,2021,개인,,,"318,000",27,4,2026,중개거래,서울 서초구,84.972,9,3283,1,N,26.07.15,방배로,00021,00000,3121010,00,11650,0,11650,개인,10100,방배동,318000.0,2026-04-27
3738,,현대이에스에이아파트,11650-532,1338,0,2002,개인,,,"150,000",16,4,2026,중개거래,서울 서초구,116.04,7,1338,1,N,26.05.08,효령로77길,00020,00000,4163659,01,11650,0,11650,개인,10800,서초동,150000.0,2026-04-16
3739,104,신반포2,11650-117,73,0,1978,개인,,,"495,000",24,4,2026,중개거래,서울 서초구,92.2,5,73,1,N,26.05.14,신반포로23길,00041,00000,4163452,01,11650,0,11650,개인,10600,잠원동,495000.0,2026-04-24
3740,,한화엘르빌,11650-370,878,27,2001,개인,,,"193,000",21,4,2026,중개거래,서울 서초구,189.09,1,878-27,1,N,26.06.30,방배로26길,00050,00000,4163261,01,11650,0,11650,개인,10100,방배동,193000.0,2026-04-21
3741,102,신반포2,11650-117,73,0,1978,개인,,,"550,000",22,4,2026,중개거래,서울 서초구,107.31,4,73,1,N,26.08.20,신반포로23길,00041,00000,4163452,01,11650,0,11650,개인,10600,잠원동,550000.0,2026-04-22
3742,,신영체르니,11650-461,90,0,2002,개인,,,"61,000",22,4,2026,중개거래,서울 서초구,39.1,6,90,1,N,26.05.21,논현로27길,00057,00000,4163097,01,11650,0,11650,개인,10200,양재동,61000.0,2026-04-22
3743,106,서초네이처힐1단지,11650-3863,707,0,2012,개인,,,"175,000",27,4,2026,중개거래,서울 서초구,114.71,5,707,1,N,26.07.31,형촌길,00035,00000,4163604,01,11650,0,11650,개인,10300,우면동,175000.0,2026-04-27
3744,106,롯데캐슬클래식,11650-3300,1312,3,2006,개인,,,"340,000",17,4,2026,중개거래,서울 서초구,120.18,6,1312-3,1,N,26.08.12,서운로,00197,00000,3121016,00,11650,,11650,개인,10800,서초동,340000.0,2026-04-17
3745,301,서초4현대,11650-30,1684,0,2000,개인,,,"225,500",17,4,2026,중개거래,서울 서초구,116.49,16,1684,1,N,26.05.14,고무래로,00094,00000,3121001,02,11650,0,11650,개인,10800,서초동,225500.0,2026-04-17
3746,,훼미리타운,11650-3820,932,34,2012,개인,,,"57,000",5,4,2026,중개거래,서울 서초구,41.05,4,932-34,1,N,,방배로19길,00040,00000,4163255,01,11650,0,11650,개인,10100,방배동,57000.0,2026-04-05
3747,1,삼환바우스,11650-3331,1677,11,2006,개인,,,"139,000",27,4,2026,중개거래,서울 강남구,84.74,13,1677-11,1,N,26.08.14,서초대로,00340,00000,2121002,02,11650,0,11650,개인,10800,서초동,139000.0,2026-04-27
3748,326,신반포12,11650-110,50,5,1982,법인,,,"163,750",27,4,2026,직거래,,55.45,9,50-5,1,N,26.04.27,잠원로14길,00041,00000,4163526,01,11650,0,11650,개인,10600,잠원동,163750.0,2026-04-27
3749,501,우성아파트,11650-60,1326,17,1998,개인,,,"245,000",10,4,2026,중개거래,서울 서초구,76.67,3,1326-17,1,N,26.05.27,서초대로74길,00030,00000,4163433,01,11650,0,11650,개인,10800,서초동,245000.0,2026-04-10
3750,108동,래미안 리더스원,11650-4887,1755,0,2020,개인,,,"340,000",11,4,2026,중개거래,서울 서초구,74.9,20,1755,1,N,26.06.30,서운로,00062,00000,3121016,00,11650,,11650,개인,10800,서초동,340000.0,2026-04-11
3751,101,반포리체,11650-3617,30,26,2010,개인,,,"428,000",26,4,2026,중개거래,서울 서초구,84.967,27,30-26,1,N,26.08.20,고무래로,00035,00000,3121001,01,11650,0,11650,개인,10700,반포동,428000.0,2026-04-26
3752,105,동아,11650-102,157,0,2002,개인,,,"290,000",25,4,2026,중개거래,서울 서초구,59.8,6,157,1,N,26.05.27,신반포로33길,00015,00000,4163453,01,11650,0,11650,개인,10600,잠원동,290000.0,2026-04-25
3753,,강남월드메르디앙프레스티지,11650-5023,11,11,2022,개인,,,"82,000",25,4,2026,중개거래,서울 강남구,43.28,5,11-11,1,N,26.07.29,남부순환로350길,00019,00011,4163086,00,11650,0,11650,법인,10200,양재동,82000.0,2026-04-25
3754,서초한일유앤아이주상복합,서초한일유앤아이주상복합,11650-3393,1303,10,2007,개인,,,"149,000",17,4,2026,중개거래,서울 서초구,96.65,8,1303-10,1,N,26.04.30,사평대로56길,00007,00000,4163336,01,11650,0,11650,개인,10800,서초동,149000.0,2026-04-17
3755,202,반포르엘2차,11650-5036,164,0,2022,개인,,,"490,000",25,4,2026,중개거래,서울 서초구,100.9605,26,164,1,N,26.08.21,신반포로23길,00033,00000,4163452,01,11650,0,11650,개인,10600,잠원동,490000.0,2026-04-25
3756,3,삼풍아파트,11650-28,1685,0,1988,개인,,,"310,000",25,4,2026,중개거래,서울 서초구,79.47,1,1685,1,N,26.07.23,서초중앙로,00200,00000,3121024,03,11650,0,11650,개인,10800,서초동,310000.0,2026-04-25
3757,105,반포래미안아이파크,11650-4678,1341,0,2018,개인,,,"447,000",22,4,2026,중개거래,"서울 강남구, 서울 서초구",99.92,23,1341,1,N,26.08.10,서초중앙로,00220,00000,3121024,02,11650,0,11650,개인,10700,반포동,447000.0,2026-04-22
3758,103,한라,11650-483,67,0,1994,개인,,,"159,000",25,4,2026,중개거래,서울 서초구,59.98,4,67,1,N,26.08.07,바우뫼로,00033,00000,3121009,02,11650,0,11650,개인,10300,우면동,159000.0,2026-04-25
3759,109,삼성래미안1,11650-503,2626,0,2003,개인,,,"218,500",24,4,2026,중개거래,서울 서초구,114.94,4,2626,1,N,26.08.20,방배선행길,00002,00000,4163671,01,11650,0,11650,개인,10100,방배동,218500.0,2026-04-24
3760,,서초동삼성쉐르빌2,11650-608,1330,0,2002,개인,,,"30,000",4,4,2026,중개거래,서울 서초구,35.22,17,1330,1,N,26.05.29,강남대로53길,00011,00000,4163026,01,11650,0,11650,개인,10800,서초동,30000.0,2026-04-04
3761,,방배씨티(보성),11650-302,836,1,2000,개인,,,"149,000",16,4,2026,중개거래,서울 서초구,74.16,4,836-1,1,N,26.06.16,서초대로23길,00074,00000,4163391,01,11650,0,11650,개인,10100,방배동,149000.0,2026-04-16
3762,103,래미안서초스위트,11650-3515,1301,6,2009,개인,,,"284,000",24,4,2026,중개거래,서울 서초구,84.9722,6,1301-6,1,N,26.08.18,서운로,00221,00000,3121016,01,11650,0,11650,개인,10800,서초동,284000.0,2026-04-24
3763,119,래미안퍼스티지,11650-3559,18,1,2009,개인,,,"700,000",20,4,2026,중개거래,서울 서초구,168.65,13,18-1,1,N,26.07.10,반포대로,00275,00000,2121003,02,11650,0,11650,개인,10700,반포동,700000.0,2026-04-20
3764,102,서초한신,11650-43,1454,29,2001,개인,,,"170,000",23,4,2026,중개거래,서울 구로구,85.0,1,1454-29,1,N,26.07.20,남부순환로323길,00038,00016,4163071,00,11650,,11650,개인,10800,서초동,170000.0,2026-04-23
3765,115,래미안원베일리,11650-5126,1,0,2023,개인,,,"595,000",23,4,2026,중개거래,서울 서초구,84.93,31,1,1,N,26.05.28,반포대로,00333,00000,2121003,00,11650,,11650,개인,10700,반포동,595000.0,2026-04-23
3766,,신영체르니,11650-461,90,0,2002,개인,,,"60,000",6,4,2026,중개거래,서울 서초구,39.1,7,90,1,N,26.06.04,논현로27길,00057,00000,4163097,01,11650,0,11650,개인,10200,양재동,60000.0,2026-04-06
3767,,프리우스,11650-761,846,1,2004,개인,,,"132,000",18,4,2026,중개거래,서울 서초구,73.25,7,846-1,1,N,26.07.30,방배로30길,00084,00000,4163265,01,11650,0,11650,개인,10100,방배동,132000.0,2026-04-18
3768,112동,래미안 리더스원,11650-4887,1755,0,2020,개인,,,"302,000",6,4,2026,중개거래,서울 서초구,59.97,15,1755,1,N,26.07.15,서운로,00062,00000,3121016,00,11650,,11650,개인,10800,서초동,302000.0,2026-04-06
3769,,서초노블레스아파트,11650-4745,1362,10,2019,개인,,,"48,000",23,4,2026,직거래,,29.47,11,1362-10,1,N,26.04.24,강남대로39길,00015,00011,4163018,00,11650,,11650,개인,10800,서초동,48000.0,2026-04-23
3770,105,반포센트럴자이,11650-4805,162,0,2020,개인,,,"513,000",22,4,2026,중개거래,서울 서초구,98.96,32,162,1,N,26.07.15,반포대로,00310,00006,2121003,01,11650,0,11650,개인,10600,잠원동,513000.0,2026-04-22
3771,101,동부센트레빌,11650-659,3275,0,2004,개인,,,"300,000",22,4,2026,중개거래,서울 서초구,134.04,20,3275,1,N,26.05.29,방배로,00278,00000,3121010,01,11650,0,11650,개인,10100,방배동,300000.0,2026-04-22
3772,잠원동 대우아이빌 2동,대우아이빌,11650-101,42,13,2001,개인,,,"103,000",23,4,2026,중개거래,서울 서초구,49.06,2,42-13,1,N,26.07.27,신반포로45길,00023,00000,4163459,01,11650,0,11650,개인,10600,잠원동,103000.0,2026-04-23
3773,102,반포훼미리(102동),11650-549,712,19,2003,개인,,,"160,000",23,4,2026,중개거래,서울 서초구,84.74,9,712-19,1,N,26.08.18,주흥13길,00038,00000,4163550,01,11650,0,11650,개인,10700,반포동,160000.0,2026-04-23
3774,102,신반포2,11650-117,73,0,1978,개인,,,"565,000",23,4,2026,중개거래,서울 영등포구,107.31,7,73,1,N,26.07.02,신반포로23길,00041,00000,4163452,01,11650,0,11650,개인,10600,잠원동,565000.0,2026-04-23
3775,108,신반포2,11650-117,73,0,1978,개인,,,"652,000",17,4,2026,중개거래,서울 서초구,137.66,7,73,1,N,26.05.29,신반포로23길,00041,00000,4163452,01,11650,0,11650,개인,10600,잠원동,652000.0,2026-04-17
3776,,메이플자이,11650-6434,60,3,2025,개인,,,"525,000",22,4,2026,중개거래,서울 서초구,84.8456,34,60-3,1,N,,신반포로,00251,00000,3121017,00,11650,,11650,개인,10600,잠원동,525000.0,2026-04-22
3777,103,대림e-편한세상1,11650-511,884,21,2003,개인,,,"282,000",10,4,2026,중개거래,"서울 강남구, 서울 서초구",164.25,2,884-21,1,N,26.05.29,서초대로34길,00034,00000,4163403,01,11650,0,11650,개인,10100,방배동,282000.0,2026-04-10
3778,501,반포미도2차아파트,11650-173,60,5,1989,개인,,,"300,000",2,4,2026,중개거래,서울 서초구,71.49,9,60-5,1,N,26.06.05,사평대로,00240,00000,2121001,02,11650,0,11650,개인,10700,반포동,300000.0,2026-04-02
3779,104,동아,11650-102,157,0,2002,개인,,,"290,000",21,4,2026,중개거래,서울 서초구,59.92,5,157,1,N,26.08.10,신반포로33길,00015,00000,4163453,01,11650,0,11650,개인,10600,잠원동,290000.0,2026-04-21
3780,,엠브이아파트,11650-199,46,0,1994,개인,,,"190,000",22,4,2026,중개거래,서울 서초구,59.82,14,46,1,N,26.06.29,고무래로10길,00039,00000,4163042,01,11650,0,11650,개인,10700,반포동,190000.0,2026-04-22
3781,잠원동 대우아이빌 1동,대우아이빌,11650-101,42,13,2001,개인,,,"49,000",22,4,2026,중개거래,"경기 의정부시, 서울 서초구",27.07,4,42-13,1,N,26.07.15,신반포로45길,00023,00000,4163459,01,11650,0,11650,개인,10600,잠원동,49000.0,2026-04-22
3782,,신영체르니,11650-461,90,0,2002,개인,,,"60,000",1,4,2026,중개거래,서울 서초구,39.1,4,90,1,N,26.06.30,논현로27길,00057,00000,4163097,01,11650,0,11650,개인,10200,양재동,60000.0,2026-04-01
3783,12,방배임광3차,11650-342,1010,1,1988,개인,,,"172,500",17,4,2026,중개거래,"서울 강남구, 서울 서초구",51.84,9,1010-1,1,N,26.07.30,방배로2길,00024,00006,4163264,01,11650,0,11650,개인,10100,방배동,172500.0,2026-04-17
3784,105동,아크로리버파크,11650-4440,2,12,2016,개인,,,"600,000",22,4,2026,중개거래,서울 서초구,84.95,10,2-12,1,N,26.07.29,신반포로15길,00019,00000,4163450,00,11650,0,11650,개인,10700,반포동,600000.0,2026-04-22
3785,,메이플자이,11650-6434,60,3,2025,개인,,,"510,000",2,4,2026,중개거래,서울 서초구,84.2537,25,60-3,1,N,,신반포로,00253,00000,3121017,00,11650,,11650,개인,10600,잠원동,510000.0,2026-04-02
3786,,한라비발디스튜디오193,11650-3926,1363,25,2013,개인,26.08.21,O,"36,000",11,4,2026,중개거래,서울 서초구,32.98,11,1363-25,1,N,,강남대로39길,00015,00010,4163018,01,11650,0,11650,개인,10800,서초동,36000.0,2026-04-11
3787,101,서초삼성래미안,11650-24,1641,1,2001,개인,,,"280,000",3,4,2026,중개거래,서울 서초구,121.66,15,1641-1,1,N,26.07.10,사임당로17길,00116,00000,4163313,01,11650,0,11650,개인,10800,서초동,280000.0,2026-04-03
3788,3,한신,11650-145,56,3,1992,개인,,,"345,000",3,4,2026,중개거래,서울 서초구,84.52,6,56-3,1,N,26.07.30,잠원로,00150,00000,3121019,01,11650,0,11650,개인,10600,잠원동,345000.0,2026-04-03
3789,101동,반포에스케이뷰,11650-3344,112,15,2006,개인,,,"343,000",22,4,2026,직거래,,213.15,14,112-15,1,N,26.05.21,사평대로14길,00012,00000,4163322,01,11650,0,11650,개인,10700,반포동,343000.0,2026-04-22
3790,,광정,11650-664,7,17,2004,개인,,,"78,000",6,4,2026,중개거래,서울 서초구,75.8,2,7-17,1,N,26.05.15,강남대로34길,00082,00000,4163016,01,11650,0,11650,개인,10200,양재동,78000.0,2026-04-06
3791,102,반포푸르지오,11650-176,10,0,2000,개인,,,"309,500",11,4,2026,중개거래,서울 서초구,84.82,9,10,1,N,26.08.03,신반포로15길,00004,00000,4163450,01,11650,0,11650,개인,10700,반포동,309500.0,2026-04-11
3792,1,한신서래,11650-232,70,1,1987,개인,,,"268,000",22,4,2026,중개거래,서울 서초구,64.53,1,70-1,1,N,26.08.12,사평대로28길,00031,00000,4163330,01,11650,0,11650,개인,10700,반포동,268000.0,2026-04-22
3793,마,방배신삼호,11650-323,725,0,1983,개인,,,"400,000",22,4,2026,직거래,,164.97,8,725,1,N,26.05.07,방배로,00270,00000,3121010,01,11650,0,11650,개인,10100,방배동,400000.0,2026-04-22
3794,2,한신로얄,11650-147,63,34,1992,개인,,,"272,000",4,4,2026,중개거래,서울 서초구,81.05,9,63-34,1,N,26.07.30,신반포로33길,00064,00000,4163453,01,11650,0,11650,개인,10600,잠원동,272000.0,2026-04-04
3795,,엠브이아파트,11650-199,46,0,1994,개인,,,"180,000",19,4,2026,중개거래,서울 서초구,59.82,9,46,1,N,26.04.28,고무래로10길,00039,00000,4163042,01,11650,0,11650,개인,10700,반포동,180000.0,2026-04-19
3796,104,한라,11650-483,67,0,1994,개인,,,"155,000",21,4,2026,중개거래,서울 서초구,59.98,1,67,1,N,26.08.07,바우뫼로,00033,00000,3121009,02,11650,0,11650,개인,10300,우면동,155000.0,2026-04-21
3797,,현대이에스에이아파트,11650-532,1338,0,2002,개인,,,"185,000",17,4,2026,중개거래,"경기 용인시 수지구, 서울 서초구",163.95,4,1338,1,N,26.05.29,효령로77길,00020,00000,4163659,01,11650,0,11650,개인,10800,서초동,185000.0,2026-04-17
3798,103,현대멤피스,11650-373,772,13,2001,개인,,,"250,000",18,4,2026,중개거래,서울 서초구,133.31,4,772-13,1,N,26.05.15,방배로,00239,00000,3121010,01,11650,0,11650,개인,10100,방배동,250000.0,2026-04-18
3799,101,삼성래미안1,11650-503,2626,0,2003,개인,,,"170,000",21,4,2026,중개거래,서울 서초구,59.9,9,2626,1,N,26.08.14,방배선행길,00002,00000,4163671,01,11650,0,11650,개인,10100,방배동,170000.0,2026-04-21
3800,351,신반포27,11650-124,56,2,1985,개인,,,"270,000",21,4,2026,중개거래,서울 서초구,53.46,9,56-2,1,N,26.05.15,잠원로8길,00003,00000,4163529,01,11650,0,11650,개인,10600,잠원동,270000.0,2026-04-21
3801,306,서초포레스타3단지,11650-4040,568,0,2014,개인,,,"200,000",11,4,2026,중개거래,서울 서초구,114.81,11,568,1,N,26.08.06,헌릉로8길,00022,00000,4163749,01,11650,0,11650,개인,11100,신원동,200000.0,2026-04-11
3802,101동,래미안신반포팰리스,11650-4439,158,0,2016,개인,,,"525,000",10,4,2026,중개거래,서울 서초구,133.02,3,158,1,N,26.05.26,잠원로8길,00035,00000,4163529,00,11650,0,11650,개인,10600,잠원동,525000.0,2026-04-10
3803,108,반포래미안아이파크,11650-4678,1341,0,2018,개인,,,"590,000",21,4,2026,중개거래,서울 서초구,150.96,13,1341,1,N,26.08.05,서초중앙로,00220,00000,3121024,02,11650,0,11650,개인,10700,반포동,590000.0,2026-04-21
3804,203,서초포레스타2단지,11650-4156,384,0,2015,개인,,,"165,000",11,4,2026,중개거래,서울 서초구,59.09,18,384,1,N,26.08.06,헌릉로8길,00045,00000,4163749,02,11650,0,11650,개인,10900,내곡동,165000.0,2026-04-11
3805,116,반포자이,11650-3500,20,43,2009,개인,,,"750,000",14,4,2026,중개거래,서울 서초구,216.49,10,20-43,1,N,26.07.03,신반포로,00270,00000,3121017,02,11650,0,11650,개인,10700,반포동,750000.0,2026-04-14
3806,,서초자연인아파트(102동),11650-3886,1344,23,2013,개인,,,"28,000",6,4,2026,중개거래,서울 강남구,27.73,8,1344-23,1,N,26.04.28,서운로9길,00018,00000,4163381,01,11650,0,11650,개인,10800,서초동,28000.0,2026-04-06
3807,501,우성아파트,11650-60,1326,17,1998,개인,,,"130,500",17,4,2026,직거래,,59.93,11,1326-17,1,N,26.05.29,서초대로74길,00030,00000,4163433,01,11650,0,11650,개인,10800,서초동,130500.0,2026-04-17
3808,101,월드메르디앙,11650-135,33,11,2002,개인,,,"209,000",7,4,2026,중개거래,서울 서초구,84.78,2,33-11,1,N,26.08.10,신반포로45길,00071,00000,4163459,01,11650,0,11650,개인,10600,잠원동,209000.0,2026-04-07
3809,103,더샵서초,11650-3284,1445,14,2006,개인,,,"62,500",11,4,2026,중개거래,서울 서초구,33.06,29,1445-14,1,N,26.08.06,서초중앙로2길,00021,00000,4163718,01,11650,0,11650,개인,10800,서초동,62500.0,2026-04-11
3810,서초수자인아파트,서초한양수자인,11650-4006,1344,2,2013,개인,,,"145,000",10,4,2026,중개거래,서울 서초구,84.88,9,1344-2,1,N,26.08.05,서운로11길,00023,00000,4163372,00,11650,,11650,개인,10800,서초동,145000.0,2026-04-10
3811,104,삼환나띠르빌(1002-10),11650-486,1002,10,2003,개인,,,"150,500",15,4,2026,중개거래,서울 서초구,92.93,6,1002-10,1,N,26.07.21,명달로,00033,00000,3121008,01,11650,0,11650,개인,10100,방배동,150500.0,2026-04-15
3812,C,아크로비스타,11650-724,1685,3,2004,개인,,,"320,000",18,4,2026,중개거래,서울 서초구,138.96,25,1685-3,1,N,26.05.28,서초중앙로,00188,00000,3121024,03,11650,0,11650,개인,10800,서초동,320000.0,2026-04-18
3813,102,서초현대,11650-46,1648,2,1999,개인,,,"155,000",12,4,2026,중개거래,서울 서초구,53.01,5,1648-2,1,N,26.07.31,사임당로19길,00010,00000,4163315,01,11650,0,11650,개인,10800,서초동,155000.0,2026-04-12
3814,105,디에이치반포라클라스,11650-4959,1343,0,2021,개인,,,"536,000",14,4,2026,중개거래,서울 서초구,115.943,19,1343,1,N,26.05.29,서초중앙로,00206,00000,3121024,00,11650,,11650,개인,10700,반포동,536000.0,2026-04-14
3815,101,킴스빌리지,11650-142,71,12,1996,개인,,,"150,000",19,4,2026,중개거래,서울 서초구,30.18,13,71-12,1,N,26.05.08,잠원로3길,00006,00000,4163527,01,11650,0,11650,개인,10600,잠원동,150000.0,2026-04-19
3816,101,신반포청구,11650-141,63,2,1998,개인,,,"268,200",18,4,2026,중개거래,서울 서초구,59.91,11,63-2,1,N,26.05.26,신반포로33길,00066,00000,4163453,01,11650,0,11650,개인,10600,잠원동,268200.0,2026-04-18
3817,102,방배그랑자이,11650-4970,3283,0,2021,개인,,,"332,500",14,4,2026,중개거래,서울 강남구,84.972,3,3283,1,N,26.06.04,방배로,00021,00000,3121010,00,11650,0,11650,개인,10100,방배동,332500.0,2026-04-14
3818,,킴스빌리지,11650-142,71,12,1996,개인,26.07.03,O,"150,000",18,4,2026,중개거래,서울 서초구,30.9,4,71-12,1,N,,잠원로3길,00006,00000,4163527,01,11650,0,11650,개인,10600,잠원동,150000.0,2026-04-18
3819,107,한라,11650-483,67,0,1994,개인,,,"155,500",18,4,2026,중개거래,서울 서초구,59.98,6,67,1,N,26.07.22,바우뫼로,00033,00000,3121009,02,11650,0,11650,개인,10300,우면동,155500.0,2026-04-18
3820,108,방배우성,11650-331,2525,0,1991,개인,,,"198,000",17,4,2026,중개거래,서울 서초구,84.95,1,2525,1,N,26.07.31,방배선행길,00001,00000,4163671,01,11650,0,11650,개인,10100,방배동,198000.0,2026-04-17
3821,잠원동 대우아이빌 3동,대우아이빌,11650-101,42,13,2001,개인,,,"63,200",18,4,2026,중개거래,서울 서초구,35.38,6,42-13,1,N,26.06.29,신반포로45길,00023,00000,4163459,01,11650,0,11650,개인,10600,잠원동,63200.0,2026-04-18
3822,2,방배대우(562-1),11650-271,562,1,1992,개인,,,"177,000",18,4,2026,중개거래,서울 서초구,84.67,7,562-1,1,N,26.06.23,효령로4길,00056,00029,4163643,01,11650,0,11650,개인,10100,방배동,177000.0,2026-04-18
3823,,방배대우디오빌,11650-3191,866,20,2005,개인,,,"30,000",18,4,2026,중개거래,서울 서초구,29.6,8,866-20,1,N,26.06.25,서초대로,00017,00000,2121002,01,11650,0,11650,개인,10100,방배동,30000.0,2026-04-18
3824,101,유원서초,11650-62,1687,0,1993,개인,,,"273,000",17,4,2026,중개거래,서울 서초구,84.82,14,1687,1,N,26.07.13,서초중앙로24길,00043,00000,4163710,01,11650,0,11650,개인,10800,서초동,273000.0,2026-04-17
3825,방배디오슈페리움Ⅰ,방배디오슈페리움Ⅰ,11650-3343,3001,2,2006,개인,,,"184,000",17,4,2026,중개거래,서울 서초구,125.79,12,3001-2,1,N,26.07.31,서초대로,00003,00004,2121002,01,11650,0,11650,개인,10100,방배동,184000.0,2026-04-17
3826,20,현대아파트,11650-85,1346,0,1989,개인,,,"245,000",13,4,2026,중개거래,서울 서초구,84.34,5,1346,1,N,26.06.19,효령로68길,00013,00000,4163654,00,11650,,11650,개인,10800,서초동,245000.0,2026-04-13
3827,방배디오슈페리움Ⅰ,방배디오슈페리움Ⅰ,11650-3343,3001,2,2006,개인,,,"175,000",12,4,2026,중개거래,서울 서초구,84.46,20,3001-2,1,N,26.07.30,서초대로,00003,00004,2121002,01,11650,0,11650,개인,10100,방배동,175000.0,2026-04-12
3828,103동,래미안서초에스티지,11650-4470,1332,13,2016,개인,,,"355,000",9,4,2026,중개거래,서울 서초구,101.55,6,1332-13,1,N,26.07.10,서운로,00107,00000,3121016,00,11650,0,11650,개인,10800,서초동,355000.0,2026-04-09
3829,102,서초1차e-편한세상,11650-708,1487,63,2004,개인,,,"277,500",15,4,2026,중개거래,서울 서초구,130.53,2,1487-63,1,N,26.08.03,명달로6길,00031,00000,4163193,01,11650,0,11650,개인,10800,서초동,277500.0,2026-04-15
3830,103,더샵서초,11650-3284,1445,14,2006,개인,,,"60,000",16,4,2026,중개거래,서울 서초구,33.06,25,1445-14,1,N,26.04.20,서초중앙로2길,00021,00000,4163718,01,11650,0,11650,개인,10800,서초동,60000.0,2026-04-16
3831,,신성리더스카운티,11650-501,50,8,2003,개인,,,"185,000",16,4,2026,중개거래,서울 서초구,167.47,2,50-8,1,N,26.05.29,서초중앙로31길,00006,00011,4163721,01,11650,0,11650,개인,10700,반포동,185000.0,2026-04-16
3832,힐스테이트 서리풀 102동,"마제스타시티(힐스테이트서리풀101,102동)",11650-4516,1498,5,2017,개인,,,"200,000",16,4,2026,중개거래,"서울 마포구, 서울 서초구",59.97,6,1498-5,1,N,26.07.15,서초대로38길,00012,00000,4163404,01,11650,0,11650,개인,10800,서초동,200000.0,2026-04-16
3833,서초 대우아이빌,서초대우아이빌,11650-606,1675,11,2003,개인,,,"71,000",10,4,2026,중개거래,서울 서초구,59.921,9,1675-11,1,N,26.06.05,서초대로58길,00010,00000,4163421,01,11650,0,11650,개인,10800,서초동,71000.0,2026-04-10
3834,,서초센트럴IPARK,11650-4827,1582,3,2020,개인,26.05.07,O,"196,000",16,4,2026,중개거래,서울 서초구,80.5332,13,1582-3,1,N,,반포대로18길,00036,00000,4163228,00,11650,0,11650,개인,10800,서초동,196000.0,2026-04-16
3835,137,반포자이,11650-3500,20,43,2009,개인,,,"460,000",9,4,2026,중개거래,서울 서초구,84.943,5,20-43,1,N,26.05.28,신반포로,00270,00000,3121017,02,11650,0,11650,개인,10700,반포동,460000.0,2026-04-09
3836,103,방배그랑자이,11650-4970,3283,0,2021,개인,,,"343,000",4,4,2026,중개거래,서울 서초구,84.972,13,3283,1,N,26.06.30,방배로,00021,00000,3121010,00,11650,0,11650,개인,10100,방배동,343000.0,2026-04-04
3837,방배디오슈페리움Ⅰ,방배디오슈페리움Ⅰ,11650-3343,3001,2,2006,개인,,,"189,000",14,4,2026,중개거래,서울 서초구,125.79,21,3001-2,1,N,26.08.12,서초대로,00003,00004,2121002,01,11650,0,11650,개인,10100,방배동,189000.0,2026-04-14
3838,3,진흥아파트,11650-66,1315,0,1979,개인,,,"317,000",17,4,2026,중개거래,서울 서초구,101.32,12,1315,1,N,26.08.10,서초대로,00385,00000,2121002,02,11650,0,11650,개인,10800,서초동,317000.0,2026-04-17
3839,,엠브이아파트,11650-199,46,0,1994,개인,,,"218,000",16,4,2026,중개거래,서울 서초구,83.4,4,46,1,N,26.04.16,고무래로10길,00039,00000,4163042,01,11650,0,11650,개인,10700,반포동,218000.0,2026-04-16
3840,107,서초더샵포레,11650-4063,411,0,2014,개인,,,"200,000",10,4,2026,중개거래,"경기 성남시 분당구, 서울 강남구",114.68,2,411,1,N,26.07.03,헌릉로8길,00058,00000,4163749,02,11650,0,11650,개인,10900,내곡동,200000.0,2026-04-10
3841,101,서초롯데캐슬프레지던트,11650-4129,1681,8,2014,개인,,,"330,000",18,4,2026,중개거래,서울 서초구,149.45,6,1681-8,1,N,26.07.27,서초중앙로24길,00057,00000,4163710,01,11650,0,11650,개인,10800,서초동,330000.0,2026-04-18
3842,106,방배우성,11650-331,2525,0,1991,개인,,,"200,000",9,4,2026,중개거래,서울 서초구,80.2,10,2525,1,N,26.07.20,방배선행길,00001,00000,4163671,01,11650,0,11650,개인,10100,방배동,200000.0,2026-04-09
3843,방배디오슈페리움Ⅰ,방배디오슈페리움Ⅰ,11650-3343,3001,2,2006,개인,,,"173,000",15,4,2026,중개거래,서울 서초구,84.46,6,3001-2,1,N,26.07.24,서초대로,00003,00004,2121002,01,11650,0,11650,개인,10100,방배동,173000.0,2026-04-15
3844,,효산빌라트,11650-509,878,26,2003,개인,,,"140,000",8,4,2026,중개거래,서울 서초구,83.95,2,878-26,1,N,26.07.13,방배로26길,00044,00000,4163261,01,11650,0,11650,개인,10100,방배동,140000.0,2026-04-08
3845,,엠브이아파트,11650-199,46,0,1994,개인,,,"187,000",7,4,2026,중개거래,서울 서초구,59.82,18,46,1,N,26.04.27,고무래로10길,00039,00000,4163042,01,11650,0,11650,개인,10700,반포동,187000.0,2026-04-07
3846,105동,서초그랑자이,11650-4969,1757,0,2021,개인,,,"355,000",20,4,2026,중개거래,서울 서초구,59.98,31,1757,1,N,26.07.23,효령로,00391,00000,3121021,00,11650,,11650,개인,10800,서초동,355000.0,2026-04-20
3847,103,더샵서초,11650-3284,1445,14,2006,개인,,,"63,000",4,4,2026,중개거래,서울 서초구,33.06,24,1445-14,1,N,26.05.22,서초중앙로2길,00021,00000,4163718,01,11650,0,11650,개인,10800,서초동,63000.0,2026-04-04
3848,13,방배임광3차,11650-342,1010,1,1988,개인,,,"87,000",13,4,2026,직거래,,65.85,2,1010-1,1,N,26.05.15,방배로2길,00024,00005,4163264,01,11650,0,11650,개인,10100,방배동,87000.0,2026-04-13
3849,110,우성,11650-440,154,2,1991,개인,,,"200,000",2,4,2026,중개거래,서울 서초구,73.15,8,154-2,1,N,26.05.26,바우뫼로,00091,00000,3121009,01,11650,0,11650,개인,10200,양재동,200000.0,2026-04-02
3850,112,반포자이,11650-3500,20,43,2009,개인,,,"730,000",9,4,2026,중개거래,서울 서초구,194.515,6,20-43,1,N,26.06.24,신반포로,00270,00000,3121017,02,11650,0,11650,개인,10700,반포동,730000.0,2026-04-09
3851,케이티파라곤,서초파라곤,11650-3235,1327,29,2005,개인,,,"131,500",7,4,2026,중개거래,서울 서초구,84.98,12,1327-29,1,N,26.08.04,서초대로74길,00029,00000,4163433,01,11650,0,11650,개인,10800,서초동,131500.0,2026-04-07
3852,104,방배우성,11650-331,2525,0,1991,개인,,,"265,000",11,4,2026,중개거래,서울 서초구,117.19,10,2525,1,N,26.05.08,방배선행길,00001,00000,4163671,01,11650,0,11650,개인,10100,방배동,265000.0,2026-04-11
3853,,대림서초리시온,11650-605,1671,5,2003,개인,,,"60,000",14,4,2026,중개거래,서울 서초구,49.79,13,1671-5,1,N,26.05.21,서초중앙로22길,00025,00000,4163707,01,11650,0,11650,개인,10800,서초동,60000.0,2026-04-14
3854,102,서초극동스타클래스,11650-602,1616,10,2003,개인,,,"170,000",4,4,2026,중개거래,서울 서초구,84.3,3,1616-10,1,N,26.07.31,서리풀4길,00043,00000,4163368,01,11650,0,11650,개인,10800,서초동,170000.0,2026-04-04
3855,풍림아이원플러스,풍림아이원플러스,11650-701,1338,1,2004,개인,,,"28,000",14,4,2026,중개거래,서울 강남구,27.643,13,1338-1,1,N,26.04.16,효령로77길,00014,00000,4163659,01,11650,0,11650,개인,10800,서초동,28000.0,2026-04-14
3856,102,삼성래미안1,11650-503,2626,0,2003,개인,,,"203,000",13,4,2026,중개거래,서울 서초구,114.94,4,2626,1,N,26.07.31,방배선행길,00002,00000,4163671,01,11650,0,11650,개인,10100,방배동,203000.0,2026-04-13
3857,2,임광,11650-341,1015,0,1985,개인,,,"243,000",13,4,2026,중개거래,서울 서초구,84.78,11,1015,1,N,26.06.30,방배로,00014,00000,3121010,01,11650,0,11650,개인,10100,방배동,243000.0,2026-04-13
3858,101,삼성래미안1,11650-503,2626,0,2003,개인,,,"199,500",7,4,2026,중개거래,서울 서초구,84.91,7,2626,1,N,26.06.29,방배선행길,00002,00000,4163671,01,11650,0,11650,개인,10100,방배동,199500.0,2026-04-07
3859,,서초동아타워,11650-35,1321,6,1996,개인,,,"150,000",3,4,2026,중개거래,서울 서초구,142.31,12,1321-6,1,N,26.05.29,서운로,00138,00000,3121016,01,11650,0,11650,개인,10800,서초동,150000.0,2026-04-03
3860,118,래미안원베일리,11650-5126,1,0,2023,개인,,,"545,000",10,4,2026,중개거래,서울 서초구,84.95,3,1,1,N,26.07.02,반포대로,00333,00000,2121003,00,11650,,11650,개인,10700,반포동,545000.0,2026-04-10
3861,106,서리풀e편한세상,11650-3573,906,13,2010,개인,,,"250,000",10,4,2026,직거래,,84.97,3,906-13,1,N,26.08.03,효령로33길,00050,00000,4163633,01,11650,0,11650,개인,10100,방배동,250000.0,2026-04-10
3862,110,신반포2,11650-117,73,0,1978,개인,,,"410,000",10,4,2026,중개거래,서울 서초구,68.91,11,73,1,N,26.06.02,신반포로23길,00041,00000,4163452,01,11650,0,11650,개인,10600,잠원동,410000.0,2026-04-10
3863,5,한신,11650-145,56,3,1992,개인,,,"325,000",2,4,2026,중개거래,서울 서초구,84.52,2,56-3,1,N,26.05.27,잠원로,00150,00000,3121019,01,11650,0,11650,개인,10600,잠원동,325000.0,2026-04-02
3864,101,디에이치반포라클라스,11650-4959,1343,0,2021,개인,,,"347,000",10,4,2026,중개거래,서울 서초구,59.9928,14,1343,1,N,26.06.30,서초중앙로,00206,00000,3121024,00,11650,,11650,개인,10700,반포동,347000.0,2026-04-10
3865,101,킴스빌리지,11650-142,71,12,1996,개인,,,"148,000",13,4,2026,중개거래,서울 서초구,30.9,3,71-12,1,N,26.06.09,잠원로3길,00006,00000,4163527,01,11650,0,11650,개인,10600,잠원동,148000.0,2026-04-13
3866,107,동아,11650-102,157,0,2002,개인,,,"369,000",10,4,2026,중개거래,서울 서초구,84.91,14,157,1,N,26.08.31,신반포로33길,00015,00000,4163453,01,11650,0,11650,개인,10600,잠원동,369000.0,2026-04-10
3867,,한신트리플,11650-590,816,1,2004,개인,,,"31,000",12,4,2026,직거래,,39.31,3,816-1,1,N,26.05.18,방배로33길,00029,00000,4163268,01,11650,0,11650,개인,10100,방배동,31000.0,2026-04-12
3868,,방배씨티(보성),11650-302,836,1,2000,개인,,,"138,000",4,4,2026,중개거래,서울 서초구,74.16,2,836-1,1,N,26.07.02,서초대로23길,00074,00000,4163391,01,11650,0,11650,개인,10100,방배동,138000.0,2026-04-04
3869,B,현대ESA2,11650-601,1542,6,2003,개인,,,"205,000",11,4,2026,중개거래,서울 서초구,136.25,4,1542-6,1,N,26.09.01,반포대로,00122,00000,2121003,03,11650,0,11650,개인,10800,서초동,205000.0,2026-04-11
3870,,방배래미안타워,11650-759,485,3,2005,개인,26.07.29,O,"223,000",11,4,2026,중개거래,서울 서초구,103.34,4,485-3,1,N,,남부순환로,02183,00000,2000003,01,11650,0,11650,개인,10100,방배동,223000.0,2026-04-11
3871,112,반포자이,11650-3500,20,43,2009,개인,,,"650,000",11,4,2026,중개거래,서울 서초구,194.515,3,20-43,1,N,26.04.30,신반포로,00270,00000,3121017,02,11650,0,11650,개인,10700,반포동,650000.0,2026-04-11
3872,104,방배우성,11650-331,2525,0,1991,개인,,,"249,000",4,4,2026,중개거래,서울 서초구,117.19,11,2525,1,N,26.07.01,방배선행길,00001,00000,4163671,01,11650,0,11650,개인,10100,방배동,249000.0,2026-04-04
3873,110,우성,11650-440,154,2,1991,개인,,,"199,000",10,4,2026,중개거래,서울 서초구,73.15,2,154-2,1,N,26.07.02,바우뫼로,00091,00000,3121009,01,11650,0,11650,개인,10200,양재동,199000.0,2026-04-10
3874,1,아남,11650-54,1641,13,1989,개인,,,"193,000",10,4,2026,중개거래,"서울 강남구, 서울 서초구",71.1,3,1641-13,1,N,26.07.02,사임당로23길,00053,00000,4163318,01,11650,0,11650,개인,10800,서초동,193000.0,2026-04-10
3875,119,신반포16,11650-113,55,12,1983,법인,,,"207,119",3,4,2026,직거래,,52.32,7,55-12,1,N,26.04.08,잠원로,00157,00000,3121019,01,11650,0,11650,개인,10600,잠원동,207119.0,2026-04-03
3876,,엠브이아파트,11650-199,46,0,1994,개인,,,"201,000",8,4,2026,중개거래,서울 서초구,83.4,14,46,1,N,26.04.28,고무래로10길,00039,00000,4163042,01,11650,0,11650,개인,10700,반포동,201000.0,2026-04-08
3877,105,반포리체,11650-3617,30,26,2010,개인,,,"420,000",15,4,2026,중개거래,서울 서초구,106.148,24,30-26,1,N,26.07.28,고무래로,00035,00000,3121001,01,11650,0,11650,개인,10700,반포동,420000.0,2026-04-15
3878,108,서초래미안,11650-523,1682,0,2003,개인,,,"330,000",11,4,2026,중개거래,서울 서초구,111.32,6,1682,1,N,26.06.23,서초대로65길,00013,00010,4163425,01,11650,0,11650,개인,10800,서초동,330000.0,2026-04-11
3879,105,서리풀e편한세상,11650-3573,906,13,2010,개인,,,"301,000",4,4,2026,중개거래,서울 서초구,84.97,12,906-13,1,N,26.05.26,효령로33길,00050,00000,4163633,01,11650,0,11650,개인,10100,방배동,301000.0,2026-04-04
3880,1,삼풍아파트,11650-28,1685,0,1988,개인,,,"306,000",7,4,2026,중개거래,서울 서초구,79.47,4,1685,1,N,26.07.27,서초중앙로,00200,00000,3121024,03,11650,0,11650,개인,10800,서초동,306000.0,2026-04-07
3881,501,우성아파트,11650-60,1326,17,1998,개인,,,"258,500",8,4,2026,중개거래,서울 서초구,84.93,22,1326-17,1,N,26.08.07,서초대로74길,00030,00000,4163433,01,11650,0,11650,개인,10800,서초동,258500.0,2026-04-08
3882,105,반포센트럴자이,11650-4805,162,0,2020,개인,,,"500,000",1,4,2026,중개거래,서울 서초구,98.87,27,162,1,N,26.06.30,반포대로,00310,00006,2121003,01,11650,0,11650,개인,10600,잠원동,500000.0,2026-04-01
3883,,방배CJ나인빌1차,11650-762,889,5,2005,개인,,,"185,000",8,4,2026,중개거래,서울 서초구,137.3,4,889-5,1,N,26.05.20,방배로18길,00057,00013,4163254,01,11650,0,11650,개인,10100,방배동,185000.0,2026-04-08
3884,,몽마르뜨빌(577-3),11650-256,577,3,2002,개인,,,"97,000",8,4,2026,중개거래,서울 서초구,73.56,1,577-3,1,N,26.06.22,동광로,00158,00000,3121004,02,11650,0,11650,개인,10700,반포동,97000.0,2026-04-08
3885,,한신트리플,11650-590,816,1,2004,개인,,,"31,000",7,4,2026,직거래,,39.31,9,816-1,1,N,26.05.13,방배로33길,00029,00000,4163268,01,11650,0,11650,개인,10100,방배동,31000.0,2026-04-07
3886,502,서초5차e편한세상,11650-3225,1467,62,2005,개인,,,"258,000",6,4,2026,직거래,,158.24,13,1467-62,1,N,26.04.27,명달로4길,00030,00000,4163192,01,11650,0,11650,개인,10800,서초동,258000.0,2026-04-06
3887,102,한신타워,11650-150,71,11,1996,개인,,,"255,000",7,4,2026,중개거래,서울 서초구,59.4,14,71-11,1,N,26.07.30,잠원로3길,00008,00000,4163527,01,11650,0,11650,개인,10600,잠원동,255000.0,2026-04-07
3888,101,킴스빌리지,11650-142,71,12,1996,개인,,,"149,800",7,4,2026,중개거래,서울 서초구,30.9,15,71-12,1,N,26.05.26,잠원로3길,00006,00000,4163527,01,11650,0,11650,개인,10600,잠원동,149800.0,2026-04-07
3889,,서초동삼성쉐르빌2,11650-608,1330,0,2002,개인,,,"25,000",7,4,2026,중개거래,서울 서초구,35.22,3,1330,1,N,26.04.10,강남대로53길,00011,00000,4163026,01,11650,0,11650,개인,10800,서초동,25000.0,2026-04-07
3890,108,우성,11650-440,154,2,1991,개인,,,"200,000",6,4,2026,중개거래,서울 서초구,73.15,12,154-2,1,N,26.07.31,바우뫼로,00091,00000,3121009,01,11650,0,11650,개인,10200,양재동,200000.0,2026-04-06
3891,,대우아이빌,11650-101,42,13,2001,개인,,,"67,800",4,4,2026,중개거래,서울 서초구,34.72,9,42-13,1,N,,신반포로45길,00023,00000,4163459,01,11650,0,11650,개인,10600,잠원동,67800.0,2026-04-04
3892,101,방배1차현대홈타운,11650-290,1344,0,1999,개인,,,"210,000",2,4,2026,중개거래,서울 서초구,59.94,17,1344,1,N,26.05.29,서초대로1길,00030,00000,4163389,01,11650,0,11650,개인,10100,방배동,210000.0,2026-04-02
3893,,양재테크노2차,11650-661,6,13,2002,개인,,,"84,000",4,4,2026,중개거래,서울 강남구,114.38,1,6-13,1,N,26.05.07,바우뫼로43길,00023,00000,4163216,01,11650,0,11650,개인,10200,양재동,84000.0,2026-04-04
3894,109동,아크로리버파크,11650-4440,2,12,2016,개인,,,"530,000",4,4,2026,중개거래,서울 서초구,84.95,31,2-12,1,N,26.06.30,신반포로15길,00019,00000,4163450,00,11650,0,11650,개인,10700,반포동,530000.0,2026-04-04
3895,102,유원서초,11650-62,1687,0,1993,개인,,,"240,000",4,4,2026,중개거래,서울 서초구,84.82,1,1687,1,N,26.07.30,서초중앙로24길,00043,00000,4163710,01,11650,0,11650,개인,10800,서초동,240000.0,2026-04-04
3896,103,반포래미안아이파크,11650-4678,1341,0,2018,개인,,,"420,000",4,4,2026,중개거래,서울 서초구,84.93,7,1341,1,N,26.05.15,서초중앙로,00220,00000,3121024,02,11650,0,11650,개인,10700,반포동,420000.0,2026-04-04
3897,106,대림,11650-479,57,0,1995,개인,,,"219,000",2,4,2026,중개거래,서울 서초구,130.89,8,57,1,N,26.05.08,바우뫼로7길,00051,00000,4163219,01,11650,0,11650,개인,10300,우면동,219000.0,2026-04-02
3898,103,힐스테이트서초젠트리스,11650-4103,557,0,2014,개인,,,"200,000",4,4,2026,중개거래,서울 서초구,84.95,6,557,1,N,26.07.03,헌릉로8길,00010,00012,4163749,01,11650,0,11650,개인,11100,신원동,200000.0,2026-04-04
3899,101,방배1차현대홈타운,11650-290,1344,0,1999,개인,,,"223,000",4,4,2026,중개거래,서울 서초구,59.94,18,1344,1,N,26.07.24,서초대로1길,00030,00000,4163389,01,11650,0,11650,개인,10100,방배동,223000.0,2026-04-04
3900,101,신반포청구,11650-141,63,2,1998,개인,,,"290,000",4,4,2026,중개거래,서울 서초구,84.86,8,63-2,1,N,26.05.22,신반포로33길,00066,00000,4163453,01,11650,0,11650,개인,10600,잠원동,290000.0,2026-04-04
3901,101,디에이치반포라클라스,11650-4959,1343,0,2021,개인,,,"279,000",3,4,2026,중개거래,서울 서초구,50.9833,15,1343,1,N,26.05.28,서초중앙로,00206,00000,3121024,00,11650,,11650,개인,10700,반포동,279000.0,2026-04-03
3902,105,한라,11650-483,67,0,1994,개인,,,"151,500",2,4,2026,중개거래,서울 서초구,59.98,5,67,1,N,26.07.13,바우뫼로,00033,00000,3121009,02,11650,0,11650,개인,10300,우면동,151500.0,2026-04-02
3903,,아크로비스타,11650-724,1685,3,2004,개인,,,"350,000",22,4,2026,중개거래,서울 서초구,161.94,4,1685-3,1,N,,서초중앙로,00188,00000,3121024,03,11650,0,11650,개인,10800,서초동,350000.0,2026-04-22
3904,,그린씨티아파트1,11650-468,376,4,2003,개인,,,"128,000",1,4,2026,중개거래,서울 서초구,84.25,4,376-4,1,N,26.07.31,동산로10길,00019,00000,4163142,01,11650,0,11650,개인,10200,양재동,128000.0,2026-04-01
3905,114동,아크로리버파크,11650-4440,2,12,2016,개인,,,"850,000",1,4,2026,중개거래,서울 서초구,129.97,15,2-12,1,N,26.04.03,신반포로15길,00019,00000,4163450,00,11650,0,11650,개인,10700,반포동,850000.0,2026-04-01
3906,331,신반포19,11650-116,61,2,1982,개인,,,"300,000",18,5,2026,중개거래,서울 서초구,81.0,11,61-2,1,N,26.09.11,잠원로8길,00020,00000,4163529,01,11650,0,11650,개인,10600,잠원동,300000.0,2026-05-18
3907,110,반포래미안아이파크,11650-4678,1341,0,2018,개인,,,"540,000",19,5,2026,중개거래,서울 서초구,130.92,4,1341,1,N,26.09.07,서초중앙로,00220,00000,3121024,02,11650,0,11650,개인,10700,반포동,540000.0,2026-05-19
3908,,하늘바람,11650-746,1,56,2004,개인,,,"339,000",16,5,2026,중개거래,서울 서초구,243.93,1,1-56,1,N,26.09.07,사평대로12길,00065,00000,4163321,01,11650,0,11650,개인,10100,방배동,339000.0,2026-05-16
3909,119,반포자이,11650-3500,20,43,2009,개인,,,"645,000",11,5,2026,중개거래,"서울 강남구, 서울 서초구",165.446,14,20-43,1,N,26.08.31,신반포로,00270,00000,3121017,02,11650,0,11650,개인,10700,반포동,645000.0,2026-05-11
3910,102,유원서초,11650-62,1687,0,1993,개인,,,"260,000",6,5,2026,중개거래,서울 서초구,84.82,10,1687,1,N,26.08.31,서초중앙로24길,00043,00000,4163710,01,11650,0,11650,개인,10800,서초동,260000.0,2026-05-06
3911,107,롯데캐슬클래식,11650-3300,1312,3,2006,개인,,,"388,000",20,5,2026,중개거래,서울 서초구,133.45,9,1312-3,1,N,26.07.13,서운로,00197,00000,3121016,00,11650,,11650,개인,10800,서초동,388000.0,2026-05-20
3912,102동,아크로리버파크,11650-4440,2,12,2016,개인,,,"420,000",13,5,2026,중개거래,서울 서초구,59.98,17,2-12,1,N,26.07.15,신반포로15길,00019,00000,4163450,00,11650,0,11650,개인,10700,반포동,420000.0,2026-05-13
3913,105,디에이치반포라클라스,11650-4959,1343,0,2021,개인,,,"440,000",23,5,2026,중개거래,서울 서초구,84.9844,13,1343,1,N,26.08.13,서초중앙로,00206,00000,3121024,00,11650,,11650,개인,10700,반포동,440000.0,2026-05-23
3914,102,동고,11650-480,59,0,1995,개인,,,"160,000",1,5,2026,중개거래,서울 서초구,84.96,8,59,1,N,26.08.28,바우뫼로7길,00029,00000,4163219,01,11650,0,11650,개인,10300,우면동,160000.0,2026-05-01
3915,112동,아크로리버파크,11650-4440,2,12,2016,개인,,,"555,000",27,5,2026,중개거래,서울 서초구,84.95,8,2-12,1,N,26.09.08,신반포로15길,00019,00000,4163450,00,11650,0,11650,개인,10700,반포동,555000.0,2026-05-27
3916,102,래미안퍼스티지,11650-3559,18,1,2009,개인,,,"515,000",27,5,2026,중개거래,서울 서초구,84.93,15,18-1,1,N,26.09.02,반포대로,00275,00000,2121003,02,11650,0,11650,개인,10700,반포동,515000.0,2026-05-27
3917,101,래미안서초스위트,11650-3515,1301,6,2009,개인,,,"265,000",29,5,2026,중개거래,서울 서초구,59.9958,17,1301-6,1,N,26.08.18,서운로,00221,00000,3121016,01,11650,0,11650,개인,10800,서초동,265000.0,2026-05-29
3918,501,반포미도2차아파트,11650-173,60,5,1989,개인,,,"300,000",29,5,2026,중개거래,서울 서초구,71.49,5,60-5,1,N,26.08.31,사평대로,00240,00000,2121001,02,11650,0,11650,개인,10700,반포동,300000.0,2026-05-29
3919,,서초교대e편한세상,11650-3579,1686,9,2010,개인,,,"410,000",26,5,2026,중개거래,서울 서초구,136.44,8,1686-9,1,N,,서초중앙로24길,00033,00000,4163710,01,11650,0,11650,개인,10800,서초동,410000.0,2026-05-26
3920,,서초한신리빙타워,11650-44,1533,0,1999,개인,,,"80,000",30,5,2026,중개거래,서울 서초구,47.87,5,1533,1,N,26.06.29,효령로,00237,00000,3121021,02,11650,0,11650,개인,10800,서초동,80000.0,2026-05-30
3921,124,래미안퍼스티지,11650-3559,18,1,2009,개인,,,"770,000",30,5,2026,중개거래,서울 서초구,198.04,14,18-1,1,N,26.09.04,반포대로,00275,00000,2121003,02,11650,0,11650,개인,10700,반포동,770000.0,2026-05-30
3922,109,반포리체,11650-3617,30,26,2010,개인,,,"324,000",31,5,2026,중개거래,서울 서초구,59.994,22,30-26,1,N,26.08.20,고무래로,00035,00000,3121001,01,11650,0,11650,개인,10700,반포동,324000.0,2026-05-31
3923,104,방배아크로리버,11650-640,752,36,2004,개인,,,"262,000",21,5,2026,중개거래,서울 서초구,124.569,16,752-36,1,N,26.08.31,방배중앙로,00207,00010,3121011,01,11650,0,11650,개인,10100,방배동,262000.0,2026-05-21
3924,21,현대아파트,11650-85,1346,0,1989,개인,,,"175,500",28,5,2026,직거래,,84.34,8,1346,1,N,26.06.30,효령로68길,00013,00000,4163654,00,11650,,11650,개인,10800,서초동,175500.0,2026-05-28
3925,134,반포자이,11650-3500,20,43,2009,개인,,,"363,000",28,5,2026,중개거래,"서울 강남구, 서울 서초구",59.98,17,20-43,1,N,26.09.08,신반포로,00270,00000,3121017,02,11650,0,11650,개인,10700,반포동,363000.0,2026-05-28
3926,,신반포자이,11650-4675,160,0,2018,개인,,,"350,000",29,5,2026,중개거래,서울 서초구,59.93,6,160,1,N,,잠원로,00060,00000,3121019,01,11650,0,11650,개인,10600,잠원동,350000.0,2026-05-29
3927,109,반포리체,11650-3617,30,26,2010,개인,,,"330,000",30,5,2026,중개거래,서울 서초구,59.993,27,30-26,1,N,26.08.31,고무래로,00035,00000,3121001,01,11650,0,11650,개인,10700,반포동,330000.0,2026-05-30
3928,C,현대슈퍼빌,11650-519,1446,11,2003,개인,,,"265,000",11,5,2026,중개거래,서울 서초구,147.86,16,1446-11,1,N,26.08.21,서초중앙로,00015,00000,3121024,03,11650,0,11650,개인,10800,서초동,265000.0,2026-05-11
3929,205,신반포4,11650-125,70,0,1979,개인,,,"460,000",26,5,2026,중개거래,서울 서초구,105.44,9,70,1,N,26.09.09,잠원로,00037,00048,3121019,01,11650,0,11650,개인,10600,잠원동,460000.0,2026-05-26
3930,102,래미안서초스위트,11650-3515,1301,6,2009,개인,,,"295,000",1,5,2026,중개거래,"서울 서초구, 서울 송파구",84.9571,7,1301-6,1,N,26.08.31,서운로,00221,00000,3121016,01,11650,0,11650,개인,10800,서초동,295000.0,2026-05-01
3931,102동,아크로리버파크,11650-4440,2,12,2016,개인,,,"410,000",24,5,2026,중개거래,서울 서초구,59.98,20,2-12,1,N,26.09.04,신반포로15길,00019,00000,4163450,00,11650,0,11650,개인,10700,반포동,410000.0,2026-05-24
3932,111,서초더샵포레,11650-4063,411,0,2014,개인,,,"162,000",27,5,2026,중개거래,서울 서초구,59.69,10,411,1,N,26.08.28,헌릉로8길,00058,00000,4163749,02,11650,0,11650,개인,10900,내곡동,162000.0,2026-05-27
3933,101,신반포청구,11650-141,63,2,1998,개인,,,"315,000",23,5,2026,중개거래,서울 서초구,84.84,5,63-2,1,N,26.09.04,신반포로33길,00066,00000,4163453,01,11650,0,11650,개인,10600,잠원동,315000.0,2026-05-23
3934,104동,방배아트자이,11650-4706,3278,0,2018,개인,,,"234,500",22,5,2026,중개거래,서울 서초구,59.9938,3,3278,1,N,26.09.07,명달로9길,00057,00000,4163195,00,11650,0,11650,개인,10100,방배동,234500.0,2026-05-22
3935,105동,아크로리버뷰신반포,11650-4676,159,0,2018,개인,,,"452,000",27,5,2026,중개거래,서울 서초구,84.82,21,159,1,N,26.08.27,잠원로,00117,00000,3121019,00,11650,0,11650,개인,10600,잠원동,452000.0,2026-05-27
3936,112,신반포2,11650-117,73,0,1978,개인,,,"392,000",23,5,2026,중개거래,서울 서초구,68.91,8,73,1,N,26.08.31,신반포로23길,00041,00000,4163452,01,11650,0,11650,개인,10600,잠원동,392000.0,2026-05-23
3937,1,삼호1동~3동,11650-309,770,1,1975,개인,,,"213,500",25,5,2026,중개거래,서울 서초구,80.33,6,770-1,1,N,26.09.08,방배로43길,00005,00000,4163277,00,11650,,11650,개인,10100,방배동,213500.0,2026-05-25
3938,105,래미안방배아트힐(1008-2),11650-658,1008,2,2004,개인,,,"240,000",15,5,2026,직거래,,174.5,22,1008-2,1,N,26.06.16,남부순환로,02311,00012,2000003,01,11650,0,11650,개인,10100,방배동,240000.0,2026-05-15
3939,2,한신,11650-145,56,3,1992,개인,,,"340,000",30,5,2026,중개거래,서울 서초구,84.52,3,56-3,1,N,26.08.14,잠원로,00150,00000,3121019,01,11650,0,11650,개인,10600,잠원동,340000.0,2026-05-30
3940,,청광아트빌(14차),11650-350,482,4,2001,개인,,,"240,000",19,5,2026,중개거래,서울 서초구,244.84,14,482-4,1,N,26.09.07,남부순환로291길,00005,00000,4163054,01,11650,0,11650,개인,10100,방배동,240000.0,2026-05-19
3941,120,래미안퍼스티지,11650-3559,18,1,2009,개인,,,"500,000",22,5,2026,중개거래,서울 서초구,84.93,19,18-1,1,N,26.09.03,반포대로,00275,00000,2121003,02,11650,0,11650,개인,10700,반포동,500000.0,2026-05-22
3942,8,삼호2,11650-310,758,4,1976,개인,,,"275,000",30,5,2026,중개거래,"서울 동작구, 서울 서초구",127.94,5,758-4,1,N,26.09.09,방배로43길,00030,00000,4163277,01,11650,0,11650,개인,10100,방배동,275000.0,2026-05-30
3943,201,방배2차현대홈타운,11650-380,2001,0,2001,개인,,,"215,500",31,5,2026,중개거래,서울 서초구,59.86,5,2001,1,N,26.09.03,서초대로1길,00034,00000,4163389,01,11650,0,11650,개인,10100,방배동,215500.0,2026-05-31
3944,,반포래미안아이파크,11650-4678,1341,0,2018,개인,26.07.06,O,"540,000",19,5,2026,중개거래,서울 서초구,130.92,4,1341,1,N,,서초중앙로,00220,00000,3121024,02,11650,0,11650,개인,10700,반포동,540000.0,2026-05-19
3945,302,방배3차현대홈타운,11650-732,2233,0,2004,개인,,,"256,000",31,5,2026,중개거래,서울 서초구,122.825,10,2233,1,N,26.09.03,방배중앙로21길,00055,00000,4163677,01,11650,0,11650,개인,10100,방배동,256000.0,2026-05-31
3946,,잠원현대훼밀리,11650-138,59,3,1997,개인,,,"247,500",29,5,2026,중개거래,서울 서초구,59.56,4,59-3,1,N,26.09.08,신반포로,00261,00000,3121017,01,11650,0,11650,개인,10600,잠원동,247500.0,2026-05-29
3947,108,방배1차현대홈타운,11650-290,1344,0,1999,개인,,,"279,000",30,5,2026,중개거래,서울 서초구,134.76,3,1344,1,N,26.08.03,서초대로1길,00030,00000,4163389,01,11650,0,11650,개인,10100,방배동,279000.0,2026-05-30
3948,,파라다이스(477-7),11650-636,477,7,2004,개인,,,"146,000",29,5,2026,중개거래,서울 서초구,84.67,4,477-7,1,N,26.09.03,효령로4길,00013,00000,4163643,01,11650,0,11650,개인,10100,방배동,146000.0,2026-05-29
3949,,서초동삼성쉐르빌2,11650-608,1330,0,2002,개인,,,"63,000",23,5,2026,중개거래,서울 서초구,52.83,6,1330,1,N,,강남대로53길,00011,00000,4163026,01,11650,0,11650,개인,10800,서초동,63000.0,2026-05-23
3950,109,래미안원베일리,11650-5126,1,0,2023,개인,,,"480,000",27,5,2026,중개거래,서울 서초구,59.96,12,1,1,N,26.08.28,반포대로,00333,00000,2121003,00,11650,,11650,개인,10700,반포동,480000.0,2026-05-27
3951,101,유원서초,11650-62,1687,0,1993,개인,,,"265,000",19,5,2026,중개거래,서울 서초구,84.82,15,1687,1,N,26.08.20,서초중앙로24길,00043,00000,4163710,01,11650,0,11650,개인,10800,서초동,265000.0,2026-05-19
3952,123,래미안원베일리,11650-5126,1,0,2023,개인,,,"650,000",25,5,2026,중개거래,서울 서초구,84.98,14,1,1,N,26.08.27,반포대로,00333,00000,2121003,00,11650,,11650,개인,10700,반포동,650000.0,2026-05-25
3953,202,서초힐스,11650-3821,773,0,2012,개인,,,"184,000",26,5,2026,중개거래,서울 서초구,74.97,24,773,1,N,26.09.07,양재대로2길,00090,00000,4163748,01,11650,0,11650,개인,10300,우면동,184000.0,2026-05-26
3954,7,삼풍아파트,11650-28,1685,0,1988,개인,,,"305,000",22,5,2026,중개거래,서울 서초구,79.47,7,1685,1,N,26.09.01,서초중앙로,00200,00000,3121024,03,11650,0,11650,개인,10800,서초동,305000.0,2026-05-22
3955,310,서초네이처힐3단지,11650-3864,717,0,2013,개인,,,"218,000",31,5,2026,중개거래,서울 서초구,114.79,6,717,1,N,26.09.08,태봉로2길,00060,00000,4163582,01,11650,0,11650,개인,10300,우면동,218000.0,2026-05-31
3956,308,서초네이처힐3단지,11650-3864,717,0,2013,개인,,,"185,000",19,5,2026,중개거래,서울 서초구,84.61,16,717,1,N,26.06.30,태봉로2길,00060,00000,4163582,01,11650,0,11650,개인,10300,우면동,185000.0,2026-05-19
3957,103동,방배아트자이,11650-4706,3278,0,2018,개인,,,"244,000",18,5,2026,중개거래,서울 서초구,59.9775,13,3278,1,N,26.08.31,명달로9길,00057,00000,4163195,00,11650,0,11650,개인,10100,방배동,244000.0,2026-05-18
3958,,래미안신반포팰리스,11650-4439,158,0,2016,개인,,,"520,000",26,5,2026,중개거래,서울 서초구,133.06,17,158,1,N,,잠원로8길,00035,00000,4163529,00,11650,0,11650,개인,10600,잠원동,520000.0,2026-05-26
3959,,황실자이,11650-3255,883,9,2005,개인,,,"325,000",23,5,2026,중개거래,서울 서초구,163.588,11,883-9,1,N,,서초대로,00156,00000,2121002,01,11650,0,11650,개인,10100,방배동,325000.0,2026-05-23
3960,,메이플자이,11650-6434,60,3,2025,개인,,,"370,000",16,5,2026,중개거래,서울 서초구,59.5368,18,60-3,1,N,,신반포로,00253,00000,3121017,00,11650,,11650,개인,10600,잠원동,370000.0,2026-05-16
3961,,방배아트자이,11650-4706,3278,0,2018,개인,,,"258,500",9,5,2026,중개거래,"서울 강남구, 서울 서초구",59.9938,4,3278,1,N,,명달로9길,00057,00000,4163195,00,11650,0,11650,개인,10100,방배동,258500.0,2026-05-09
3962,,루이스캐슬,11650-3332,478,8,2006,개인,,,"150,000",15,5,2026,중개거래,"서울 서초구, 인천 영종구",114.46,4,478-8,1,N,26.08.20,효령로4길,00010,00000,4163643,01,11650,0,11650,개인,10100,방배동,150000.0,2026-05-15
3963,2,삼호1동~3동,11650-309,770,1,1975,개인,,,"230,000",15,5,2026,중개거래,서울 서초구,81.39,6,770-1,1,N,26.09.01,방배로43길,00021,00000,4163277,01,11650,0,11650,개인,10100,방배동,230000.0,2026-05-15
3964,106,신반포자이,11650-4675,160,0,2018,개인,,,"350,000",8,5,2026,중개거래,서울 서초구,59.93,8,160,1,N,26.09.08,잠원로,00060,00000,3121019,01,11650,0,11650,개인,10600,잠원동,350000.0,2026-05-08
3965,102,반포힐스테이트,11650-3687,16,6,2012,개인,,,"475,000",16,5,2026,중개거래,서울 서초구,84.77,21,16-6,1,N,26.07.24,신반포로16길,00015,00020,4163754,01,11650,0,11650,개인,10700,반포동,475000.0,2026-05-16
3966,C,현대슈퍼빌,11650-519,1446,11,2003,개인,,,"265,000",19,5,2026,중개거래,서울 서초구,147.86,14,1446-11,1,N,26.08.24,서초중앙로,00015,00000,3121024,03,11650,0,11650,개인,10800,서초동,265000.0,2026-05-19
3967,,서초센트럴IPARK,11650-4827,1582,3,2020,개인,,,"211,000",23,5,2026,중개거래,서울 서초구,80.5981,13,1582-3,1,N,,반포대로18길,00036,00000,4163228,00,11650,0,11650,개인,10800,서초동,211000.0,2026-05-23
3968,6,삼호2,11650-310,758,4,1976,개인,,,"272,500",30,5,2026,중개거래,서울 서초구,131.41,9,758-4,1,N,26.09.08,방배로43길,00002,00000,4163277,01,11650,0,11650,개인,10100,방배동,272500.0,2026-05-30
3969,105,서초더샵포레,11650-4063,411,0,2014,개인,,,"192,500",25,5,2026,중개거래,서울 서초구,114.62,4,411,1,N,26.09.14,헌릉로8길,00058,00000,4163749,02,11650,0,11650,개인,10900,내곡동,192500.0,2026-05-25
3970,101,미영(101),11650-525,6,29,2003,개인,,,"79,000",26,5,2026,중개거래,서울 서초구,83.19,2,6-29,1,N,26.06.19,논현로31길,00024,00015,4163098,01,11650,0,11650,개인,10200,양재동,79000.0,2026-05-26
3971,101동,서초센트럴IPARK,11650-4827,1582,3,2020,개인,,,"229,000",23,5,2026,중개거래,"서울 강남구, 서울 서초구",80.5154,33,1582-3,1,N,26.08.20,반포대로18길,00036,00000,4163228,00,11650,0,11650,개인,10800,서초동,229000.0,2026-05-23
3972,,메이플자이,11650-6434,60,3,2025,개인,,,"505,000",22,5,2026,중개거래,서울 서초구,84.8456,18,60-3,1,N,,신반포로,00253,00000,3121017,00,11650,,11650,개인,10600,잠원동,505000.0,2026-05-22
3973,104,한라,11650-483,67,0,1994,개인,,,"158,500",15,5,2026,중개거래,서울 서초구,59.98,1,67,1,N,26.09.11,바우뫼로,00033,00000,3121009,02,11650,0,11650,개인,10300,우면동,158500.0,2026-05-15
3974,103,반포르엘,11650-5015,163,0,2022,개인,,,"468,000",22,5,2026,중개거래,서울 서초구,84.1127,16,163,1,N,26.06.30,신반포로23길,00023,00000,4163452,01,11650,0,11650,개인,10600,잠원동,468000.0,2026-05-22
3975,103,코오롱,11650-482,70,0,1994,개인,,,"162,000",23,5,2026,중개거래,서울 서초구,52.47,3,70,1,N,26.09.08,바우뫼로,00053,00000,3121009,02,11650,0,11650,개인,10300,우면동,162000.0,2026-05-23
3976,,메이플자이,11650-6434,60,3,2025,개인,,,"670,000",22,5,2026,중개거래,"서울 강남구, 서울 서초구",135.141,3,60-3,1,N,,신반포로,00253,00000,3121017,00,11650,,11650,개인,10600,잠원동,670000.0,2026-05-22
3977,,서초대우,11650-34,1467,3,2000,개인,,,"157,200",29,5,2026,중개거래,서울 서초구,185.09,9,1467-3,1,N,26.07.10,명달로,00020,00000,3121008,02,11650,0,11650,개인,10800,서초동,157200.0,2026-05-29
3978,,정광아파트,11650-693,107,19,2004,개인,,,"124,000",12,5,2026,중개거래,서울 서초구,83.95,1,107-19,1,N,26.08.12,사평대로18길,00019,00000,4163324,01,11650,0,11650,개인,10700,반포동,124000.0,2026-05-12
3979,101동,서초그랑자이,11650-4969,1757,0,2021,개인,,,"383,000",20,5,2026,중개거래,서울 서초구,84.51,24,1757,1,N,26.07.29,효령로,00391,00000,3121021,00,11650,,11650,개인,10800,서초동,383000.0,2026-05-20
3980,,서초이오빌,11650-521,1593,7,2003,개인,,,"39,000",9,5,2026,중개거래,서울 서초구,45.96,12,1593-7,1,N,26.07.20,효령로53길,00045,00000,4163646,01,11650,0,11650,개인,10800,서초동,39000.0,2026-05-09
3981,,서초이오빌,11650-521,1593,7,2003,개인,,,"40,000",7,5,2026,중개거래,서울 서초구,43.2,19,1593-7,1,N,26.08.28,효령로53길,00045,00000,4163646,01,11650,0,11650,개인,10800,서초동,40000.0,2026-05-07
3982,,한신트리플,11650-590,816,1,2004,개인,,,"40,500",8,5,2026,중개거래,서울 서초구,39.31,7,816-1,1,N,26.06.05,방배로33길,00029,00000,4163268,01,11650,0,11650,개인,10100,방배동,40500.0,2026-05-08
3983,103,코오롱,11650-482,70,0,1994,개인,,,"160,000",13,5,2026,중개거래,서울 서초구,52.47,6,70,1,N,26.09.01,바우뫼로,00053,00000,3121009,02,11650,0,11650,개인,10300,우면동,160000.0,2026-05-13
3984,104,동고,11650-480,59,0,1995,개인,,,"167,500",15,5,2026,중개거래,서울 서초구,77.14,11,59,1,N,26.07.31,바우뫼로7길,00029,00000,4163219,01,11650,0,11650,개인,10300,우면동,167500.0,2026-05-15
3985,102,래미안퍼스티지,11650-3559,18,1,2009,개인,,,"520,000",13,5,2026,중개거래,서울 서초구,84.93,23,18-1,1,N,26.09.01,반포대로,00275,00000,2121003,02,11650,0,11650,개인,10700,반포동,520000.0,2026-05-13
3986,,방배비젼21빌라트,11650-294,849,2,2000,개인,,,"205,000",28,5,2026,중개거래,서울 서초구,187.34,2,849-2,1,N,26.08.24,방배로28길,00046,00000,4163263,01,11650,0,11650,개인,10100,방배동,205000.0,2026-05-28
3987,B,중앙하이츠,11650-139,71,17,1998,개인,,,"270,000",30,5,2026,중개거래,서울 서초구,75.44,3,71-17,1,N,26.08.24,잠원로3길,00020,00000,4163527,01,11650,0,11650,개인,10600,잠원동,270000.0,2026-05-30
3988,,메이플자이,11650-6434,60,3,2025,개인,,,"372,000",16,5,2026,중개거래,서울 서초구,59.1662,17,60-3,1,N,,신반포로,00253,00000,3121017,00,11650,,11650,개인,10600,잠원동,372000.0,2026-05-16
3989,107,방배1차현대홈타운,11650-290,1344,0,1999,개인,,,"230,000",20,5,2026,중개거래,서울 서초구,59.94,9,1344,1,N,26.09.01,서초대로1길,00030,00000,4163389,01,11650,0,11650,개인,10100,방배동,230000.0,2026-05-20
3990,,메이플자이,11650-6434,60,3,2025,개인,,,"540,000",12,5,2026,중개거래,서울 서초구,99.7128,22,60-3,1,N,,신반포로,00251,00000,3121017,00,11650,,11650,개인,10600,잠원동,540000.0,2026-05-12
3991,,대림,11650-479,57,0,1995,개인,,,"225,000",8,5,2026,중개거래,서울 서초구,130.89,7,57,1,N,,바우뫼로7길,00051,00000,4163219,01,11650,0,11650,개인,10300,우면동,225000.0,2026-05-08
3992,102,서초현대,11650-46,1648,2,1999,개인,,,"169,000",25,5,2026,중개거래,서울 강남구,53.01,15,1648-2,1,N,26.08.20,사임당로19길,00010,00000,4163315,01,11650,0,11650,개인,10800,서초동,169000.0,2026-05-25
3993,,두산위브(1362),11650-3250,1362,0,2005,개인,,,"125,500",23,5,2026,중개거래,서울 강남구,78.63,15,1362,1,N,,강남대로39길,00005,00000,4163018,01,11650,0,11650,개인,10800,서초동,125500.0,2026-05-23
3994,502,서초포레스타5단지,11650-4026,579,0,2014,개인,,,"168,000",7,5,2026,중개거래,서울 서초구,59.93,7,579,1,N,26.06.18,청계산로7길,00043,00000,4163750,01,11650,0,11650,개인,11100,신원동,168000.0,2026-05-07
3995,,메이플자이,11650-6434,60,3,2025,개인,,,"660,000",8,5,2026,중개거래,서울 서초구,135.141,12,60-3,1,N,,신반포로,00251,00000,3121017,00,11650,,11650,개인,10600,잠원동,660000.0,2026-05-08
3996,117,래미안퍼스티지,11650-3559,18,1,2009,개인,,,"805,000",6,5,2026,중개거래,서울 서초구,198.04,13,18-1,1,N,26.09.03,반포대로,00275,00000,2121003,02,11650,0,11650,개인,10700,반포동,805000.0,2026-05-06
3997,107동,래미안신반포팰리스,11650-4439,158,0,2016,개인,,,"400,000",21,5,2026,중개거래,서울 서초구,84.49,8,158,1,N,26.09.08,잠원로8길,00035,00000,4163529,00,11650,0,11650,개인,10600,잠원동,400000.0,2026-05-21
3998,108동,서초그랑자이,11650-4969,1757,0,2021,개인,,,"400,000",29,5,2026,중개거래,"서울 서초구, 인천 영종구",84.51,11,1757,1,N,26.09.01,효령로,00391,00000,3121021,00,11650,,11650,개인,10800,서초동,400000.0,2026-05-29
3999,108,서초더샵포레,11650-4063,411,0,2014,개인,,,"198,000",29,5,2026,중개거래,서울 서초구,114.71,12,411,1,N,26.09.04,헌릉로8길,00058,00000,4163749,02,11650,0,11650,개인,10900,내곡동,198000.0,2026-05-29
4000,102,서초동아이파크,11650-517,1436,14,2003,개인,,,"250,000",27,5,2026,중개거래,서울 서초구,164.83,8,1436-14,1,N,26.07.16,효령로68길,00033,00000,4163654,01,11650,0,11650,개인,10800,서초동,250000.0,2026-05-27
4001,107동,아크로리버파크,11650-4440,2,12,2016,개인,,,"440,000",7,5,2026,중개거래,서울 서초구,59.98,19,2-12,1,N,26.09.01,신반포로15길,00019,00000,4163450,00,11650,0,11650,개인,10700,반포동,440000.0,2026-05-07
4002,113,서초래미안,11650-523,1682,0,2003,개인,,,"281,000",20,5,2026,중개거래,서울 서초구,84.95,9,1682,1,N,26.09.04,서초대로65길,00013,00010,4163425,01,11650,0,11650,개인,10800,서초동,281000.0,2026-05-20
4003,102,롯데캐슬클래식,11650-3300,1312,3,2006,개인,,,"302,000",21,5,2026,중개거래,서울 서초구,84.98,10,1312-3,1,N,26.08.25,서운로,00197,00000,3121016,00,11650,,11650,개인,10800,서초동,302000.0,2026-05-21
4004,110,우성,11650-440,154,2,1991,개인,,,"195,000",29,5,2026,중개거래,서울 서초구,73.15,11,154-2,1,N,26.06.16,바우뫼로,00091,00000,3121009,01,11650,0,11650,개인,10200,양재동,195000.0,2026-05-29
4005,7,삼호2,11650-310,758,4,1976,개인,,,"279,000",18,5,2026,중개거래,서울 서초구,131.41,5,758-4,1,N,26.08.03,방배로43길,00002,00000,4163277,01,11650,0,11650,개인,10100,방배동,279000.0,2026-05-18
4006,119,래미안퍼스티지,11650-3559,18,1,2009,개인,,,"730,000",6,5,2026,중개거래,서울 서초구,168.65,29,18-1,1,N,26.09.01,반포대로,00275,00000,2121003,02,11650,0,11650,개인,10700,반포동,730000.0,2026-05-06
4007,10,삼풍아파트,11650-28,1685,0,1988,개인,,,"422,500",29,5,2026,중개거래,서울 서초구,130.73,4,1685,1,N,26.09.04,서초중앙로,00200,00000,3121024,03,11650,0,11650,개인,10800,서초동,422500.0,2026-05-29
4008,102,래미안원베일리,11650-5126,1,0,2023,개인,,,"715,000",29,5,2026,중개거래,서울 서초구,84.98,13,1,1,N,26.09.02,반포대로,00333,00000,2121003,00,11650,,11650,개인,10700,반포동,715000.0,2026-05-29
4009,3,임광,11650-341,1015,0,1985,개인,,,"279,000",29,5,2026,중개거래,서울 서초구,136.38,8,1015,1,N,26.08.27,방배로,00014,00000,3121010,01,11650,0,11650,개인,10100,방배동,279000.0,2026-05-29
4010,주건축물제1동,지에스타워,11650-4967,1675,10,2022,개인,,,"43,700",18,5,2026,중개거래,서울 서초구,26.05,7,1675-10,1,N,26.06.12,서초대로58길,00018,00000,4163421,00,11650,0,11650,개인,10800,서초동,43700.0,2026-05-18
4011,,서초이오빌,11650-521,1593,7,2003,개인,,,"30,550",6,5,2026,중개거래,서울 서초구,36.66,21,1593-7,1,N,26.06.08,효령로53길,00045,00000,4163646,01,11650,0,11650,개인,10800,서초동,30550.0,2026-05-06
4012,,반포쎄레노아파트,11650-699,742,10,2002,개인,,,"93,000",30,5,2026,중개거래,"서울 서초구, 인천 계양구",80.04,2,742-10,1,N,26.07.30,주흥3길,00017,00000,4163555,01,11650,0,11650,개인,10700,반포동,93000.0,2026-05-30
4013,109,반포리체,11650-3617,30,26,2010,개인,,,"342,000",6,5,2026,중개거래,서울 서초구,59.993,9,30-26,1,N,26.08.25,고무래로,00035,00000,3121001,01,11650,0,11650,개인,10700,반포동,342000.0,2026-05-06
4014,1,한신로얄,11650-147,63,34,1992,개인,,,"275,000",14,5,2026,중개거래,서울 서초구,81.23,9,63-34,1,N,26.09.07,신반포로33길,00064,00000,4163453,01,11650,0,11650,개인,10600,잠원동,275000.0,2026-05-14
4015,다,방배신삼호,11650-323,725,0,1983,개인,,,"425,000",14,5,2026,중개거래,서울 서초구,185.46,1,725,1,N,26.09.08,방배로,00270,00000,3121010,01,11650,0,11650,개인,10100,방배동,425000.0,2026-05-14
4016,102,동아,11650-102,157,0,2002,개인,,,"340,000",29,5,2026,중개거래,서울 서초구,84.91,10,157,1,N,26.09.07,신반포로33길,00015,00000,4163453,01,11650,0,11650,개인,10600,잠원동,340000.0,2026-05-29
4017,B,아크로비스타,11650-724,1685,3,2004,개인,,,"380,000",29,5,2026,중개거래,서울 서초구,220.55,6,1685-3,1,N,26.06.01,서초중앙로,00188,00000,3121024,03,11650,0,11650,법인,10800,서초동,380000.0,2026-05-29
4018,106,디에이치반포라클라스,11650-4959,1343,0,2021,개인,,,"350,000",29,5,2026,중개거래,서울 서초구,59.9897,23,1343,1,N,26.06.29,서초중앙로,00206,00000,3121024,00,11650,,11650,개인,10700,반포동,350000.0,2026-05-29
4019,201,반포르엘2차,11650-5036,164,0,2022,개인,,,"452,000",23,5,2026,중개거래,서울 서초구,84.1269,33,164,1,N,26.08.05,신반포로23길,00033,00000,4163452,01,11650,0,11650,개인,10600,잠원동,452000.0,2026-05-23
4020,108,래미안원베일리,11650-5126,1,0,2023,개인,,,"749,000",23,5,2026,중개거래,서울 서초구,116.95,2,1,1,N,26.08.06,반포대로,00333,00000,2121003,00,11650,,11650,개인,10700,반포동,749000.0,2026-05-23
4021,102,신반포청구,11650-141,63,2,1998,개인,,,"271,000",30,5,2026,중개거래,서울 서초구,59.91,9,63-2,1,N,26.09.01,신반포로33길,00066,00000,4163453,01,11650,0,11650,개인,10600,잠원동,271000.0,2026-05-30
4022,331,신반포19,11650-116,61,2,1982,개인,,,"380,000",8,5,2026,중개거래,서울 서초구,107.93,5,61-2,1,N,26.09.07,잠원로8길,00020,00000,4163529,01,11650,0,11650,개인,10600,잠원동,380000.0,2026-05-08
4023,301,신반포7,11650-128,65,32,1980,개인,,,"340,000",29,5,2026,중개거래,서울 서초구,107.55,1,65-32,1,N,26.08.21,잠원로,00088,00000,3121019,01,11650,0,11650,개인,10600,잠원동,340000.0,2026-05-29
4024,,방배대우디오빌,11650-3191,866,20,2005,개인,,,"29,500",7,5,2026,중개거래,서울 서초구,29.6,19,866-20,1,N,26.07.16,서초대로,00017,00000,2121002,01,11650,0,11650,개인,10100,방배동,29500.0,2026-05-07
4025,101,우솔마을서초리슈빌S아파트,11650-4065,764,0,2014,개인,,,"34,000",30,5,2026,중개거래,서울 서초구,30.89,4,764,1,N,26.08.14,양재대로2길,00100,00011,4163748,01,11650,0,11650,개인,10300,우면동,34000.0,2026-05-30
4026,,두산위브(1362),11650-3250,1362,0,2005,개인,,,"130,000",30,5,2026,중개거래,서울 서초구,78.63,14,1362,1,N,26.07.15,강남대로39길,00005,00000,4163018,01,11650,0,11650,개인,10800,서초동,130000.0,2026-05-30
4027,404,호반써밋서초파크,11650-3974,788,0,2013,개인,,,"143,000",30,5,2026,중개거래,서울 서초구,51.89,1,788,1,N,26.08.27,양재대로2길,00033,00000,4163748,01,11650,0,11650,개인,10300,우면동,143000.0,2026-05-30
4028,,메이플자이,11650-6434,60,3,2025,개인,,,"418,000",4,5,2026,중개거래,서울 서초구,59.1662,30,60-3,1,N,,신반포로,00251,00000,3121017,00,11650,,11650,개인,10600,잠원동,418000.0,2026-05-04
4029,201,서초푸르지오써밋,11650-4550,1311,10,2017,개인,,,"290,000",30,5,2026,중개거래,서울 서초구,59.92,13,1311-10,1,N,26.08.31,서운로,00212,00000,3121016,01,11650,0,11650,개인,10800,서초동,290000.0,2026-05-30
4030,102,디에이치반포라클라스,11650-4959,1343,0,2021,개인,,,"355,000",8,5,2026,중개거래,서울 서초구,59.9897,28,1343,1,N,26.08.31,서초중앙로,00206,00000,3121024,00,11650,,11650,개인,10700,반포동,355000.0,2026-05-08
4031,,래미안서초스위트,11650-3515,1301,6,2009,개인,26.06.23,O,"265,000",29,5,2026,중개거래,서울 서초구,59.9958,17,1301-6,1,N,,서운로,00221,00000,3121016,01,11650,0,11650,개인,10800,서초동,265000.0,2026-05-29
4032,109동,아크로리버파크,11650-4440,2,12,2016,개인,,,"710,000",28,5,2026,중개거래,서울 서초구,129.92,4,2-12,1,N,26.09.03,신반포로15길,00019,00000,4163450,00,11650,0,11650,개인,10700,반포동,710000.0,2026-05-28
4033,래미안 서초유니빌,래미안서초유니빌,11650-518,1445,4,2003,개인,,,"39,800",28,5,2026,중개거래,서울 서초구,34.052,11,1445-4,1,N,26.06.30,서초중앙로,00026,00000,3121024,03,11650,0,11650,개인,10800,서초동,39800.0,2026-05-28
4034,,한신트리플,11650-590,816,1,2004,개인,,,"41,700",29,5,2026,중개거래,서울 서초구,39.31,9,816-1,1,N,26.06.05,방배로33길,00029,00000,4163268,01,11650,0,11650,개인,10100,방배동,41700.0,2026-05-29
4035,503,반포미도2차아파트,11650-173,60,5,1989,개인,,,"286,000",8,5,2026,중개거래,서울 서초구,71.49,14,60-5,1,N,26.07.20,사평대로,00240,00000,2121001,02,11650,0,11650,개인,10700,반포동,286000.0,2026-05-08
4036,503,삼호가든맨션(5차),11650-196,30,1,1986,개인,,,"390,000",7,5,2026,중개거래,"서울 노원구, 서울 서초구",142.11,4,30-1,1,N,26.09.03,서초중앙로,00242,00000,3121024,02,11650,0,11650,개인,10700,반포동,390000.0,2026-05-07
4037,,서초아트래디앙,11650-5111,1582,16,2023,개인,,,"147,500",27,5,2026,직거래,,56.92,8,1582-16,1,N,26.08.20,반포대로18길,00013,00003,4163228,00,11650,0,11650,개인,10800,서초동,147500.0,2026-05-27
4038,,메이플자이,11650-6434,60,3,2025,개인,,,"415,000",5,5,2026,중개거래,서울 서초구,59.5368,21,60-3,1,N,,신반포로,00253,00000,3121017,00,11650,,11650,개인,10600,잠원동,415000.0,2026-05-05
4039,7차,상지리츠빌(7),11650-3254,1491,1,2005,개인,,,"225,000",21,5,2026,중개거래,서울 강남구,223.25,5,1491-1,1,N,26.08.21,명달로13길,00025,00000,4163182,01,11650,0,11650,개인,10800,서초동,225000.0,2026-05-21
4040,104동,아크로리버뷰신반포,11650-4676,159,0,2018,개인,,,"450,000",13,5,2026,중개거래,"서울 서초구, 서울 용산구",78.48,18,159,1,N,26.09.08,잠원로,00117,00000,3121019,00,11650,0,11650,개인,10600,잠원동,450000.0,2026-05-13
4041,102,서초한신,11650-43,1454,29,2001,개인,,,"185,000",28,5,2026,중개거래,서울 서초구,85.0,2,1454-29,1,N,26.09.02,남부순환로323길,00038,00016,4163071,00,11650,,11650,개인,10800,서초동,185000.0,2026-05-28
4042,103동,래미안신반포팰리스,11650-4439,158,0,2016,개인,,,"467,000",1,5,2026,중개거래,서울 서초구,104.03,17,158,1,N,26.08.21,잠원로8길,00035,00000,4163529,00,11650,0,11650,개인,10600,잠원동,467000.0,2026-05-01
4043,105,래미안원베일리,11650-5126,1,0,2023,개인,,,"590,000",28,5,2026,중개거래,서울 서초구,84.98,16,1,1,N,26.09.09,반포대로,00333,00000,2121003,00,11650,,11650,개인,10700,반포동,590000.0,2026-05-28
4044,206,서초힐스,11650-3821,773,0,2012,개인,,,"177,000",28,5,2026,중개거래,서울 서초구,59.89,23,773,1,N,26.09.15,양재대로2길,00090,00000,4163748,01,11650,0,11650,개인,10300,우면동,177000.0,2026-05-28
4045,101,대성유니드,11650-607,1641,3,2004,개인,,,"198,000",21,5,2026,중개거래,서울 서초구,122.111,1,1641-3,1,N,26.09.09,서초대로64길,00036,00000,4163424,01,11650,0,11650,개인,10800,서초동,198000.0,2026-05-21
4046,,방배대우디오빌,11650-3191,866,20,2005,개인,,,"28,700",27,5,2026,중개거래,"서울 동작구, 서울 서초구",29.6,9,866-20,1,N,26.07.22,서초대로,00017,00000,2121002,01,11650,0,11650,개인,10100,방배동,28700.0,2026-05-27
4047,,래미안서초유니빌,11650-518,1445,4,2003,개인,,,"82,000",9,5,2026,중개거래,서울 서초구,66.415,21,1445-4,1,N,,서초중앙로,00026,00000,3121024,03,11650,0,11650,개인,10800,서초동,82000.0,2026-05-09
4048,101,서초동현대리츠빌,11650-741,1359,0,2002,개인,,,"245,000",4,5,2026,중개거래,서울 서초구,163.51,8,1359,1,N,26.08.11,강남대로43길,00051,00000,4163020,01,11650,0,11650,개인,10800,서초동,245000.0,2026-05-04
4049,2,삼호1동~3동,11650-309,770,1,1975,개인,,,"225,000",23,5,2026,중개거래,서울 서초구,81.39,10,770-1,1,N,26.09.04,방배로43길,00021,00000,4163277,01,11650,0,11650,개인,10100,방배동,225000.0,2026-05-23
4050,112,롯데캐슬클래식,11650-3300,1312,3,2006,개인,,,"275,000",21,5,2026,중개거래,서울 서초구,74.3,15,1312-3,1,N,26.09.07,서운로,00200,00000,3121016,01,11650,0,11650,개인,10800,서초동,275000.0,2026-05-21
4051,,방배대우디오빌,11650-3191,866,20,2005,개인,,,"27,500",2,5,2026,중개거래,서울 서초구,29.6,6,866-20,1,N,26.07.14,서초대로,00017,00000,2121002,01,11650,0,11650,개인,10100,방배동,27500.0,2026-05-02
4052,,메이플자이,11650-6434,60,3,2025,개인,,,"398,000",8,5,2026,중개거래,서울 서초구,59.1662,17,60-3,1,N,,신반포로,00251,00000,3121017,00,11650,,11650,개인,10600,잠원동,398000.0,2026-05-08
4053,13,삼풍아파트,11650-28,1685,0,1988,개인,,,"420,000",20,5,2026,중개거래,"서울 서초구, 서울 중구",130.73,11,1685,1,N,26.06.19,서초중앙로,00200,00000,3121024,03,11650,0,11650,개인,10800,서초동,420000.0,2026-05-20
4054,103,대림e-편한세상1,11650-511,884,21,2003,개인,,,"268,000",17,5,2026,중개거래,서울 서초구,164.25,13,884-21,1,N,26.08.31,서초대로34길,00034,00000,4163403,01,11650,0,11650,개인,10100,방배동,268000.0,2026-05-17
4055,129,반포자이,11650-3500,20,43,2009,개인,,,"710,000",8,5,2026,중개거래,서울 서초구,194.692,9,20-43,1,N,26.09.04,신반포로,00270,00000,3121017,02,11650,0,11650,개인,10700,반포동,710000.0,2026-05-08
4056,110동,래미안 리더스원,11650-4887,1755,0,2020,개인,,,"308,000",19,5,2026,중개거래,서울 서초구,59.96,26,1755,1,N,26.08.31,서운로,00062,00000,3121016,00,11650,,11650,개인,10800,서초동,308000.0,2026-05-19
4057,330,신반포19,11650-116,61,2,1982,개인,,,"405,000",18,5,2026,중개거래,서울 서초구,107.01,2,61-2,1,N,26.09.10,잠원로8길,00020,00000,4163529,01,11650,0,11650,개인,10600,잠원동,405000.0,2026-05-18
4058,,대림서초리시온,11650-605,1671,5,2003,개인,,,"40,000",27,5,2026,중개거래,서울 서초구,33.54,11,1671-5,1,N,26.05.29,서초중앙로22길,00025,00000,4163707,01,11650,0,11650,개인,10800,서초동,40000.0,2026-05-27
4059,102,서초동롯데캐슬리버티,11650-833,1620,20,2005,개인,,,"249,000",14,5,2026,중개거래,서울 서초구,125.79,9,1620-20,1,N,26.07.30,사임당로10길,00039,00000,4163309,01,11650,0,11650,개인,10800,서초동,249000.0,2026-05-14
4060,121,래미안원베일리,11650-5126,1,0,2023,개인,,,"1,055,000",23,5,2026,중개거래,서울 서초구,133.95,29,1,1,N,26.09.03,반포대로,00333,00000,2121003,00,11650,,11650,개인,10700,반포동,1055000.0,2026-05-23
4061,7,한신,11650-145,56,3,1992,개인,,,"344,000",8,5,2026,중개거래,서울 서초구,84.52,7,56-3,1,N,26.07.09,잠원로,00150,00000,3121019,01,11650,0,11650,개인,10600,잠원동,344000.0,2026-05-08
4062,,래미안방배아트힐(1008-2),11650-658,1008,2,2004,개인,,,"263,000",20,5,2026,중개거래,서울 서초구,127.61,9,1008-2,1,N,,남부순환로,02311,00012,2000003,01,11650,0,11650,개인,10100,방배동,263000.0,2026-05-20
4063,,미주파스텔,11650-103,54,0,2002,개인,,,"211,000",16,5,2026,중개거래,서울 서초구,59.57,3,54,1,N,26.08.28,잠원로,00166,00004,3121019,01,11650,0,11650,개인,10600,잠원동,211000.0,2026-05-16
4064,,파세지아타,11650-5115,1020,1,2023,개인,,,"230,000",27,5,2026,중개거래,서울 서초구,118.695,3,1020-1,1,N,26.09.04,방배로6길,00010,00003,4163281,00,11650,0,11650,개인,10100,방배동,230000.0,2026-05-27
4065,103동,아크로리버뷰신반포,11650-4676,159,0,2018,개인,,,"490,000",27,5,2026,중개거래,서울 서초구,78.5,18,159,1,N,26.09.08,잠원로,00117,00000,3121019,00,11650,0,11650,개인,10600,잠원동,490000.0,2026-05-27
4066,,서초예성그린캐슬,11650-522,1667,2,2003,개인,,,"125,000",21,5,2026,중개거래,서울 서초구,105.49,4,1667-2,1,N,26.08.20,서초대로58길,00026,00000,4163421,01,11650,0,11650,개인,10800,서초동,125000.0,2026-05-21
4067,115,롯데캐슬클래식,11650-3300,1312,3,2006,개인,,,"300,000",25,5,2026,중개거래,"서울 강남구, 서울 서초구",84.98,7,1312-3,1,N,26.09.04,서운로,00200,00000,3121016,01,11650,0,11650,개인,10800,서초동,300000.0,2026-05-25
4068,B,중앙하이츠,11650-139,71,17,1998,개인,,,"275,000",15,5,2026,중개거래,서울 서초구,75.44,5,71-17,1,N,26.05.28,잠원로3길,00020,00000,4163527,01,11650,0,11650,개인,10600,잠원동,275000.0,2026-05-15
4069,102,서초호반써밋,11650-3963,753,0,2013,개인,,,"214,000",26,5,2026,중개거래,서울 서초구,101.0482,20,753,1,N,26.05.29,양재대로2길,00109,00000,4163748,01,11650,0,11650,개인,10300,우면동,214000.0,2026-05-26
4070,6,한강,11650-144,49,8,1989,개인,,,"299,000",23,5,2026,중개거래,서울 서초구,84.53,4,49-8,1,N,26.09.03,잠원로,00213,00010,3121019,01,11650,0,11650,개인,10600,잠원동,299000.0,2026-05-23
4071,106동,서초그랑자이,11650-4969,1757,0,2021,개인,,,"470,000",23,5,2026,중개거래,서울 서초구,119.41,6,1757,1,N,26.09.01,효령로,00391,00000,3121021,00,11650,,11650,개인,10800,서초동,470000.0,2026-05-23
4072,119,래미안퍼스티지,11650-3559,18,1,2009,개인,,,"730,000",15,5,2026,중개거래,서울 서초구,169.31,20,18-1,1,N,26.08.21,반포대로,00275,00000,2121003,02,11650,0,11650,개인,10700,반포동,730000.0,2026-05-15
4073,1,서초중흥S-클래스(도시형생활주택),11650-3944,1451,89,2013,개인,,,"19,000",27,5,2026,직거래,,20.68,1,1451-89,1,N,26.05.27,효령로52길,00063,00000,4163645,01,11650,0,11650,개인,10800,서초동,19000.0,2026-05-27
4074,,신반포19,11650-116,61,2,1982,개인,26.09.10,O,"300,000",18,5,2026,중개거래,서울 서초구,81.0,11,61-2,1,N,,잠원로8길,00020,00000,4163529,01,11650,0,11650,개인,10600,잠원동,300000.0,2026-05-18
4075,110,롯데캐슬아르떼,11650-4044,424,28,2013,개인,,,"300,000",23,5,2026,중개거래,서울 서초구,121.6576,1,424-28,1,N,26.09.07,방배천로18길,00011,00000,4163687,01,11650,0,11650,개인,10100,방배동,300000.0,2026-05-23
4076,,반포자이,11650-3500,20,43,2009,개인,,,"450,000",19,5,2026,중개거래,서울 서초구,84.998,19,20-43,1,N,,신반포로,00270,00000,3121017,02,11650,0,11650,개인,10700,반포동,450000.0,2026-05-19
4077,107,롯데캐슬아르떼,11650-4044,424,28,2013,개인,,,"460,000",2,5,2026,중개거래,서울 서초구,216.2766,11,424-28,1,N,26.08.20,방배천로18길,00011,00000,4163687,01,11650,0,11650,개인,10100,방배동,460000.0,2026-05-02
4078,108,우성,11650-440,154,2,1991,개인,,,"200,000",15,5,2026,중개거래,서울 서초구,73.15,14,154-2,1,N,26.09.07,바우뫼로,00091,00000,3121009,01,11650,0,11650,개인,10200,양재동,200000.0,2026-05-15
4079,102동,방배아트자이,11650-4706,3278,0,2018,개인,,,"280,000",26,5,2026,중개거래,서울 서초구,84.9383,14,3278,1,N,26.08.11,명달로9길,00057,00000,4163195,00,11650,0,11650,개인,10100,방배동,280000.0,2026-05-26
4080,B,방배아크로타워,11650-3358,923,6,2007,개인,,,"83,000",9,5,2026,중개거래,서울 서초구,60.12,5,923-6,1,N,26.06.30,방배로13길,00018,00000,4163251,01,11650,0,11650,개인,10100,방배동,83000.0,2026-05-09
4081,6,삼풍아파트,11650-28,1685,0,1988,개인,,,"320,000",23,5,2026,직거래,,79.47,13,1685,1,N,26.05.26,서초중앙로,00200,00000,3121024,03,11650,0,11650,개인,10800,서초동,320000.0,2026-05-23
4082,113,롯데캐슬클래식,11650-3300,1312,3,2006,개인,,,"340,000",26,5,2026,중개거래,서울 서초구,120.18,12,1312-3,1,N,26.09.04,서운로,00200,00000,3121016,01,11650,0,11650,개인,10800,서초동,340000.0,2026-05-26
4083,,명지해드는터,11650-639,593,64,2004,개인,,,"60,000",22,5,2026,직거래,,86.39,6,593-64,1,N,,남부순환로297나길,00013,00000,4163063,01,11650,0,11650,개인,10100,방배동,60000.0,2026-05-22
4084,105,반포센트럴자이,11650-4805,162,0,2020,개인,,,"468,000",26,5,2026,중개거래,서울 서초구,84.98,3,162,1,N,26.05.28,반포대로,00310,00006,2121003,01,11650,0,11650,개인,10600,잠원동,468000.0,2026-05-26
4085,501,우성아파트,11650-60,1326,17,1998,개인,,,"228,500",26,5,2026,중개거래,서울 서초구,59.93,10,1326-17,1,N,26.08.21,서초대로74길,00030,00000,4163433,01,11650,0,11650,개인,10800,서초동,228500.0,2026-05-26
4086,,APELBAUM,11650-831,82,7,2005,개인,,,"248,000",22,5,2026,중개거래,서울 서초구,180.93,1,82-7,1,N,26.06.12,동광로43길,00014,00030,4163131,01,11650,0,11650,개인,10700,반포동,248000.0,2026-05-22
4087,108동,서초그랑자이,11650-4969,1757,0,2021,개인,,,"390,000",21,5,2026,중개거래,서울 서초구,84.51,12,1757,1,N,26.09.08,효령로,00391,00000,3121021,00,11650,,11650,개인,10800,서초동,390000.0,2026-05-21
4088,잠원동 대우아이빌 1동,대우아이빌,11650-101,42,13,2001,개인,,,"48,800",19,5,2026,중개거래,서울 서초구,27.07,1,42-13,1,N,26.07.22,신반포로45길,00023,00000,4163459,01,11650,0,11650,개인,10600,잠원동,48800.0,2026-05-19
4089,201,방배2차e-편한세상,11650-510,881,26,2004,개인,,,"255,000",21,5,2026,중개거래,서울 서초구,164.53,2,881-26,1,N,26.07.28,서초대로33길,00022,00000,4163401,01,11650,0,11650,개인,10100,방배동,255000.0,2026-05-21
4090,104,힐스테이트서초젠트리스,11650-4103,557,0,2014,개인,,,"240,000",25,5,2026,중개거래,서울 서초구,114.9,3,557,1,N,26.08.28,헌릉로8길,00010,00012,4163749,01,11650,0,11650,개인,11100,신원동,240000.0,2026-05-25
4091,,신화,11650-132,54,7,1997,개인,,,"210,000",13,5,2026,중개거래,서울 서초구,57.33,6,54-7,1,N,26.08.27,잠원로14길,00054,00000,4163526,01,11650,0,11650,개인,10600,잠원동,210000.0,2026-05-13
4092,,방배트리플,11650-508,816,3,2003,개인,,,"138,000",25,5,2026,중개거래,서울 서초구,82.05,4,816-3,1,N,26.08.27,동광로18길,00016,00000,4163117,01,11650,0,11650,개인,10100,방배동,138000.0,2026-05-25
4093,104,래미안퍼스티지,11650-3559,18,1,2009,개인,,,"372,000",6,5,2026,중개거래,서울 서초구,59.89,4,18-1,1,N,26.08.31,반포대로,00275,00000,2121003,02,11650,0,11650,개인,10700,반포동,372000.0,2026-05-06
4094,109동,서초그랑자이,11650-4969,1757,0,2021,개인,,,"391,000",21,5,2026,중개거래,"서울 마포구, 서울 서초구",84.51,30,1757,1,N,26.09.02,효령로,00391,00000,3121021,00,11650,,11650,개인,10800,서초동,391000.0,2026-05-21
4095,103,방배1차현대홈타운,11650-290,1344,0,1999,개인,,,"257,000",16,5,2026,중개거래,서울 서초구,84.96,10,1344,1,N,26.09.09,서초대로1길,00030,00000,4163389,01,11650,0,11650,개인,10100,방배동,257000.0,2026-05-16
4096,106동,래미안신반포팰리스,11650-4439,158,0,2016,개인,,,"430,000",13,5,2026,중개거래,"서울 강남구, 서울 서초구",84.49,21,158,1,N,26.08.28,잠원로8길,00035,00000,4163529,00,11650,0,11650,개인,10600,잠원동,430000.0,2026-05-13
4097,,신영체르니,11650-461,90,0,2002,개인,,,"57,000",19,5,2026,중개거래,서울 서초구,39.1,2,90,1,N,26.07.23,논현로27길,00057,00000,4163097,01,11650,0,11650,개인,10200,양재동,57000.0,2026-05-19
4098,502,서초5차e편한세상,11650-3225,1467,62,2005,개인,,,"257,500",20,5,2026,중개거래,서울 서초구,158.24,12,1467-62,1,N,26.08.21,명달로4길,00030,00000,4163192,01,11650,0,11650,개인,10800,서초동,257500.0,2026-05-20
4099,105,래미안원베일리,11650-5126,1,0,2023,개인,,,"555,000",23,5,2026,중개거래,서울 서초구,84.98,8,1,1,N,26.09.10,반포대로,00333,00000,2121003,00,11650,,11650,개인,10700,반포동,555000.0,2026-05-23
4100,111동,아크로리버파크,11650-4440,2,12,2016,개인,,,"560,000",27,5,2026,중개거래,서울 서초구,84.97,7,2-12,1,N,26.05.28,신반포로15길,00019,00000,4163450,00,11650,0,11650,개인,10700,반포동,560000.0,2026-05-27
4101,101동,아크로리버파크,11650-4440,2,12,2016,개인,,,"550,000",23,5,2026,중개거래,서울 서초구,84.97,25,2-12,1,N,26.08.27,신반포로15길,00019,00000,4163450,00,11650,0,11650,개인,10700,반포동,550000.0,2026-05-23
4102,,삼호1동~3동,11650-309,770,1,1975,개인,,,"295,000",23,5,2026,중개거래,서울 서초구,116.13,4,770-1,1,N,,방배로43길,00021,00000,4163277,01,11650,0,11650,개인,10100,방배동,295000.0,2026-05-23
4103,1,(1617-21),11650-3362,1617,21,2007,개인,,,"127,000",23,5,2026,중개거래,"서울 강남구, 서울 서초구",111.16,3,1617-21,1,N,26.06.30,서리풀길,00014,00000,4163371,01,11650,0,11650,개인,10800,서초동,127000.0,2026-05-23
4104,101동,래미안서초에스티지,11650-4470,1332,13,2016,개인,,,"315,000",23,5,2026,중개거래,서울 서초구,83.6,7,1332-13,1,N,26.08.28,서운로,00107,00000,3121016,00,11650,0,11650,개인,10800,서초동,315000.0,2026-05-23
4105,106,래미안원펜타스,11650-5174,12,0,2024,개인,,,"855,000",15,5,2026,중개거래,서울 서초구,155.8754,24,12,1,N,26.08.28,신반포로15길,00001,00000,4163450,01,11650,0,11650,개인,10700,반포동,855000.0,2026-05-15
4106,206,신반포4,11650-125,70,0,1979,개인,,,"450,000",23,5,2026,중개거래,"서울 강남구, 서울 서초구",100.11,9,70,1,N,26.09.02,잠원로,00037,00048,3121019,01,11650,0,11650,개인,10600,잠원동,450000.0,2026-05-23
4107,102동,서초그랑자이,11650-4969,1757,0,2021,개인,,,"316,000",21,5,2026,중개거래,서울 서초구,59.98,3,1757,1,N,26.08.31,효령로,00391,00000,3121021,00,11650,,11650,개인,10800,서초동,316000.0,2026-05-21
4108,,서초센트럴IPARK,11650-4827,1582,3,2020,개인,,,"190,000",18,5,2026,중개거래,서울 서초구,80.5332,3,1582-3,1,N,,반포대로18길,00036,00000,4163228,00,11650,0,11650,개인,10800,서초동,190000.0,2026-05-18
4109,103,유원서초,11650-62,1687,0,1993,개인,,,"262,000",22,5,2026,중개거래,서울 서초구,84.87,4,1687,1,N,26.08.21,서초중앙로24길,00043,00000,4163710,01,11650,0,11650,개인,10800,서초동,262000.0,2026-05-22
4110,110동,래미안 리더스원,11650-4887,1755,0,2020,개인,,,"300,000",26,5,2026,중개거래,서울 서초구,59.97,25,1755,1,N,26.05.27,서운로,00062,00000,3121016,00,11650,,11650,개인,10800,서초동,300000.0,2026-05-26
4111,112,서초더샵포레,11650-4063,411,0,2014,개인,,,"189,000",22,5,2026,중개거래,서울 서초구,114.71,12,411,1,N,26.09.07,헌릉로8길,00058,00000,4163749,02,11650,0,11650,개인,10900,내곡동,189000.0,2026-05-22
4112,서초쌍용플래티넘,서초쌍용플래티넘,11650-3276,1445,13,2006,개인,,,"95,000",7,5,2026,중개거래,서울 서초구,68.21,21,1445-13,1,N,26.08.26,서초중앙로,00018,00000,3121024,03,11650,0,11650,개인,10800,서초동,95000.0,2026-05-07
4113,101,월드메르디앙(오페라),11650-705,1450,1,2004,개인,,,"230,000",21,5,2026,중개거래,서울 서초구,183.503,8,1450-1,1,N,26.07.16,반포대로4길,00024,00000,4163244,01,11650,0,11650,법인,10800,서초동,230000.0,2026-05-21
4114,107,신반포자이,11650-4675,160,0,2018,개인,,,"389,000",8,5,2026,중개거래,"서울 강남구, 서울 서초구",59.86,19,160,1,N,26.09.07,잠원로,00060,00000,3121019,01,11650,0,11650,개인,10600,잠원동,389000.0,2026-05-08
4115,105동,아크로리버파크,11650-4440,2,12,2016,개인,,,"590,000",15,5,2026,중개거래,서울 서초구,84.95,21,2-12,1,N,26.09.11,신반포로15길,00019,00000,4163450,00,11650,0,11650,개인,10700,반포동,590000.0,2026-05-15
4116,119,래미안원베일리,11650-5126,1,0,2023,개인,,,"560,000",16,5,2026,중개거래,서울 서초구,84.98,16,1,1,N,26.05.28,반포대로,00333,00000,2121003,00,11650,,11650,개인,10700,반포동,560000.0,2026-05-16
4117,103,대림,11650-479,57,0,1995,개인,,,"184,000",22,5,2026,중개거래,서울 서초구,130.89,2,57,1,N,26.09.08,바우뫼로7길,00051,00000,4163219,01,11650,0,11650,개인,10300,우면동,184000.0,2026-05-22
4118,101,래미안원베일리,11650-5126,1,0,2023,개인,,,"880,000",22,5,2026,중개거래,서울 서초구,133.95,30,1,1,N,26.05.29,반포대로,00333,00000,2121003,00,11650,,11650,개인,10700,반포동,880000.0,2026-05-22
4119,C,아크로비스타,11650-724,1685,3,2004,개인,,,"420,000",21,5,2026,중개거래,서울 서초구,220.55,14,1685-3,1,N,26.09.07,서초중앙로,00188,00000,3121024,03,11650,0,11650,개인,10800,서초동,420000.0,2026-05-21
4120,302,방배3차현대홈타운,11650-732,2233,0,2004,개인,,,"213,500",19,5,2026,직거래,,120.915,1,2233,1,N,26.07.16,방배중앙로21길,00055,00000,4163677,01,11650,0,11650,개인,10100,방배동,213500.0,2026-05-19
4121,130,반포자이,11650-3500,20,43,2009,개인,,,"450,000",14,5,2026,중개거래,서울 서초구,84.943,19,20-43,1,N,26.08.26,신반포로,00270,00000,3121017,02,11650,0,11650,개인,10700,반포동,450000.0,2026-05-14
4122,15,방배임광3차,11650-342,1010,1,1988,개인,,,"85,000",8,5,2026,직거래,,44.61,10,1010-1,1,N,26.09.08,방배로2길,00024,00005,4163264,01,11650,0,11650,개인,10100,방배동,85000.0,2026-05-08
4123,20,현대아파트,11650-85,1346,0,1989,개인,,,"220,000",9,5,2026,중개거래,서울 서초구,84.79,2,1346,1,N,26.08.31,효령로68길,00013,00000,4163654,00,11650,,11650,개인,10800,서초동,220000.0,2026-05-09
4124,1,리치팰리스,11650-3534,808,8,2009,개인,,,"150,000",21,5,2026,중개거래,서울 서초구,110.27,1,808-8,1,N,26.09.08,동광로22길,00029,00000,4163120,01,11650,0,11650,개인,10100,방배동,150000.0,2026-05-21
4125,,롯데캐슬파크(38),11650-401,888,38,2002,개인,,,"305,000",11,5,2026,중개거래,서울 서초구,244.91,5,888-38,1,N,26.05.29,방배로18길,00091,00000,4163254,01,11650,0,11650,개인,10100,방배동,305000.0,2026-05-11
4126,1,반포2차ApelBaum,11650-3385,612,2,2007,개인,,,"446,000",21,5,2026,중개거래,서울 서초구,243.3,7,612-2,1,N,26.09.09,사평대로12길,00022,00000,4163321,02,11650,0,11650,개인,10700,반포동,446000.0,2026-05-21
4127,가,방배신삼호,11650-323,725,0,1983,개인,,,"300,000",6,5,2026,중개거래,서울 서초구,105.04,9,725,1,N,26.08.28,방배로,00270,00000,3121010,01,11650,0,11650,개인,10100,방배동,300000.0,2026-05-06
4128,312,서초네이처힐3단지,11650-3864,717,0,2013,개인,,,"194,000",16,5,2026,중개거래,서울 서초구,84.84,3,717,1,N,26.08.20,태봉로2길,00060,00000,4163582,01,11650,0,11650,개인,10300,우면동,194000.0,2026-05-16
4129,102,서초현대,11650-46,1648,2,1999,개인,,,"159,000",20,5,2026,중개거래,서울 서초구,53.01,5,1648-2,1,N,26.08.28,사임당로19길,00010,00000,4163315,01,11650,0,11650,개인,10800,서초동,159000.0,2026-05-20
4130,,메이플자이,11650-6434,60,3,2025,개인,,,"500,000",9,5,2026,중개거래,서울 서초구,84.8456,21,60-3,1,N,,신반포로,00253,00000,3121017,00,11650,,11650,개인,10600,잠원동,500000.0,2026-05-09
4131,,서초이에스에이3차,11650-407,1006,1,2002,개인,,,"145,000",9,5,2026,중개거래,"서울 서초구, 서울 용산구",59.4,3,1006-1,1,N,26.08.13,명달로,00015,00000,3121008,01,11650,0,11650,개인,10100,방배동,145000.0,2026-05-09
4132,잠원동 대우아이빌 2동,대우아이빌,11650-101,42,13,2001,개인,,,"60,000",21,5,2026,중개거래,서울 서초구,34.72,6,42-13,1,N,26.05.29,신반포로45길,00023,00000,4163459,01,11650,0,11650,개인,10600,잠원동,60000.0,2026-05-21
4133,,아이리스,11650-588,1021,9,2003,개인,,,"76,500",20,5,2026,중개거래,서울 서초구,56.3,4,1021-9,1,N,26.06.26,효령로34길,00048,00000,4163634,01,11650,0,11650,개인,10100,방배동,76500.0,2026-05-20
4134,,뉴캐슬,11650-652,971,1,2004,개인,,,"85,000",14,5,2026,직거래,,84.97,5,971-1,1,N,26.05.29,도구로,00047,00000,3121003,01,11650,0,11650,개인,10100,방배동,85000.0,2026-05-14
4135,102,방배우성,11650-331,2525,0,1991,개인,,,"250,000",9,5,2026,중개거래,서울 서초구,117.19,11,2525,1,N,26.09.01,방배선행길,00001,00000,4163671,01,11650,0,11650,개인,10100,방배동,250000.0,2026-05-09
4136,,미주파스텔,11650-103,54,0,2002,개인,,,"210,000",9,5,2026,중개거래,서울 서초구,59.57,17,54,1,N,26.07.20,잠원로,00166,00004,3121019,01,11650,0,11650,개인,10600,잠원동,210000.0,2026-05-09
4137,,골드넷멤버스빌리지,11650-686,78,11,2004,개인,,,"220,000",14,5,2026,중개거래,서울 서초구,156.93,5,78-11,1,N,26.08.20,서래로2길,00029,00000,4163359,01,11650,0,11650,개인,10700,반포동,220000.0,2026-05-14
4138,101,월드메르디앙(오페라),11650-705,1450,1,2004,개인,,,"200,000",21,5,2026,중개거래,서울 서초구,195.489,5,1450-1,1,N,26.06.12,반포대로4길,00024,00000,4163244,01,11650,0,11650,개인,10800,서초동,200000.0,2026-05-21
4139,105,반포래미안아이파크,11650-4678,1341,0,2018,개인,,,"430,000",2,5,2026,중개거래,서울 서초구,99.92,32,1341,1,N,26.08.28,서초중앙로,00220,00000,3121024,02,11650,0,11650,개인,10700,반포동,430000.0,2026-05-02
4140,105동,아크로리버파크,11650-4440,2,12,2016,개인,,,"630,000",19,5,2026,중개거래,서울 서초구,84.95,15,2-12,1,N,26.08.28,신반포로15길,00019,00000,4163450,00,11650,0,11650,개인,10700,반포동,630000.0,2026-05-19
4141,101,삼호한숲,11650-315,1030,1,1998,개인,,,"186,500",20,5,2026,중개거래,서울 서초구,84.87,13,1030-1,1,N,26.07.28,방배로3길,00010,00003,4163274,01,11650,0,11650,개인,10100,방배동,186500.0,2026-05-20
4142,,반포래미안아이파크,11650-4678,1341,0,2018,개인,26.09.07,O,"540,000",19,5,2026,중개거래,서울 서초구,130.92,4,1341,1,N,,서초중앙로,00220,00000,3121024,02,11650,0,11650,개인,10700,반포동,540000.0,2026-05-19
4143,111,래미안원베일리,11650-5126,1,0,2023,개인,,,"512,000",1,5,2026,중개거래,"서울 강남구, 서울 서초구",74.92,10,1,1,N,26.08.31,반포대로,00333,00000,2121003,00,11650,,11650,개인,10700,반포동,512000.0,2026-05-01
4144,105,래미안원펜타스,11650-5174,12,0,2024,개인,,,"1,000,000",15,5,2026,중개거래,서울 서초구,191.859,31,12,1,N,26.08.31,신반포로15길,00001,00000,4163450,01,11650,0,11650,개인,10700,반포동,1000000.0,2026-05-15
4145,,메이플자이,11650-6434,60,3,2025,개인,,,"379,000",18,5,2026,중개거래,서울 서초구,59.1662,18,60-3,1,N,,신반포로,00253,00000,3121017,00,11650,,11650,개인,10600,잠원동,379000.0,2026-05-18
4146,,신영체르니,11650-461,90,0,2002,개인,,,"45,000",20,5,2026,중개거래,서울 서초구,32.08,3,90,1,N,26.06.08,논현로27길,00057,00000,4163097,01,11650,0,11650,개인,10200,양재동,45000.0,2026-05-20
4147,101,래미안서초스위트,11650-3515,1301,6,2009,개인,,,"302,000",7,5,2026,중개거래,"경기 고양시 일산동구, 서울 서초구",95.7555,27,1301-6,1,N,26.08.18,서운로,00221,00000,3121016,01,11650,0,11650,개인,10800,서초동,302000.0,2026-05-07
4148,107,동아,11650-102,157,0,2002,개인,,,"337,500",13,5,2026,중개거래,"서울 광진구, 서울 서초구",84.91,12,157,1,N,26.08.21,신반포로33길,00015,00000,4163453,01,11650,0,11650,개인,10600,잠원동,337500.0,2026-05-13
4149,102,래미안원베일리,11650-5126,1,0,2023,개인,,,"603,000",15,5,2026,중개거래,서울 서초구,84.98,6,1,1,N,26.09.03,반포대로,00333,00000,2121003,00,11650,,11650,개인,10700,반포동,603000.0,2026-05-15
4150,,신화,11650-132,54,7,1997,개인,,,"211,000",19,5,2026,중개거래,서울 서초구,57.33,6,54-7,1,N,26.09.03,잠원로14길,00054,00000,4163526,01,11650,0,11650,개인,10600,잠원동,211000.0,2026-05-19
4151,104,서초자이,11650-3272,1444,7,2006,개인,,,"180,000",19,5,2026,직거래,,116.85,10,1444-7,1,N,26.05.28,효령로68길,00081,00000,4163654,01,11650,0,11650,개인,10800,서초동,180000.0,2026-05-19
4152,103,서초자이,11650-3272,1444,7,2006,개인,,,"246,500",8,5,2026,중개거래,서울 서초구,116.85,4,1444-7,1,N,26.09.07,효령로68길,00081,00000,4163654,01,11650,0,11650,개인,10800,서초동,246500.0,2026-05-08
4153,103,래미안서초스위트,11650-3515,1301,6,2009,개인,,,"296,000",9,5,2026,중개거래,서울 서초구,95.658,16,1301-6,1,N,26.07.30,서운로,00221,00000,3121016,01,11650,0,11650,개인,10800,서초동,296000.0,2026-05-09
4154,,멤피스빌,11650-288,800,9,1999,개인,,,"240,000",13,5,2026,중개거래,서울 서초구,244.47,3,800-9,1,N,26.09.01,동광로30길,00017,00000,4163124,01,11650,0,11650,개인,10100,방배동,240000.0,2026-05-13
4155,,하늘바람,11650-746,1,56,2004,개인,26.09.02,O,"339,000",16,5,2026,중개거래,서울 서초구,243.93,1,1-56,1,N,,사평대로12길,00065,00000,4163321,01,11650,0,11650,개인,10100,방배동,339000.0,2026-05-16
4156,,폴라씨엘로,11650-4194,840,4,2015,개인,,,"210,000",8,5,2026,중개거래,서울 서초구,124.61,2,840-4,1,N,26.09.08,방배로30길,00042,00000,4163265,01,11650,0,11650,개인,10100,방배동,210000.0,2026-05-08
4157,,메이플자이,11650-6434,60,3,2025,개인,,,"550,000",8,5,2026,중개거래,서울 서초구,99.2928,27,60-3,1,N,,신반포로,00251,00000,3121017,00,11650,,11650,개인,10600,잠원동,550000.0,2026-05-08
4158,,현대성우주상복합아파트,11650-700,1316,15,2002,개인,,,"185,000",19,5,2026,중개거래,서울 서초구,161.91,13,1316-15,1,N,,강남대로61길,00023,00000,4163028,01,11650,0,11650,개인,10800,서초동,185000.0,2026-05-19
4159,301,신반포7,11650-128,65,32,1980,개인,,,"377,000",9,5,2026,중개거래,서울 서초구,107.29,9,65-32,1,N,26.08.03,잠원로,00088,00000,3121019,01,11650,0,11650,개인,10600,잠원동,377000.0,2026-05-09
4160,2,한신,11650-145,56,3,1992,개인,,,"340,000",19,5,2026,중개거래,서울 서초구,84.52,12,56-3,1,N,26.09.01,잠원로,00150,00000,3121019,01,11650,0,11650,개인,10600,잠원동,340000.0,2026-05-19
4161,,서초자연인아파트(102동),11650-3886,1344,23,2013,개인,,,"40,000",11,5,2026,중개거래,서울 서초구,38.31,3,1344-23,1,N,26.06.18,서운로9길,00018,00000,4163381,01,11650,0,11650,개인,10800,서초동,40000.0,2026-05-11
4162,,메이플자이,11650-6434,60,3,2025,개인,,,"508,000",2,5,2026,중개거래,서울 서초구,84.8456,10,60-3,1,N,,신반포로,00253,00000,3121017,00,11650,,11650,개인,10600,잠원동,508000.0,2026-05-02
4163,7,임광,11650-341,1015,0,1985,개인,,,"274,000",13,5,2026,중개거래,서울 서초구,136.38,9,1015,1,N,26.08.10,방배로,00014,00000,3121010,01,11650,0,11650,개인,10100,방배동,274000.0,2026-05-13
4164,106,방배아트e-편한세상106,11650-3174,486,8,2005,개인,,,"215,000",19,5,2026,중개거래,서울 서초구,117.26,5,486-8,1,N,26.08.26,효령로2길,00109,00000,4163631,01,11650,0,11650,개인,10100,방배동,215000.0,2026-05-19
4165,,엠브이아파트,11650-199,46,0,1994,개인,,,"195,000",14,5,2026,중개거래,서울 서초구,59.82,18,46,1,N,26.05.26,고무래로10길,00039,00000,4163042,01,11650,0,11650,개인,10700,반포동,195000.0,2026-05-14
4166,,멤버스카운티601,11650-835,801,7,2005,개인,,,"189,000",9,5,2026,중개거래,서울 서초구,107.62,3,801-7,1,N,26.09.04,동광로28길,00023,00000,4163123,01,11650,0,11650,개인,10100,방배동,189000.0,2026-05-09
4167,103,방배아트e-편한세상103,11650-3171,484,6,2005,개인,,,"160,000",7,5,2026,중개거래,서울 서초구,74.87,5,484-6,1,N,26.08.31,효령로2길,00087,00000,4163631,01,11650,0,11650,개인,10100,방배동,160000.0,2026-05-07
4168,101,우솔마을서초리슈빌S아파트,11650-4065,764,0,2014,개인,,,"60,000",9,5,2026,중개거래,서울 서초구,44.4883,5,764,1,N,26.08.26,양재대로2길,00100,00011,4163748,01,11650,0,11650,개인,10300,우면동,60000.0,2026-05-09
4169,SK리더스뷰B동,SK리더스뷰(파스텔시티),11650-3325,444,3,2006,개인,,,"173,500",5,5,2026,중개거래,서울 서초구,84.97,17,444-3,1,N,26.06.26,방배천로,00011,00000,3121012,01,11650,0,11650,개인,10100,방배동,173500.0,2026-05-05
4170,117,래미안원베일리,11650-5126,1,0,2023,개인,,,"470,000",2,5,2026,중개거래,서울 서초구,59.96,23,1,1,N,26.07.03,반포대로,00333,00000,2121003,00,11650,,11650,개인,10700,반포동,470000.0,2026-05-02
4171,113,롯데캐슬클래식,11650-3300,1312,3,2006,개인,,,"360,000",18,5,2026,중개거래,서울 서초구,120.18,13,1312-3,1,N,26.08.21,서운로,00200,00000,3121016,01,11650,0,11650,개인,10800,서초동,360000.0,2026-05-18
4172,112,래미안원베일리,11650-5126,1,0,2023,개인,,,"575,000",9,5,2026,중개거래,서울 서초구,84.95,17,1,1,N,26.05.27,반포대로,00333,00000,2121003,00,11650,,11650,개인,10700,반포동,575000.0,2026-05-09
4173,109,서초래미안,11650-523,1682,0,2003,개인,,,"335,000",15,5,2026,중개거래,서울 서초구,126.31,10,1682,1,N,26.09.07,서초대로65길,00013,00010,4163425,01,11650,0,11650,개인,10800,서초동,335000.0,2026-05-15
4174,105동,반포써밋,11650-4703,1342,0,2018,개인,,,"306,000",1,5,2026,중개거래,서울 서초구,59.9207,12,1342,1,N,26.08.20,고무래로,00089,00000,3121001,00,11650,0,11650,개인,10700,반포동,306000.0,2026-05-01
4175,,그랜드빌(100-8),11650-692,100,8,2004,개인,,,"202,000",15,5,2026,중개거래,서울 서초구,236.69,5,100-8,1,N,,사평대로20길,00099,00000,4163326,01,11650,0,11650,개인,10700,반포동,202000.0,2026-05-15
4176,112동,래미안 리더스원,11650-4887,1755,0,2020,개인,,,"301,000",16,5,2026,중개거래,서울 서초구,59.97,18,1755,1,N,26.09.04,서운로,00062,00000,3121016,00,11650,,11650,개인,10800,서초동,301000.0,2026-05-16
4177,D,현대슈퍼빌,11650-519,1446,11,2003,개인,,,"268,000",6,5,2026,중개거래,서울 서초구,153.93,16,1446-11,1,N,26.08.27,서초중앙로,00015,00000,3121024,03,11650,0,11650,개인,10800,서초동,268000.0,2026-05-06
4178,105,서초더샵포레,11650-4063,411,0,2014,개인,,,"193,000",12,5,2026,중개거래,서울 서초구,101.78,11,411,1,N,26.06.22,헌릉로8길,00058,00000,4163749,02,11650,0,11650,개인,10900,내곡동,193000.0,2026-05-12
4179,102,디에이치반포라클라스,11650-4959,1343,0,2021,개인,,,"350,000",7,5,2026,중개거래,서울 서초구,59.9928,18,1343,1,N,26.08.28,서초중앙로,00206,00000,3121024,00,11650,,11650,개인,10700,반포동,350000.0,2026-05-07
4180,,서초블랑빌,11650-543,105,14,2003,개인,,,"93,000",18,5,2026,중개거래,서울 서초구,104.72,4,105-14,1,N,26.06.23,사평대로20길,00025,00000,4163326,01,11650,0,11650,개인,10700,반포동,93000.0,2026-05-18
4181,,동고,11650-480,59,0,1995,개인,26.07.01,O,"160,000",1,5,2026,중개거래,서울 서초구,84.96,8,59,1,N,,바우뫼로7길,00029,00000,4163219,01,11650,0,11650,개인,10300,우면동,160000.0,2026-05-01
4182,,서초동삼성쉐르빌2,11650-608,1330,0,2002,개인,,,"96,500",9,5,2026,중개거래,서울 서초구,70.49,17,1330,1,N,26.07.01,강남대로53길,00011,00000,4163026,01,11650,0,11650,개인,10800,서초동,96500.0,2026-05-09
4183,13,삼풍아파트,11650-28,1685,0,1988,개인,,,"425,000",16,5,2026,중개거래,서울 서초구,130.73,13,1685,1,N,26.08.24,서초중앙로,00200,00000,3121024,03,11650,0,11650,개인,10800,서초동,425000.0,2026-05-16
4184,102,서초한빛삼성,11650-42,1509,1,1999,개인,,,"138,000",14,5,2026,직거래,,59.52,11,1509-1,1,N,26.05.20,서초대로40길,00072,00000,4163406,01,11650,0,11650,개인,10800,서초동,138000.0,2026-05-14
4185,,서초동프레스티지아파트,11650-4471,1344,4,2017,개인,,,"110,000",12,5,2026,중개거래,서울 서초구,82.21,6,1344-4,1,N,26.08.07,서운로11길,00017,00000,4163372,00,11650,0,11650,개인,10800,서초동,110000.0,2026-05-12
4186,104동,방배아트자이,11650-4706,3278,0,2018,개인,,,"256,000",17,5,2026,중개거래,서울 서초구,59.9775,9,3278,1,N,26.09.02,명달로9길,00057,00000,4163195,00,11650,0,11650,개인,10100,방배동,256000.0,2026-05-17
4187,503,반포미도2차아파트,11650-173,60,5,1989,개인,,,"290,000",15,5,2026,중개거래,서울 서초구,71.49,10,60-5,1,N,26.05.29,사평대로,00240,00000,2121001,02,11650,0,11650,개인,10700,반포동,290000.0,2026-05-15
4188,106,신반포2,11650-117,73,0,1978,개인,,,"840,000",7,5,2026,중개거래,서울 서초구,150.58,9,73,1,N,26.08.11,신반포로23길,00041,00000,4163452,01,11650,0,11650,개인,10600,잠원동,840000.0,2026-05-07
4189,205,신반포4,11650-125,70,0,1979,개인,,,"465,000",14,5,2026,중개거래,서울 서초구,105.44,10,70,1,N,26.09.07,잠원로,00037,00048,3121019,01,11650,0,11650,개인,10600,잠원동,465000.0,2026-05-14
4190,103동,서초그랑자이,11650-4969,1757,0,2021,개인,,,"315,000",8,5,2026,중개거래,서울 서초구,59.98,33,1757,1,N,26.05.29,효령로,00391,00000,3121021,00,11650,,11650,개인,10800,서초동,315000.0,2026-05-08
4191,502,반포미도2차아파트,11650-173,60,5,1989,개인,,,"268,000",16,5,2026,중개거래,"서울 동작구, 서울 서초구",59.07,6,60-5,1,N,26.09.04,사평대로,00240,00000,2121001,02,11650,0,11650,개인,10700,반포동,268000.0,2026-05-16
4192,106동,래미안 리더스원,11650-4887,1755,0,2020,개인,,,"305,000",16,5,2026,중개거래,서울 서초구,59.97,20,1755,1,N,26.09.03,서운로,00062,00000,3121016,00,11650,,11650,개인,10800,서초동,305000.0,2026-05-16
4193,풍림아이원플러스,풍림아이원플러스,11650-701,1338,1,2004,개인,,,"36,500",9,5,2026,중개거래,서울 서초구,35.903,9,1338-1,1,N,26.07.22,효령로77길,00014,00000,4163659,01,11650,0,11650,개인,10800,서초동,36500.0,2026-05-09
4194,1,강변,11650-97,53,15,1987,개인,,,"309,000",16,5,2026,중개거래,서울 서초구,84.53,8,53-15,1,N,26.09.01,잠원로,00166,00017,3121019,01,11650,0,11650,개인,10600,잠원동,309000.0,2026-05-16
4195,303,서초포레스타3단지,11650-4040,568,0,2014,개인,,,"200,000",8,5,2026,중개거래,서울 서초구,114.39,15,568,1,N,26.09.04,헌릉로8길,00022,00000,4163749,01,11650,0,11650,개인,11100,신원동,200000.0,2026-05-08
4196,201,서초푸르지오써밋,11650-4550,1311,10,2017,개인,,,"280,000",15,5,2026,중개거래,서울 서초구,59.92,16,1311-10,1,N,26.08.31,서운로,00212,00000,3121016,01,11650,0,11650,개인,10800,서초동,280000.0,2026-05-15
4197,,메이플자이,11650-6434,60,3,2025,개인,,,"405,000",15,5,2026,중개거래,서울 서초구,59.1662,12,60-3,1,N,,신반포로,00253,00000,3121017,00,11650,,11650,개인,10600,잠원동,405000.0,2026-05-15
4198,반포서래빌,반포서래빌,11650-541,87,7,2003,개인,,,"125,000",1,5,2026,직거래,,154.68,3,87-7,1,N,26.06.26,동광로,00155,00000,3121004,02,11650,0,11650,개인,10700,반포동,125000.0,2026-05-01
4199,방배디오슈페리움Ⅰ,방배디오슈페리움Ⅰ,11650-3343,3001,2,2006,개인,,,"248,000",13,5,2026,중개거래,서울 서초구,130.24,24,3001-2,1,N,26.09.08,서초대로,00003,00004,2121002,01,11650,0,11650,개인,10100,방배동,248000.0,2026-05-13
4200,108,래미안원베일리,11650-5126,1,0,2023,개인,,,"590,000",9,5,2026,중개거래,서울 서초구,84.95,24,1,1,N,26.09.02,반포대로,00333,00000,2121003,00,11650,,11650,개인,10700,반포동,590000.0,2026-05-09
4201,106,동아,11650-102,157,0,2002,개인,,,"335,000",13,5,2026,중개거래,서울 서초구,59.92,19,157,1,N,26.09.08,신반포로33길,00015,00000,4163453,01,11650,0,11650,개인,10600,잠원동,335000.0,2026-05-13
4202,101,롯데캐슬클래식,11650-3300,1312,3,2006,개인,,,"300,000",15,5,2026,중개거래,서울 서초구,84.98,15,1312-3,1,N,26.08.13,서운로,00197,00000,3121016,00,11650,,11650,개인,10800,서초동,300000.0,2026-05-15
4203,105,대림,11650-479,57,0,1995,개인,,,"195,000",15,5,2026,중개거래,경기 성남시 분당구,130.89,9,57,1,N,26.05.28,바우뫼로7길,00051,00000,4163219,01,11650,0,11650,개인,10300,우면동,195000.0,2026-05-15
4204,11,방배임광3차,11650-342,1010,1,1988,개인,,,"155,000",15,5,2026,중개거래,서울 서초구,51.84,4,1010-1,1,N,26.07.07,방배로2길,00024,00006,4163264,01,11650,0,11650,개인,10100,방배동,155000.0,2026-05-15
4205,103,래미안서초스위트,11650-3515,1301,6,2009,개인,,,"285,000",14,5,2026,중개거래,서울 서초구,84.9722,5,1301-6,1,N,26.08.14,서운로,00221,00000,3121016,01,11650,0,11650,개인,10800,서초동,285000.0,2026-05-14
4206,101,서초한빛삼성,11650-42,1509,1,1999,개인,,,"249,900",14,5,2026,중개거래,서울 서초구,99.09,13,1509-1,1,N,26.08.24,서초대로40길,00072,00000,4163406,01,11650,0,11650,개인,10800,서초동,249900.0,2026-05-14
4207,502,호반써밋서초파크뷰(토지임대부아파트),11650-3976,789,0,2013,개인,,,"150,000",5,5,2026,중개거래,서울 서초구,84.95,8,789,1,Y,26.07.31,양재대로2길,00011,00000,4163748,01,11650,0,11650,개인,10300,우면동,150000.0,2026-05-05
4208,5,한신,11650-145,56,3,1992,개인,,,"273,000",13,5,2026,직거래,,84.52,10,56-3,1,N,26.05.20,잠원로,00150,00000,3121019,01,11650,0,11650,개인,10600,잠원동,273000.0,2026-05-13
4209,,삼익양재빌라,11650-423,91,0,1993,개인,,,"150,000",9,5,2026,중개거래,서울 서초구,163.61,5,91,1,N,26.05.29,양재천로23길,00016,00000,4163478,01,11650,0,11650,개인,10200,양재동,150000.0,2026-05-09
4210,,유원서초,11650-62,1687,0,1993,개인,26.07.15,O,"260,000",6,5,2026,중개거래,서울 서초구,84.82,10,1687,1,N,,서초중앙로24길,00043,00000,4163710,01,11650,0,11650,개인,10800,서초동,260000.0,2026-05-06
4211,,서리풀프라젠아파트,11650-4807,3281,0,2020,개인,,,"164,500",14,5,2026,중개거래,서울 서초구,78.19,2,3281,1,N,26.07.20,서초대로23길,00047,00000,4163391,00,11650,0,11650,개인,10100,방배동,164500.0,2026-05-14
4212,113,반포자이,11650-3500,20,43,2009,개인,,,"780,000",7,5,2026,중개거래,서울 서초구,244.543,4,20-43,1,N,26.06.04,신반포로,00270,00000,3121017,02,11650,0,11650,개인,10700,반포동,780000.0,2026-05-07
4213,111,래미안원베일리,11650-5126,1,0,2023,개인,,,"535,000",3,5,2026,중개거래,서울 서초구,84.92,6,1,1,N,26.08.25,반포대로,00333,00000,2121003,00,11650,,11650,개인,10700,반포동,535000.0,2026-05-03
4214,,아크로리버파크,11650-4440,2,12,2016,개인,26.07.10,O,"420,000",13,5,2026,중개거래,서울 서초구,59.98,17,2-12,1,N,,신반포로15길,00019,00000,4163450,00,11650,0,11650,개인,10700,반포동,420000.0,2026-05-13
4215,124,래미안퍼스티지,11650-3559,18,1,2009,개인,,,"785,000",8,5,2026,중개거래,서울 서초구,198.04,16,18-1,1,N,26.09.08,반포대로,00275,00000,2121003,02,11650,0,11650,개인,10700,반포동,785000.0,2026-05-08
4216,주건축물제1동,지에스타워,11650-4967,1675,10,2022,개인,,,"41,500",4,5,2026,중개거래,서울 서초구,26.05,4,1675-10,1,N,26.08.14,서초대로58길,00018,00000,4163421,00,11650,0,11650,개인,10800,서초동,41500.0,2026-05-04
4217,108동,래미안 리더스원,11650-4887,1755,0,2020,개인,,,"330,000",1,5,2026,중개거래,서울 서초구,74.93,17,1755,1,N,26.08.07,서운로,00062,00000,3121016,00,11650,,11650,개인,10800,서초동,330000.0,2026-05-01
4218,119,신반포16,11650-113,55,12,1983,개인,,,"260,000",15,5,2026,중개거래,서울 서초구,52.32,8,55-12,1,N,26.07.31,잠원로,00157,00000,3121019,01,11650,0,11650,개인,10600,잠원동,260000.0,2026-05-15
4219,204,래미안서초에스티지S,11650-4622,1754,0,2018,개인,,,"345,000",6,5,2026,중개거래,서울 서초구,84.17,16,1754,1,N,26.08.26,서운로,00104,00000,3121016,01,11650,0,11650,개인,10800,서초동,345000.0,2026-05-06
4220,,메이플자이,11650-6434,60,3,2025,개인,,,"397,000",10,5,2026,중개거래,서울 서초구,59.1662,17,60-3,1,N,,신반포로,00251,00000,3121017,00,11650,,11650,개인,10600,잠원동,397000.0,2026-05-10
4221,112동,래미안 리더스원,11650-4887,1755,0,2020,개인,,,"303,000",2,5,2026,중개거래,서울 서초구,59.97,13,1755,1,N,26.09.02,서운로,00062,00000,3121016,00,11650,,11650,개인,10800,서초동,303000.0,2026-05-02
4222,,현대슈퍼빌,11650-519,1446,11,2003,개인,26.06.17,O,"265,000",11,5,2026,중개거래,서울 서초구,147.86,16,1446-11,1,N,,서초중앙로,00015,00000,3121024,03,11650,0,11650,개인,10800,서초동,265000.0,2026-05-11
4223,108동,래미안 리더스원,11650-4887,1755,0,2020,개인,,,"374,000",25,5,2026,중개거래,서울 서초구,84.94,2,1755,1,N,26.05.28,서운로,00062,00000,3121016,00,11650,,11650,개인,10800,서초동,374000.0,2026-05-25
4224,120,서초더샵포레,11650-4063,411,0,2014,개인,,,"190,000",5,5,2026,중개거래,서울 서초구,101.31,6,411,1,N,26.08.25,헌릉로8길,00058,00000,4163749,02,11650,0,11650,개인,10900,내곡동,190000.0,2026-05-05
4225,,메이플자이,11650-6434,60,3,2025,개인,,,"400,000",4,5,2026,중개거래,서울 서초구,59.5368,20,60-3,1,N,,신반포로,00253,00000,3121017,00,11650,,11650,개인,10600,잠원동,400000.0,2026-05-04
4226,,서초동프레스티지아파트,11650-4471,1344,4,2017,개인,,,"96,000",12,5,2026,중개거래,서울 강남구,56.14,6,1344-4,1,N,26.07.24,서운로11길,00017,00000,4163372,00,11650,0,11650,개인,10800,서초동,96000.0,2026-05-12
4227,101,서초한신,11650-43,1454,29,2001,개인,,,"210,000",12,5,2026,중개거래,서울 서초구,84.99,3,1454-29,1,N,26.08.11,남부순환로323길,00038,00015,4163071,00,11650,0,11650,개인,10800,서초동,210000.0,2026-05-12
4228,201동,경남아너스빌201동,11650-3257,1456,2,2006,개인,,,"215,000",12,5,2026,중개거래,서울 서초구,84.95,9,1456-2,1,N,26.07.16,반포대로10길,00042,00000,4163222,01,11650,0,11650,개인,10800,서초동,215000.0,2026-05-12
4229,1,한신,11650-145,56,3,1992,개인,,,"305,000",1,5,2026,중개거래,서울 서초구,84.52,1,56-3,1,N,26.08.31,잠원로,00150,00000,3121019,01,11650,0,11650,개인,10600,잠원동,305000.0,2026-05-01
4230,,현대성우주상복합아파트,11650-700,1316,15,2002,개인,,,"191,000",21,5,2026,중개거래,서울 서초구,150.95,22,1316-15,1,N,26.05.26,강남대로61길,00023,00000,4163028,01,11650,0,11650,개인,10800,서초동,191000.0,2026-05-21
4231,114,롯데캐슬클래식,11650-3300,1312,3,2006,개인,,,"265,000",12,5,2026,중개거래,서울 서초구,74.3,19,1312-3,1,N,26.09.03,서운로,00200,00000,3121016,01,11650,0,11650,개인,10800,서초동,265000.0,2026-05-12
4232,,메이플자이,11650-6434,60,3,2025,개인,,,"478,000",6,5,2026,중개거래,서울 서초구,80.2184,12,60-3,1,N,,신반포로,00251,00000,3121017,00,11650,,11650,개인,10600,잠원동,478000.0,2026-05-06
4233,115,래미안원베일리,11650-5126,1,0,2023,개인,,,"535,000",12,5,2026,중개거래,서울 서초구,84.95,2,1,1,N,26.05.27,반포대로,00333,00000,2121003,00,11650,,11650,개인,10700,반포동,535000.0,2026-05-12
4234,래미안 서초유니빌,래미안서초유니빌,11650-518,1445,4,2003,개인,,,"50,500",9,5,2026,중개거래,서울 서초구,45.255,14,1445-4,1,N,26.05.29,서초중앙로,00026,00000,3121024,03,11650,0,11650,개인,10800,서초동,50500.0,2026-05-09
4235,102,쌍용예가클래식,11650-265,776,3,2006,개인,,,"245,000",12,5,2026,중개거래,서울 서초구,89.844,8,776-3,1,N,26.08.27,방배로37길,00026,00009,4163272,01,11650,0,11650,개인,10100,방배동,245000.0,2026-05-12
4236,,밀라텔쉐르빌,11650-21,1316,31,2001,개인,,,"28,500",1,5,2026,중개거래,서울 서초구,32.66,10,1316-31,1,N,26.05.26,강남대로61길,00017,00000,4163028,01,11650,0,11650,개인,10800,서초동,28500.0,2026-05-01
4237,,신영체르니,11650-461,90,0,2002,개인,,,"62,000",1,5,2026,중개거래,서울 서초구,39.1,7,90,1,N,26.05.26,논현로27길,00057,00000,4163097,01,11650,0,11650,개인,10200,양재동,62000.0,2026-05-01
4238,101,서초푸르지오써밋,11650-4550,1311,10,2017,개인,,,"380,000",13,5,2026,중개거래,서울 서초구,104.4,2,1311-10,1,N,26.08.24,서운로,00201,00000,3121016,01,11650,0,11650,개인,10800,서초동,380000.0,2026-05-13
4239,109,우성,11650-440,154,2,1991,개인,,,"219,000",8,5,2026,중개거래,서울 서초구,84.58,12,154-2,1,N,26.08.27,바우뫼로,00091,00000,3121009,01,11650,0,11650,개인,10200,양재동,219000.0,2026-05-08
4240,2,삼성서초가든스위트,11650-31,1326,0,2000,개인,,,"366,000",14,5,2026,중개거래,서울 서초구,176.24,16,1326,1,N,26.07.10,서운로,00122,00000,3121016,01,11650,0,11650,개인,10800,서초동,366000.0,2026-05-14
4241,101,방배우성,11650-331,2525,0,1991,개인,,,"250,000",8,5,2026,중개거래,서울 서초구,117.19,7,2525,1,N,26.08.31,방배선행길,00001,00000,4163671,01,11650,0,11650,개인,10100,방배동,250000.0,2026-05-08
4242,125,반포자이,11650-3500,20,43,2009,개인,,,"470,000",1,5,2026,중개거래,서울 서초구,84.943,10,20-43,1,N,26.05.28,신반포로,00270,00000,3121017,02,11650,0,11650,개인,10700,반포동,470000.0,2026-05-01
4243,,두산위브(1362),11650-3250,1362,0,2005,개인,,,"92,000",7,5,2026,직거래,,73.08,10,1362,1,N,26.06.15,강남대로39길,00005,00000,4163018,01,11650,0,11650,개인,10800,서초동,92000.0,2026-05-07
4244,101,서초호반써밋,11650-3963,753,0,2013,개인,,,"248,000",7,5,2026,중개거래,서울 서초구,118.1321,16,753,1,N,26.08.27,양재대로2길,00109,00000,4163748,01,11650,0,11650,개인,10300,우면동,248000.0,2026-05-07
4245,104동,서초그랑자이,11650-4969,1757,0,2021,개인,,,"429,000",9,5,2026,중개거래,서울 서초구,100.31,7,1757,1,N,26.08.20,효령로,00391,00000,3121021,00,11650,,11650,개인,10800,서초동,429000.0,2026-05-09
4246,,서초동삼성쉐르빌2,11650-608,1330,0,2002,개인,,,"25,500",6,5,2026,중개거래,서울 서초구,35.22,11,1330,1,N,26.07.06,강남대로53길,00011,00000,4163026,01,11650,0,11650,개인,10800,서초동,25500.0,2026-05-06
4247,잠원동 대우아이빌 2동,대우아이빌,11650-101,42,13,2001,개인,,,"63,500",7,5,2026,중개거래,서울 서초구,34.72,3,42-13,1,N,26.09.07,신반포로45길,00023,00000,4163459,01,11650,0,11650,개인,10600,잠원동,63500.0,2026-05-07
4248,302,방배3차현대홈타운,11650-732,2233,0,2004,개인,,,"257,000",11,5,2026,중개거래,서울 서초구,120.915,8,2233,1,N,26.09.04,방배중앙로21길,00055,00000,4163677,01,11650,0,11650,개인,10100,방배동,257000.0,2026-05-11
4249,101,반포두산힐스빌,11650-168,54,5,2001,개인,,,"132,000",11,5,2026,중개거래,서울 서초구,47.7,4,54-5,1,N,26.05.28,고무래로10길,00016,00000,4163042,01,11650,0,11650,개인,10700,반포동,132000.0,2026-05-11
4250,504,서초포레스타5단지,11650-4026,579,0,2014,개인,,,"232,000",6,5,2026,중개거래,서울 서초구,101.35,7,579,1,N,26.07.08,청계산로7길,00043,00000,4163750,01,11650,0,11650,개인,11100,신원동,232000.0,2026-05-06
4251,103,반포래미안아이파크,11650-4678,1341,0,2018,개인,,,"436,000",8,5,2026,중개거래,서울 서초구,99.92,20,1341,1,N,26.09.03,서초중앙로,00220,00000,3121024,02,11650,0,11650,개인,10700,반포동,436000.0,2026-05-08
4252,101,더샵서초,11650-3284,1445,14,2006,개인,,,"205,000",1,5,2026,중개거래,서울 서초구,97.53,31,1445-14,1,N,26.08.24,서초중앙로2길,00021,00000,4163718,01,11650,0,11650,개인,10800,서초동,205000.0,2026-05-01
4253,201,방배현대멤피스2,11650-406,982,1,2002,개인,,,"250,000",11,5,2026,중개거래,서울 서초구,162.8,9,982-1,1,N,26.09.01,방배로,00063,00000,3121010,01,11650,0,11650,개인,10100,방배동,250000.0,2026-05-11
4254,2,한신,11650-145,56,3,1992,개인,,,"310,000",9,5,2026,중개거래,서울 서초구,84.52,2,56-3,1,N,26.09.08,잠원로,00150,00000,3121019,01,11650,0,11650,개인,10600,잠원동,310000.0,2026-05-09
4255,,서초센트럴IPARK,11650-4827,1582,3,2020,개인,,,"230,000",10,5,2026,중개거래,서울 서초구,80.5098,32,1582-3,1,N,,반포대로18길,00036,00000,4163228,00,11650,0,11650,개인,10800,서초동,230000.0,2026-05-10
4256,103,더샵서초,11650-3284,1445,14,2006,개인,,,"63,000",7,5,2026,중개거래,서울 서초구,33.06,31,1445-14,1,N,26.07.10,서초중앙로2길,00021,00000,4163718,01,11650,0,11650,개인,10800,서초동,63000.0,2026-05-07
4257,래미안 서초유니빌,래미안서초유니빌,11650-518,1445,4,2003,개인,,,"34,500",9,5,2026,중개거래,서울 서초구,34.052,4,1445-4,1,N,26.08.14,서초중앙로,00026,00000,3121024,03,11650,0,11650,개인,10800,서초동,34500.0,2026-05-09
4258,201동,경남아너스빌201동,11650-3257,1456,2,2006,개인,,,"198,000",9,5,2026,중개거래,서울 서초구,84.95,4,1456-2,1,N,26.09.03,반포대로10길,00042,00000,4163222,01,11650,0,11650,개인,10800,서초동,198000.0,2026-05-09
4259,,방배아크로타워,11650-3358,923,6,2007,개인,26.05.22,O,"83,000",9,5,2026,중개거래,서울 서초구,60.12,5,923-6,1,N,,방배로13길,00018,00000,4163251,01,11650,0,11650,개인,10100,방배동,83000.0,2026-05-09
4260,래미안 서초유니빌,래미안서초유니빌,11650-518,1445,4,2003,개인,,,"59,800",5,5,2026,중개거래,"경기 용인시 처인구, 서울 서초구",49.745,8,1445-4,1,N,26.08.04,서초중앙로,00026,00000,3121024,03,11650,0,11650,개인,10800,서초동,59800.0,2026-05-05
4261,102,디에이치반포라클라스,11650-4959,1343,0,2021,개인,,,"360,000",9,5,2026,중개거래,서울 서초구,59.9928,17,1343,1,N,26.09.03,서초중앙로,00206,00000,3121024,00,11650,,11650,개인,10700,반포동,360000.0,2026-05-09
4262,112,롯데캐슬클래식,11650-3300,1312,3,2006,개인,,,"279,500",9,5,2026,중개거래,서울 서초구,74.3,7,1312-3,1,N,26.08.28,서운로,00200,00000,3121016,01,11650,0,11650,개인,10800,서초동,279500.0,2026-05-09
4263,1,임광,11650-341,1015,0,1985,개인,,,"240,000",9,5,2026,중개거래,서울 서초구,84.78,3,1015,1,N,26.09.07,방배로,00014,00000,3121010,01,11650,0,11650,개인,10100,방배동,240000.0,2026-05-09
4264,102동,방배아트자이,11650-4706,3278,0,2018,개인,,,"283,000",6,5,2026,중개거래,서울 서초구,84.9383,13,3278,1,N,26.08.31,명달로9길,00057,00000,4163195,00,11650,0,11650,개인,10100,방배동,283000.0,2026-05-06
4265,104,롯데캐슬클래식,11650-3300,1312,3,2006,개인,,,"370,000",8,5,2026,중개거래,서울 서초구,120.18,9,1312-3,1,N,26.08.06,서운로,00197,00000,3121016,00,11650,,11650,개인,10800,서초동,370000.0,2026-05-08
4266,,방배씨티(보성),11650-302,836,1,2000,개인,,,"153,500",8,5,2026,중개거래,서울 서초구,74.16,9,836-1,1,N,26.08.25,서초대로23길,00074,00000,4163391,01,11650,0,11650,개인,10100,방배동,153500.0,2026-05-08
4267,503,삼호가든맨션(5차),11650-196,30,1,1986,개인,,,"474,000",1,5,2026,중개거래,"경기 의정부시, 서울 서초구",153.54,11,30-1,1,N,26.06.30,서초중앙로,00242,00000,3121024,02,11650,0,11650,개인,10700,반포동,474000.0,2026-05-01
4268,,한신,11650-145,56,3,1992,개인,26.05.26,O,"344,000",8,5,2026,중개거래,서울 서초구,84.52,7,56-3,1,N,,잠원로,00150,00000,3121019,01,11650,0,11650,개인,10600,잠원동,344000.0,2026-05-08
4269,,서초현대타워아파트,11650-50,1319,13,1997,개인,,,"190,000",8,5,2026,중개거래,서울 서초구,178.21,19,1319-13,1,N,26.06.30,강남대로,00375,00000,2102001,04,11650,0,11650,개인,10800,서초동,190000.0,2026-05-08
4270,3,한신,11650-145,56,3,1992,개인,,,"337,000",9,5,2026,중개거래,서울 서초구,84.52,8,56-3,1,N,26.07.31,잠원로,00150,00000,3121019,01,11650,0,11650,개인,10600,잠원동,337000.0,2026-05-09
4271,106,서리풀e편한세상,11650-3573,906,13,2010,개인,,,"266,100",8,5,2026,직거래,,84.97,3,906-13,1,N,26.05.08,효령로33길,00050,00000,4163633,01,11650,0,11650,개인,10100,방배동,266100.0,2026-05-08
4272,,메이플자이,11650-6434,60,3,2025,개인,,,"462,000",5,5,2026,중개거래,서울 서초구,84.2537,2,60-3,1,N,,신반포로,00251,00000,3121017,00,11650,,11650,개인,10600,잠원동,462000.0,2026-05-05
4273,209,서초힐스,11650-3821,773,0,2012,개인,,,"196,500",8,5,2026,중개거래,서울 서초구,84.97,1,773,1,N,26.08.31,양재대로2길,00090,00000,4163748,01,11650,0,11650,개인,10300,우면동,196500.0,2026-05-08
4274,,대림서초리시온,11650-605,1671,5,2003,개인,,,"73,800",1,5,2026,중개거래,서울 서초구,56.43,14,1671-5,1,N,26.08.21,서초중앙로22길,00025,00000,4163707,01,11650,0,11650,개인,10800,서초동,73800.0,2026-05-01
4275,1,강변,11650-97,53,15,1987,개인,,,"316,500",2,5,2026,중개거래,서울 서초구,84.53,13,53-15,1,N,26.06.02,잠원로,00166,00017,3121019,01,11650,0,11650,개인,10600,잠원동,316500.0,2026-05-02
4276,110동,래미안 리더스원,11650-4887,1755,0,2020,개인,,,"303,000",7,5,2026,중개거래,서울 서초구,59.96,20,1755,1,N,26.08.31,서운로,00062,00000,3121016,00,11650,,11650,개인,10800,서초동,303000.0,2026-05-07
4277,,메이플자이,11650-6434,60,3,2025,개인,,,"499,000",2,5,2026,중개거래,서울 서초구,84.8456,25,60-3,1,N,,신반포로,00251,00000,3121017,00,11650,,11650,개인,10600,잠원동,499000.0,2026-05-02
4278,101,방배1차현대홈타운,11650-290,1344,0,1999,개인,,,"207,000",7,5,2026,중개거래,서울 서초구,59.94,1,1344,1,N,26.08.27,서초대로1길,00030,00000,4163389,01,11650,0,11650,개인,10100,방배동,207000.0,2026-05-07
4279,101,방배래미안타워,11650-759,485,3,2005,개인,,,"230,000",7,5,2026,중개거래,서울 서초구,103.34,3,485-3,1,N,26.09.03,남부순환로,02183,00000,2000003,01,11650,0,11650,개인,10100,방배동,230000.0,2026-05-07
4280,502,반포미도2차아파트,11650-173,60,5,1989,개인,,,"265,000",7,5,2026,중개거래,"서울 강남구, 서울 서초구",59.07,3,60-5,1,N,26.08.31,사평대로,00240,00000,2121001,02,11650,0,11650,개인,10700,반포동,265000.0,2026-05-07
4281,,메이플자이,11650-6434,60,3,2025,개인,,,"400,000",4,5,2026,중개거래,서울 서초구,59.1662,6,60-3,1,N,,신반포로,00253,00000,3121017,00,11650,,11650,개인,10600,잠원동,400000.0,2026-05-04
4282,104동,서초그랑자이,11650-4969,1757,0,2021,개인,,,"382,500",5,5,2026,중개거래,"서울 구로구, 서울 서초구",84.84,14,1757,1,N,26.05.28,효령로,00391,00000,3121021,00,11650,,11650,개인,10800,서초동,382500.0,2026-05-05
4283,B,아크로비스타,11650-724,1685,3,2004,개인,,,"275,000",6,5,2026,중개거래,서울 서초구,138.96,2,1685-3,1,N,26.08.31,서초중앙로,00188,00000,3121024,03,11650,0,11650,개인,10800,서초동,275000.0,2026-05-06
4284,힐스테이트 서리풀 102동,"마제스타시티(힐스테이트서리풀101,102동)",11650-4516,1498,5,2017,개인,,,"200,000",7,5,2026,중개거래,서울 서초구,59.97,10,1498-5,1,N,26.09.02,서초대로38길,00012,00000,4163404,01,11650,0,11650,개인,10800,서초동,200000.0,2026-05-07
4285,109,서초래미안,11650-523,1682,0,2003,개인,,,"335,000",7,5,2026,중개거래,서울 서초구,126.31,10,1682,1,N,26.08.26,서초대로65길,00013,00010,4163425,01,11650,0,11650,개인,10800,서초동,335000.0,2026-05-07
4286,208,롯데캐슬갤럭시(50-1),11650-682,50,1,2004,개인,,,"350,000",6,5,2026,중개거래,"서울 강동구, 서울 서초구",109.56,11,50-1,1,N,26.09.01,잠원로14길,00023,00000,4163526,01,11650,0,11650,개인,10600,잠원동,350000.0,2026-05-06
4287,102,삼성래미안1,11650-503,2626,0,2003,개인,,,"205,000",6,5,2026,중개거래,서울 서초구,84.91,8,2626,1,N,26.08.26,방배선행길,00002,00000,4163671,01,11650,0,11650,개인,10100,방배동,205000.0,2026-05-06
4288,106동,래미안 리더스원,11650-4887,1755,0,2020,개인,,,"298,000",6,5,2026,중개거래,"서울 강남구, 서울 서초구",59.97,16,1755,1,N,26.09.08,서운로,00062,00000,3121016,00,11650,,11650,개인,10800,서초동,298000.0,2026-05-06
4289,345,신반포25,11650-122,61,1,1984,개인,,,"387,000",1,5,2026,중개거래,서울 서초구,84.49,6,61-1,1,N,26.08.25,잠원로,00136,00000,3121019,01,11650,0,11650,개인,10600,잠원동,387000.0,2026-05-01
4290,,방배신동아럭스빌,11650-589,1026,14,2003,개인,,,"200,000",6,5,2026,직거래,,164.79,13,1026-14,1,N,26.05.26,방배로1길,00009,00000,4163256,01,11650,0,11650,개인,10100,방배동,200000.0,2026-05-06
4291,501,우성아파트,11650-60,1326,17,1998,개인,,,"230,000",6,5,2026,중개거래,서울 서초구,59.93,16,1326-17,1,N,26.09.03,서초대로74길,00030,00000,4163433,01,11650,0,11650,개인,10800,서초동,230000.0,2026-05-06
4292,105동,서초그랑자이,11650-4969,1757,0,2021,개인,,,"315,000",5,5,2026,중개거래,서울 서초구,59.98,6,1757,1,N,26.08.14,효령로,00391,00000,3121021,00,11650,,11650,개인,10800,서초동,315000.0,2026-05-05
4293,103동,서초그랑자이,11650-4969,1757,0,2021,개인,,,"300,000",15,5,2026,중개거래,서울 서초구,59.98,14,1757,1,N,26.05.22,효령로,00391,00000,3121021,00,11650,,11650,개인,10800,서초동,300000.0,2026-05-15
4294,보아스힐아파트,보아스힐(701-4),11650-3323,701,4,2006,개인,,,"106,000",6,5,2026,중개거래,서울 서초구,63.07,7,701-4,1,N,26.07.29,주흥17길,00022,00000,4163553,01,11650,0,11650,개인,10700,반포동,106000.0,2026-05-06
4295,112동,래미안 리더스원,11650-4887,1755,0,2020,개인,,,"300,000",7,5,2026,중개거래,서울 서초구,59.97,22,1755,1,N,26.08.31,서운로,00062,00000,3121016,00,11650,,11650,개인,10800,서초동,300000.0,2026-05-07
4296,2차,N-Suite(1513-2),11650-719,1513,2,2004,개인,,,"130,000",4,5,2026,직거래,,112.35,2,1513-2,1,N,26.09.07,명달로22길,00042,00000,4163188,01,11650,0,11650,개인,10800,서초동,130000.0,2026-05-04
4297,,대림서초리시온,11650-605,1671,5,2003,개인,,,"51,500",6,5,2026,중개거래,서울 서초구,49.92,7,1671-5,1,N,26.07.01,서초중앙로22길,00025,00000,4163707,01,11650,0,11650,개인,10800,서초동,51500.0,2026-05-06
4298,,메이플자이,11650-6434,60,3,2025,개인,,,"509,000",1,5,2026,중개거래,서울 서초구,84.8456,30,60-3,1,N,,신반포로,00251,00000,3121017,00,11650,,11650,개인,10600,잠원동,509000.0,2026-05-01
4299,,현대성우주상복합아파트,11650-700,1316,15,2002,개인,,,"171,500",5,5,2026,중개거래,서울 서초구,161.91,14,1316-15,1,N,26.08.31,강남대로61길,00023,00000,4163028,01,11650,0,11650,개인,10800,서초동,171500.0,2026-05-05
4300,,수광빌라트,11650-52,1640,3,1996,개인,,,"155,000",4,5,2026,중개거래,서울 서초구,153.36,6,1640-3,1,N,26.07.24,서초대로60길,00033,00000,4163422,01,11650,0,11650,개인,10800,서초동,155000.0,2026-05-04
4301,,방배대우디오빌,11650-3191,866,20,2005,개인,,,"26,500",4,5,2026,중개거래,서울 서초구,29.6,3,866-20,1,N,26.06.12,서초대로,00017,00000,2121002,01,11650,0,11650,개인,10100,방배동,26500.0,2026-05-04
4302,140,반포자이,11650-3500,20,43,2009,개인,,,"470,000",30,5,2026,중개거래,서울 서초구,84.982,22,20-43,1,N,26.09.07,신반포로,00270,00000,3121017,02,11650,0,11650,개인,10700,반포동,470000.0,2026-05-30
4303,A,현대슈퍼빌,11650-519,1446,11,2003,개인,,,"340,000",1,5,2026,중개거래,서울 서초구,216.16,8,1446-11,1,N,26.08.21,서초중앙로,00015,00000,3121024,03,11650,0,11650,개인,10800,서초동,340000.0,2026-05-01
4304,105,반포힐스테이트,11650-3687,16,6,2012,개인,,,"320,000",2,5,2026,중개거래,서울 서초구,59.7,3,16-6,1,N,26.07.31,신반포로16길,00015,00020,4163754,01,11650,0,11650,개인,10700,반포동,320000.0,2026-05-02
4305,101,서초4현대,11650-30,1684,0,2000,개인,,,"159,000",1,5,2026,중개거래,서울 서초구,52.36,7,1684,1,N,26.09.01,고무래로,00094,00000,3121001,02,11650,0,11650,개인,10800,서초동,159000.0,2026-05-01
4306,203,서초힐스,11650-3821,773,0,2012,개인,,,"180,000",2,5,2026,중개거래,"경기 안양시 동안구, 서울 서초구",59.89,17,773,1,N,26.07.10,양재대로2길,00090,00000,4163748,01,11650,0,11650,개인,10300,우면동,180000.0,2026-05-02
4307,,파라다이스(477-7),11650-636,477,7,2004,개인,,,"137,000",2,5,2026,중개거래,서울 서초구,84.87,3,477-7,1,N,26.08.28,효령로4길,00013,00000,4163643,01,11650,0,11650,개인,10100,방배동,137000.0,2026-05-02
4308,1,강변,11650-97,53,15,1987,개인,,,"305,000",1,5,2026,중개거래,서울 서초구,84.53,4,53-15,1,N,26.08.26,잠원로,00166,00017,3121019,01,11650,0,11650,개인,10600,잠원동,305000.0,2026-05-01
4309,1,임광,11650-341,1015,0,1985,개인,,,"238,000",1,5,2026,중개거래,서울 서초구,84.78,3,1015,1,N,26.08.20,방배로,00014,00000,3121010,01,11650,0,11650,개인,10100,방배동,238000.0,2026-05-01
4310,121,래미안원베일리,11650-5126,1,0,2023,개인,,,"600,000",1,5,2026,중개거래,서울 서초구,84.97,19,1,1,N,26.07.27,반포대로,00333,00000,2121003,00,11650,,11650,개인,10700,반포동,600000.0,2026-05-01
4311,106,반포래미안아이파크,11650-4678,1341,0,2018,개인,,,"325,000",16,5,2026,중개거래,서울 서초구,59.95,10,1341,1,N,26.07.24,서초중앙로,00220,00000,3121024,02,11650,0,11650,개인,10700,반포동,325000.0,2026-05-16
4312,,메이플자이,11650-6434,60,3,2025,개인,,,"665,000",17,6,2026,중개거래,서울 서초구,124.4237,22,60-3,1,N,,신반포로,00253,00000,3121017,00,11650,,11650,개인,10600,잠원동,665000.0,2026-06-17
4313,,서초센트럴IPARK,11650-4827,1582,3,2020,개인,,,"221,500",20,6,2026,중개거래,서울 서초구,80.5332,28,1582-3,1,N,,반포대로18길,00036,00000,4163228,00,11650,0,11650,개인,10800,서초동,221500.0,2026-06-20
4314,503,호반써밋서초파크뷰(토지임대부아파트),11650-3976,789,0,2013,개인,,,"150,000",17,6,2026,중개거래,서울 서초구,84.99,2,789,1,Y,26.08.13,양재대로2길,00011,00000,4163748,01,11650,0,11650,개인,10300,우면동,150000.0,2026-06-17
4315,,반포샤인힐4차,11650-537,82,19,2003,개인,,,"187,000",19,6,2026,중개거래,서울 서초구,184.33,3,82-19,1,N,,동광로43길,00004,00000,4163131,01,11650,0,11650,개인,10700,반포동,187000.0,2026-06-19
4316,,방배비젼21빌라트,11650-294,849,2,2000,개인,,,"194,000",1,6,2026,중개거래,서울 영등포구,183.84,6,849-2,1,N,,방배로28길,00046,00000,4163263,01,11650,0,11650,개인,10100,방배동,194000.0,2026-06-01
4317,,로얄파크에이,11650-773,1527,13,2005,개인,,,"160,000",29,6,2026,중개거래,서울 서초구,134.88,4,1527-13,1,N,,효령로45길,00011,00000,4163639,01,11650,0,11650,개인,10800,서초동,160000.0,2026-06-29
4318,,메이플자이,11650-6434,60,3,2025,개인,,,"490,000",25,6,2026,중개거래,서울 서초구,80.2184,27,60-3,1,N,,신반포로,00253,00000,3121017,00,11650,,11650,개인,10600,잠원동,490000.0,2026-06-25
4319,,반포자이,11650-3500,20,43,2009,개인,,,"470,000",27,6,2026,중개거래,서울 서초구,84.943,29,20-43,1,N,,신반포로,00270,00000,3121017,02,11650,0,11650,개인,10700,반포동,470000.0,2026-06-27
4320,,서초대우아이빌,11650-606,1675,11,2003,개인,,,"40,000",30,6,2026,중개거래,서울 서초구,45.692,12,1675-11,1,N,,서초대로58길,00010,00000,4163421,01,11650,0,11650,개인,10800,서초동,40000.0,2026-06-30
4321,,우성KBS(113동),11650-488,160,2,1996,개인,,,"210,000",23,6,2026,중개거래,"서울 강남구, 서울 서초구",84.69,3,160-2,1,N,,바우뫼로,00091,00000,3121009,01,11650,0,11650,개인,10200,양재동,210000.0,2026-06-23
4322,101,반포두산힐스빌,11650-168,54,5,2001,개인,,,"105,000",25,6,2026,직거래,,47.7,5,54-5,1,N,26.07.24,고무래로10길,00016,00000,4163042,01,11650,0,11650,개인,10700,반포동,105000.0,2026-06-25
4323,,래미안방배아트힐(1008-2),11650-658,1008,2,2004,개인,,,"268,500",23,6,2026,중개거래,서울 서초구,114.18,8,1008-2,1,N,,남부순환로,02311,00012,2000003,01,11650,0,11650,개인,10100,방배동,268500.0,2026-06-23
4324,,롯데캐슬클래식,11650-3300,1312,3,2006,개인,,,"294,000",27,6,2026,중개거래,서울 서초구,74.3,11,1312-3,1,N,,서운로,00200,00000,3121016,01,11650,0,11650,개인,10800,서초동,294000.0,2026-06-27
4325,,대림서초리시온,11650-605,1671,5,2003,개인,,,"48,500",29,6,2026,중개거래,서울 서초구,45.72,7,1671-5,1,N,26.08.14,서초중앙로22길,00025,00000,4163707,01,11650,0,11650,개인,10800,서초동,48500.0,2026-06-29
4326,,강변,11650-97,53,15,1987,개인,,,"236,000",19,6,2026,직거래,,66.29,12,53-15,1,N,,잠원로,00166,00017,3121019,01,11650,0,11650,개인,10600,잠원동,236000.0,2026-06-19
4327,,서리풀래디앙아파트,11650-4798,805,14,2020,개인,,,"148,500",24,6,2026,중개거래,서울 서초구,60.55,5,805-14,1,N,,방배로32길,00049,00000,4163267,00,11650,0,11650,개인,10100,방배동,148500.0,2026-06-24
4328,,유원서초,11650-62,1687,0,1993,개인,,,"257,000",16,6,2026,중개거래,서울 서초구,84.82,1,1687,1,N,,서초중앙로24길,00043,00000,4163710,01,11650,0,11650,개인,10800,서초동,257000.0,2026-06-16
4329,,반포리체,11650-3617,30,26,2010,개인,,,"342,000",25,6,2026,중개거래,서울 서초구,59.994,10,30-26,1,N,,고무래로,00035,00000,3121001,01,11650,0,11650,개인,10700,반포동,342000.0,2026-06-25
4330,,메이플자이,11650-6434,60,3,2025,개인,,,"530,000",28,6,2026,중개거래,서울 서초구,84.2537,32,60-3,1,N,,신반포로,00251,00000,3121017,00,11650,,11650,개인,10600,잠원동,530000.0,2026-06-28
4331,,인랜드,11650-674,363,3,2002,개인,,,"109,000",30,6,2026,중개거래,서울 서초구,73.28,3,363-3,1,N,26.08.28,강남대로2길,00096,00000,4163014,01,11650,0,11650,개인,10200,양재동,109000.0,2026-06-30
4332,,엠브이아파트,11650-199,46,0,1994,개인,,,"202,000",26,6,2026,중개거래,서울 서초구,59.82,7,46,1,N,,고무래로10길,00039,00000,4163042,01,11650,0,11650,개인,10700,반포동,202000.0,2026-06-26
4333,,서초트라팰리스,11650-3238,1344,13,2005,개인,,,"184,500",27,6,2026,중개거래,서울 서초구,81.76,16,1344-13,1,N,,효령로72길,00057,00000,4163657,01,11650,0,11650,개인,10800,서초동,184500.0,2026-06-27
4334,,반포샤인힐4차,11650-537,82,19,2003,개인,26.08.19,O,"187,000",19,6,2026,중개거래,서울 서초구,184.33,3,82-19,1,N,,동광로43길,00004,00000,4163131,01,11650,0,11650,개인,10700,반포동,187000.0,2026-06-19
4335,,반포자이,11650-3500,20,43,2009,개인,,,"580,000",18,6,2026,중개거래,서울 서초구,132.439,3,20-43,1,N,,신반포로,00270,00000,3121017,02,11650,0,11650,개인,10700,반포동,580000.0,2026-06-18
4336,503,호반써밋서초파크뷰(토지임대부아파트),11650-3976,789,0,2013,개인,,,"158,000",5,6,2026,중개거래,서울 서초구,84.95,13,789,1,Y,26.08.31,양재대로2길,00011,00000,4163748,01,11650,0,11650,개인,10300,우면동,158000.0,2026-06-05
4337,1,urbanplace,11650-4072,1337,3,2014,개인,,,"24,500",13,6,2026,중개거래,서울 서초구,23.456,8,1337-3,1,N,26.07.30,효령로77길,00030,00000,4163659,01,11650,0,11650,개인,10800,서초동,24500.0,2026-06-13
4338,,대림,11650-479,57,0,1995,개인,,,"219,000",19,6,2026,중개거래,서울 서초구,130.89,8,57,1,N,,바우뫼로7길,00051,00000,4163219,01,11650,0,11650,개인,10300,우면동,219000.0,2026-06-19
4339,,반포훼미리(101동),11650-259,713,1,2002,개인,,,"203,000",12,6,2026,중개거래,서울 서초구,84.12,12,713-1,1,N,,주흥11길,00040,00000,4163549,01,11650,0,11650,개인,10700,반포동,203000.0,2026-06-12
4340,,경남아너스빌201동,11650-3257,1456,2,2006,개인,,,"219,000",19,6,2026,중개거래,서울 서초구,84.95,4,1456-2,1,N,,반포대로10길,00042,00000,4163222,01,11650,0,11650,개인,10800,서초동,219000.0,2026-06-19
4341,,대림서초리시온,11650-605,1671,5,2003,개인,,,"73,500",11,6,2026,중개거래,서울 서초구,52.68,12,1671-5,1,N,26.08.10,서초중앙로22길,00025,00000,4163707,01,11650,0,11650,개인,10800,서초동,73500.0,2026-06-11
4342,,비젼(103),11650-581,16,21,2003,개인,,,"117,000",27,6,2026,중개거래,서울 서초구,84.7,3,16-21,1,N,,남부순환로356길,00095,00010,4163088,01,11650,0,11650,개인,10200,양재동,117000.0,2026-06-27
4343,204,서초네이처힐2단지,11650-3748,712,0,2012,개인,,,"130,000",12,6,2026,직거래,,84.73,1,712,1,N,26.07.20,형촌길,00015,00000,4163604,01,11650,0,11650,개인,10300,우면동,130000.0,2026-06-12
4344,109동,서초그랑자이,11650-4969,1757,0,2021,개인,,,"360,000",25,6,2026,중개거래,서울 서초구,74.98,34,1757,1,N,26.08.28,효령로,00391,00000,3121021,00,11650,,11650,개인,10800,서초동,360000.0,2026-06-25
4345,,반포미도,11650-172,60,4,1987,개인,,,"404,000",16,6,2026,중개거래,서울 서초구,84.96,14,60-4,1,N,,서초중앙로29길,00028,00000,4163713,01,11650,0,11650,개인,10700,반포동,404000.0,2026-06-16
4346,6,임광,11650-341,1015,0,1985,개인,,,"276,000",12,6,2026,중개거래,서울 서초구,136.38,4,1015,1,N,26.07.10,방배로,00014,00000,3121010,01,11650,0,11650,개인,10100,방배동,276000.0,2026-06-12
4347,The H. Herren,TheHerren,11650-4538,812,1,2017,개인,,,"118,000",27,6,2026,중개거래,서울 서초구,61.41,3,812-1,1,N,26.09.15,서초대로23길,00106,00000,4163391,00,11650,0,11650,개인,10100,방배동,118000.0,2026-06-27
4348,,방배더유엘포레,11650-6462,3288,0,2026,개인,,,"60,000",8,6,2026,중개거래,서울 서초구,39.04,7,3288,1,N,,효령로29길,00016,00000,4163630,01,11650,0,11650,개인,10100,방배동,60000.0,2026-06-08
4349,,서초포레스타3단지,11650-4040,568,0,2014,개인,,,"218,000",21,6,2026,중개거래,서울 서초구,114.81,15,568,1,N,,헌릉로8길,00022,00000,4163749,01,11650,0,11650,개인,11100,신원동,218000.0,2026-06-21
4350,,서초삼성래미안,11650-24,1641,1,2001,개인,,,"170,000",15,6,2026,직거래,,84.97,14,1641-1,1,N,,사임당로17길,00116,00000,4163313,01,11650,0,11650,개인,10800,서초동,170000.0,2026-06-15
4351,112,신반포2,11650-117,73,0,1978,개인,,,"416,000",20,6,2026,중개거래,서울 서초구,68.91,11,73,1,N,26.08.25,신반포로23길,00041,00000,4163452,01,11650,0,11650,개인,10600,잠원동,416000.0,2026-06-20
4352,A동,강남태영데시앙루브,11650-3217,1303,35,2005,개인,,,"150,000",19,6,2026,중개거래,서울 서초구,84.47,13,1303-35,1,N,26.09.03,강남대로,00455,00000,2102001,04,11650,0,11650,개인,10800,서초동,150000.0,2026-06-19
4353,,현대성우주상복합아파트,11650-700,1316,15,2002,개인,,,"178,000",30,6,2026,중개거래,서울 서초구,151.16,5,1316-15,1,N,26.08.14,강남대로61길,00023,00000,4163028,01,11650,0,11650,개인,10800,서초동,178000.0,2026-06-30
4354,,신반포2,11650-117,73,0,1978,개인,,,"565,000",19,6,2026,중개거래,서울 서초구,107.31,9,73,1,N,,신반포로23길,00041,00000,4163452,01,11650,0,11650,개인,10600,잠원동,565000.0,2026-06-19
4355,,더미켈란,11650-626,1494,4,2005,개인,,,"420,000",12,6,2026,중개거래,서울 서초구,244.58,9,1494-4,1,N,,명달로,00091,00000,3121008,02,11650,0,11650,개인,10800,서초동,420000.0,2026-06-12
4356,144,반포자이,11650-3500,20,43,2009,개인,,,"360,000",14,6,2026,중개거래,서울 서초구,59.98,14,20-43,1,N,26.09.10,신반포로,00270,00000,3121017,02,11650,0,11650,개인,10700,반포동,360000.0,2026-06-14
4357,,서초포레스타3단지,11650-4040,568,0,2014,개인,,,"170,000",30,6,2026,중개거래,서울 서초구,59.96,3,568,1,N,,헌릉로8길,00022,00000,4163749,01,11650,0,11650,개인,11100,신원동,170000.0,2026-06-30
4358,,호반써밋서초파크,11650-3974,788,0,2013,개인,,,"175,500",22,6,2026,직거래,,59.93,20,788,1,N,,양재대로2길,00033,00000,4163748,01,11650,0,11650,개인,10300,우면동,175500.0,2026-06-22
4359,,대흥,11650-476,7,45,2002,개인,,,"92,500",21,6,2026,중개거래,서울 강남구,56.65,3,7-45,1,N,26.08.31,강남대로30길,00073,00011,4163015,01,11650,0,11650,개인,10200,양재동,92500.0,2026-06-21
4360,,정광아파트,11650-693,107,19,2004,개인,,,"133,000",30,6,2026,중개거래,서울 서초구,95.65,3,107-19,1,N,26.09.01,사평대로18길,00019,00000,4163324,01,11650,0,11650,개인,10700,반포동,133000.0,2026-06-30
4361,,반포자이,11650-3500,20,43,2009,개인,,,"615,000",20,6,2026,중개거래,"서울 강남구, 서울 서초구",132.439,24,20-43,1,N,,신반포로,00270,00000,3121017,02,11650,0,11650,개인,10700,반포동,615000.0,2026-06-20
4362,,"마제스타시티(힐스테이트서리풀101,102동)",11650-4516,1498,5,2017,개인,,,"210,000",25,6,2026,중개거래,서울 서초구,59.95,11,1498-5,1,N,,서초대로38길,00012,00000,4163404,01,11650,0,11650,개인,10800,서초동,210000.0,2026-06-25
4363,102,서초동롯데캐슬리버티,11650-833,1620,20,2005,개인,,,"180,000",24,6,2026,직거래,,125.79,3,1620-20,1,N,26.07.30,사임당로10길,00039,00000,4163309,01,11650,0,11650,개인,10800,서초동,180000.0,2026-06-24
4364,,반포미도2차아파트,11650-173,60,5,1989,개인,,,"290,000",28,6,2026,중개거래,서울 서초구,71.49,1,60-5,1,N,,사평대로,00240,00000,2121001,02,11650,0,11650,개인,10700,반포동,290000.0,2026-06-28
4365,501,우성아파트,11650-60,1326,17,1998,개인,,,"205,000",29,6,2026,중개거래,서울 서초구,57.26,1,1326-17,1,N,26.09.11,서초대로74길,00030,00000,4163433,01,11650,0,11650,개인,10800,서초동,205000.0,2026-06-29
4366,102동,아크로리버뷰신반포,11650-4676,159,0,2018,개인,,,"515,000",10,6,2026,중개거래,서울 서초구,78.5,15,159,1,N,26.07.31,잠원로,00117,00000,3121019,00,11650,0,11650,개인,10600,잠원동,515000.0,2026-06-10
4367,,현대,11650-152,53,0,1993,개인,,,"300,000",13,6,2026,중개거래,서울 서초구,84.87,13,53,1,N,,잠원로12길,00004,00000,4163525,01,11650,0,11650,개인,10600,잠원동,300000.0,2026-06-13
4368,204,방배2차현대홈타운,11650-380,2001,0,2001,개인,,,"298,000",5,6,2026,중개거래,서울 서초구,114.74,11,2001,1,N,26.07.31,서초대로1길,00034,00000,4163389,01,11650,0,11650,개인,10100,방배동,298000.0,2026-06-05
4369,103,서초더샵포레,11650-4063,411,0,2014,개인,,,"204,000",27,6,2026,중개거래,서울 서초구,114.68,3,411,1,N,26.07.29,헌릉로8길,00058,00000,4163749,02,11650,0,11650,개인,10900,내곡동,204000.0,2026-06-27
4370,101,반포두산힐스빌,11650-168,54,5,2001,개인,,,"133,000",13,6,2026,중개거래,서울 서초구,47.7,4,54-5,1,N,26.09.07,고무래로10길,00016,00000,4163042,01,11650,0,11650,개인,10700,반포동,133000.0,2026-06-13
4371,,아크로리버뷰신반포,11650-4676,159,0,2018,개인,,,"455,000",27,6,2026,중개거래,서울 서초구,78.48,18,159,1,N,,잠원로,00117,00000,3121019,00,11650,0,11650,개인,10600,잠원동,455000.0,2026-06-27
4372,,신화,11650-132,54,7,1997,개인,,,"210,000",23,6,2026,중개거래,서울 서초구,57.33,7,54-7,1,N,26.09.02,잠원로14길,00054,00000,4163526,01,11650,0,11650,개인,10600,잠원동,210000.0,2026-06-23
4373,101,서리풀e편한세상,11650-3573,906,13,2010,개인,,,"261,000",9,6,2026,중개거래,"서울 서초구, 서울 영등포구",84.97,1,906-13,1,N,26.09.08,효령로33길,00050,00000,4163633,01,11650,0,11650,개인,10100,방배동,261000.0,2026-06-09
4374,111,서초더샵포레,11650-4063,411,0,2014,개인,,,"165,000",10,6,2026,중개거래,서울 서초구,59.69,6,411,1,N,26.08.27,헌릉로8길,00058,00000,4163749,02,11650,0,11650,개인,10900,내곡동,165000.0,2026-06-10
4375,1,삼성서초가든스위트,11650-31,1326,0,2000,개인,,,"420,000",8,6,2026,중개거래,"서울 강남구, 서울 서초구",181.5,13,1326,1,N,26.08.14,서운로,00122,00000,3121016,01,11650,0,11650,개인,10800,서초동,420000.0,2026-06-08
4376,1,서초동아,11650-3329,1527,14,2006,개인,,,"136,000",29,6,2026,중개거래,서울 서초구,131.39,6,1527-14,1,N,26.09.01,효령로45길,00007,00000,4163639,01,11650,0,11650,법인,10800,서초동,136000.0,2026-06-29
4377,,진흥아파트,11650-66,1315,0,1979,개인,,,"381,000",29,6,2026,직거래,,160.46,4,1315,1,N,,서초대로,00385,00000,2121002,02,11650,0,11650,개인,10800,서초동,381000.0,2026-06-29
4378,101,래미안원베일리,11650-5126,1,0,2023,개인,,,"1,300,000",12,6,2026,중개거래,서울 서초구,168.93,13,1,1,N,26.08.24,반포대로,00333,00000,2121003,00,11650,,11650,개인,10700,반포동,1300000.0,2026-06-12
4379,,대림서초리시온,11650-605,1671,5,2003,개인,,,"56,000",29,6,2026,중개거래,서울 서초구,49.92,6,1671-5,1,N,26.07.20,서초중앙로22길,00025,00000,4163707,01,11650,0,11650,개인,10800,서초동,56000.0,2026-06-29
4380,,진흥아파트,11650-66,1315,0,1979,개인,,,"325,860",15,6,2026,직거래,,131.07,9,1315,1,N,,서초대로,00385,00000,2121002,02,11650,0,11650,개인,10800,서초동,325860.0,2026-06-15
4381,,서초녹원,11650-33,1666,14,1997,개인,,,"170,000",27,6,2026,중개거래,서울 서초구,84.99,2,1666-14,1,N,,사임당로17길,00083,00000,4163313,01,11650,0,11650,개인,10800,서초동,170000.0,2026-06-27
4382,106동,아크로리버파크,11650-4440,2,12,2016,개인,,,"980,000",29,6,2026,중개거래,서울 서초구,178.94,17,2-12,1,N,26.09.09,신반포로15길,00019,00000,4163450,00,11650,0,11650,개인,10700,반포동,980000.0,2026-06-29
4383,,대림e-편한세상1,11650-511,884,21,2003,개인,26.08.02,O,"275,000",2,6,2026,직거래,,188.21,11,884-21,1,N,,서초대로34길,00034,00000,4163403,01,11650,0,11650,개인,10100,방배동,275000.0,2026-06-02
4384,206,신반포4,11650-125,70,0,1979,개인,,,"445,000",5,6,2026,중개거래,서울 서초구,100.11,9,70,1,N,26.09.08,잠원로,00037,00048,3121019,01,11650,0,11650,개인,10600,잠원동,445000.0,2026-06-05
4385,101,현대멤피스,11650-373,772,13,2001,개인,,,"275,000",27,6,2026,중개거래,서울 서초구,159.47,1,772-13,1,N,26.08.28,방배로,00239,00000,3121010,01,11650,0,11650,개인,10100,방배동,275000.0,2026-06-27
4386,101,래미안원베일리,11650-5126,1,0,2023,개인,,,"1,220,000",15,6,2026,중개거래,서울 서초구,168.87,9,1,1,N,26.08.31,반포대로,00333,00000,2121003,00,11650,,11650,개인,10700,반포동,1220000.0,2026-06-15
4387,1,한강,11650-144,49,8,1989,개인,,,"285,000",12,6,2026,중개거래,서울 서초구,84.53,1,49-8,1,N,26.08.18,잠원로,00213,00010,3121019,01,11650,0,11650,개인,10600,잠원동,285000.0,2026-06-12
4388,,반포이안애1차,11650-542,99,2,2003,개인,,,"215,000",18,6,2026,중개거래,서울 서초구,164.41,4,99-2,1,N,,동광로33길,00015,00000,4163126,02,11650,0,11650,개인,10700,반포동,215000.0,2026-06-18
4389,1,방배마에스트로,11650-4693,866,10,2019,개인,,,"60,000",19,6,2026,직거래,,35.37,12,866-10,1,N,26.07.03,서초대로,00013,00000,2121002,01,11650,0,11650,개인,10100,방배동,60000.0,2026-06-19
4390,,강남월드메르디앙프레스티지,11650-5023,11,11,2022,개인,26.06.30,O,"76,000",14,6,2026,직거래,,43.28,3,11-11,1,N,,남부순환로350길,00019,00011,4163086,00,11650,0,11650,법인,10200,양재동,76000.0,2026-06-14
4391,,호반써밋서초파크뷰(토지임대부아파트),11650-3976,789,0,2013,개인,26.08.20,O,"150,000",26,6,2026,중개거래,서울 서초구,84.99,2,789,1,Y,,양재대로2길,00011,00000,4163748,01,11650,0,11650,개인,10300,우면동,150000.0,2026-06-26
4392,C,아크로비스타,11650-724,1685,3,2004,개인,,,"405,000",25,6,2026,중개거래,서울 서초구,177.15,20,1685-3,1,N,26.08.31,서초중앙로,00188,00000,3121024,03,11650,0,11650,개인,10800,서초동,405000.0,2026-06-25
4393,,대림서초리시온,11650-605,1671,5,2003,개인,,,"57,000",1,6,2026,중개거래,서울 서초구,49.92,8,1671-5,1,N,26.09.01,서초중앙로22길,00025,00000,4163707,01,11650,0,11650,개인,10800,서초동,57000.0,2026-06-01
4394,112,신반포2,11650-117,73,0,1978,개인,,,"399,000",2,6,2026,중개거래,서울 서초구,68.91,11,73,1,N,26.08.14,신반포로23길,00041,00000,4163452,01,11650,0,11650,개인,10600,잠원동,399000.0,2026-06-02
4395,,래미안원베일리,11650-5126,1,0,2023,개인,,,"563,000",24,6,2026,중개거래,서울 서초구,84.95,20,1,1,N,,반포대로,00333,00000,2121003,00,11650,,11650,개인,10700,반포동,563000.0,2026-06-24
4396,101,황실자이,11650-3255,883,9,2005,개인,,,"330,000",4,6,2026,중개거래,"서울 강남구, 서울 서초구",191.297,11,883-9,1,N,26.08.28,서초대로,00156,00000,2121002,01,11650,0,11650,개인,10100,방배동,330000.0,2026-06-04
4397,102,서초자이르네,11650-5012,1758,0,2022,개인,,,"201,000",13,6,2026,중개거래,서울 서초구,84.97,14,1758,1,N,26.08.28,남부순환로323길,00033,00000,4163071,01,11650,0,11650,개인,10800,서초동,201000.0,2026-06-13
4398,128,반포자이,11650-3500,20,43,2009,개인,,,"698,000",5,6,2026,중개거래,서울 서초구,194.515,17,20-43,1,N,26.08.25,신반포로,00270,00000,3121017,02,11650,0,11650,개인,10700,반포동,698000.0,2026-06-05
4399,110,래미안퍼스티지,11650-3559,18,1,2009,개인,,,"639,000",4,6,2026,중개거래,서울 서초구,115.65,8,18-1,1,N,26.09.04,반포대로,00275,00000,2121003,02,11650,0,11650,개인,10700,반포동,639000.0,2026-06-04
4400,205,래미안서초에스티지S,11650-4622,1754,0,2018,개인,,,"325,000",20,6,2026,중개거래,서울 서초구,84.8,2,1754,1,N,26.09.10,서운로,00104,00000,3121016,01,11650,0,11650,개인,10800,서초동,325000.0,2026-06-20
4401,102,한신타워,11650-150,71,11,1996,개인,,,"329,000",9,6,2026,중개거래,서울 서초구,84.93,11,71-11,1,N,26.09.04,잠원로3길,00008,00000,4163527,01,11650,0,11650,개인,10600,잠원동,329000.0,2026-06-09
4402,102동,래미안서초에스티지,11650-4470,1332,13,2016,개인,,,"330,000",24,6,2026,중개거래,"서울 강남구, 서울 서초구",83.99,18,1332-13,1,N,26.07.30,서운로,00107,00000,3121016,00,11650,0,11650,개인,10800,서초동,330000.0,2026-06-24
4403,,한신,11650-145,56,3,1992,개인,,,"368,000",24,6,2026,중개거래,서울 서초구,84.52,6,56-3,1,N,,잠원로,00150,00000,3121019,01,11650,0,11650,개인,10600,잠원동,368000.0,2026-06-24
4404,,반포리체,11650-3617,30,26,2010,개인,,,"336,000",19,6,2026,중개거래,서울 서초구,59.993,2,30-26,1,N,,고무래로,00035,00000,3121001,01,11650,0,11650,개인,10700,반포동,336000.0,2026-06-19
4405,,우성KBS(113동),11650-488,160,2,1996,개인,,,"199,000",6,6,2026,중개거래,서울 서초구,84.69,12,160-2,1,N,,바우뫼로,00091,00000,3121009,01,11650,0,11650,개인,10200,양재동,199000.0,2026-06-06
4406,,반포훼미리(101동),11650-259,713,1,2002,개인,,,"192,000",16,6,2026,중개거래,서울 서초구,108.5,2,713-1,1,N,,주흥11길,00040,00000,4163549,01,11650,0,11650,개인,10700,반포동,192000.0,2026-06-16
4407,,우성KBS(113동),11650-488,160,2,1996,개인,26.07.17,O,"210,000",23,6,2026,중개거래,"서울 강남구, 서울 서초구",84.69,3,160-2,1,N,,바우뫼로,00091,00000,3121009,01,11650,0,11650,개인,10200,양재동,210000.0,2026-06-23
4408,107,방배그랑자이,11650-4970,3283,0,2021,개인,,,"243,000",16,6,2026,중개거래,서울 서초구,54.9954,9,3283,1,N,26.09.04,방배로,00021,00000,3121010,00,11650,0,11650,개인,10100,방배동,243000.0,2026-06-16
4409,,다원아파트,11650-465,340,8,2002,개인,,,"70,400",22,6,2026,중개거래,서울 서초구,47.52,7,340-8,1,N,26.06.29,강남대로8길,00064,00000,4163036,01,11650,0,11650,개인,10200,양재동,70400.0,2026-06-22
4410,101,서초한일,11650-45,1636,1,1997,개인,,,"180,000",18,6,2026,중개거래,서울 서초구,84.98,4,1636-1,1,N,26.07.31,서초대로64길,00031,00000,4163424,01,11650,0,11650,개인,10800,서초동,180000.0,2026-06-18
4411,A,방배아크로타워,11650-3358,923,6,2007,개인,,,"84,000",17,6,2026,중개거래,서울 서초구,60.12,6,923-6,1,N,26.08.13,방배로13길,00018,00000,4163251,01,11650,0,11650,개인,10100,방배동,84000.0,2026-06-17
4412,101,디에이치반포라클라스,11650-4959,1343,0,2021,개인,,,"250,000",4,6,2026,중개거래,서울 서초구,50.9833,20,1343,1,N,26.09.04,서초중앙로,00206,00000,3121024,00,11650,,11650,개인,10700,반포동,250000.0,2026-06-04
4413,,반포래미안아이파크,11650-4678,1341,0,2018,개인,,,"530,000",19,6,2026,중개거래,서울 서초구,130.93,4,1341,1,N,,서초중앙로,00220,00000,3121024,02,11650,0,11650,개인,10700,반포동,530000.0,2026-06-19
4414,103,서초아트자이,11650-3542,1583,10,2009,개인,,,"270,000",15,6,2026,중개거래,"경기 용인시 수지구, 서울 서초구",144.3141,8,1583-10,1,N,26.08.13,반포대로,00058,00000,2121003,03,11650,0,11650,개인,10800,서초동,270000.0,2026-06-15
4415,,반포써밋,11650-4703,1342,0,2018,개인,26.09.04,O,"389,000",14,6,2026,중개거래,"서울 강남구, 서울 서초구",84.9716,5,1342,1,N,,고무래로,00089,00000,3121001,00,11650,0,11650,개인,10700,반포동,389000.0,2026-06-14
4416,102동,래미안신반포팰리스,11650-4439,158,0,2016,개인,,,"450,000",10,6,2026,중개거래,서울 서초구,104.04,8,158,1,N,26.09.10,잠원로8길,00035,00000,4163529,00,11650,0,11650,개인,10600,잠원동,450000.0,2026-06-10
4417,103,더샾오데움(103동),11650-3226,1476,18,2005,개인,,,"280,000",2,6,2026,중개거래,서울 서초구,171.036,6,1476-18,1,N,26.09.04,반포대로7길,00045,00000,4163246,01,11650,0,11650,개인,10800,서초동,280000.0,2026-06-02
4418,107,래미안퍼스티지,11650-3559,18,1,2009,개인,,,"545,000",17,6,2026,중개거래,서울 서초구,84.93,25,18-1,1,N,26.09.09,반포대로,00275,00000,2121003,02,11650,0,11650,개인,10700,반포동,545000.0,2026-06-17
4419,,서초힐스,11650-3821,773,0,2012,개인,,,"202,000",13,6,2026,중개거래,"서울 강남구, 서울 서초구",84.93,17,773,1,N,,양재대로2길,00090,00000,4163748,01,11650,0,11650,개인,10300,우면동,202000.0,2026-06-13
4420,107,반포리체,11650-3617,30,26,2010,개인,,,"320,000",3,6,2026,중개거래,서울 서초구,59.993,11,30-26,1,N,26.08.20,고무래로,00035,00000,3121001,01,11650,0,11650,개인,10700,반포동,320000.0,2026-06-03
4421,110,롯데캐슬아르떼,11650-4044,424,28,2013,개인,,,"363,000",5,6,2026,중개거래,서울 서초구,121.6576,11,424-28,1,N,26.09.07,방배천로18길,00011,00000,4163687,01,11650,0,11650,개인,10100,방배동,363000.0,2026-06-05
4422,101동,서초센트럴IPARK,11650-4827,1582,3,2020,개인,,,"226,000",1,6,2026,중개거래,서울 서초구,80.5154,24,1582-3,1,N,26.09.11,반포대로18길,00036,00000,4163228,00,11650,0,11650,개인,10800,서초동,226000.0,2026-06-01
4423,,서초센트럴IPARK,11650-4827,1582,3,2020,개인,26.09.07,O,"221,500",20,6,2026,중개거래,서울 서초구,80.5332,28,1582-3,1,N,,반포대로18길,00036,00000,4163228,00,11650,0,11650,개인,10800,서초동,221500.0,2026-06-20
4424,,반포자이,11650-3500,20,43,2009,개인,,,"760,000",13,6,2026,중개거래,서울 서초구,244.543,26,20-43,1,N,,신반포로,00270,00000,3121017,02,11650,0,11650,개인,10700,반포동,760000.0,2026-06-13
4425,101,킴스빌리지,11650-142,71,12,1996,개인,,,"155,000",9,6,2026,중개거래,서울 서초구,30.18,2,71-12,1,N,26.08.31,잠원로3길,00006,00000,4163527,01,11650,0,11650,개인,10600,잠원동,155000.0,2026-06-09
4426,,한신휴플러스,11650-3289,3000,1,2006,개인,,,"160,000",11,6,2026,중개거래,서울 서초구,84.93,16,3000-1,1,N,,동작대로,00112,00000,2005009,01,11650,0,11650,개인,10100,방배동,160000.0,2026-06-11
4427,,서초네이처힐3단지,11650-3864,717,0,2013,개인,,,"220,000",15,6,2026,중개거래,서울 서초구,84.77,8,717,1,N,,태봉로2길,00060,00000,4163582,01,11650,0,11650,개인,10300,우면동,220000.0,2026-06-15
4428,,서초코아,11650-555,1465,7,2003,개인,,,"117,700",6,6,2026,중개거래,서울 서초구,96.48,3,1465-7,1,N,,남부순환로317길,00018,00016,4163069,01,11650,0,11650,개인,10800,서초동,117700.0,2026-06-06
4429,,서초동삼성쉐르빌2,11650-608,1330,0,2002,개인,,,"32,500",20,6,2026,중개거래,서울 서초구,35.22,11,1330,1,N,26.07.23,강남대로53길,00011,00000,4163026,01,11650,0,11650,개인,10800,서초동,32500.0,2026-06-20
4430,,대림서초리시온,11650-605,1671,5,2003,개인,,,"56,000",19,6,2026,중개거래,서울 서초구,49.92,7,1671-5,1,N,26.08.28,서초중앙로22길,00025,00000,4163707,01,11650,0,11650,개인,10800,서초동,56000.0,2026-06-19
4431,,방배대우디오빌,11650-3191,866,20,2005,개인,,,"31,000",19,6,2026,중개거래,"서울 서초구, 서울 영등포구",29.6,12,866-20,1,N,26.07.02,서초대로,00017,00000,2121002,01,11650,0,11650,개인,10100,방배동,31000.0,2026-06-19
4432,113,우성KBS(113동),11650-488,160,2,1996,개인,,,"215,000",17,6,2026,중개거래,서울 서초구,84.69,11,160-2,1,N,26.09.08,바우뫼로,00091,00000,3121009,01,11650,0,11650,개인,10200,양재동,215000.0,2026-06-17
4433,,밀라텔쉐르빌,11650-21,1316,31,2001,개인,,,"75,500",2,6,2026,중개거래,"서울 강남구, 서울 서초구",50.28,8,1316-31,1,N,,강남대로61길,00017,00000,4163028,01,11650,0,11650,개인,10800,서초동,75500.0,2026-06-02
4434,4002,상지리츠빌(1617-13),11650-723,1617,13,2004,개인,,,"235,000",17,6,2026,중개거래,서울 서초구,170.8,2,1617-13,1,N,26.08.26,서리풀4길,00036,00000,4163368,01,11650,0,11650,개인,10800,서초동,235000.0,2026-06-17
4435,1,한신서래,11650-232,70,1,1987,개인,,,"299,000",17,6,2026,중개거래,서울 서초구,64.53,10,70-1,1,N,26.09.01,사평대로28길,00031,00000,4163330,01,11650,0,11650,개인,10700,반포동,299000.0,2026-06-17
4436,브라운스톤잠원,브라운스톤잠원,11650-530,67,2,2003,개인,,,"295,000",9,6,2026,중개거래,서울 서초구,84.94,12,67-2,1,N,26.08.28,잠원로,00046,00038,3121019,01,11650,0,11650,개인,10600,잠원동,295000.0,2026-06-09
4437,힐스테이트 서리풀 102동,"마제스타시티(힐스테이트서리풀101,102동)",11650-4516,1498,5,2017,개인,,,"208,000",8,6,2026,중개거래,서울 서초구,59.95,9,1498-5,1,N,26.07.31,서초대로38길,00012,00000,4163404,01,11650,0,11650,개인,10800,서초동,208000.0,2026-06-08
4438,,베로니스2차,11650-752,803,9,2004,개인,,,"250,000",17,6,2026,중개거래,서울 서초구,191.62,3,803-9,1,N,26.09.04,서초대로33길,00116,00000,4163401,01,11650,0,11650,개인,10100,방배동,250000.0,2026-06-17
4439,108,서초더샵포레,11650-4063,411,0,2014,개인,,,"190,000",1,6,2026,중개거래,서울 서초구,114.71,12,411,1,N,26.09.07,헌릉로8길,00058,00000,4163749,02,11650,0,11650,개인,10900,내곡동,190000.0,2026-06-01
4440,,래미안원베일리,11650-5126,1,0,2023,개인,,,"460,000",18,6,2026,중개거래,서울 서초구,59.96,32,1,1,N,,반포대로,00333,00000,2121003,00,11650,,11650,개인,10700,반포동,460000.0,2026-06-18
4441,,메이플자이,11650-6434,60,3,2025,개인,,,"495,000",3,6,2026,중개거래,"서울 광진구, 서울 서초구",84.8456,11,60-3,1,N,,신반포로,00251,00000,3121017,00,11650,,11650,개인,10600,잠원동,495000.0,2026-06-03
4442,,메이플자이,11650-6434,60,3,2025,개인,,,"470,000",11,6,2026,중개거래,서울 서초구,84.8456,16,60-3,1,N,,신반포로,00251,00000,3121017,00,11650,,11650,개인,10600,잠원동,470000.0,2026-06-11
4443,,서초더샵포레,11650-4063,411,0,2014,개인,,,"190,000",2,6,2026,중개거래,서울 서초구,84.81,13,411,1,N,,헌릉로8길,00058,00000,4163749,02,11650,0,11650,개인,10900,내곡동,190000.0,2026-06-02
4444,106,한라,11650-483,67,0,1994,개인,,,"145,000",16,6,2026,직거래,,59.98,5,67,1,N,26.06.17,바우뫼로,00033,00000,3121009,02,11650,0,11650,개인,10300,우면동,145000.0,2026-06-16
4445,,신원아침도시(1420),11650-3219,1420,18,2005,개인,,,"183,000",14,6,2026,중개거래,서울 서초구,84.34,4,1420-18,1,N,,남부순환로337가길,00052,00000,4163077,01,11650,0,11650,개인,10800,서초동,183000.0,2026-06-14
4446,104동,반포써밋,11650-4703,1342,0,2018,개인,,,"385,000",1,6,2026,중개거래,서울 서초구,84.9716,32,1342,1,N,26.09.08,고무래로,00089,00000,3121001,00,11650,0,11650,개인,10700,반포동,385000.0,2026-06-01
4447,,진흥아파트,11650-66,1315,0,1979,개인,,,"425,000",4,6,2026,중개거래,서울 서초구,160.46,13,1315,1,N,,서초대로,00385,00000,2121002,02,11650,0,11650,개인,10800,서초동,425000.0,2026-06-04
4448,,메이플자이,11650-6434,60,3,2025,개인,,,"500,000",6,6,2026,중개거래,서울 서초구,84.8456,12,60-3,1,N,,신반포로,00251,00000,3121017,00,11650,,11650,개인,10600,잠원동,500000.0,2026-06-06
4449,104,서초교대e편한세상,11650-3579,1686,9,2010,개인,,,"265,000",3,6,2026,중개거래,서울 서초구,59.9,11,1686-9,1,N,26.08.19,서초중앙로24길,00033,00000,4163710,01,11650,0,11650,개인,10800,서초동,265000.0,2026-06-03
4450,105,반포르엘,11650-5015,163,0,2022,개인,,,"690,000",9,6,2026,중개거래,서울 서초구,121.6097,34,163,1,N,26.07.27,신반포로23길,00023,00000,4163452,01,11650,0,11650,개인,10600,잠원동,690000.0,2026-06-09
4451,,래미안방배아트힐(1008-2),11650-658,1008,2,2004,개인,,,"267,000",15,6,2026,중개거래,서울 서초구,127.31,11,1008-2,1,N,,남부순환로,02311,00012,2000003,01,11650,0,11650,개인,10100,방배동,267000.0,2026-06-15
4452,,롯데캐슬아르떼,11650-4044,424,28,2013,개인,,,"347,000",15,6,2026,중개거래,서울 서초구,121.6576,14,424-28,1,N,,방배천로18길,00011,00000,4163687,01,11650,0,11650,개인,10100,방배동,347000.0,2026-06-15
4453,109,삼성래미안1,11650-503,2626,0,2003,개인,,,"236,000",12,6,2026,중개거래,"서울 서초구, 서울 송파구",114.94,3,2626,1,N,26.08.20,방배선행길,00002,00000,4163671,01,11650,0,11650,개인,10100,방배동,236000.0,2026-06-12
4454,104,래미안방배아트힐(1008-2),11650-658,1008,2,2004,개인,,,"281,000",8,6,2026,중개거래,"서울 동작구, 서울 서초구",127.61,6,1008-2,1,N,26.09.15,남부순환로,02311,00012,2000003,01,11650,0,11650,개인,10100,방배동,281000.0,2026-06-08
4455,B,중앙하이츠,11650-139,71,17,1998,개인,,,"249,500",9,6,2026,중개거래,서울 서초구,59.93,15,71-17,1,N,26.09.15,잠원로3길,00020,00000,4163527,01,11650,0,11650,개인,10600,잠원동,249500.0,2026-06-09
4456,,신반포7,11650-128,65,32,1980,개인,,,"417,000",13,6,2026,중개거래,서울 서초구,107.29,4,65-32,1,N,,잠원로,00088,00000,3121019,01,11650,0,11650,개인,10600,잠원동,417000.0,2026-06-13
4457,104,디에이치반포라클라스,11650-4959,1343,0,2021,개인,,,"575,000",15,6,2026,중개거래,서울 서초구,132.987,5,1343,1,N,26.07.06,서초중앙로,00206,00000,3121024,00,11650,,11650,개인,10700,반포동,575000.0,2026-06-15
4458,,방배트리플,11650-508,816,3,2003,개인,,,"143,000",15,6,2026,중개거래,서울 서초구,82.05,3,816-3,1,N,26.06.29,동광로18길,00016,00000,4163117,01,11650,0,11650,개인,10100,방배동,143000.0,2026-06-15
4459,,공작빌라트,11650-264,1029,1,1995,개인,,,"180,000",9,6,2026,중개거래,서울 서초구,144.34,7,1029-1,1,N,,방배로5길,00033,00000,4163280,01,11650,0,11650,개인,10100,방배동,180000.0,2026-06-09
4460,,방배아크로타워,11650-3358,923,6,2007,개인,,,"85,000",15,6,2026,중개거래,대전 동구,60.12,4,923-6,1,N,,방배로13길,00018,00000,4163251,01,11650,0,11650,개인,10100,방배동,85000.0,2026-06-15
4461,,방배우성,11650-331,2525,0,1991,개인,,,"263,000",11,6,2026,중개거래,서울 서초구,117.19,6,2525,1,N,,방배선행길,00001,00000,4163671,01,11650,0,11650,개인,10100,방배동,263000.0,2026-06-11
4462,109,방배우성,11650-331,2525,0,1991,개인,,,"232,000",14,6,2026,중개거래,서울 서초구,84.99,12,2525,1,N,26.09.11,방배선행길,00001,00000,4163671,01,11650,0,11650,개인,10100,방배동,232000.0,2026-06-14
4463,,래미안방배에버뉴,11650-3181,775,1,1977,개인,,,"296,000",13,6,2026,중개거래,"서울 강동구, 서울 서초구",181.481,11,775-1,1,N,,동광로19길,00051,00000,4163118,01,11650,0,11650,개인,10100,방배동,296000.0,2026-06-13
4464,래미안 서초유니빌,래미안서초유니빌,11650-518,1445,4,2003,개인,,,"51,000",12,6,2026,중개거래,서울 서초구,45.255,7,1445-4,1,N,26.07.20,서초중앙로,00026,00000,3121024,03,11650,0,11650,개인,10800,서초동,51000.0,2026-06-12
4465,,프리우스,11650-761,846,1,2004,개인,,,"141,500",3,6,2026,중개거래,서울 서초구,75.32,1,846-1,1,N,26.08.13,방배로30길,00084,00000,4163265,01,11650,0,11650,개인,10100,방배동,141500.0,2026-06-03
4466,,삼성서초가든스위트,11650-31,1326,0,2000,개인,26.06.30,O,"420,000",8,6,2026,중개거래,서울 강남구,181.5,13,1326,1,N,,서운로,00122,00000,3121016,01,11650,0,11650,개인,10800,서초동,420000.0,2026-06-08
4467,102,서초현대,11650-46,1648,2,1999,개인,,,"175,000",12,6,2026,중개거래,서울 서초구,54.45,6,1648-2,1,N,26.08.25,사임당로19길,00010,00000,4163315,01,11650,0,11650,개인,10800,서초동,175000.0,2026-06-12
4468,,메이플자이,11650-6434,60,3,2025,개인,,,"423,000",11,6,2026,중개거래,"서울 광진구, 서울 서초구",59.5368,17,60-3,1,N,,신반포로,00251,00000,3121017,00,11650,,11650,개인,10600,잠원동,423000.0,2026-06-11
4469,,대림e-편한세상1,11650-511,884,21,2003,개인,,,"340,000",9,6,2026,중개거래,서울 서초구,188.21,7,884-21,1,N,,서초대로34길,00034,00000,4163403,01,11650,0,11650,개인,10100,방배동,340000.0,2026-06-09
4470,,노블하임,11650-584,807,5,2003,개인,,,"300,000",1,6,2026,중개거래,서울 서초구,242.77,8,807-5,1,N,26.07.21,동광로,00098,00000,3121004,01,11650,0,11650,개인,10100,방배동,300000.0,2026-06-01
4471,104,삼성래미안1,11650-503,2626,0,2003,개인,,,"187,000",2,6,2026,중개거래,서울 서초구,59.9,9,2626,1,N,26.08.19,방배선행길,00002,00000,4163671,01,11650,0,11650,개인,10100,방배동,187000.0,2026-06-02
4472,,엘루크방배서리풀,11650-5150,3284,0,2024,개인,,,"121,000",8,6,2026,직거래,,48.16,11,3284,1,N,26.06.10,효령로31길,00031,00000,4163632,00,11650,,11650,법인,10100,방배동,121000.0,2026-06-08
4473,,방배3차e-편한세상,11650-3281,797,30,2006,개인,26.06.27,O,"370,000",4,6,2026,중개거래,서울 서초구,198.5315,4,797-30,1,N,,동광로,00089,00005,3121004,01,11650,0,11650,개인,10100,방배동,370000.0,2026-06-04
4474,,밀라텔쉐르빌,11650-21,1316,31,2001,개인,,,"84,000",8,6,2026,중개거래,서울 서초구,65.32,6,1316-31,1,N,26.08.06,강남대로61길,00017,00000,4163028,01,11650,0,11650,개인,10800,서초동,84000.0,2026-06-08
4475,105,래미안원펜타스,11650-5174,12,0,2024,개인,,,"940,000",8,6,2026,중개거래,서울 서초구,191.859,11,12,1,N,26.09.04,신반포로15길,00001,00000,4163450,01,11650,0,11650,개인,10700,반포동,940000.0,2026-06-08
4476,,서초교대e편한세상,11650-3579,1686,9,2010,개인,,,"305,000",8,6,2026,중개거래,서울 서초구,84.97,4,1686-9,1,N,,서초중앙로24길,00033,00000,4163710,01,11650,0,11650,개인,10800,서초동,305000.0,2026-06-08
4477,,삼풍아파트,11650-28,1685,0,1988,개인,,,"425,000",9,6,2026,중개거래,서울 서초구,130.23,7,1685,1,N,,서초중앙로,00200,00000,3121024,03,11650,0,11650,개인,10800,서초동,425000.0,2026-06-09
4478,,엠브이아파트,11650-199,46,0,1994,개인,,,"190,000",4,6,2026,중개거래,서울 서초구,59.82,5,46,1,N,26.07.31,고무래로10길,00039,00000,4163042,01,11650,0,11650,개인,10700,반포동,190000.0,2026-06-04
4479,바,방배신삼호,11650-323,725,0,1983,개인,,,"380,000",8,6,2026,직거래,,185.46,1,725,1,N,26.07.06,방배로,00270,00000,3121010,01,11650,0,11650,개인,10100,방배동,380000.0,2026-06-08
4480,엘리제빌,엘리제빌,11650-3430,99,1,2007,개인,,,"291,000",1,6,2026,중개거래,서울 송파구,201.81,4,99-1,1,N,26.09.08,동광로33길,00009,00000,4163126,02,11650,0,11650,개인,10700,반포동,291000.0,2026-06-01
4481,103동,래미안서초에스티지,11650-4470,1332,13,2016,개인,,,"340,000",8,6,2026,중개거래,서울 서초구,101.55,2,1332-13,1,N,26.09.07,서운로,00107,00000,3121016,00,11650,0,11650,개인,10800,서초동,340000.0,2026-06-08
4482,,메이플자이,11650-6434,60,3,2025,개인,,,"455,000",6,6,2026,중개거래,서울 서초구,84.8456,2,60-3,1,N,,신반포로,00251,00000,3121017,00,11650,,11650,개인,10600,잠원동,455000.0,2026-06-06
4483,101,롯데캐슬헤론,11650-3317,754,1,2006,개인,,,"263,000",7,6,2026,중개거래,서울 서초구,168.81,10,754-1,1,N,26.08.14,동광로1길,00112,00000,4163119,01,11650,0,11650,개인,10100,방배동,263000.0,2026-06-07
4484,107동,반포써밋,11650-4703,1342,0,2018,개인,,,"307,000",4,6,2026,중개거래,서울 서초구,59.9207,11,1342,1,N,26.07.31,고무래로,00089,00000,3121001,00,11650,0,11650,개인,10700,반포동,307000.0,2026-06-04
4485,,방배5차상지리츠빌,11650-642,797,22,2004,개인,,,"230,000",5,6,2026,중개거래,서울 서초구,138.19,1,797-22,1,N,,사평대로6길,00106,00000,4163339,01,11650,0,11650,법인,10100,방배동,230000.0,2026-06-05
4486,102,서초현대,11650-46,1648,2,1999,개인,,,"162,000",6,6,2026,중개거래,서울 서초구,53.01,4,1648-2,1,N,26.08.31,사임당로19길,00010,00000,4163315,01,11650,0,11650,개인,10800,서초동,162000.0,2026-06-06
4487,106,디에이치반포라클라스,11650-4959,1343,0,2021,개인,,,"342,000",4,6,2026,중개거래,서울 서초구,59.9897,20,1343,1,N,26.07.30,서초중앙로,00206,00000,3121024,00,11650,,11650,개인,10700,반포동,342000.0,2026-06-04
4488,104,반포힐스테이트,11650-3687,16,6,2012,개인,,,"410,000",1,6,2026,중개거래,서울 서초구,84.77,3,16-6,1,N,26.08.26,신반포로16길,00015,00020,4163754,01,11650,0,11650,개인,10700,반포동,410000.0,2026-06-01
4489,,비버리캐슬,11650-4822,1486,17,2020,개인,,,"128,000",6,6,2026,중개거래,서울 서초구,59.49,2,1486-17,1,N,26.09.04,반포대로9길,00070,00000,4163248,00,11650,0,11650,개인,10800,서초동,128000.0,2026-06-06
4490,101,방배블레스밸리,11650-585,1019,3,2003,개인,,,"199,000",3,6,2026,중개거래,서울 서초구,128.4,5,1019-3,1,N,26.09.10,효령로34길,00092,00000,4163634,01,11650,0,11650,개인,10100,방배동,199000.0,2026-06-03
4491,,골드넷멤버스빌리지,11650-686,78,11,2004,개인,,,"85,000",5,6,2026,중개거래,서울 서초구,69.96,6,78-11,1,N,26.07.16,서래로2길,00029,00000,4163359,01,11650,0,11650,개인,10700,반포동,85000.0,2026-06-05
4492,605,서초포레스타6단지,11650-4140,619,0,2015,개인,,,"170,000",5,6,2026,중개거래,서울 서초구,59.93,7,619,1,N,26.07.10,청계산로9길,00001,00012,4163751,01,11650,0,11650,개인,11100,신원동,170000.0,2026-06-05
4493,,서초이오빌,11650-521,1593,7,2003,개인,,,"40,500",5,6,2026,중개거래,서울 서초구,43.2,14,1593-7,1,N,26.08.25,효령로53길,00045,00000,4163646,01,11650,0,11650,개인,10800,서초동,40500.0,2026-06-05
4494,201,서초2차e-편한세상,11650-774,1529,0,2005,개인,,,"246,000",5,6,2026,중개거래,서울 서초구,84.67,7,1529,1,N,26.09.07,효령로49길,00057,00000,4163642,01,11650,0,11650,개인,10800,서초동,246000.0,2026-06-05
4495,,아이리스,11650-588,1021,9,2003,개인,,,"75,000",4,6,2026,중개거래,서울 서초구,56.3,2,1021-9,1,N,,효령로34길,00048,00000,4163634,01,11650,0,11650,개인,10100,방배동,75000.0,2026-06-04
4496,3,삼호1동~3동,11650-309,770,1,1975,개인,,,"251,000",2,6,2026,중개거래,서울 서초구,116.13,5,770-1,1,N,26.08.28,방배로43길,00021,00000,4163277,01,11650,0,11650,개인,10100,방배동,251000.0,2026-06-02
4497,,방배비젼21빌라트,11650-294,849,2,2000,개인,26.07.17,O,"194,000",3,6,2026,중개거래,서울 영등포구,183.84,6,849-2,1,N,,방배로28길,00046,00000,4163263,01,11650,0,11650,개인,10100,방배동,194000.0,2026-06-03
4498,101,서초롯데캐슬프레지던트,11650-4129,1681,8,2014,개인,,,"335,000",2,6,2026,중개거래,서울 서초구,149.45,22,1681-8,1,N,26.07.09,서초중앙로24길,00057,00000,4163710,01,11650,0,11650,개인,10800,서초동,335000.0,2026-06-02
4499,606,서초네이처힐6단지,11650-3874,737,0,2013,개인,,,"190,000",3,6,2026,중개거래,서울 서초구,84.77,11,737,1,N,26.08.31,태봉로2길,00030,00000,4163582,01,11650,0,11650,개인,10300,우면동,190000.0,2026-06-03
4500,311,서초네이처힐3단지,11650-3864,717,0,2013,개인,,,"198,000",3,6,2026,중개거래,"서울 강남구, 서울 서초구",84.84,13,717,1,N,26.08.20,태봉로2길,00060,00000,4163582,01,11650,0,11650,개인,10300,우면동,198000.0,2026-06-03
4501,잠원동 대우아이빌 3동,대우아이빌,11650-101,42,13,2001,개인,,,"66,500",3,6,2026,중개거래,서울 서초구,35.38,9,42-13,1,N,26.08.18,신반포로45길,00023,00000,4163459,01,11650,0,11650,개인,10600,잠원동,66500.0,2026-06-03
4502,121,래미안퍼스티지,11650-3559,18,1,2009,개인,,,"800,000",3,6,2026,중개거래,서울 서초구,222.76,22,18-1,1,N,26.08.27,반포대로,00275,00000,2121003,02,11650,0,11650,개인,10700,반포동,800000.0,2026-06-03
4503,102,쌍용예가클래식,11650-265,776,3,2006,개인,,,"245,000",1,6,2026,중개거래,서울 서초구,89.844,6,776-3,1,N,26.07.28,방배로37길,00026,00009,4163272,01,11650,0,11650,개인,10100,방배동,245000.0,2026-06-01
4504,105,동고,11650-480,59,0,1995,개인,,,"158,000",3,6,2026,중개거래,서울 서초구,84.96,1,59,1,N,26.09.03,바우뫼로7길,00029,00000,4163219,01,11650,0,11650,개인,10300,우면동,158000.0,2026-06-03
4505,,서초이오빌,11650-521,1593,7,2003,개인,,,"33,500",1,6,2026,중개거래,서울 서초구,36.66,17,1593-7,1,N,26.06.15,효령로53길,00045,00000,4163646,01,11650,0,11650,개인,10800,서초동,33500.0,2026-06-01
4506,C,아크로비스타,11650-724,1685,3,2004,개인,,,"295,000",2,6,2026,중개거래,서울 서초구,138.96,22,1685-3,1,N,26.09.08,서초중앙로,00188,00000,3121024,03,11650,0,11650,개인,10800,서초동,295000.0,2026-06-02
4507,힐스테이트 서리풀 101동,"마제스타시티(힐스테이트서리풀101,102동)",11650-4516,1498,5,2017,개인,,,"195,000",3,6,2026,중개거래,서울 서초구,59.97,13,1498-5,1,N,26.09.10,서초대로38길,00012,00000,4163404,01,11650,0,11650,개인,10800,서초동,195000.0,2026-06-03
4508,105동,아크로리버뷰신반포,11650-4676,159,0,2018,개인,,,"500,000",1,6,2026,중개거래,서울 서초구,84.82,28,159,1,N,26.09.08,잠원로,00117,00000,3121019,00,11650,0,11650,개인,10600,잠원동,500000.0,2026-06-01
4509,3,한신서래,11650-232,70,1,1987,개인,,,"290,000",1,6,2026,중개거래,서울 서초구,64.53,7,70-1,1,N,26.09.07,사평대로28길,00031,00000,4163330,01,11650,0,11650,개인,10700,반포동,290000.0,2026-06-01
4510,101,메이플자이,11650-6434,60,3,2025,개인,,,"405,000",3,6,2026,중개거래,서울 서초구,59.1662,8,60-3,1,N,26.09.11,신반포로,00251,00000,3121017,00,11650,,11650,개인,10600,잠원동,405000.0,2026-06-03
4511,3,삼풍아파트,11650-28,1685,0,1988,개인,,,"315,000",1,6,2026,중개거래,서울 서초구,79.47,4,1685,1,N,26.09.08,서초중앙로,00200,00000,3121024,03,11650,0,11650,개인,10800,서초동,315000.0,2026-06-01
4512,B,아크로비스타,11650-724,1685,3,2004,개인,,,"380,000",1,6,2026,중개거래,서울 서초구,205.07,16,1685-3,1,N,26.07.31,서초중앙로,00188,00000,3121024,03,11650,0,11650,개인,10800,서초동,380000.0,2026-06-01
4513,,방배아크로타워,11650-3358,923,6,2007,개인,,,"77,900",23,7,2026,중개거래,서울 서초구,52.18,9,923-6,1,N,,방배로13길,00018,00000,4163251,01,11650,0,11650,개인,10100,방배동,77900.0,2026-07-23
4514,,래미안서초유니빌,11650-518,1445,4,2003,개인,,,"50,000",30,7,2026,중개거래,서울 서초구,41.999,22,1445-4,1,N,,서초중앙로,00026,00000,3121024,03,11650,0,11650,개인,10800,서초동,50000.0,2026-07-30
4515,,방배3차e-편한세상,11650-3281,797,30,2006,개인,,,"380,000",31,7,2026,중개거래,서울 서초구,198.5315,5,797-30,1,N,,동광로,00089,00005,3121004,01,11650,0,11650,개인,10100,방배동,380000.0,2026-07-31
4516,,롯데캐슬갤럭시,11650-155,50,0,2002,개인,,,"372,000",21,7,2026,중개거래,서울 서초구,106.15,3,50,1,N,,잠원로14길,00003,00000,4163526,01,11650,0,11650,개인,10600,잠원동,372000.0,2026-07-21
4517,,반포자이,11650-3500,20,43,2009,개인,,,"520,000",31,7,2026,중개거래,서울 서초구,84.943,5,20-43,1,N,,신반포로,00270,00000,3121017,02,11650,0,11650,개인,10700,반포동,520000.0,2026-07-31
4518,,래미안원베일리,11650-5126,1,0,2023,개인,,,"850,000",22,7,2026,중개거래,서울 서초구,116.95,9,1,1,N,,반포대로,00333,00000,2121003,00,11650,,11650,개인,10700,반포동,850000.0,2026-07-22
4519,,반포자이,11650-3500,20,43,2009,개인,,,"365,000",26,7,2026,중개거래,서울 서초구,59.98,5,20-43,1,N,,신반포로,00270,00000,3121017,02,11650,0,11650,개인,10700,반포동,365000.0,2026-07-26
4520,,메이플자이,11650-6434,60,3,2025,개인,,,"675,000",18,7,2026,중개거래,서울 서초구,124.8719,9,60-3,1,N,,신반포로,00253,00000,3121017,00,11650,,11650,개인,10600,잠원동,675000.0,2026-07-18
4521,,강남월드메르디앙프레스티지,11650-5023,11,11,2022,개인,,,"76,000",22,7,2026,직거래,,43.28,3,11-11,1,N,,남부순환로350길,00019,00011,4163086,00,11650,0,11650,법인,10200,양재동,76000.0,2026-07-22
4522,,현대아파트,11650-85,1346,0,1989,개인,,,"245,000",4,7,2026,중개거래,서울 서초구,84.8,14,1346,1,N,,효령로68길,00013,00000,4163654,00,11650,,11650,개인,10800,서초동,245000.0,2026-07-04
4523,,방배아크로타워,11650-3358,923,6,2007,개인,,,"85,500",11,7,2026,중개거래,서울 서초구,62.58,8,923-6,1,N,,방배로13길,00018,00000,4163251,01,11650,0,11650,개인,10100,방배동,85500.0,2026-07-11
4524,,동아,11650-102,157,0,2002,개인,,,"338,000",9,7,2026,중개거래,"경기 광명시, 서울 서초구",84.91,2,157,1,N,,신반포로33길,00015,00000,4163453,01,11650,0,11650,개인,10600,잠원동,338000.0,2026-07-09
4525,,현대아파트,11650-85,1346,0,1989,개인,,,"249,000",10,7,2026,중개거래,서울 서초구,84.33,8,1346,1,N,,효령로72길,00014,00000,4163657,01,11650,0,11650,개인,10800,서초동,249000.0,2026-07-10
4526,디오슈페리움2,디오수페리움2,11650-3311,3001,1,2006,개인,,,"90,000",31,7,2026,중개거래,서울 서초구,45.34,10,3001-1,1,N,26.09.03,동작대로,00108,00000,2005009,01,11650,0,11650,개인,10100,방배동,90000.0,2026-07-31
4527,,한신,11650-145,56,3,1992,개인,,,"350,000",27,7,2026,중개거래,서울 서초구,84.52,3,56-3,1,N,,잠원로,00150,00000,3121019,01,11650,0,11650,개인,10600,잠원동,350000.0,2026-07-27
4528,,롯데캐슬파크(38),11650-401,888,38,2002,개인,,,"339,000",29,7,2026,중개거래,서울 서초구,244.91,4,888-38,1,N,26.08.20,방배로18길,00091,00000,4163254,01,11650,0,11650,개인,10100,방배동,339000.0,2026-07-29
4529,,신반포자이,11650-4675,160,0,2018,개인,,,"330,000",21,7,2026,중개거래,서울 서초구,59.93,14,160,1,N,,잠원로,00060,00000,3121019,01,11650,0,11650,개인,10600,잠원동,330000.0,2026-07-21
4530,105동,래미안신반포팰리스,11650-4439,158,0,2016,개인,,,"429,000",14,7,2026,중개거래,"서울 강남구, 서울 서초구",84.49,14,158,1,N,26.09.09,잠원로8길,00035,00000,4163529,00,11650,0,11650,개인,10600,잠원동,429000.0,2026-07-14
4531,,서초더샵포레,11650-4063,411,0,2014,개인,,,"206,000",27,7,2026,중개거래,서울 서초구,101.34,9,411,1,N,,헌릉로8길,00058,00000,4163749,02,11650,0,11650,개인,10900,내곡동,206000.0,2026-07-27
4532,501,호반써밋서초파크뷰(토지임대부아파트),11650-3976,789,0,2013,개인,,,"137,000",15,7,2026,중개거래,"경기 하남시, 서울 서초구",59.99,14,789,1,Y,26.09.04,양재대로2길,00011,00000,4163748,01,11650,0,11650,개인,10300,우면동,137000.0,2026-07-15
4533,,신반포2,11650-117,73,0,1978,개인,,,"398,000",23,7,2026,중개거래,서울 서초구,68.91,3,73,1,N,,신반포로23길,00041,00000,4163452,01,11650,0,11650,개인,10600,잠원동,398000.0,2026-07-23
4534,,서초호반써밋,11650-3963,753,0,2013,개인,,,"250,000",30,7,2026,중개거래,"경기 과천시, 서울 서초구",118.0151,24,753,1,N,,양재대로2길,00109,00000,4163748,01,11650,0,11650,기타,10300,우면동,250000.0,2026-07-30
4535,,반포미도2차아파트,11650-173,60,5,1989,개인,,,"315,000",13,7,2026,중개거래,서울 서초구,71.49,7,60-5,1,N,,사평대로,00240,00000,2121001,02,11650,0,11650,개인,10700,반포동,315000.0,2026-07-13
4536,,래미안서초유니빌,11650-518,1445,4,2003,개인,,,"72,000",15,7,2026,중개거래,서울 서초구,49.744,22,1445-4,1,N,,서초중앙로,00026,00000,3121024,03,11650,0,11650,개인,10800,서초동,72000.0,2026-07-15
4537,,호반써밋서초파크,11650-3974,788,0,2013,개인,,,"155,000",26,7,2026,중개거래,서울 서초구,51.89,6,788,1,N,,양재대로2길,00033,00000,4163748,01,11650,0,11650,개인,10300,우면동,155000.0,2026-07-26
4538,(101동),방배서리풀힐스,11650-3338,915,16,2006,개인,,,"131,000",8,7,2026,중개거래,서울 서초구,128.11,5,915-16,1,N,26.09.01,방배로11길,00035,00000,4163250,01,11650,0,11650,개인,10100,방배동,131000.0,2026-07-08
4539,,양재한신휴플러스,11650-3205,12,10,2005,개인,,,"155,000",28,7,2026,중개거래,서울 서초구,84.89,6,12-10,1,N,26.09.08,강남대로,00224,00000,2102001,01,11650,0,11650,개인,10200,양재동,155000.0,2026-07-28
4540,,중앙하이츠,11650-139,71,17,1998,개인,,,"260,000",25,7,2026,중개거래,서울 서초구,59.93,2,71-17,1,N,,잠원로3길,00020,00000,4163527,01,11650,0,11650,개인,10600,잠원동,260000.0,2026-07-25
4541,,방배씨티(보성),11650-302,836,1,2000,개인,,,"72,500",16,7,2026,중개거래,서울 강남구,36.84,2,836-1,1,N,26.08.20,서초대로23길,00074,00000,4163391,01,11650,0,11650,개인,10100,방배동,72500.0,2026-07-16
4542,,서초더샵포레,11650-4063,411,0,2014,개인,,,"185,000",31,7,2026,중개거래,서울 서초구,101.31,8,411,1,N,,헌릉로8길,00058,00000,4163749,02,11650,0,11650,개인,10900,내곡동,185000.0,2026-07-31
4543,,서초동삼성쉐르빌2,11650-608,1330,0,2002,개인,,,"28,500",27,7,2026,중개거래,서울 서초구,35.17,11,1330,1,N,,강남대로53길,00011,00000,4163026,01,11650,0,11650,개인,10800,서초동,28500.0,2026-07-27
4544,101,우솔마을서초리슈빌S아파트,11650-4065,764,0,2014,개인,,,"35,000",31,7,2026,중개거래,서울 서초구,31.159,6,764,1,N,26.08.20,양재대로2길,00100,00011,4163748,01,11650,0,11650,개인,10300,우면동,35000.0,2026-07-31
4545,,서초네이처힐3단지,11650-3864,717,0,2013,개인,,,"212,000",22,7,2026,중개거래,서울 서초구,84.77,10,717,1,N,,태봉로2길,00060,00000,4163582,01,11650,0,11650,개인,10300,우면동,212000.0,2026-07-22
4546,,래미안방배아트힐(1008-2),11650-658,1008,2,2004,개인,,,"288,000",11,7,2026,중개거래,경기 광명시,127.31,9,1008-2,1,N,,남부순환로,02311,00012,2000003,01,11650,0,11650,개인,10100,방배동,288000.0,2026-07-11
4547,,더샵반포리버파크,11650-4997,114,1,2022,개인,,,"147,500",30,7,2026,중개거래,서울 서초구,49.9281,1,114-1,1,N,,사평대로,00073,00000,2121001,00,11650,0,11650,법인,10700,반포동,147500.0,2026-07-30
4548,,반포르엘,11650-5015,163,0,2022,개인,,,"572,000",15,7,2026,중개거래,서울 서초구,97.4743,17,163,1,N,,신반포로23길,00023,00000,4163452,01,11650,0,11650,개인,10600,잠원동,572000.0,2026-07-15
4549,,금강,11650-609,352,13,2003,개인,,,"133,000",31,7,2026,중개거래,서울 서초구,83.78,3,352-13,1,N,,강남대로2길,00048,00000,4163014,01,11650,0,11650,개인,10200,양재동,133000.0,2026-07-31
4550,,우솔마을서초리슈빌S아파트,11650-4065,764,0,2014,개인,,,"18,500",23,7,2026,중개거래,서울 서초구,21.5893,4,764,1,N,,양재대로2길,00100,00011,4163748,01,11650,0,11650,개인,10300,우면동,18500.0,2026-07-23
4551,,래미안서초유니빌,11650-518,1445,4,2003,개인,,,"52,000",23,7,2026,중개거래,"서울 강남구, 서울 서초구",45.255,3,1445-4,1,N,,서초중앙로,00026,00000,3121024,03,11650,0,11650,개인,10800,서초동,52000.0,2026-07-23
4552,,우성112,11650-433,137,1,1991,개인,,,"224,000",30,7,2026,중개거래,서울 서초구,84.58,7,137-1,1,N,,바우뫼로,00103,00000,3121009,01,11650,0,11650,개인,10200,양재동,224000.0,2026-07-30
4553,,서초중흥S-클래스(도시형생활주택),11650-3944,1451,89,2013,개인,,,"17,500",15,7,2026,중개거래,서울 서초구,20.68,1,1451-89,1,N,,효령로52길,00063,00000,4163645,01,11650,0,11650,개인,10800,서초동,17500.0,2026-07-15
4554,,서초한빛삼성,11650-42,1509,1,1999,개인,,,"240,000",30,7,2026,중개거래,서울 서초구,99.09,17,1509-1,1,N,,서초대로40길,00072,00000,4163406,01,11650,0,11650,개인,10800,서초동,240000.0,2026-07-30
4555,,현대아르빌,11650-635,459,1,2004,개인,,,"249,700",29,7,2026,중개거래,서울 서초구,68.08,5,459-1,1,N,,청두곶14길,00032,00000,4163565,01,11650,0,11650,개인,10100,방배동,249700.0,2026-07-29
4556,,현대ESA2,11650-601,1542,6,2003,개인,,,"218,000",5,7,2026,중개거래,"서울 강남구, 서울 서초구",136.25,9,1542-6,1,N,,반포대로,00122,00000,2121003,03,11650,0,11650,개인,10800,서초동,218000.0,2026-07-05
4557,101,동원베네스트아파트,11650-88,1350,13,2002,개인,,,"206,000",29,7,2026,중개거래,서울 서초구,84.9,9,1350-13,1,N,26.08.25,효령로74길,00057,00000,4163658,01,11650,0,11650,개인,10800,서초동,206000.0,2026-07-29
4558,,현대빌리지,11650-3262,1642,4,2005,개인,,,"202,500",17,7,2026,중개거래,서울 서초구,145.33,2,1642-4,1,N,,사임당로17길,00056,00000,4163313,01,11650,0,11650,개인,10800,서초동,202500.0,2026-07-17
4559,,코오롱,11650-482,70,0,1994,개인,,,"161,500",4,7,2026,중개거래,서울 서초구,52.47,3,70,1,N,,바우뫼로,00053,00000,3121009,02,11650,0,11650,개인,10300,우면동,161500.0,2026-07-04
4560,,호반써밋서초파크,11650-3974,788,0,2013,개인,,,"191,000",27,7,2026,중개거래,서울 서초구,84.97,20,788,1,N,,양재대로2길,00033,00000,4163748,01,11650,0,11650,개인,10300,우면동,191000.0,2026-07-27
4561,,방배대우멤버스카운티301,11650-756,841,12,2004,개인,,,"190,000",25,7,2026,중개거래,서울 서초구,121.65,5,841-12,1,N,,방배로30길,00041,00000,4163265,01,11650,0,11650,개인,10100,방배동,190000.0,2026-07-25
4562,B,현대슈퍼빌,11650-519,1446,11,2003,개인,,,"309,000",16,7,2026,중개거래,서울 서초구,164.87,20,1446-11,1,N,26.08.31,서초중앙로,00015,00000,3121024,03,11650,0,11650,개인,10800,서초동,309000.0,2026-07-16
4563,,반포푸르지오,11650-176,10,0,2000,개인,,,"340,000",17,7,2026,중개거래,서울 서초구,84.82,6,10,1,N,,신반포로15길,00004,00000,4163450,01,11650,0,11650,개인,10700,반포동,340000.0,2026-07-17
4564,,호반써밋서초파크뷰(토지임대부아파트),11650-3976,789,0,2013,개인,,,"146,000",25,7,2026,중개거래,서울 서초구,59.99,4,789,1,Y,,양재대로2길,00011,00000,4163748,01,11650,0,11650,개인,10300,우면동,146000.0,2026-07-25
4565,,반포자이,11650-3500,20,43,2009,개인,,,"520,000",23,7,2026,중개거래,서울 서초구,84.943,17,20-43,1,N,,신반포로,00270,00000,3121017,02,11650,0,11650,개인,10700,반포동,520000.0,2026-07-23
4566,,서초네이처힐4단지,11650-3704,720,0,2011,개인,,,"210,000",24,7,2026,중개거래,서울 서초구,84.77,13,720,1,N,,태봉로2길,00065,00000,4163582,01,11650,0,11650,개인,10300,우면동,210000.0,2026-07-24
4567,,메이플자이,11650-6434,60,3,2025,개인,,,"780,000",24,7,2026,중개거래,서울 서초구,135.141,24,60-3,1,N,,신반포로,00253,00000,3121017,00,11650,,11650,개인,10600,잠원동,780000.0,2026-07-24
4568,,반포래미안아이파크,11650-4678,1341,0,2018,개인,,,"518,000",20,7,2026,중개거래,서울 서초구,130.92,30,1341,1,N,,서초중앙로,00220,00000,3121024,02,11650,0,11650,개인,10700,반포동,518000.0,2026-07-20
4569,,방배아크로타워,11650-3358,923,6,2007,개인,26.08.31,O,"77,900",23,7,2026,중개거래,서울 서초구,52.18,9,923-6,1,N,,방배로13길,00018,00000,4163251,01,11650,0,11650,개인,10100,방배동,77900.0,2026-07-23
4570,,서초그랑자이,11650-4969,1757,0,2021,개인,,,"398,000",13,7,2026,중개거래,"서울 마포구, 서울 서초구",74.91,25,1757,1,N,,효령로,00391,00000,3121021,00,11650,,11650,개인,10800,서초동,398000.0,2026-07-13
4571,,서초동삼성쉐르빌2,11650-608,1330,0,2002,개인,,,"53,000",23,7,2026,중개거래,"서울 강남구, 서울 서초구",48.19,18,1330,1,N,26.08.31,강남대로53길,00011,00000,4163026,01,11650,0,11650,개인,10800,서초동,53000.0,2026-07-23
4572,,렉스빌,11650-398,847,25,2002,개인,,,"360,000",20,7,2026,중개거래,서울 서초구,244.68,3,847-25,1,N,26.08.21,방배로28길,00080,00000,4163263,01,11650,0,11650,개인,10100,방배동,360000.0,2026-07-20
4573,,반포자이,11650-3500,20,43,2009,개인,,,"635,000",21,7,2026,중개거래,서울 서초구,165.446,19,20-43,1,N,,신반포로,00270,00000,3121017,02,11650,0,11650,개인,10700,반포동,635000.0,2026-07-21
4574,101,현대동궁아파트,11650-236,64,5,1991,개인,,,"335,000",2,7,2026,중개거래,서울 서초구,82.35,5,64-5,1,N,26.09.15,사평대로,00154,00000,2121001,02,11650,0,11650,개인,10700,반포동,335000.0,2026-07-02
4575,,멤버스빌,11650-403,918,14,2003,개인,,,"150,000",23,7,2026,중개거래,서울 서초구,84.9,5,918-14,1,N,,효령로23길,00031,00000,4163625,01,11650,0,11650,개인,10100,방배동,150000.0,2026-07-23
4576,,방배아트자이,11650-4706,3278,0,2018,개인,,,"280,000",10,7,2026,중개거래,서울 서초구,84.9383,1,3278,1,N,,명달로9길,00057,00000,4163195,00,11650,0,11650,개인,10100,방배동,280000.0,2026-07-10
4577,,반포자이,11650-3500,20,43,2009,개인,,,"373,000",20,7,2026,중개거래,서울 서초구,59.971,11,20-43,1,N,,신반포로,00270,00000,3121017,02,11650,0,11650,개인,10700,반포동,373000.0,2026-07-20
4578,,신영체르니,11650-461,90,0,2002,개인,,,"60,000",13,7,2026,중개거래,서울 강남구,35.91,5,90,1,N,26.08.28,논현로27길,00057,00000,4163097,01,11650,0,11650,개인,10200,양재동,60000.0,2026-07-13
4579,,래미안신반포리오센트,11650-4750,161,0,2019,개인,,,"400,000",21,7,2026,중개거래,서울 서초구,84.92,31,161,1,N,,잠원로14길,00032,00000,4163526,00,11650,0,11650,개인,10600,잠원동,400000.0,2026-07-21
4580,,서초교대e편한세상,11650-3579,1686,9,2010,개인,,,"350,000",4,7,2026,중개거래,서울 서초구,110.32,6,1686-9,1,N,,서초중앙로24길,00033,00000,4163710,01,11650,0,11650,개인,10800,서초동,350000.0,2026-07-04
4581,,래미안 리더스원,11650-4887,1755,0,2020,개인,,,"400,000",3,7,2026,중개거래,서울 서초구,84.94,13,1755,1,N,,서운로,00062,00000,3121016,00,11650,,11650,개인,10800,서초동,400000.0,2026-07-03
4582,,서초센트럴IPARK,11650-4827,1582,3,2020,개인,,,"200,000",18,7,2026,중개거래,"경기 성남시 분당구, 서울 서초구",80.5332,2,1582-3,1,N,,반포대로18길,00036,00000,4163228,00,11650,0,11650,개인,10800,서초동,200000.0,2026-07-18
4583,,서초더샵포레,11650-4063,411,0,2014,개인,,,"195,000",8,7,2026,중개거래,서울 서초구,84.81,16,411,1,N,,헌릉로8길,00058,00000,4163749,02,11650,0,11650,개인,10900,내곡동,195000.0,2026-07-08
4584,,대림서초리시온,11650-605,1671,5,2003,개인,,,"48,900",20,7,2026,중개거래,서울 서초구,49.92,4,1671-5,1,N,26.08.27,서초중앙로22길,00025,00000,4163707,01,11650,0,11650,개인,10800,서초동,48900.0,2026-07-20
4585,케이티파라곤,서초파라곤,11650-3235,1327,29,2005,개인,,,"120,000",20,7,2026,직거래,,89.01,13,1327-29,1,N,26.07.24,서초대로74길,00029,00000,4163433,01,11650,0,11650,개인,10800,서초동,120000.0,2026-07-20
4586,,빌라도르,11650-304,840,10,2001,개인,,,"160,000",15,7,2026,중개거래,서울 서초구,102.42,4,840-10,1,N,,서초대로33길,00067,00000,4163401,01,11650,0,11650,개인,10100,방배동,160000.0,2026-07-15
4587,,벨루체팰리스,11650-3414,808,10,2007,개인,,,"164,000",18,7,2026,중개거래,서울 서초구,104.65,4,808-10,1,N,,동광로24길,00022,00000,4163121,01,11650,0,11650,개인,10100,방배동,164000.0,2026-07-18
4588,,SK리더스뷰(파스텔시티),11650-3325,444,3,2006,개인,,,"150,000",19,7,2026,직거래,,84.83,8,444-3,1,N,,방배천로,00011,00000,3121012,01,11650,0,11650,개인,10100,방배동,150000.0,2026-07-19
4589,101,한진로즈힐,11650-764,3276,0,2005,개인,,,"190,000",18,7,2026,중개거래,서울 서초구,97.342,11,3276,1,N,26.09.04,서초대로1길,00002,00000,4163389,01,11650,0,11650,개인,10100,방배동,190000.0,2026-07-18
4590,,힐스테이트서초젠트리스,11650-4103,557,0,2014,개인,,,"199,000",15,7,2026,중개거래,서울 서초구,84.95,9,557,1,N,,헌릉로8길,00010,00012,4163749,01,11650,0,11650,개인,11100,신원동,199000.0,2026-07-15
4591,,신반포2,11650-117,73,0,1978,개인,,,"562,000",3,7,2026,중개거래,서울 서초구,107.31,12,73,1,N,,신반포로23길,00041,00000,4163452,01,11650,0,11650,개인,10600,잠원동,562000.0,2026-07-03
4592,,방배대성유니드아파트,11650-513,957,7,2003,개인,,,"184,000",16,7,2026,중개거래,서울 서초구,84.93,9,957-7,1,N,26.09.10,도구로,00073,00000,3121003,01,11650,0,11650,개인,10100,방배동,184000.0,2026-07-16
4593,103동,아크로리버뷰신반포,11650-4676,159,0,2018,개인,,,"455,000",14,7,2026,중개거래,서울 서초구,78.5,11,159,1,N,26.08.21,잠원로,00117,00000,3121019,00,11650,0,11650,개인,10600,잠원동,455000.0,2026-07-14
4594,106,반포래미안아이파크,11650-4678,1341,0,2018,개인,,,"389,000",2,7,2026,중개거래,서울 서초구,84.93,10,1341,1,N,26.09.07,서초중앙로,00220,00000,3121024,02,11650,0,11650,개인,10700,반포동,389000.0,2026-07-02
4595,,서초동아타워,11650-35,1321,6,1996,개인,,,"185,000",11,7,2026,중개거래,서울 서초구,177.26,10,1321-6,1,N,,서운로,00138,00000,3121016,01,11650,0,11650,개인,10800,서초동,185000.0,2026-07-11
4596,,현대아파트,11650-85,1346,0,1989,개인,26.08.11,O,"249,000",10,7,2026,중개거래,서울 서초구,84.33,8,1346,1,N,,효령로72길,00014,00000,4163657,01,11650,0,11650,개인,10800,서초동,249000.0,2026-07-10
4597,,현대아파트,11650-85,1346,0,1989,개인,26.08.10,O,"245,000",4,7,2026,중개거래,서울 서초구,84.8,14,1346,1,N,,효령로68길,00013,00000,4163654,00,11650,,11650,개인,10800,서초동,245000.0,2026-07-04
4598,101,서초벽산블루밍,11650-3301,1347,20,2006,개인,,,"200,000",6,7,2026,중개거래,서울 서초구,84.39,11,1347-20,1,N,26.09.11,효령로74길,00056,00000,4163658,01,11650,0,11650,개인,10800,서초동,200000.0,2026-07-06
4599,,서초래미안,11650-523,1682,0,2003,개인,,,"284,000",12,7,2026,중개거래,서울 서초구,84.95,3,1682,1,N,,서초대로65길,00013,00010,4163425,01,11650,0,11650,개인,10800,서초동,284000.0,2026-07-12
4600,201,서초푸르지오써밋,11650-4550,1311,10,2017,개인,,,"409,000",7,7,2026,중개거래,서울 서초구,104.11,4,1311-10,1,N,26.09.01,서운로,00212,00000,3121016,01,11650,0,11650,개인,10800,서초동,409000.0,2026-07-07
4601,,서초삼성래미안,11650-24,1641,1,2001,개인,,,"270,000",10,7,2026,중개거래,서울 서초구,121.66,1,1641-1,1,N,,사임당로17길,00116,00000,4163313,01,11650,0,11650,개인,10800,서초동,270000.0,2026-07-10
4602,,임광,11650-341,1015,0,1985,개인,,,"280,000",9,7,2026,중개거래,서울 서초구,136.38,11,1015,1,N,,방배로,00014,00000,3121010,01,11650,0,11650,개인,10100,방배동,280000.0,2026-07-09
4603,,서초더샵포레,11650-4063,411,0,2014,개인,,,"167,700",4,7,2026,중개거래,서울 서초구,59.94,8,411,1,N,,헌릉로8길,00058,00000,4163749,02,11650,0,11650,개인,10900,내곡동,167700.0,2026-07-04
4604,101동,아크로리버뷰신반포,11650-4676,159,0,2018,개인,,,"325,000",10,7,2026,직거래,,84.82,16,159,1,N,26.07.15,잠원로,00117,00000,3121019,00,11650,0,11650,개인,10600,잠원동,325000.0,2026-07-10
4605,,다이너스티힐,11650-3407,1,11,2007,개인,,,"330,000",7,7,2026,중개거래,서울 서초구,256.0,3,1-11,1,N,,동광로27길,00066,00000,4163122,01,11650,0,11650,법인,10100,방배동,330000.0,2026-07-07
4606,,방배아크로타워,11650-3358,923,6,2007,개인,26.08.13,O,"85,500",11,7,2026,중개거래,서울 서초구,62.58,8,923-6,1,N,,방배로13길,00018,00000,4163251,01,11650,0,11650,개인,10100,방배동,85500.0,2026-07-11
4607,,서초파크빌,11650-669,312,3,2000,개인,,,"127,000",11,7,2026,중개거래,서울 서초구,84.94,2,312-3,1,N,26.08.31,강남대로16길,00037,00000,4163009,01,11650,0,11650,개인,10200,양재동,127000.0,2026-07-11
4608,,서초로즈힐,11650-772,1527,10,2005,개인,,,"147,000",8,7,2026,중개거래,서울 서초구,116.21,3,1527-10,1,N,,효령로45길,00015,00000,4163639,01,11650,0,11650,개인,10800,서초동,147000.0,2026-07-08
4609,,아크로리버파크,11650-4440,2,12,2016,개인,,,"510,000",10,7,2026,중개거래,서울 서초구,84.98,1,2-12,1,N,,신반포로15길,00019,00000,4163450,00,11650,0,11650,개인,10700,반포동,510000.0,2026-07-10
4610,노블씨티,노블씨티,11650-3436,802,8,2008,개인,,,"187,000",9,7,2026,중개거래,서울 서초구,114.16,2,802-8,1,N,26.07.14,동광로28길,00030,00000,4163123,01,11650,0,11650,개인,10100,방배동,187000.0,2026-07-09
4611,,래미안신반포팰리스,11650-4439,158,0,2016,개인,,,"470,000",8,7,2026,중개거래,서울 서초구,104.04,7,158,1,N,,잠원로8길,00035,00000,4163529,00,11650,0,11650,개인,10600,잠원동,470000.0,2026-07-08
4612,,진흥아파트,11650-66,1315,0,1979,개인,,,"421,000",2,7,2026,중개거래,서울 서초구,160.46,5,1315,1,N,,서초대로,00385,00000,2121002,02,11650,0,11650,개인,10800,서초동,421000.0,2026-07-02
4613,,래미안 리더스원,11650-4887,1755,0,2020,개인,,,"400,000",6,7,2026,중개거래,"경기 용인시 수지구, 서울 서초구",84.93,27,1755,1,N,,서운로,00062,00000,3121016,00,11650,,11650,개인,10800,서초동,400000.0,2026-07-06
4614,,래미안원베일리,11650-5126,1,0,2023,개인,26.09.04,O,"900,000",6,7,2026,중개거래,서울 서초구,116.95,25,1,1,N,,반포대로,00333,00000,2121003,00,11650,,11650,개인,10700,반포동,900000.0,2026-07-06
4615,101동,호반써밋양재,11650-6458,27,0,2026,공공기관,,,"45,000",2,7,2026,직거래,,23.57,3,27,1,N,26.07.14,강남대로,00187,00000,2102001,00,11650,0,11650,법인,10200,양재동,45000.0,2026-07-02
4616,101동,호반써밋양재,11650-6458,27,0,2026,공공기관,,,"45,000",2,7,2026,직거래,,23.57,3,27,1,N,26.07.14,강남대로,00187,00000,2102001,00,11650,0,11650,법인,10200,양재동,45000.0,2026-07-02
4617,101동,호반써밋양재,11650-6458,27,0,2026,공공기관,,,"45,000",2,7,2026,직거래,,23.57,4,27,1,N,26.07.14,강남대로,00187,00000,2102001,00,11650,0,11650,법인,10200,양재동,45000.0,2026-07-02
4618,101동,호반써밋양재,11650-6458,27,0,2026,공공기관,,,"45,000",2,7,2026,직거래,,23.57,4,27,1,N,26.07.14,강남대로,00187,00000,2102001,00,11650,0,11650,법인,10200,양재동,45000.0,2026-07-02
4619,101동,호반써밋양재,11650-6458,27,0,2026,공공기관,,,"45,000",2,7,2026,직거래,,23.57,5,27,1,N,26.07.14,강남대로,00187,00000,2102001,00,11650,0,11650,법인,10200,양재동,45000.0,2026-07-02
4620,101동,호반써밋양재,11650-6458,27,0,2026,공공기관,,,"45,000",2,7,2026,직거래,,23.57,6,27,1,N,26.07.14,강남대로,00187,00000,2102001,00,11650,0,11650,법인,10200,양재동,45000.0,2026-07-02
4621,101동,호반써밋양재,11650-6458,27,0,2026,공공기관,,,"45,000",2,7,2026,직거래,,23.57,6,27,1,N,26.07.14,강남대로,00187,00000,2102001,00,11650,0,11650,법인,10200,양재동,45000.0,2026-07-02
4622,101동,호반써밋양재,11650-6458,27,0,2026,공공기관,,,"45,000",2,7,2026,직거래,,23.57,7,27,1,N,26.07.14,강남대로,00187,00000,2102001,00,11650,0,11650,법인,10200,양재동,45000.0,2026-07-02
4623,101동,호반써밋양재,11650-6458,27,0,2026,공공기관,,,"45,000",2,7,2026,직거래,,23.57,7,27,1,N,26.07.14,강남대로,00187,00000,2102001,00,11650,0,11650,법인,10200,양재동,45000.0,2026-07-02
4624,101동,호반써밋양재,11650-6458,27,0,2026,공공기관,,,"45,000",2,7,2026,직거래,,23.57,8,27,1,N,26.07.14,강남대로,00187,00000,2102001,00,11650,0,11650,법인,10200,양재동,45000.0,2026-07-02
4625,101동,호반써밋양재,11650-6458,27,0,2026,공공기관,,,"45,000",2,7,2026,직거래,,23.57,9,27,1,N,26.07.14,강남대로,00187,00000,2102001,00,11650,0,11650,법인,10200,양재동,45000.0,2026-07-02
4626,101동,호반써밋양재,11650-6458,27,0,2026,공공기관,,,"45,000",2,7,2026,직거래,,23.57,9,27,1,N,26.07.14,강남대로,00187,00000,2102001,00,11650,0,11650,법인,10200,양재동,45000.0,2026-07-02
4627,101동,호반써밋양재,11650-6458,27,0,2026,공공기관,,,"45,000",2,7,2026,직거래,,23.57,10,27,1,N,26.07.14,강남대로,00187,00000,2102001,00,11650,0,11650,법인,10200,양재동,45000.0,2026-07-02
4628,101동,호반써밋양재,11650-6458,27,0,2026,공공기관,,,"45,000",2,7,2026,직거래,,23.57,12,27,1,N,26.07.14,강남대로,00187,00000,2102001,00,11650,0,11650,법인,10200,양재동,45000.0,2026-07-02
4629,101동,호반써밋양재,11650-6458,27,0,2026,공공기관,,,"45,000",2,7,2026,직거래,,23.57,12,27,1,N,26.07.14,강남대로,00187,00000,2102001,00,11650,0,11650,법인,10200,양재동,45000.0,2026-07-02
4630,101동,호반써밋양재,11650-6458,27,0,2026,공공기관,,,"45,000",2,7,2026,직거래,,23.57,13,27,1,N,26.07.14,강남대로,00187,00000,2102001,00,11650,0,11650,법인,10200,양재동,45000.0,2026-07-02
4631,101동,호반써밋양재,11650-6458,27,0,2026,공공기관,,,"45,000",2,7,2026,직거래,,23.57,14,27,1,N,26.07.14,강남대로,00187,00000,2102001,00,11650,0,11650,법인,10200,양재동,45000.0,2026-07-02
4632,101동,호반써밋양재,11650-6458,27,0,2026,공공기관,,,"45,000",2,7,2026,직거래,,23.57,14,27,1,N,26.07.14,강남대로,00187,00000,2102001,00,11650,0,11650,법인,10200,양재동,45000.0,2026-07-02
4633,101동,호반써밋양재,11650-6458,27,0,2026,공공기관,,,"45,000",2,7,2026,직거래,,23.57,15,27,1,N,26.07.14,강남대로,00187,00000,2102001,00,11650,0,11650,법인,10200,양재동,45000.0,2026-07-02
4634,101동,호반써밋양재,11650-6458,27,0,2026,공공기관,,,"45,000",2,7,2026,직거래,,23.57,15,27,1,N,26.07.14,강남대로,00187,00000,2102001,00,11650,0,11650,법인,10200,양재동,45000.0,2026-07-02
4635,120,래미안원베일리,11650-5126,1,0,2023,개인,,,"690,000",6,7,2026,중개거래,서울 서초구,101.97,3,1,1,N,26.08.28,반포대로,00333,00000,2121003,00,11650,,11650,개인,10700,반포동,690000.0,2026-07-06
4636,202,서초푸르지오써밋,11650-4550,1311,10,2017,개인,,,"415,000",11,7,2026,중개거래,서울 서초구,120.86,30,1311-10,1,N,26.07.29,서운로,00212,00000,3121016,01,11650,0,11650,개인,10800,서초동,415000.0,2026-07-11
4637,,서초한신,11650-43,1454,29,2001,개인,,,"203,000",6,7,2026,중개거래,서울 서초구,84.99,2,1454-29,1,N,,남부순환로323길,00038,00015,4163071,00,11650,0,11650,개인,10800,서초동,203000.0,2026-07-06
4638,,현대성우주상복합아파트,11650-700,1316,15,2002,개인,,,"194,000",5,7,2026,중개거래,서울 서초구,161.91,12,1316-15,1,N,,강남대로61길,00023,00000,4163028,01,11650,0,11650,개인,10800,서초동,194000.0,2026-07-05
4639,102,현대테라하임102동,11650-3304,11,74,2006,개인,,,"185,000",6,7,2026,직거래,,168.15,6,11-74,1,N,26.07.10,강남대로34길,00019,00000,4163016,01,11650,0,11650,법인,10200,양재동,185000.0,2026-07-06
4640,,한강,11650-144,49,8,1989,개인,,,"340,000",4,7,2026,중개거래,서울 서초구,84.53,6,49-8,1,N,,잠원로,00213,00010,3121019,01,11650,0,11650,개인,10600,잠원동,340000.0,2026-07-04
4641,,방배1차현대홈타운,11650-290,1344,0,1999,개인,,,"227,000",4,7,2026,중개거래,서울 서초구,59.94,1,1344,1,N,,서초대로1길,00030,00000,4163389,01,11650,0,11650,개인,10100,방배동,227000.0,2026-07-04
4642,,한라,11650-483,67,0,1994,개인,,,"164,000",4,7,2026,중개거래,서울 서초구,59.98,3,67,1,N,,바우뫼로,00033,00000,3121009,02,11650,0,11650,개인,10300,우면동,164000.0,2026-07-04
4643,2,진흥아파트,11650-66,1315,0,1979,개인,,,"313,000",21,7,2026,중개거래,서울 서초구,101.32,14,1315,1,N,26.08.18,서초대로,00385,00000,2121002,02,11650,0,11650,개인,10800,서초동,313000.0,2026-07-21
4644,,래미안신반포팰리스,11650-4439,158,0,2016,개인,,,"430,000",4,7,2026,중개거래,서울 서초구,84.49,11,158,1,N,,잠원로8길,00035,00000,4163529,00,11650,0,11650,개인,10600,잠원동,430000.0,2026-07-04
4645,,반포리체,11650-3617,30,26,2010,개인,,,"353,000",4,7,2026,중개거래,서울 서초구,59.994,17,30-26,1,N,,고무래로,00035,00000,3121001,01,11650,0,11650,개인,10700,반포동,353000.0,2026-07-04
4646,,방배1차현대홈타운,11650-290,1344,0,1999,개인,,,"237,000",4,7,2026,중개거래,서울 서초구,59.94,13,1344,1,N,,서초대로1길,00030,00000,4163389,01,11650,0,11650,개인,10100,방배동,237000.0,2026-07-04
4647,,강남월드메르디앙프레스티지,11650-5023,11,11,2022,개인,,,"73,000",3,7,2026,중개거래,서울 서초구,37.424,8,11-11,1,N,,남부순환로350길,00019,00011,4163086,00,11650,0,11650,법인,10200,양재동,73000.0,2026-07-03
4648,,메이플자이,11650-6434,60,3,2025,개인,,,"330,000",2,7,2026,직거래,,84.2537,23,60-3,1,N,,신반포로,00251,00000,3121017,00,11650,,11650,개인,10600,잠원동,330000.0,2026-07-02
4649,103,방배1차현대홈타운,11650-290,1344,0,1999,개인,,,"220,000",1,7,2026,중개거래,서울 서초구,59.94,8,1344,1,N,26.09.02,서초대로1길,00030,00000,4163389,01,11650,0,11650,개인,10100,방배동,220000.0,2026-07-01
4650,,우성아파트,11650-60,1326,17,1998,개인,,,"255,000",23,8,2026,중개거래,"서울 강남구, 서울 서초구",84.93,2,1326-17,1,N,,서초대로74길,00030,00000,4163433,01,11650,0,11650,개인,10800,서초동,255000.0,2026-08-23
4651,,롯데캐슬헤론,11650-3317,754,1,2006,개인,,,"220,000",20,8,2026,중개거래,서울 서초구,95.66,14,754-1,1,N,,동광로1길,00112,00000,4163119,01,11650,0,11650,개인,10100,방배동,220000.0,2026-08-20
4652,,대림서초리시온,11650-605,1671,5,2003,개인,,,"50,000",24,8,2026,중개거래,서울 서초구,49.92,3,1671-5,1,N,,서초중앙로22길,00025,00000,4163707,01,11650,0,11650,개인,10800,서초동,50000.0,2026-08-24
4653,,방배대우디오빌,11650-3191,866,20,2005,개인,,,"37,000",19,8,2026,중개거래,서울 서초구,36.63,11,866-20,1,N,,서초대로,00017,00000,2121002,01,11650,0,11650,개인,10100,방배동,37000.0,2026-08-19
4654,,방배대우디오빌,11650-3191,866,20,2005,개인,,,"27,000",17,8,2026,중개거래,서울 서초구,29.6,10,866-20,1,N,,서초대로,00017,00000,2121002,01,11650,0,11650,개인,10100,방배동,27000.0,2026-08-17
4655,,래미안퍼스티지,11650-3559,18,1,2009,개인,,,"910,000",14,8,2026,중개거래,서울 서초구,222.76,14,18-1,1,N,,반포대로,00275,00000,2121003,02,11650,0,11650,개인,10700,반포동,910000.0,2026-08-14
4656,,urbanplace,11650-4072,1337,3,2014,개인,,,"20,500",7,8,2026,중개거래,서울 서초구,21.007,7,1337-3,1,N,,효령로77길,00030,00000,4163659,01,11650,0,11650,개인,10800,서초동,20500.0,2026-08-07
4657,,서초동삼성쉐르빌2,11650-608,1330,0,2002,개인,,,"65,000",29,8,2026,중개거래,서울 서초구,51.08,18,1330,1,N,,강남대로53길,00011,00000,4163026,01,11650,0,11650,개인,10800,서초동,65000.0,2026-08-29
4658,,래미안신반포리오센트,11650-4750,161,0,2019,개인,,,"520,000",10,8,2026,중개거래,서울 서초구,133.37,11,161,1,N,,잠원로14길,00032,00000,4163526,00,11650,0,11650,개인,10600,잠원동,520000.0,2026-08-10
4659,,보미리아파트,11650-105,32,22,2001,개인,,,"205,000",26,8,2026,중개거래,서울 서초구,115.24,11,32-22,1,N,,신반포로41길,00055,00000,4163456,01,11650,0,11650,개인,10600,잠원동,205000.0,2026-08-26
4660,,티에스프리우스,11650-753,1625,7,2004,개인,,,"160,000",10,8,2026,중개거래,서울 서초구,108.34,4,1625-7,1,N,,서초중앙로12길,00019,00000,4163696,01,11650,0,11650,개인,10800,서초동,160000.0,2026-08-10
4661,,대림서초리시온,11650-605,1671,5,2003,개인,,,"54,500",8,8,2026,중개거래,서울 서초구,49.92,3,1671-5,1,N,,서초중앙로22길,00025,00000,4163707,01,11650,0,11650,개인,10800,서초동,54500.0,2026-08-08
4662,,힐스테이트서초젠트리스,11650-4103,557,0,2014,개인,,,"150,000",8,8,2026,직거래,,84.95,2,557,1,N,,헌릉로8길,00010,00012,4163749,01,11650,0,11650,개인,11100,신원동,150000.0,2026-08-08
4663,,우성아파트,11650-60,1326,17,1998,개인,26.09.16,O,"255,000",31,8,2026,중개거래,"서울 강남구, 서울 서초구",84.93,2,1326-17,1,N,,서초대로74길,00030,00000,4163433,01,11650,0,11650,개인,10800,서초동,255000.0,2026-08-31
4664,,래미안원베일리,11650-5126,1,0,2023,개인,,,"470,000",27,8,2026,중개거래,서울 서초구,59.96,21,1,1,N,,반포대로,00333,00000,2121003,00,11650,,11650,개인,10700,반포동,470000.0,2026-08-27
4665,,서초한빛삼성,11650-42,1509,1,1999,개인,,,"230,000",13,8,2026,중개거래,서울 서초구,99.09,8,1509-1,1,N,,서초대로40길,00072,00000,4163406,01,11650,0,11650,개인,10800,서초동,230000.0,2026-08-13
4666,,방배아트자이,11650-4706,3278,0,2018,개인,,,"250,000",29,8,2026,중개거래,서울 은평구,59.9938,5,3278,1,N,,명달로9길,00057,00000,4163195,00,11650,0,11650,개인,10100,방배동,250000.0,2026-08-29
4667,,서초레몬,11650-3230,1600,11,2005,개인,,,"31,000",29,8,2026,중개거래,서울 서초구,30.24,14,1600-11,1,N,,서초중앙로,00045,00000,3121024,03,11650,0,11650,개인,10800,서초동,31000.0,2026-08-29
4668,,방배대우디오빌,11650-3191,866,20,2005,개인,,,"28,000",29,8,2026,중개거래,서울 서초구,28.84,16,866-20,1,N,,서초대로,00017,00000,2121002,01,11650,0,11650,개인,10100,방배동,28000.0,2026-08-29
4669,,아크로비스타,11650-724,1685,3,2004,개인,,,"293,000",30,8,2026,중개거래,서울 서초구,134.97,15,1685-3,1,N,,서초중앙로,00188,00000,3121024,03,11650,0,11650,개인,10800,서초동,293000.0,2026-08-30
4670,,반포리체,11650-3617,30,26,2010,개인,,,"340,000",28,8,2026,중개거래,"서울 서초구, 서울 영등포구",59.994,32,30-26,1,N,,고무래로,00035,00000,3121001,01,11650,0,11650,개인,10700,반포동,340000.0,2026-08-28
4671,,방배래미안타워,11650-759,485,3,2005,개인,,,"245,000",22,8,2026,중개거래,서울 서초구,102.93,11,485-3,1,N,,남부순환로,02183,00000,2000003,01,11650,0,11650,개인,10100,방배동,245000.0,2026-08-22
4672,,아원데코빌,11650-430,206,8,2001,개인,,,"49,000",18,8,2026,중개거래,서울 서초구,63.9,6,206-8,1,N,,매헌로6길,00046,00000,4163179,01,11650,0,11650,개인,10200,양재동,49000.0,2026-08-18
4673,,반포센트럴자이,11650-4805,162,0,2020,개인,,,"460,000",11,8,2026,직거래,,84.95,7,162,1,N,,반포대로,00310,00006,2121003,01,11650,0,11650,개인,10600,잠원동,460000.0,2026-08-11
4674,,래미안원베일리,11650-5126,1,0,2023,개인,,,"900,000",6,8,2026,중개거래,서울 서초구,133.91,14,1,1,N,,반포대로,00333,00000,2121003,00,11650,,11650,개인,10700,반포동,900000.0,2026-08-06
4675,,월드메르디앙,11650-135,33,11,2002,개인,,,"240,000",27,8,2026,중개거래,서울 서초구,84.78,9,33-11,1,N,,신반포로45길,00071,00000,4163459,01,11650,0,11650,개인,10600,잠원동,240000.0,2026-08-27
4676,,밀라텔쉐르빌,11650-21,1316,31,2001,개인,26.09.03,O,"85,000",23,8,2026,중개거래,서울 서초구,66.99,14,1316-31,1,N,,강남대로61길,00017,00000,4163028,01,11650,0,11650,개인,10800,서초동,85000.0,2026-08-23
4677,,방배현대멤피스2,11650-406,982,1,2002,개인,,,"269,000",1,8,2026,중개거래,서울 서초구,162.8,8,982-1,1,N,,방배로,00063,00000,3121010,01,11650,0,11650,개인,10100,방배동,269000.0,2026-08-01
4678,,대우아이빌,11650-101,42,13,2001,개인,,,"70,000",26,8,2026,중개거래,서울 서초구,35.38,9,42-13,1,N,,신반포로45길,00023,00000,4163459,01,11650,0,11650,개인,10600,잠원동,70000.0,2026-08-26
4679,102,반포푸르지오,11650-176,10,0,2000,개인,,,"299,000",25,8,2026,중개거래,서울 서초구,84.82,4,10,1,N,26.08.28,신반포로15길,00004,00000,4163450,01,11650,0,11650,개인,10700,반포동,299000.0,2026-08-25
4680,,반포써밋,11650-4703,1342,0,2018,개인,,,"390,000",10,8,2026,중개거래,서울 서초구,84.6849,13,1342,1,N,,고무래로,00089,00000,3121001,00,11650,0,11650,개인,10700,반포동,390000.0,2026-08-10
4681,,호반써밋서초파크,11650-3974,788,0,2013,개인,,,"175,000",24,8,2026,중개거래,서울 서초구,59.93,11,788,1,N,,양재대로2길,00033,00000,4163748,01,11650,0,11650,개인,10300,우면동,175000.0,2026-08-24
4682,,서초현대,11650-46,1648,2,1999,개인,,,"169,000",23,8,2026,중개거래,서울 서초구,53.01,7,1648-2,1,N,,사임당로19길,00010,00000,4163315,01,11650,0,11650,개인,10800,서초동,169000.0,2026-08-23
4683,,서초현대,11650-46,1648,2,1999,개인,,,"245,000",23,8,2026,중개거래,서울 서초구,84.69,10,1648-2,1,N,,사임당로19길,00010,00000,4163315,01,11650,0,11650,개인,10800,서초동,245000.0,2026-08-23
4684,,한라비발디스튜디오193,11650-3926,1363,25,2013,개인,,,"36,000",22,8,2026,중개거래,서울 서초구,32.98,11,1363-25,1,N,,강남대로39길,00015,00010,4163018,01,11650,0,11650,개인,10800,서초동,36000.0,2026-08-22
4685,,현대동궁아파트,11650-236,64,5,1991,개인,,,"366,000",2,8,2026,중개거래,서울 서초구,82.35,12,64-5,1,N,,사평대로,00154,00000,2121001,02,11650,0,11650,개인,10700,반포동,366000.0,2026-08-02
4686,,호반써밋서초파크,11650-3974,788,0,2013,개인,,,"173,000",22,8,2026,중개거래,서울 서초구,59.93,19,788,1,N,,양재대로2길,00033,00000,4163748,01,11650,0,11650,개인,10300,우면동,173000.0,2026-08-22
4687,,서초동삼성쉐르빌2,11650-608,1330,0,2002,개인,,,"98,000",22,8,2026,중개거래,서울 서초구,70.49,12,1330,1,N,,강남대로53길,00011,00000,4163026,01,11650,0,11650,개인,10800,서초동,98000.0,2026-08-22
4688,,한라,11650-483,67,0,1994,개인,,,"164,000",21,8,2026,중개거래,서울 서초구,59.98,4,67,1,N,,바우뫼로,00033,00000,3121009,02,11650,0,11650,개인,10300,우면동,164000.0,2026-08-21
4689,,서초래미안,11650-523,1682,0,2003,개인,,,"320,000",10,8,2026,중개거래,"서울 강동구, 서울 서초구",111.32,6,1682,1,N,,서초대로65길,00013,00010,4163425,01,11650,0,11650,개인,10800,서초동,320000.0,2026-08-10
4690,,미영(101),11650-525,6,29,2003,개인,,,"111,000",13,8,2026,중개거래,서울 서초구,70.78,4,6-29,1,N,,논현로31길,00024,00015,4163098,01,11650,0,11650,개인,10200,양재동,111000.0,2026-08-13
4691,,임광,11650-341,1015,0,1985,개인,,,"250,000",10,8,2026,중개거래,서울 서초구,84.78,5,1015,1,N,,방배로,00014,00000,3121010,01,11650,0,11650,개인,10100,방배동,250000.0,2026-08-10
4692,,래미안 리더스원,11650-4887,1755,0,2020,개인,,,"401,000",10,8,2026,중개거래,서울 서초구,84.94,31,1755,1,N,,서운로,00062,00000,3121016,00,11650,,11650,개인,10800,서초동,401000.0,2026-08-10
4693,103,방배그랑자이,11650-4970,3283,0,2021,개인,,,"385,000",14,8,2026,중개거래,"서울 강동구, 서울 마포구",112.961,3,3283,1,N,26.09.11,방배로,00021,00000,3121010,00,11650,0,11650,개인,10100,방배동,385000.0,2026-08-14
4694,,서초호반써밋,11650-3963,753,0,2013,개인,26.09.18,O,"228,000",18,8,2026,중개거래,"서울 동작구, 서울 서초구",101.0482,14,753,1,N,,양재대로2길,00109,00000,4163748,01,11650,0,11650,개인,10300,우면동,228000.0,2026-08-18
4695,,서초그랑자이,11650-4969,1757,0,2021,개인,,,"440,000",13,8,2026,중개거래,서울 서초구,90.72,9,1757,1,N,,효령로,00391,00000,3121021,00,11650,,11650,개인,10800,서초동,440000.0,2026-08-13
4696,,서초포레스타2단지,11650-4156,384,0,2015,개인,,,"170,000",9,8,2026,중개거래,경기 성남시 중원구,84.48,5,384,1,N,,헌릉로8길,00045,00000,4163749,02,11650,0,11650,개인,10900,내곡동,170000.0,2026-08-09
4697,,서초훼미리하우스,11650-4570,917,4,2017,개인,,,"133,000",17,8,2026,중개거래,서울 서초구,59.49,8,917-4,1,N,,효령로,00089,00000,3121021,01,11650,0,11650,개인,10100,방배동,133000.0,2026-08-17
4698,305,반포미도,11650-172,60,4,1987,개인,,,"401,500",13,8,2026,중개거래,서울 서초구,84.96,12,60-4,1,N,26.09.09,서초중앙로29길,00028,00000,4163713,01,11650,0,11650,개인,10700,반포동,401500.0,2026-08-13
4699,,아크로리버파크,11650-4440,2,12,2016,개인,,,"456,500",4,8,2026,중개거래,서울 서초구,59.98,14,2-12,1,N,,신반포로15길,00019,00000,4163450,00,11650,0,11650,개인,10700,반포동,456500.0,2026-08-04
4700,,서초동삼성쉐르빌2,11650-608,1330,0,2002,개인,,,"28,300",8,8,2026,중개거래,서울 서초구,35.22,12,1330,1,N,,강남대로53길,00011,00000,4163026,01,11650,0,11650,개인,10800,서초동,28300.0,2026-08-08
4701,,방배임광3차,11650-342,1010,1,1988,개인,,,"225,000",14,8,2026,중개거래,"서울 서초구, 서울 송파구",84.0,8,1010-1,1,N,,방배로2길,00024,00006,4163264,01,11650,0,11650,개인,10100,방배동,225000.0,2026-08-14
4702,,코오롱,11650-482,70,0,1994,개인,,,"166,000",11,8,2026,중개거래,서울 서초구,52.47,4,70,1,N,,바우뫼로,00053,00000,3121009,02,11650,0,11650,개인,10300,우면동,166000.0,2026-08-11
4703,,방배롯데캐슬로제,11650-3548,849,30,2009,개인,,,"436,000",13,8,2026,중개거래,"서울 강남구, 서울 서초구",204.41,9,849-30,1,N,,방배로26길,00041,00000,4163261,01,11650,0,11650,개인,10100,방배동,436000.0,2026-08-13
4704,,N-Suite102동(1511-3),11650-717,1511,3,2004,개인,,,"194,000",13,8,2026,중개거래,서울 서초구,120.56,6,1511-3,1,N,,명달로22길,00064,00000,4163188,01,11650,0,11650,개인,10800,서초동,194000.0,2026-08-13
4705,,한진로즈힐,11650-764,3276,0,2005,개인,,,"242,000",13,8,2026,중개거래,"서울 동작구, 서울 서초구",102.503,4,3276,1,N,,서초대로1길,00002,00000,4163389,01,11650,0,11650,개인,10100,방배동,242000.0,2026-08-13
4706,,서초포레스타5단지,11650-4026,579,0,2014,개인,,,"210,000",7,8,2026,중개거래,서울 서초구,84.39,8,579,1,N,,청계산로7길,00043,00000,4163750,01,11650,0,11650,개인,11100,신원동,210000.0,2026-08-07
4707,,더샵서초,11650-3284,1445,14,2006,개인,,,"63,000",1,8,2026,중개거래,서울 서초구,33.06,28,1445-14,1,N,,서초중앙로2길,00021,00000,4163718,01,11650,0,11650,개인,10800,서초동,63000.0,2026-08-01
4708,,디아레나서초,11650-4779,1588,5,2020,개인,,,"42,500",5,8,2026,중개거래,서울 서초구,27.92,11,1588-5,1,N,,효령로53길,00024,00000,4163646,00,11650,0,11650,개인,10800,서초동,42500.0,2026-08-05
4709,,서초힐스,11650-3821,773,0,2012,개인,,,"207,500",12,8,2026,중개거래,서울 서초구,84.95,7,773,1,N,,양재대로2길,00090,00000,4163748,01,11650,0,11650,개인,10300,우면동,207500.0,2026-08-12
4710,,두산위브(1362),11650-3250,1362,0,2005,개인,,,"90,000",11,8,2026,직거래,,84.99,15,1362,1,N,26.08.12,강남대로39길,00005,00000,4163018,01,11650,0,11650,개인,10800,서초동,90000.0,2026-08-11
4711,,힐스테이트서초젠트리스,11650-4103,557,0,2014,개인,,,"210,000",6,8,2026,중개거래,서울 서초구,84.99,7,557,1,N,,헌릉로8길,00010,00012,4163749,01,11650,0,11650,개인,11100,신원동,210000.0,2026-08-06
4712,,서초이오빌,11650-521,1593,7,2003,개인,,,"54,000",10,8,2026,중개거래,서울 서초구,50.77,6,1593-7,1,N,26.08.24,효령로53길,00045,00000,4163646,01,11650,0,11650,개인,10800,서초동,54000.0,2026-08-10
4713,,아크로리버파크,11650-4440,2,12,2016,개인,,,"850,000",3,8,2026,중개거래,서울 서초구,129.97,34,2-12,1,N,,신반포로15길,00019,00000,4163450,00,11650,0,11650,개인,10700,반포동,850000.0,2026-08-03
4714,,방배대우디오빌,11650-3191,866,20,2005,개인,,,"30,000",7,8,2026,직거래,,29.6,6,866-20,1,N,26.08.11,서초대로,00017,00000,2121002,01,11650,0,11650,개인,10100,방배동,30000.0,2026-08-07
4715,,신영체르니,11650-461,90,0,2002,개인,,,"57,000",4,8,2026,중개거래,서울 서초구,32.08,5,90,1,N,,논현로27길,00057,00000,4163097,01,11650,0,11650,개인,10200,양재동,57000.0,2026-08-04
4716,,서초동삼성쉐르빌2,11650-608,1330,0,2002,개인,26.08.14,O,"28,300",8,8,2026,중개거래,서울 서초구,35.22,12,1330,1,N,,강남대로53길,00011,00000,4163026,01,11650,0,11650,개인,10800,서초동,28300.0,2026-08-08
4717,,서초포레스타3단지,11650-4040,568,0,2014,개인,,,"164,000",8,8,2026,중개거래,서울 서초구,59.96,2,568,1,N,,헌릉로8길,00022,00000,4163749,01,11650,0,11650,개인,11100,신원동,164000.0,2026-08-08
4718,,방배그랑자이,11650-4970,3283,0,2021,개인,,,"414,000",7,8,2026,중개거래,"서울 서초구, 서울 송파구",122.9294,5,3283,1,N,,방배로,00021,00000,3121010,00,11650,0,11650,개인,10100,방배동,414000.0,2026-08-07
4719,107동,아크로리버파크,11650-4440,2,12,2016,개인,,,"539,000",6,8,2026,중개거래,서울 서초구,84.97,13,2-12,1,N,26.08.07,신반포로15길,00019,00000,4163450,00,11650,0,11650,개인,10700,반포동,539000.0,2026-08-06
4720,,방배대우디오빌,11650-3191,866,20,2005,개인,,,"29,000",5,8,2026,중개거래,서울 서초구,29.6,4,866-20,1,N,,서초대로,00017,00000,2121002,01,11650,0,11650,개인,10100,방배동,29000.0,2026-08-05
4721,,현대아파트,11650-85,1346,0,1989,개인,,,"248,000",6,8,2026,중개거래,"서울 서초구, 서울 성동구",84.33,11,1346,1,N,,효령로68길,00013,00000,4163654,00,11650,,11650,개인,10800,서초동,248000.0,2026-08-06
4722,,서초힐스,11650-3821,773,0,2012,개인,,,"210,000",1,8,2026,중개거래,서울 서초구,84.97,22,773,1,N,,양재대로2길,00090,00000,4163748,01,11650,0,11650,개인,10300,우면동,210000.0,2026-08-01
4723,,서초포레스타2단지,11650-4156,384,0,2015,개인,,,"199,000",1,8,2026,중개거래,서울 서초구,84.48,13,384,1,N,,헌릉로8길,00045,00000,4163749,02,11650,0,11650,개인,10900,내곡동,199000.0,2026-08-01
4724,,서초힐스,11650-3821,773,0,2012,개인,,,"184,000",4,8,2026,중개거래,서울 서초구,59.97,6,773,1,N,,양재대로2길,00090,00000,4163748,01,11650,0,11650,개인,10300,우면동,184000.0,2026-08-04
4725,,반포르엘,11650-5015,163,0,2022,개인,,,"354,000",3,8,2026,중개거래,서울 강남구,59.9446,13,163,1,N,,신반포로23길,00023,00000,4163452,01,11650,0,11650,개인,10600,잠원동,354000.0,2026-08-03
4726,,래미안서초에스티지S,11650-4622,1754,0,2018,개인,,,"345,000",1,8,2026,중개거래,"서울 강남구, 서울 서초구",84.96,13,1754,1,N,,서운로,00104,00000,3121016,01,11650,0,11650,개인,10800,서초동,345000.0,2026-08-01
4727,,강변,11650-97,53,15,1987,개인,,,"305,000",1,8,2026,중개거래,서울 서초구,84.53,14,53-15,1,N,,잠원로,00166,00017,3121019,01,11650,0,11650,개인,10600,잠원동,305000.0,2026-08-01
4728,,우면파크아파트,11650-593,385,9,2003,개인,,,"117,000",1,8,2026,중개거래,서울 서초구,74.52,2,385-9,1,N,,논현로1길,00067,00000,4163096,01,11650,0,11650,개인,10200,양재동,117000.0,2026-08-01
4729,,한강,11650-144,49,8,1989,개인,,,"320,000",1,8,2026,중개거래,서울 서초구,84.53,7,49-8,1,N,,잠원로,00213,00010,3121019,01,11650,0,11650,개인,10600,잠원동,320000.0,2026-08-01
4730,,힐스테이트서초젠트리스,11650-4103,557,0,2014,개인,,,"201,500",1,8,2026,중개거래,"서울 동작구, 서울 서초구",84.95,6,557,1,N,,헌릉로8길,00010,00012,4163749,01,11650,0,11650,개인,11100,신원동,201500.0,2026-08-01
4731,202,극동스타클래스2,11650-3321,1615,10,2006,개인,,,"168,000",13,8,2026,중개거래,서울 서초구,81.065,3,1615-10,1,N,26.08.21,효령로67길,00035,00000,4163653,01,11650,0,11650,개인,10800,서초동,168000.0,2026-08-13
4732,,도무스서초청년주택,11650-6467,1673,3,2026,공공기관,,,"54,650",17,9,2026,직거래,,19.1312,5,1673-3,1,N,,서초대로52길,00003,00013,4163416,00,11650,0,11650,법인,10800,서초동,54650.0,2026-09-17
4733,,도무스서초청년주택,11650-6467,1673,3,2026,공공기관,,,"54,650",17,9,2026,직거래,,19.1312,6,1673-3,1,N,,서초대로52길,00003,00013,4163416,00,11650,0,11650,법인,10800,서초동,54650.0,2026-09-17
4734,,도무스서초청년주택,11650-6467,1673,3,2026,공공기관,,,"54,650",17,9,2026,직거래,,19.1312,7,1673-3,1,N,,서초대로52길,00003,00013,4163416,00,11650,0,11650,법인,10800,서초동,54650.0,2026-09-17
4735,,도무스서초청년주택,11650-6467,1673,3,2026,공공기관,,,"55,200",17,9,2026,직거래,,19.1312,8,1673-3,1,N,,서초대로52길,00003,00013,4163416,00,11650,0,11650,법인,10800,서초동,55200.0,2026-09-17
4736,,도무스서초청년주택,11650-6467,1673,3,2026,공공기관,,,"55,200",17,9,2026,직거래,,19.1312,9,1673-3,1,N,,서초대로52길,00003,00013,4163416,00,11650,0,11650,법인,10800,서초동,55200.0,2026-09-17
4737,,도무스서초청년주택,11650-6467,1673,3,2026,공공기관,,,"55,750",17,9,2026,직거래,,19.1312,12,1673-3,1,N,,서초대로52길,00003,00013,4163416,00,11650,0,11650,법인,10800,서초동,55750.0,2026-09-17
4738,,도무스서초청년주택,11650-6467,1673,3,2026,공공기관,,,"55,750",17,9,2026,직거래,,19.1312,13,1673-3,1,N,,서초대로52길,00003,00013,4163416,00,11650,0,11650,법인,10800,서초동,55750.0,2026-09-17
4739,,도무스서초청년주택,11650-6467,1673,3,2026,공공기관,,,"56,300",17,9,2026,직거래,,19.1312,14,1673-3,1,N,,서초대로52길,00003,00013,4163416,00,11650,0,11650,법인,10800,서초동,56300.0,2026-09-17
4740,,도무스서초청년주택,11650-6467,1673,3,2026,공공기관,,,"56,300",17,9,2026,직거래,,19.1312,15,1673-3,1,N,,서초대로52길,00003,00013,4163416,00,11650,0,11650,법인,10800,서초동,56300.0,2026-09-17
4741,,도무스서초청년주택,11650-6467,1673,3,2026,공공기관,,,"56,800",17,9,2026,직거래,,19.1312,18,1673-3,1,N,,서초대로52길,00003,00013,4163416,00,11650,0,11650,법인,10800,서초동,56800.0,2026-09-17
4742,,도무스서초청년주택,11650-6467,1673,3,2026,공공기관,,,"56,800",17,9,2026,직거래,,19.1312,19,1673-3,1,N,,서초대로52길,00003,00013,4163416,00,11650,0,11650,법인,10800,서초동,56800.0,2026-09-17
4743,,도무스서초청년주택,11650-6467,1673,3,2026,공공기관,,,"54,850",17,9,2026,직거래,,19.185,5,1673-3,1,N,,서초대로52길,00003,00013,4163416,00,11650,0,11650,법인,10800,서초동,54850.0,2026-09-17
4744,,도무스서초청년주택,11650-6467,1673,3,2026,공공기관,,,"54,850",17,9,2026,직거래,,19.185,6,1673-3,1,N,,서초대로52길,00003,00013,4163416,00,11650,0,11650,법인,10800,서초동,54850.0,2026-09-17
4745,,도무스서초청년주택,11650-6467,1673,3,2026,공공기관,,,"54,850",17,9,2026,직거래,,19.185,7,1673-3,1,N,,서초대로52길,00003,00013,4163416,00,11650,0,11650,법인,10800,서초동,54850.0,2026-09-17
4746,,도무스서초청년주택,11650-6467,1673,3,2026,공공기관,,,"55,450",17,9,2026,직거래,,19.185,9,1673-3,1,N,,서초대로52길,00003,00013,4163416,00,11650,0,11650,법인,10800,서초동,55450.0,2026-09-17
4747,,도무스서초청년주택,11650-6467,1673,3,2026,공공기관,,,"55,450",17,9,2026,직거래,,19.185,10,1673-3,1,N,,서초대로52길,00003,00013,4163416,00,11650,0,11650,법인,10800,서초동,55450.0,2026-09-17
4748,,도무스서초청년주택,11650-6467,1673,3,2026,공공기관,,,"55,950",17,9,2026,직거래,,19.185,11,1673-3,1,N,,서초대로52길,00003,00013,4163416,00,11650,0,11650,법인,10800,서초동,55950.0,2026-09-17
4749,,도무스서초청년주택,11650-6467,1673,3,2026,공공기관,,,"55,950",17,9,2026,직거래,,19.185,13,1673-3,1,N,,서초대로52길,00003,00013,4163416,00,11650,0,11650,법인,10800,서초동,55950.0,2026-09-17
4750,,도무스서초청년주택,11650-6467,1673,3,2026,공공기관,,,"56,550",17,9,2026,직거래,,19.185,15,1673-3,1,N,,서초대로52길,00003,00013,4163416,00,11650,0,11650,법인,10800,서초동,56550.0,2026-09-17
4751,,도무스서초청년주택,11650-6467,1673,3,2026,공공기관,,,"56,550",17,9,2026,직거래,,19.185,16,1673-3,1,N,,서초대로52길,00003,00013,4163416,00,11650,0,11650,법인,10800,서초동,56550.0,2026-09-17
4752,,도무스서초청년주택,11650-6467,1673,3,2026,공공기관,,,"57,100",17,9,2026,직거래,,19.185,17,1673-3,1,N,,서초대로52길,00003,00013,4163416,00,11650,0,11650,법인,10800,서초동,57100.0,2026-09-17
4753,,도무스서초청년주택,11650-6467,1673,3,2026,공공기관,,,"57,100",17,9,2026,직거래,,19.185,18,1673-3,1,N,,서초대로52길,00003,00013,4163416,00,11650,0,11650,법인,10800,서초동,57100.0,2026-09-17
4754,,방배3차현대홈타운,11650-732,2233,0,2004,개인,,,"279,000",10,9,2026,중개거래,서울 서초구,120.915,4,2233,1,N,,방배중앙로21길,00055,00000,4163677,01,11650,0,11650,개인,10100,방배동,279000.0,2026-09-10
4755,,신반포2,11650-117,73,0,1978,개인,,,"360,000",3,9,2026,중개거래,서울 서초구,68.91,8,73,1,N,,신반포로23길,00041,00000,4163452,01,11650,0,11650,개인,10600,잠원동,360000.0,2026-09-03
4756,,서초그랑자이,11650-4969,1757,0,2021,개인,,,"322,000",16,9,2026,중개거래,서울 서초구,59.98,28,1757,1,N,,효령로,00391,00000,3121021,00,11650,,11650,개인,10800,서초동,322000.0,2026-09-16
4757,,신반포2,11650-117,73,0,1978,개인,,,"400,000",10,9,2026,중개거래,서울 서초구,79.42,1,73,1,N,,신반포로23길,00041,00000,4163452,01,11650,0,11650,개인,10600,잠원동,400000.0,2026-09-10
4758,,신반포자이,11650-4675,160,0,2018,개인,,,"470,000",10,9,2026,중개거래,서울 서초구,84.92,18,160,1,N,,잠원로,00060,00000,3121019,01,11650,0,11650,개인,10600,잠원동,470000.0,2026-09-10
4759,,서초쌍용플래티넘,11650-3276,1445,13,2006,개인,,,"104,000",2,9,2026,중개거래,서울 서초구,71.9,13,1445-13,1,N,,서초중앙로,00018,00000,3121024,03,11650,0,11650,개인,10800,서초동,104000.0,2026-09-02
4760,,호반써밋서초파크,11650-3974,788,0,2013,개인,,,"189,000",15,9,2026,중개거래,"서울 강남구, 서울 서초구",84.99,14,788,1,N,,양재대로2길,00033,00000,4163748,01,11650,0,11650,개인,10300,우면동,189000.0,2026-09-15
4761,,신반포2,11650-117,73,0,1978,개인,,,"462,000",14,9,2026,중개거래,서울 서초구,107.31,2,73,1,N,,신반포로23길,00041,00000,4163452,01,11650,0,11650,개인,10600,잠원동,462000.0,2026-09-14
4762,,서초지웰,11650-3221,1458,6,2005,개인,,,"212,500",7,9,2026,중개거래,서울 서초구,84.74,14,1458-6,1,N,,반포대로10길,00035,00000,4163222,01,11650,0,11650,개인,10800,서초동,212500.0,2026-09-07
4763,,리시본하우스,11650-4810,15,11,2020,개인,,,"65,000",14,9,2026,중개거래,서울 서초구,29.881,9,15-11,1,N,,남부순환로356길,00088,00000,4163088,00,11650,0,11650,개인,10200,양재동,65000.0,2026-09-14
4764,,대성유니드,11650-684,48,2,2004,개인,,,"190,000",3,9,2026,중개거래,서울 서초구,96.438,4,48-2,1,N,,고무래로10길,00028,00000,4163042,01,11650,0,11650,개인,10700,반포동,190000.0,2026-09-03
4765,,삼성래미안1,11650-503,2626,0,2003,개인,,,"225,000",11,9,2026,중개거래,"서울 강남구, 서울 서초구",84.91,6,2626,1,N,,방배선행길,00002,00000,4163671,01,11650,0,11650,개인,10100,방배동,225000.0,2026-09-11
4766,,신반포2,11650-117,73,0,1978,개인,26.09.16,O,"400,000",11,9,2026,중개거래,서울 서초구,79.42,1,73,1,N,,신반포로23길,00041,00000,4163452,01,11650,0,11650,개인,10600,잠원동,400000.0,2026-09-11
4767,,동고,11650-480,59,0,1995,개인,,,"120,000",10,9,2026,직거래,,77.14,9,59,1,N,,바우뫼로7길,00029,00000,4163219,01,11650,0,11650,개인,10300,우면동,120000.0,2026-09-10
4768,,반포자이,11650-3500,20,43,2009,개인,,,"670,000",3,9,2026,중개거래,서울 서초구,216.49,21,20-43,1,N,,신반포로,00270,00000,3121017,02,11650,0,11650,개인,10700,반포동,670000.0,2026-09-03
4769,,더샵서초,11650-3284,1445,14,2006,개인,,,"59,800",1,9,2026,중개거래,서울 서초구,30.39,26,1445-14,1,N,,서초중앙로2길,00021,00000,4163718,01,11650,0,11650,개인,10800,서초동,59800.0,2026-09-01
4770,,서초래미안,11650-523,1682,0,2003,개인,,,"350,000",7,9,2026,중개거래,서울 서초구,126.31,16,1682,1,N,,서초대로65길,00013,00010,4163425,01,11650,0,11650,개인,10800,서초동,350000.0,2026-09-07
4771,,래미안퍼스티지,11650-3559,18,1,2009,개인,,,"490,000",7,9,2026,중개거래,서울 서초구,84.93,25,18-1,1,N,,반포대로,00275,00000,2121003,02,11650,0,11650,개인,10700,반포동,490000.0,2026-09-07
4772,,반포자이,11650-3500,20,43,2009,개인,,,"505,000",8,9,2026,직거래,,84.943,8,20-43,1,N,,신반포로,00270,00000,3121017,02,11650,0,11650,개인,10700,반포동,505000.0,2026-09-08
4773,,더샾오데움(104동),11650-3251,1472,1,2006,개인,,,"196,000",5,9,2026,중개거래,서울 서초구,110.52,2,1472-1,1,N,,반포대로5길,00043,00000,4163245,01,11650,0,11650,개인,10800,서초동,196000.0,2026-09-05
4774,,신반포2,11650-117,73,0,1978,개인,,,"415,000",5,9,2026,중개거래,서울 서초구,79.42,9,73,1,N,,신반포로23길,00041,00000,4163452,01,11650,0,11650,개인,10600,잠원동,415000.0,2026-09-05
4775,,신반포2,11650-117,73,0,1978,개인,,,"416,000",4,9,2026,중개거래,"서울 강남구, 서울 서초구",79.42,9,73,1,N,,신반포로23길,00041,00000,4163452,01,11650,0,11650,개인,10600,잠원동,416000.0,2026-09-04
4776,,밀라텔쉐르빌,11650-21,1316,31,2001,개인,,,"85,000",4,9,2026,중개거래,서울 서초구,66.99,14,1316-31,1,N,,강남대로61길,00017,00000,4163028,01,11650,0,11650,개인,10800,서초동,85000.0,2026-09-04
4777,,방배대우디오빌,11650-3191,866,20,2005,개인,,,"29,800",3,9,2026,중개거래,서울 동작구,29.6,8,866-20,1,N,,서초대로,00017,00000,2121002,01,11650,0,11650,개인,10100,방배동,29800.0,2026-09-03
4778,,우정에쉐르,11650-702,1355,24,2004,개인,,,"113,500",2,9,2026,중개거래,"서울 강남구, 서울 서초구",72.44,5,1355-24,1,N,,서운로3길,00029,00000,4163379,01,11650,0,11650,개인,10800,서초동,113500.0,2026-09-02
4779,,서초1차e-편한세상,11650-708,1487,63,2004,개인,,,"270,000",1,9,2026,중개거래,서울 서초구,130.53,10,1487-63,1,N,,명달로6길,00031,00000,4163193,01,11650,0,11650,개인,10800,서초동,270000.0,2026-09-01
4780,,반포써밋,11650-4703,1342,0,2018,개인,,,"376,000",3,9,2026,중개거래,서울 서초구,84.6849,10,1342,1,N,,고무래로,00089,00000,3121001,00,11650,0,11650,개인,10700,반포동,376000.0,2026-09-03
