"주택유형별","지역별","항목","단위","2013.01 월","2013.02 월","2013.03 월","2013.04 월","2013.05 월","2013.06 월","2013.07 월","2013.08 월","2013.09 월","2013.10 월","2013.11 월","2013.12 월","2014.01 월","2014.02 월","2014.03 월","2014.04 월","2014.05 월","2014.06 월","2014.07 월","2014.08 월","2014.09 월","2014.10 월","2014.11 월","2014.12 월","2015.01 월","2015.02 월","2015.03 월","2015.04 월","2015.05 월","2015.06 월","2015.07 월","2015.08 월","2015.09 월","2015.10 월","2015.11 월","2015.12 월","2016.01 월","2016.02 월","2016.03 월","2016.04 월","2016.05 월","2016.06 월","2016.07 월","2016.08 월","2016.09 월","2016.10 월","2016.11 월","2016.12 월","2017.01 월","2017.02 월","2017.03 월","2017.04 월","2017.05 월","2017.06 월","2017.07 월","2017.08 월","2017.09 월","2017.10 월","2017.11 월","2017.12 월","2018.01 월","2018.02 월","2018.03 월","2018.04 월","2018.05 월","2018.06 월","2018.07 월","2018.08 월","2018.09 월","2018.10 월","2018.11 월","2018.12 월","2019.01 월","2019.02 월","2019.03 월","2019.04 월","2019.05 월","2019.06 월","2019.07 월","2019.08 월","2019.09 월","2019.10 월","2019.11 월","2019.12 월","2020.01 월","2020.02 월","2020.03 월","2020.04 월","2020.05 월","2020.06 월","2020.07 월","2020.08 월","2020.09 월","2020.10 월","2020.11 월","2020.12 월","2021.01 월","2021.02 월","2021.03 월","2021.04 월","2021.05 월","2021.06 월","2021.07 월","2021.08 월","2021.09 월","2021.10 월","2021.11 월","2021.12 월","2022.01 월","2022.02 월","2022.03 월","2022.04 월","2022.05 월","2022.06 월","2022.07 월","2022.08 월","2022.09 월","2022.10 월","2022.11 월","2022.12 월","2023.01 월","2023.02 월","2023.03 월","2023.04 월","2023.05 월","2023.06 월","2023.07 월","2023.08 월","2023.09 월","2023.10 월","2023.11 월","2023.12 월","2024.01 월","2024.02 월","2024.03 월","2024.04 월","2024.05 월","2024.06 월","2024.07 월","2024.08 월","2024.09 월","2024.10 월","2024.11 월","2024.12 월","2025.01 월","2025.02 월","2025.03 월","2025.04 월","2025.05 월","2025.06 월","2025.07 월","2025.08 월","2025.09 월","2025.10 월","2025.11 월","2025.12 월",
"종합","전국","전세수급동향","","105.479773","106.8442153","108.8328733","110.3862594","109.1122348","107.0218423","107.1827094","109.0572531","111.067946","112.6766439","112.0949648","111.0206637","111.5398284","111.9984764","111.9393508","109.2095906","107.6225552","107.6624168","107.5889007","108.4233754","109.7707562","110.6456357","110.2551098","110.2449663","110.1421801","110.9428785","113.4397605","113.9613792","113.1803442","113.0032427","111.324228","110.9976247","111.5182106","111.854711","111.9061758","109.8653998","109.1785432","108.2185273","107.3871734","107.1951702","106.6547902","106.5874901","106.4786223","105.8867775","105.073454","105.4094067","105.426695","104.1548039","102.8185856","102.8680434","102.7807304","102.1813418","102.0130659","101.9782807","101.47137","100.5807995","100.2372547","100.3359526","99.34517709","95.69430907","95.46374747","95.01012222","94.33718227","91.09432406","89.0680063","88.49441404","88.51315888","88.66499213","89.79155732","89.33605758","88.46629677","87.39409162","84.66111556","82.85579231","81.78314304","81.59224784","81.5504327","81.33590284","83.14849829","84.97200204","85.92909091","86.89818182","88.35272727","91.30608683","92.68520806","93.22664879","93.76014396","92.36468845","92.39115094","95.51130551","100.1533959","102.2039636","102.385402","104.4816643","107.1844147","111.0490127","111.0719323","110.5112835","108.7535261","106.2253173","105.4619182","108.1100141","113.2618583","115.14295","115.2588261","112.6196665","101.6937405","98.89423181","96.87560917","95.39143055","96.03379183","97.45711315","97.20477387","96.70240416","95.05437373","91.93020838","89.63829326","85.18085337","78.93329002","74.52999783","74.59513742","75.96828753","79.27589852","82.52325581","86.10042283","87.52008457","89.00211416","90.76955603","92.3372093","93.10359408","92.63002114","91.9154334","91.77807764","91.98671372","92.55864646","93.52397758","94.94291053","95.11625493","96.19368902","97.11127258","97.065601","97.20469172","96.63898692","96.04421839","95.78991073","96.06082624","96.58501142","96.55075773","96.65767075","97.0489931493","96.90471248","97.28565497","98.26344198","99.24538094","99.76956612","100.0986091",
"종합","수도권","전세수급동향","","106.982485","107.7415942","109.957652","111.1143833","109.6183296","107.4449287","108.0652763","112.6487569","115.4176977","116.7962767","115.8300931","115.1702604","115.4150424","114.9369266","115.2637615","110.8199541","108.4116972","108.5091743","109.3692661","110.4759174","113.0389908","113.8417431","113.3199541","113.3944954","113.3064973","114.4517519","117.1618097","118.5451865","118.1086291","118.2333598","116.0782322","115.2569638","115.7056981","116.7174668","116.4634663","114.0504614","112.8227923","112.3147913","111.2733892","111.6120566","111.6882567","111.8914571","111.5146897","111.3792228","109.8945661","110.3527981","110.3203569","108.6901865","106.1962693","106.2611517","106.2935929","106.1708861","106.210928","106.074008","105.6926073","104.0308191","103.5077048","103.7145174","102.8791565","98.13461837","97.96362506","97.69159024","96.16819524","91.72625525","88.94761387","89.45282139","90.11347738","91.43090316","93.51391264","92.47629411","91.52417224","90.11347738","86.96292381","83.33459186","82.30008306","82.39447255","83.16469078","83.47806388","86.14739863","90.09665484","92.05498074","93.54655993","94.83800317","99.26376199","100.170105","100.3401114","101.0201129","99.56952684","99.07032267","103.2518267","107.5043378","109.2430596","109.4339623","112.0942673","114.2232343","117.4727102","117.2377648","116.3088267","113.558158","109.7158968","109.1773296","113.0593508","118.4016993","120.5417504","119.9273707","114.5121506","100.67833","97.02845918","94.01580558","91.48887569","92.50045687","95.52576284","95.61006806","95.31564042","93.02947224","88.90132481","85.84414398","79.7780011","72.88050429","68.04768865","67.55876712","69.67973594","74.5506044","78.9040546","84.16744725","86.48021767","88.69485704","90.97194344","93.1642803","93.96940095","93.03715598","91.94879343","91.79081655","92.58595832","93.59080781","95.01944165","97.25850845","98.13884399","99.75534099","100.7470838","100.3953864","100.3211149","99.04976189","97.89418498","97.27379964","97.66481716","98.67185111","98.75957917","99.07347275","99.6644585877","98.99121098","98.99337576","100.2467853","101.4677231","101.768628","102.1821016",
"종합","지방","전세수급동향","","104.2850467","106.1308411","107.9392523","109.8083216","108.7104919","106.6859921","106.4820877","106.2061547","107.6145931","109.4059869","109.1262409","107.7222066","108.4601367","109.6627165","109.29607","107.9290534","106.994984","106.9891493","106.1766579","106.7952333","107.1792307","108.1113031","107.8248613","107.7475675","107.6563335","108.1863531","110.515767","110.359116","109.3087476","108.8945306","107.1492304","107.2570451","107.8407317","107.584207","107.9039334","106.1900513","105.9781396","104.6211614","103.9742732","103.3162317","102.2343669","101.9295115","102.0559149","101.0632761","100.8313709","101.0597303","101.1204682","100.1641333","99.84657104","99.88224379","99.68955181","98.6726611","98.32274641","98.37650753","97.75922358","97.54513666","97.35959466","97.36316278","96.23563834","93.42048088","93.13441483","92.51158749","92.63108343","90.50550406","89.1801854","87.6013905","87.02201622","86.0877752","86.323146","86.41005214","85.6170336","84.86022596","82.52331861","82.41110877","81.30303668","80.84718423","80.05119574","79.34637773","80.36327933","80.21249737","80.24054983","80.72445473","82.33045796","83.91542184","85.56274969","86.45661157","86.84917355","85.50619835","86.03305785","88.14539447","93.15365551","95.50117032","95.67357335","97.23273904","100.4818614","104.9321952","105.2006608","104.990707","104.1784264","102.9014938","101.9240036","103.3971226","108.6271522","110.2747343","111.0490979","110.9131724","102.6093583","100.5767013","99.45423841","98.91040165","99.21942579","99.19879717","98.64274828","97.95287915","96.87976274","94.66139397","93.0595601","90.05272263","84.39121839","80.37523684","80.9352518","81.6345806","83.53362003","85.78433343","87.84212853","88.45705558","89.27896789","90.58719505","91.59197781","92.32345967","92.2631727","91.88537438","91.76654404","91.44416756","91.62414461","92.1700091","92.84640639","92.3796527","92.96902812","93.81946917","94.05086824","94.38313358","94.45631106","94.36928919","94.44642221","94.60859934","94.69562122","94.51601324","94.43225781","94.6396522155","94.98265066","95.71251944","96.4364057","97.19818131","97.92805009","98.1793164",
"종합","6대광역시","전세수급동향","","104.0371417","105.9245055","107.3778765","109.9858643","108.3097738","106.1793215","106.6148253","107.6045243","110.9068875","114.1486568","113.9422105","111.8330639","112.740479","113.8381457","113.0550098","110.3143418","108.7247003","108.5380232","107.8600904","108.3906465","109.3338573","110.3753193","109.7858125","108.351346","109.5843853","110.3903671","113.4783453","112.5364148","112.0703049","111.7401437","109.7582038","109.6875491","110.4097975","110.417648","111.3832627","108.9810017","108.0703407","106.0998587","104.9458314","104.9144293","104.7417177","104.9615324","104.6553619","103.8467577","102.3058252","103.9745146","104.5206311","102.7609223","102.8898665","102.9965104","103.0192687","102.7078277","102.3816748","101.9645024","100.629551","100.7205704","100.1365291","99.68143204","98.89259709","94.4153337","93.81549917","93.71897408","93.54660783","89.79591837","87.74131274","86.54853833","85.96938776","84.55598456","85.16271373","85.53502482","84.88692774","84.38361831","82.50404531","82.38942826","81.51294498","80.89266451","80.46116505","80.2184466","80.62297735","81.00728155","81.71521036","82.77373247","85.54476807","87.74946063","89.25837952","90.57139087","91.21799947","89.14621272","89.46291898","90.49881235","93.82422803","95.82343626","96.41773321","100.1913181","104.9017021","109.6648634","109.4405594","109.460351","107.2239082","105.4360734","105.535031","107.6329331","111.0888229","112.6414186","113.1910455","111.7146754","101.5124769","99.59878029","97.30803177","95.97608922","96.18038838","96.46926657","95.59496108","94.37133916","92.48114267","89.29459915","86.70865763","83.4349675","76.62681537","72.0532777","73.25526564","74.14335115","76.56397359","80.16740019","83.0517133","84.23058787","85.10095059","87.06496975","88.53405609","89.47678529","88.6479692","88.25516537","88.62066319","88.29828063","89.6415413","90.49739024","91.49140313","90.86198956","91.71016273","93.237642","93.33358919","93.59072766","93.47942892","92.79244704","92.81931225","93.07261283","93.62143076","93.74952126","93.44695519","93.8337801609","93.85292991","94.85254692","95.88663347","97.28839525","98.33397166","98.94293374",
"종합","5대광역시","전세수급동향","","104.1781336","106.1921441","107.5556668","109.95996","108.4834835","106.0810811","105.9073842","105.7321652","108.7984981","111.9899875","111.2446782","109.2935872","110.4801365","112.0121951","111.1124665","109.1241766","107.6744754","108.2235237","107.3450464","107.9062958","108.8457784","110.0658858","109.6388482","107.9795022","109.2003854","109.6579961","113.4874759","111.9821773","111.4763969","110.7899807","108.2924436","108.1943081","109.077527","109.8429833","110.9911678","107.9980373","107.1736997","104.6908734","103.2777233","103.218842","103.0814524","103.0912659","103.1992149","102.0117763","100.8399396","101.9724424","102.2744432","100.3775009","100.4718762","100.8023409","100.7457051","100.0849377","99.62249906","99.02793507","97.56511891","97.60286901","97.26311816","96.82899207","96.09286523","92.61422192","92.02164205","92.00446582","91.97011336","88.86980419","87.4098248","86.22466506","85.8210237","84.49845414","84.85915493","84.93644796","83.88869804","82.78083133","80.59989918","80.80994791","79.97815493","79.08754831","78.43219627","78.18853974","78.70946059","78.98672492","78.88590153","80.03696858","83.27171904","85.62426483","87.52062026","88.51864071","88.4856483","85.89574398","86.58858463","88.08149126","91.87561861","94.3830419","95.33234372","98.68876794","103.331684","109.0466766","108.6425862","108.1312881","106.0118753","104.9480455","104.8078509","105.9541481","109.8865478","110.8438006","110.8691248","109.5320097","101.3523096","99.38709351","97.1636953","96.80409238","96.9911863","96.24658089","95.64424635","94.47427066","93.07567622","90.29578606","88.0267423","84.78525122","77.61345219","72.78160454","74.10146942","74.6971803","76.93606037","80.14793487","82.80877681","83.87609214","84.65813238","86.62300288","87.80887169","88.68214746","88.26039496","87.85352784","87.92132103","87.23652258","88.29528898","89.21806702","89.58232152","88.89752307","89.76687712","90.85478388","91.24817873","91.43759106","91.9378339","91.83584264","92.35551238","92.68091306","92.8703254","92.68980266","92.88422281","93.2973656071","93.56955381","94.73121415","95.27559055","96.573345","97.42393312","97.79819189",
"종합","9개도","전세수급동향","","104.6464373","105.7256389","107.5092568","109.2646129","108.2354536","105.9812071","106.0551288","107.8084049","108.9660159","110.3488792","109.5931284","108.7929476","109.0808661","109.1310881","109.7144878","107.4787836","106.2544201","106.4931047","106.5023805","107.6661964","109.1430083","109.5177217","109.2355846","109.5970728","109.6353267","110.2013481","112.2364328","113.1829184","112.5561701","112.3142067","110.6980167","110.3020534","110.533324","110.7856192","110.3195739","108.2136099","107.7195319","107.442708","107.0397365","106.6507814","105.8133016","105.4734039","105.3542645","104.7025019","104.0936646","103.9804144","103.8074617","103.0311105","101.7287323","101.9119313","102.071814","101.489305","101.3865742","101.1794496","101.0028653","100.2897875","99.68356539","100.0399707","98.79421757","94.95020339","94.76434283","94.36807406","94.21377472","91.45392061","89.83728433","89.41646795","89.09384205","89.02721279","89.77065507","89.26918221","88.68705288","87.98919905","85.82740572","84.93155281","83.82431888","83.59951684","83.32774124","82.66675614","83.91491075","85.04563146","85.76174497","86.10738255","86.87248322","88.70956919","90.10709155","90.84143874","91.5926893","90.52016708","90.94765696","94.31758873","99.60208741","101.5720809","101.8590998","102.5016308","104.3770385","107.8212655","108.3757339","108.4083496","107.7495108","106.2524462","105.0978474","107.3613829","114.1373554","116.1309108","116.2182623","114.9371069","102.309962","99.52244137","97.83748107","96.53271209","97.33460165","99.01386031","98.76732539","98.54414163","97.16160596","94.23047057","92.3790667","87.93190465","82.25793928","78.29606336","77.76579236","79.2797396","82.42307256","85.10275917","88.31800462","89.52159267","91.02059358","92.47615082","94.10963053","94.70018171","94.29890975","93.59479104","93.35008375","93.57156151","93.46175321","94.16154848","95.58719524","95.68583659","96.75972455","97.63260748","97.68099758","97.96017123","97.39251815","97.05564861","96.7485576","96.93281221","97.24176438","97.01464724","96.99601208","97.1506839104","97.07427975","97.25317729","98.08244195","98.64149678","99.08874064","99.23036786",
"종합","8개도","전세수급동향","","104.0483062","106.0078991","108.1193985","109.7887217","108.9008817","107.0690179","106.8886861","106.5921533","107.0190114","107.9923954","107.9820423","106.9319738","107.4734956","108.1777446","108.334578","107.3722737","106.7597849","106.3863161","105.8521713","106.4693635","106.9303986","107.4211779","107.0345033","107.9491374","107.4268239","107.8491335","109.2471239","109.8863471","108.6646279","108.2641619","107.0202906","107.3459419","107.6841182","106.7071643","106.6069639","105.6362725","105.63001","104.9411323","104.6530561","103.5633768","101.9225952","101.3589679","101.4466433","100.5197896","100.6408706","100.3446191","100.2600073","100.1088271","99.71584039","99.6311971","99.75816203","98.63361548","98.27648766","98.40386941","98.17412334","97.19467956","96.98911729","97.21886336","95.7496977","93.44240838","93.35732984","92.80759162","92.84031414","91.38089005","90.29450262","88.46858639","87.78141361","87.01570681","87.03534031","86.68848168","86.08638743","85.53010471","82.92713726","82.69983584","81.62015406","81.72749084","80.83722692","79.91539336","81.20343478","80.76145978","80.75514585","80.79302942","81.12135371","82.1378962","83.50951374","84.30312073","85.03667786","84.61395002","85.08641054","87.63200398","93.29730401","95.55224251","94.96210709","95.01180271","97.41582805","100.4286247","101.2051186","101.3045099","101.7579824","101.0995155","100.3292334","102.2114548","108.1304317","110.191769","111.4558644","112.1274151","103.6558213","101.7167074","101.1994541","100.6932471","101.1635423","101.4688981","100.9625054","100.5889535","99.78812038","98.15745995","96.98699993","94.14996768","89.77591036","86.46484235","86.3185123","86.89527405","88.10123043","89.41904362","91.11087808","91.3310962","92.23721939","93.12539338","94.05552836","94.73040073","94.98216659","94.62899503","94.42371476","94.43753455","94.07476506","94.3684356","95.29090658","94.96959646","95.38419016","96.13736871","96.14773355","96.60724157","96.27902156","96.13045882","95.9473466","96.0199005","96.0129906","95.68856823","95.32432054","95.3943681704","95.82165873","96.21742785","97.03348277","97.3697114","98.017652","98.19277108",
"종합","서울","전세수급동향","","110.2287582","112.2262177","115.913556","115.2974039","113.7364443","112.2247782","112.3602893","116.2886259","119.3786982","119.2143327","118.6061801","118.277449","119.2258272","119.4471231","118.675667","114.1433623","111.2182578","110.8486017","112.0218579","112.0861459","114.5773063","116.4255866","115.5576985","116.5863067","114.6615335","116.008983","119.201155","120.5646455","119.0567854","119.0567854","117.2624647","116.9096896","117.9915334","119.0263405","119.6260583","118.1796802","116.7920978","114.9929445","112.9468485","113.1232361","113.1585136","113.4877705","113.593603","113.4524929","112.8288708","112.8055879","112.6891735","110.7916182","107.3457509","106.9732247","106.6472643","105.8234335","105.5361305","106.0228332","105.3471575","101.0942957","101.7927823","101.7462165","101.1757858","99.04524699","99.19053549","98.88958074","95.54794521","91.43835616","88.40805313","88.47031963","90.48360315","93.51390619","96.43005396","94.12619344","92.06102117","88.89580739","82.82586027","75.65172054","74.77580813","75.76642336","77.12200209","78.59228363","84.23357664","90.64650678","92.59645464","95.49530761","96.95516163","104.6611053","105.3720653","104.0978715","103.8377411","102.4467873","100.8852198","106.4140811","110.6256207","113.0188679","111.9737887","115.7664813","118.24861","121.2172359","119.9761716","116.8387609","112.827641","107.1882446","107.6747419","112.6787133","114.907581","116.8229306","116.1934101","106.6836325","100.1004554","95.99517814","92.89445486","90.78788691","91.7738478","93.95258505","94.76892163","94.47495312","92.35562106","88.96330029","85.52102866","78.9646397","72.03991428","66.60862577","66.52287582","67.89542484","72.49019608","76.69281046","82.88235294","85.35947712","87.94771242","90.5751634","92.21568627","93.37908497","93.32679739","92.02614379","91.49169136","92.72832668","94.54463481","96.67010176","98.87285843","100.6762849","102.2285199","102.4153034","101.5908798","101.0820559","99.53626175","98.03555327","97.57181502","98.22877753","99.44609043","99.52405454","100.6174428","101.8651916645","101.2413172","101.2155904","102.5598148","104.2384873","104.1484435","104.6822742",
"종합","강북권역","전세수급동향","","118.0124224","118.3850932","119.1542289","118.8238955","117.7037959","117.7660236","116.2204234","118.9601494","119.5516812","119.3337484","119.3337484","117.9638854","118.983466","119.228414","120.4531537","118.0036742","115.7991427","116.4115126","116.809553","117.1463564","119.5958359","120.7593386","120.3919167","119.8101653","117.898595","120.647526","123.0910202","123.8546121","122.1136225","122.724496","121.1091234","120.2593918","120.9078712","122.6520572","123.7924866","120.5500894","118.783542","117.6207513","114.2218247","113.9534884","113.9534884","113.6851521","113.618068","113.0143113","112.2892635","112.5776398","112.0008873","111.1357587","106.6992014","106.0559006","105.9449867","106.6829485","104.1759218","104.82008","103.6428254","100.3992902","101.242236","100.931677","99.31233363","94.69240048","94.71250503","95.69762766","94.04905509","89.28427825","86.36911942","85.54483313","86.1278649","88.09811017","89.84720547","88.78166466","86.77121029","86.02734218","79.04203719","73.72675829","72.91835085","73.68633791","75.34357316","75.88924818","81.81083266","87.51010509","88.82376718","91.8148747","92.98706548","97.75666936","99.13461538","100.1923077","100.6725596","99","97.90384615","105.7093426","110.3302611","112.7688172","110.6525912","115.9884837","117.159309","120.7293666","120.5182342","118.0422265","113.7428023","107.7159309","108.2341651","113.3205374","113.3512545","115.9626216","117.3323093","105.5811572","101.0752688","96.42857143","93.02355351","90.75544174","92.28110599","94.4828469","94.59667093","94.07322069","91.78836792","88.3000512","84.15258577","78.49462366","72.41423451","67.67793139","69.33349975","71.51772341","75.46180729","78.23265102","82.95057414","84.04892661","87.55616575","88.84173739","90.4892661","91.1757364","91.03844234","89.44083874","89.57002457","91.56019656","93.12039312","96.38820639","98.78378378","101.4496314","101.977887","102.027027","101.5847666","101.044226","99.59459459","97.6044226","96.79361179","97.1007371","98.34152334","98.85693215","100.2949853","101.8436578171","101.1553589","100.7866273","102.8638151","104.6583088","104.3141593","104.9287119",
"종합","도심권","전세수급동향","","139.8148148","139.8148148","138.8888889","138.8888889","138.8888889","138.2716049","135.0308642","134.7222222","135.0308642","134.7222222","134.7222222","134.7222222","132.9819277","132.9819277","132.9819277","132.6807229","131.7771084","131.7771084","131.1746988","131.7771084","131.7771084","132.3795181","134.186747","135.3915663","132.2289157","134.3373494","134.0361446","134.3373494","133.5843373","132.9819277","129.1122715","128.3289817","125.4569191","125.3263708","126.2402089","124.4125326","123.7597911","123.7597911","124.2819843","123.8903394","123.8903394","123.8903394","123.6292428","121.0182768","117.1018277","118.537859","117.1018277","112.1409922","109.3994778","108.4856397","106.9190601","111.4882507","111.4882507","112.1409922","112.7937337","110.0522193","114.0992167","116.5796345","112.7937337","106.3333333","107.5555556","109.8888889","110","96.44444444","96.33333333","99.22222222","99.77777778","104.3333333","104","106.2222222","101.4444444","101.6666667","93.96929825","82.56578947","83.11403509","83.77192982","82.89473684","84.64912281","80.15350877","84.97807018","87.82894737","90.57017544","95.50438596","98.79385965","101.6460905","101.4403292","104.0983607","99.69135802","100.308642","106.0699588","115.1639344","114.6516393","113.8319672","117.2131148","118.545082","122.8483607","121.7213115","117.7254098","112.9098361","107.9918033","105.1229508","111.5778689","109.8023064","113.5914333","113.1795717","102.4711697","100.9884679","94.39868204","90.60955519","87.47940692","89.70345964","91.18616145","91.76276771","90.36243822","87.62376238","85.09060956","80.80724876","76.44151565","73.14662273","68.86326194","71.15384615","73.31730769","76.84294872","77.96474359","80.28846154","82.7724359","86.61858974","88.22115385","89.82371795","89.82371795","88.86217949","87.74038462","87.69716088","88.170347","89.11671924","91.00946372","94.32176656","97.00315457","99.05362776","100.8675079","101.1041009","100.3154574","99.68454259","98.42271293","98.8170347","100.3943218","101.2618297","100.6339144","101.2678288","102.6148969889","101.7432647","100.9508716","103.2488114","104.3581616","103.2488114","103.4865293",
"종합","동북권","전세수급동향","","102.3463687","104.301676","106.0893855","105.98434","104.4183445","104.3064877","103.9193729","108.8465845","109.9104143","109.5744681","109.6864502","107.2228443","109.9447514","110.6077348","112.8176796","108.2872928","104.9723757","106.1878453","107.1270718","107.5138122","111.2707182","113.1491713","111.8232044","110.3314917","108.1767956","112.4861878","116.3535912","117.2375691","114.5856354","115.801105","113.7438825","112.4388254","113.7438825","116.1500816","118.1484502","112.8058728","109.7879282","107.6672104","103.5073409","103.1402936","103.0587276","102.8140294","102.8140294","102.5285481","102.0547945","101.813054","101.4101531","101.4101531","100.3626108","100","100.2820306","101.4101531","100.726979","100.5250404","100.1211632","97.5020145","97.8646253","96.61563255","95.68896052","89.67431532","89.26720947","89.6373057","86.86158401","85.5292376","83.34566987","83.45669874","84.0488527","84.90007402","86.75055514","84.97409326","83.64174685","84.19689119","77.56797583","74.32024169","73.71601208","74.73564955","76.92598187","77.45468278","84.29003021","90.03021148","91.50302115","94.97734139","94.75075529","99.01812689","99.38672439","100.4329004","100.5772006","99.35064935","97.29437229","108.5436193","113.1123919","117.1829971","114.3988481","121.2023038","122.2822174","126.349892","125.8819294","123.1821454","118.4665227","110.6551476","113.2109431","119.4384449","118.1719023","119.0008726","119.917103","106.6099476","100.8726003","96.68411867","93.04101222","91.18673647","92.58289703","95.65881326","96.5095986","95.70244328","92.70742358","89.22338569","85.2530541","79.60296684","73.80017452","68.39005236","69.6207925","72.51810822","77.35406902","80.6561568","85.53472518","85.59863656","88.38943332","89.11376225","90.41329357","90.45590115","90.77545803","89.39071155","89.78178766","92.95006295","94.20898028","98.15358791","100.2308015","102.7066723","102.9164918","102.832564","101.7205204","101.0910617","99.20268569","96.83172472","95.38396979","95.27906001","96.95761645","97.89827659","99.60067255","101.7234131988","101.1349306","101.1769651","102.8163094","105.1702396","105.7377049","106.4943253",
"종합","서북권","전세수급동향","","135.8056266","132.8644501","132.7763496","131.6195373","130.5912596","131.6195373","128.7917738","129.0488432","128.7917738","128.9203085","128.6632391","128.6632391","127.9040404","127.3989899","127.3989899","127.9040404","127.1464646","126.8939394","126.8939394","126.8939394","128.4090909","128.4090909","128.4090909","128.4090909","128","127.75","129.25","130.125","129.625","129.875","130.6220096","130.6220096","132.1371611","133.7320574","133.3333333","133.3333333","133.3333333","133.3333333","129.0271132","129.0271132","129.1866029","128.708134","128.6283892","128.6283892","129.5238095","130.1587302","129.7619048","129.6825397","117.5396825","116.5079365","116.5079365","114.1719745","106.5079365","108.8095238","105","100.2380952","100.0793651","99.92063492","98.25396825","96.93877551","97.01166181","98.32361516","97.74052478","91.98250729","85.78717201","80.6851312","81.26822157","83.74635569","86.66180758","84.83965015","83.3090379","79.37317784","72.04610951","66.78674352","64.69740634","65.05763689","67.36311239","67.14697406","78.17002882","84.36599424","84.36599424","86.59942363","87.96829971","94.6685879","96.97802198","98.9010989","98.55769231","97.87087912","97.45879121","100.0686813","101.7857143","103.0906593","101.3736264","105.2197802","106.456044","108.5851648","109.478022","108.4478022","105.2884615","101.9230769","100.8241758","102.8159341","104.5183714","110.4766634","113.9523337","105.1142006","101.5888779","97.07050645","94.43892751","91.74950298","93.14796425","93.79344588","91.94831014","92.60178749","92.20456802","88.13306852","83.66434955","77.20953327","68.8182721","65.34260179","67.58454106","68.16425121","70.33816425","72.89855072","78.69565217","81.30434783","86.23188406","88.59903382","91.06280193","93.62318841","92.9468599","90.57971014","90.21842355","90.45584046","93.0674264","95.63152896","98.19563153","101.2820513","101.6144349","100.9021842","101.5669516","101.377018","100.4273504","98.86039886","98.7654321","99.24026591","99.71509972","99.95274102","101.2759924","101.6540642722","100.8506616","99.81096408","102.7410208","103.6862004","101.7485822","102.268431",
"종합","강남권역","전세수급동향","","101.5862069","105.3830228","112.3098202","111.3509749","109.2966574","106.0236769","108.0431755","113.3008357","119.1852368","119.0807799","117.7924791","118.6281337","119.4932432","119.6887686","116.7117727","109.8782138","106.1569689","104.7023004","106.7320704","106.4952639","109.0324763","111.6373478","110.2165088","113.0243572","111.0810811","110.8783784","114.8986486","116.9256757","115.6756757","115","112.9960317","113.1944444","114.7569444","115.0049603","115.0049603","115.5505952","114.5833333","112.078373","111.5327381","112.202381","112.2767857","113.2688492","113.5664683","113.9384921","113.4247918","113.0573248","113.4492896","110.411563","108.0597746","107.9862812","107.4228319","104.8750612","107.0377636","107.3493386","107.2268496","101.8618324","102.4007839","102.6457619","103.233709","103.6894037","103.968254","102.2951523","97.14714715","93.73659374","90.58344058","91.59159159","95.13084513","99.29214929","103.4534535","99.82839983","97.7048477","91.95624196","86.85911245","77.70357604","76.75570875","77.98362775","79.0176648","81.4735028","86.81602757","93.98965963","96.61783714","99.41835416","101.1848341","112.0206807","112.0568838","108.2818294","107.2311496","106.1392666","104.07911","107.1693449","110.9419992","113.2867133","113.3895516","115.5285891","119.4158782","121.7400247","119.3953106","115.5491567","111.8469766","106.622789","107.0752777","111.9909502","116.6151685","117.7668539","114.9438202","107.8932584","99.03089888","95.51966292","92.75280899","90.82349635","91.21697583","93.37078652","94.95786517","94.91573034","92.97752809","89.69101124","87.02247191","79.48033708","71.62921348","65.43539326","63.43304061","63.91328211","69.2233809","75","82.80735456","86.80021954","88.37815587","92.48079034","94.11361142","95.80131723","95.84248079","94.86827662","93.60953155","94.01570539","96.11427024","96.98077444","98.97102627","99.82399133","102.5047387","102.8432169","101.5976171","101.1237476","99.471974","98.51069591","98.42946114","99.471974","100.6634173","100.2563411","100.9713977","101.8888289261","101.3356719","101.6864544","102.2261198","103.7776579","103.9665407","104.4117647",
"종합","서남권","전세수급동향","","100.8313539","101.95962","108.7990488","107.8478002","107.3127229","102.9726516","97.02734839","102.9131986","108.9179548","110.1070155","115.3983353","114.0903686","116.0693642","117.0915411","115.3534183","107.6477404","102.7809965","101.3904983","101.3904983","101.3904983","106.5469293","112.1668598","110.5446118","113.6732329","110.5202312","109.4797688","110.4046243","112.716763","112.0809249","113.1791908","113.2270169","114.8686679","117.6360225","118.15197","118.3864916","119.793621","118.2457786","114.0712946","113.0863039","114.2589118","114.3527205","115.7129456","116.2757974","117.8236398","117.6688252","117.1137835","118.0851064","114.986124","110.8695652","110.6845513","108.6493987","106.3367253","107.1362373","107.0305273","105.6891767","101.0638298","103.8390379","104.3940796","104.8103608","102.1251932","103.0525502","102.9752705","99.11128284","96.63833076","95.82689335","96.83153014","101.1591963","102.3570325","103.0911901","101.9706337","101.7774343","95.90417311","89.81481481","79.97685185","77.85493827","76.85185185","76.19598765","79.51388889","85.30092593","91.31944444","96.14197531","100.462963","102.0061728","115.779321","113.4191176","109.0742101","105.4371785","104.5187362","101.9470977","105.143277","107.4577517","109.9926525","111.719324","114.952241","119.5811903","119.8016165","117.6340926","114.8787656","111.6091109","108.4129317","107.1638501","109.0374724","115.6752804","118.0643588","115.23647","109.6782058","99.36616285","96.12384203","93.88103364","92.24390244","91.83325207","93.88103364","93.78352023","93.66162847","92.174549","89.41979522","87.05509508","79.93661628","69.47830327","63.04241833","60.00951022","60.96053257","66.42891108","74.6552544","80.81312411","85.4255825","88.04089396","94.12743699","96.26723728","98.07417974","97.52734189","96.57631954","95.38823529","96.11764706","98.77647059","99.12941176","101.3411765","102.5176471","104.9411765","104.9176471","103.0588235","101.9764706","100.3529412","99.2","98.54117647","99.71764706","101.1058824","101.268201","101.9023016","102.6773132926","102.5129169","102.3720056","102.8182245","103.8985439","104.5326444","104.8849225",
"종합","동남권","전세수급동향","","102.6315789","110.1317957","117.1900826","116.302521","112.1008403","110.3361345","123.6134454","127.9831933","133.697479","131.7647059","121.1764706","125.0420168","124.3089431","123.3333333","118.6178862","113.0081301","110.8943089","109.3495935","114.2276423","113.6585366","112.5203252","110.8943089","109.7560976","112.1138211","111.8699187","112.8455285","121.2195122","122.8455285","120.7317073","117.5609756","112.7368421","111.3157895","111.5263158","111.4736842","111.2105263","110.7894737","110.4736842","109.8421053","109.7894737","109.8947368","109.9473684","110.5263158","110.5263158","109.5789474","108.6458333","108.4895833","108.2291667","105.2604167","104.8958333","104.9479167","106.0416667","103.2291667","106.9270833","107.7083333","108.9583333","102.7604167","100.78125","100.6770833","101.4583333","105.6412729","105.1108968","101.4464802","94.69623915","90.11571842","84.04050145","85.05303761","87.60848602","95.46769527","103.9054966","97.15525554","92.62295082","87.02989392","83.12195122","74.82926829","75.36585366","79.41463415","82.58536585","83.95121951","88.73170732","97.36585366","97.2195122","98.09756098","100.1463415","107.2682927","110.3189493","107.2701689","109.521576","108.2082552","106.8011257","109.7560976","115.3738318","117.4766355","115.5140187","116.2616822","119.2056075","124.2056075","121.635514","116.4018692","112.1495327","104.3457944","106.9626168","115.7476636","117.8926441","117.3624917","114.546057","105.4671968","98.57521537","94.69847581","91.21935056","88.89257294","90.3782349","92.67726972","96.55400928","96.62027833","94.06891981","90.05964215","86.97813121","78.8601723","74.5526839","68.68787276","68.10512654","67.94289422","73.03698897","75.47047372","85.52887735","88.6761843","88.83841661","90.23361454","91.17456197","92.69954575","93.5431538","92.53731343","91.19897959","91.16709184","92.50637755","94.06887755","95.75892857","96.17346939","99.20280612","100.0318878","99.61734694","99.96811224","98.27806122","97.57653061","98.27806122","99.13903061","100.0637755","98.89029803","99.71464807","100.8243500317","99.74635384","100.7609385","101.4267597","103.6144578","103.2022828","103.7729867",
"종합","경기","전세수급동향","","105.5233853","105.311804","106.6146993","108.4966592","107.2605791","104.3875278","104.8340388","109.5901092","111.8177768","113.800401","111.9514368","111.5170417","111.4118666","110.5132092","111.7150282","107.6331745","105.5218709","106.6478995","107.4491122","109.408835","112.36466","112.5703768","112.4404504","111.9965353","112.858661","113.6344315","116.5993624","117.9914984","118.2359192","118.2252922","115.3699284","114.0572792","114.1527446","115.9665871","115.0357995","111.4876691","110.3739061","110.6205251","110.071599","110.5727924","110.7557677","110.7000796","110.318218","110.0159109","108.3296247","108.4408841","108.1590269","106.616229","104.1981902","104.7099837","104.9102507","104.9948048","105.2057033","104.5866113","104.4752857","104.0869307","102.9891707","103.5009642","102.5292983","96.69084316","96.38863705","96.16953762","95.79933515","91.53822907","89.30945905","90.51072832","90.6089453","91.34935026","92.92837715","92.24841342","91.68933212","90.82804473","89.11642561","87.46240871","86.32392954","85.72246885","86.15208363","85.78691107","86.98983245","89.9040527","91.44105429","92.13579716","93.39636155","96.16210798","97.40134745","98.06899395","98.8388072","97.04629757","97.42409672","101.7103998","106.5718995","108.2268919","109.4835874","110.7814861","112.0725175","115.9936822","116.3027057","116.2615025","114.3730257","111.9489081","110.3694547","113.0545255","121.2040558","123.1178707","121.8208703","118.2425011","100.7266582","96.94101741","93.88203481","91.63920575","92.82937548","96.12589776","96.18504436","96.13857203","94.07066182","89.61132235","86.9581749","80.61681453","73.41360372","68.68610055","67.66939011","70.28967566","75.72006272","80.00742758","85.02104481","87.38549146","89.58488075","91.70999422","94.17347528","94.66452092","93.49261368","92.37435009","92.09634471","92.56031631","92.74590495","93.91995481","95.93318809","96.52223029","98.36601307","99.37868151","99.47147583","99.54006294","98.69281046","98.13604454","97.68417655","97.99887033","98.67667232","98.522501","98.89685384","99.1477499004","98.49860613","98.43090402","99.27518917","100.0876145","100.3066507","100.4101951",
"종합","경부1권","전세수급동향","","98.54981084","101.3871375","109.6469105","110.4035309","110.7818411","108.5119798","108.3228247","110.0882724","113.1778058","117.8436318","116.6456494","116.6456494","112.5621891","113.4950249","112.2512438","105.2238806","104.2910448","103.358209","102.238806","103.6691542","113.7437811","116.4179104","115.6716418","115.5472637","118.1874229","119.6054254","122.9963009","128.6683107","127.4352651","124.8458693","118.514947","117.5024108","117.3577628","119.6239151","118.4185149","110.6557377","108.3895853","108.6306654","108.3413693","108.4860174","109.3539055","109.5467695","108.9681774","107.5699132","104.1382668","103.4566699","102.6290166","102.775073","101.1684518","102.3855891","101.6066212","102.5316456","102.7263875","103.0185005","102.6290166","102.5803311","102.7263875","103.6027264","102.677702","88.26484018","89.6347032","88.44748858","86.34703196","84.61187215","83.10502283","83.28767123","83.05936073","82.42009132","86.07305936","88.08219178","87.53424658","85.34246575","81.52753108","77.30905861","76.06571936","73.13499112","74.24511545","76.68738899","81.92717584","87.03374778","92.53996448","92.27353464","93.47246892","97.77975133","99.0797546","96.36283961","96.3190184","93.20771253","93.95267309","98.46625767","110.8486439","112.9046369","113.8670166","116.3604549","113.1233596","123.2283465","123.7970254","122.8346457","116.4916885","109.0113736","106.2117235","109.9300087","120.7692308","124.2175066","122.7851459","114.668435","98.09018568","92.97082228","90.0530504","87.4535809","90.37135279","95.86206897","96.60477454","98.64721485","95.88859416","94.40318302","91.11405836","81.35278515","75.43766578","69.76127321","68.00422386","72.78247096","78.82787751","83.87011616","92.34424498","94.00739176","95.19535375","96.43611404","97.28088701","97.28088701","95.74973601","94.03379092","92.72020725","93.65284974","94.61139896","95","96.19170984","95.49222798","98.67875648","99.94818653","101.7357513","101.3989637","100.2331606","100.1813472","98.67875648","99.87046632","101.5803109","101.5625","103.9190574","104.175204918","103.1506148","102.1772541","104.4313525","106.0963115","103.9702869","104.892418",
"종합","경부2권","전세수급동향","","100.5107832","100.0567537","100.737798","103.1782066","102.2133939","101.4755959","101.9296254","105.7888763","106.8671964","107.7752554","107.7185017","109.4778661","112.0481928","109.9123768","109.6385542","105.0383352","103.7239869","106.1336254","108.543264","110.4052574","112.1029573","111.007667","109.4742607","108.8170865","108.6413043","107.2826087","115.923913","116.9565217","117.2282609","117.4456522","114.9903288","114.9419729","115.860735","120.3094778","118.7137331","111.7504836","107.0599613","108.7040619","108.6073501","110.6866538","111.6054159","111.3636364","111.8471954","111.9439072","110.5306122","110.4489796","110.6122449","111.0204082","111.2244898","111.8367347","111.3469388","111.3469388","111.3469388","109.7959184","110.4081633","108.6122449","107.3877551","107.1020408","105.7959184","101.3349515","100.2427184","99.47411003","98.82686084","95.22653722","91.74757282","89.88673139","90.37216828","89.15857605","91.50485437","90.33171521","89.5631068","89.0776699","89.75628332","84.9581112","83.1302361","80.15993907","81.15003808","79.36024372","79.16984006","84.3488195","84.65346535","84.38690023","86.25285605","92.34577304","96.27581121","98.08541973","97.61204996","93.35047759","95.29757531","104.4452608","109.6987509","113.8501102","116.1645849","116.7156503","118.5157972","121.9691403","121.5650257","121.3813373","119.9118295","116.6421749","114.7318148","113.9603233","120.4864154","120.6836109","119.56617","121.2532866","98.33479404","97.98422436","91.36722174","90.86327783","93.514461","94.39088519","92.63803681","94.39088519","91.80543383","86.34969325","85.23225241","82.03330412","75.0219106","70.42068361","66.92373608","71.63667524","79.15595544","85.56126821","88.71036847","91.02399314","92.6520994","95.41559554","97.1293916","97.1722365","96.958012","95.73693231","95.28939586","95.35276722","94.69792987","97.4017744","99.55640051","98.81706802","100.1689903","101.0139417","100.6125898","99.59864808","98.96493452","98.31009717","98.85931559","98.88043937","98.88043937","98.06893688","98.9410299","99.0033222591","99.77159468","100.1453488","99.95847176","100.7475083","101.910299","102.1802326",
"종합","서해안권","전세수급동향","","111.3970588","112.0404412","108.9154412","111.8106618","109.6047794","106.4797794","107.9963235","115.8088235","116.3143382","115.8547794","115.625","113.0974265","112.8481581","113.5669362","114.195867","110.8715184","111.1410602","110.8715184","109.8382749","109.6136568","113.6567835","113.6567835","114.8247978","114.6001797","118.5317816","120.8146822","121.6204118","122.6499552","122.0232766","122.1575649","119.0130069","118.8982402","119.2425402","119.089518","118.1331293","115.3022188","113.5807192","112.4713083","111.3618975","111.3236419","110.8263198","110.2907422","110.0994644","110.2142311","107.7548006","108.1240768","107.6440177","107.3855244","107.2747415","107.0901034","106.9054653","106.3146233","106.2222222","106.351551","106.1669129","105.8345643","104.0620384","104.4682422","103.2496307","100.2680965","99.69839142","99.5308311","99.36327078","92.15817694","89.54423592","94.70509383","97.21849866","101.4075067","101.6756032","99.19571046","97.15147453","97.31903485","95.20676692","92.51253133","91.2593985","92.23057644","93.64035088","92.82581454","93.45238095","96.05263158","97.86967419","99.15413534","101.2218045","102.443609","101.007109","100.1777251","102.1648873","99.37796209","99.88151659","104.0580569","105.5390995","106.2203791","107.8791469","110.1303318","110.5154028","112.8554502","111.5521327","112.0853081","112.2334123","111.4632701","111.3151659","114.7511848","124.8680739","126.0718997","128.9412929","124.6207124","102.8529024","99.32365556","96.76781003","92.31530343","91.70514512","97.95514512","98.44986807","98.97757256","97.36060706","91.06200528","87.41754617","80.85422164","70.51451187","67.43073879","66.26756066","68.64623244","75.7183908","80.02873563","87.35632184","89.87867178","93.550447","95.01915709","98.25989783","98.86653895","96.8550447","95.57790549","95.02325581","95.20930233","96.58914729","97.28682171","98.96124031","99.70542636","99.56589147","100","99.64341085","99.89147287","98.69767442","97.95348837","97.42635659","97.84496124","98.0620155","98.29164124","97.34594265","98.1086028066","97.25442343","97.36119585","98.64246492","100.2898109","100.4270897","101.1897498",
"종합","동부1권","전세수급동향","","113.7130802","115.7172996","117.1940928","116.5611814","116.350211","107.278481","107.0824524","106.2367865","108.1395349","110.0422833","108.2452431","110.4651163","110.0831601","108.6278586","108.8357588","106.3409563","104.7817048","106.8607069","105.4054054","106.4449064","108.3160083","110.0831601","109.2515593","107.5883576","106.7864271","108.9820359","112.3752495","113.9720559","115.6686627","118.2634731","113.3294529","107.7997672","107.9743888","108.4982538","107.5669383","107.2759022","106.7520373","106.7520373","106.69383","106.5192084","106.0535506","106.0535506","106.0535506","105.878929","105.0282486","102.9378531","102.4858757","99.66101695","98.98305085","99.66101695","99.43502825","99.54597049","100.2270148","101.7593644","101.9296254","101.8079096","101.299435","101.8644068","101.4689266","98.35234474","97.59188847","97.33840304","97.02154626","92.96577947","92.20532319","92.58555133","91.88846641","92.83903676","94.93029151","93.85297845","93.59949303","93.47275032","90.85648148","95.48611111","95.02314815","96.81712963","96.41203704","94.96527778","94.84953704","98.14814815","99.36342593","99.82638889","99.82638889","100.462963","100.0552486","100.7726269","101.3796909","102.3178808","101.986755","106.7880795","111.2030905","111.4790287","111.7549669","111.589404","115.1214128","117.8807947","117.7704194","114.2384106","110.5960265","110.98234","110.3752759","115.7284768","115.8718861","118.7544484","115.0533808","115.3024911","100.3202847","96.69039146","94.23487544","92.06405694","92.94871795","95.55160142","97.86476868","95.90747331","93.80782918","87.1886121","85.6227758","80.10676157","75.44483986","66.72597865","67.66361717","68.57846587","71.25263899","76.6713582","83.39197748","85.22167488","90.07741027","92.01266714","93.947924","94.08866995","91.94229416","89.86629134","89.38662991","91.14403859","89.31771192","91.00620262","94.31426602","95.41695382","98.3115093","100.275672","100.068918","100.8614748","99.96554101","98.10475534","98.58718125","99.13852516","100.9303928","101.1627907","102.5649795","102.4281805746","101.4705882","101.4021888","102.3597811","103.5909713","105.8823529","104.0355677",
"종합","동부2권","전세수급동향","","105.2419355","114.7177419","115.7258065","115.9274194","103.0241935","105.6451613","106.4516129","106.8548387","106.4516129","106.4516129","105.6451613","108.0645161","106.870229","105.7251908","102.6717557","101.9083969","101.5267176","101.5267176","101.5267176","101.5267176","101.5267176","101.5267176","101.5267176","100.7633588","102.4822695","104.0780142","104.4326241","103.9007092","103.3687943","102.8368794","101.4285714","101.4285714","101.5384615","106.1538462","105.0549451","104.7252747","104.6153846","104.9450549","105.1648352","105.0549451","106.8131868","106.7032967","106.043956","106.043956","105.2795031","106.1076605","106.6252588","106.1076605","106.4182195","106.5217391","108.7991718","107.1428571","107.0393375","105.5900621","105.6935818","105.1759834","105.7971014","108.0745342","105.3830228","100.2624672","101.4435696","100.656168","101.0498688","99.47506562","100","99.60629921","96.7191601","96.8503937","96.19422572","90.02624672","88.58267717","88.18897638","85.73232323","86.74242424","82.95454545","84.21717172","83.71212121","87.12121212","88.76262626","88.76262626","90.2284264","90.35532995","90.4822335","90.4040404","90.65533981","92.35436893","91.1407767","92.23300971","92.47572816","92.83980583","93.08252427","92.7184466","92.59708738","91.1407767","90.41262136","95.38834951","95.99514563","97.20873786","97.69417476","98.05825243","99.02912621","99.27184466","107.6086957","108.7944664","111.3636364","113.9328063","112.2529644","103.5573123","102.8656126","99.50592885","101.6798419","101.4822134","100.0988142","101.3833992","102.0874751","98.71541502","97.6284585","95.05928854","87.25296443","79.44664032","74.76190476","73.52380952","72.0952381","73.71428571","79.61904762","85.04761905","83.33333333","83.71428571","85.52380952","86.76190476","85.71428571","83.9047619","84.46327684","84.18079096","85.02824859","83.52165725","82.01506591","88.4180791","91.71374765","94.06779661","92.37288136","92.2787194","91.33709981","93.87947269","95.10357815","95.95103578","94.25612053","94.55066922","95.31548757","95.9847036329","94.26386233","95.79349904","94.35946463","94.26386233","95.60229446","94.55066922",
"종합","경의권","전세수급동향","","104.2358804","93.35548173","94.10299003","96.67774086","99.16943522","96.17940199","96.17940199","104.9833887","109.551495","112.5415282","107.7242525","109.717608","113.9625585","109.6723869","112.1684867","110.374415","108.9703588","112.4024961","112.4024961","113.7285491","115.8346334","114.7425897","116.3806552","114.7425897","115.037594","116.3909774","115.4887218","116.6917293","116.9924812","117.593985","120.4317269","117.5702811","117.4196787","117.6706827","116.9678715","114.9598394","115.1104418","115.2108434","115.4116466","115.5120482","115.5120482","115.6124498","115.0100402","114.5582329","113.0975143","113.9101338","113.4799235","110.8030593","106.6921606","107.5047801","108.6042065","109.6080306","110.7552581","107.791587","106.9789675","107.4091778","104.1586998","104.4933078","104.1586998","90","88.65591398","90.32258065","91.61290323","84.7311828","80.10752688","82.3655914","80.59139785","80.32258065","82.79569892","84.46236559","85.80645161","82.90322581","81.40243902","82.21544715","81.91056911","84.80691057","85.77235772","85.16260163","87.29674797","89.48170732","88.21138211","88.46544715","89.07520325","91.71747967","94.93731919","99.32497589","101.7357763","101.9286403","102.8447445","105.0626808","108.1967213","108.7753134","108.4378014","109.5949855","113.7415622","115.0433944","114.1755063","115.3809065","114.1755063","109.8842816","109.5949855","112.68081","123.9117818","126.2623331","121.096924","110.7661056","99.70980847","93.26755659","91.78281069","90.51073709","91.81184669","93.32559489","93.4416715","89.93035403","86.99941962","84.21358096","80.61520604","69.93615786","63.46488683","60.27278003","60.41549691","62.66142617","68.24817518","70.77484559","72.85233015","74.78944413","75.91240876","80.06737788","84.0539023","85.96294217","86.69286917","87.42279618","88.02739726","87.61643836","87.83561644","88.65753425","91.15068493","92.38356164","97.06849315","98.60273973","99.45205479","100.739726","100","99.5890411","97.42465753","97.04109589","98.08219178","96.3646229","94.95387954","94.6554530657","93.00054259","91.67118828","92.3223006","91.86109604","91.69831796","91.9153554",
"종합","경원권","전세수급동향","","106.8069307","106.1881188","107.9207921","111.0148515","109.0346535","105.0742574","105.0742574","112.6237624","118.8118812","124.2574257","116.5841584","107.6732673","104.2079208","104.2079208","117.0792079","110.2722772","94.55445545","96.65841584","107.1782178","119.8019802","112.9950495","112.1287129","110.7673267","113.1188119","107.3349633","104.2787286","107.0904645","103.1784841","107.3349633","107.7017115","107.7051926","108.7102178","107.5376884","110.6365159","111.1390285","109.5477387","114.2378559","115.5778894","112.479062","114.1541039","113.400335","113.9865997","112.0603015","111.8927973","110.8183079","113.1067961","113.1067961","105.963939","92.09431345","92.37170596","93.68932039","93.75866852","93.2038835","92.78779473","92.51040222","92.51040222","92.37170596","92.92649098","92.44105409","99.13669065","99.28057554","99.28057554","98.99280576","97.69784173","97.41007194","97.55395683","97.3381295","97.76978417","96.97841727","97.12230216","97.69784173","97.69784173","96.80397727","94.81534091","94.88636364","89.98579545","86.86079545","85.22727273","83.94886364","82.03125","83.23863636","87.14488636","88.63636364","90.625","92.57493188","93.9373297","94.48228883","93.80108992","90.59945504","90.25885559","96.04904632","99.04632153","102.1117166","104.2915531","108.106267","111.4441417","118.3923706","120.5722071","120.027248","120.8446866","114.0326975","117.3024523","122.255489","125.5988024","119.6107784","117.9640719","101.1976048","98.15369261","96.65668663","96.60678643","96.40718563","97.95409182","97.00598802","95.15968064","94.36127745","91.71656687","89.07185629","87.0758483","81.98602794","78.29341317","81.94174757","81.55339806","83.15533981","84.02912621","82.13592233","85.33980583","86.40776699","88.34951456","91.55339806","91.26213592","89.12621359","88.30097087","89.47368421","90.93045113","90.31954887","92.19924812","95.58270677","96.28759398","95.77067669","95.58270677","95.06578947","94.73684211","94.97180451","94.26691729","94.54887218","94.21992481","94.97180451","96.78604224","97.9338843","98.3011937557","98.4389348","99.86225895","100.4132231","99.26538108","99.17355372","98.4389348",
"종합","인천","전세수급동향","","103.4482759","104.8066876","106.6353187","110.0941423","107.583682","106.5899582","109.5711297","115.4288703","119.7175732","123.1694561","125.209205","122.4372385","122.09889","121.3925328","121.0898083","115.2371342","113.0676085","109.8385469","109.9899092","110.3935419","111.3521695","111.654894","110.3935419","109.889001","111.1835507","113.440321","113.440321","114.8445336","114.5436309","115.6970913","115.6200942","115.6593407","115.7378336","112.7158556","112.9513344","112.9120879","111.6562009","111.7346939","111.6169545","111.6954474","111.3814757","112.4411303","110.4788069","111.1852433","108.3075734","112.1715611","113.7171561","112.5193199","112.7897991","111.9783617","112.3261206","113.446677","113.6785162","113.9876352","113.1761978","113.4853168","111.9010819","111.3601236","110.3554869","101.7482517","101.1188811","100.6993007","99.96503497","93.56643357","89.09090909","87.86713287","86.57342657","84.79020979","86.3986014","87.97202797","88.95104895","90.90909091","90.23890785","88.80546075","87.74744027","88.22525597","88.70307167","88.46416382","88.39590444","89.21501706","93.20819113","93.89078498","94.778157","96.38225256","96.20712401","98.77968338","102.1437995","102.1437995","100.9564644","100.1649077","101.616095","101.5831135","100.7585752","106.2005277","111.1807388","112.1372032","112.6319261","114.7757256","112.0712401","107.3878628","108.4432718","114.3469657","115.6696256","119.4905442","122.0378232","120.0308761","102.1227325","100.4052489","97.8579699","92.82130452","93.09147047","97.31763798","95.4071787","93.97915863","90.21613277","85.47701815","81.68660749","78.29023543","72.86761868","69.27827094","70.04147813","72.03996983","75.15082956","80.2413273","83.97435897","85.57692308","86.78355958","88.74434389","91.28959276","92.49622926","90.12066365","89.78129713","91.2550311","92.2978412","94.71276985","95.31650201","98.68276619","98.26198317","99.03036956","102.2136846","101.1891694","101.701427","99.28649835","96.39590194","94.56641054","94.54811562","96.45078668","97.68786127","95.5382948","95.8273121387","94.90606936","95.30346821","98.15751445","99.94580925","101.7160405","103.1972543",
"종합","부산","전세수급동향","","102.7669271","106.4778646","107.6497396","108.7239583","107.9427083","102.5390625","100.9440104","98.86067708","105.5664063","110.9700521","109.1796875","105.5664063","108.3385777","113.0982368","111.3035264","108.9735516","108.2178841","106.6435768","104.0302267","104.4080605","105.3211587","108.3753149","107.8715365","104.534005","104.7737136","105.8586485","114.1351519","112.2132672","110.2913825","108.0905146","105.3159478","103.9368104","105.0902708","106.995988","109.8044132","108.2998997","105.7673019","105.2407222","106.0431294","106.5697091","106.7201605","107.4222668","107.447342","107.2467402","106.7115768","108.3582834","108.5329341","103.2185629","103.7924152","102.9191617","102.7944112","102.5948104","101.5219561","100.6736527","98.35329341","97.15568862","97.08083832","95.25948104","94.78542914","88.22667318","87.51831949","87.22520762","87.07865169","81.97361993","80.11724475","78.48070347","77.06399609","75.57401075","73.81533952","71.88568637","69.46751343","68.09965804","61.37359961","61.03263517","58.91378471","57.84218217","58.37798344","58.01266439","56.98977107","55.99123234","56.81928885","56.91670726","63.17584023","66.80467608","69.56728483","70.82738944","71.30290062","66.95197337","69.66238707","70.42320495","76.12933904","79.29148835","80.02853067","83.71374227","89.25344746","95.88682834","96.6000951","95.74417499","93.84213029","93.84213029","95.81550166","97.8126486","106.4792899","109.0088757","108.8609467","113.387574","101.5384615","99.8964497","98.53550296","99.58579882","101.0502959","100.2810651","99.33431953","98.34319527","96.59763314","91.70118343","89.79289941","85.0443787","79.03846154","74.48224852","75.62553926","76.24388841","79.24935289","84.48375036","86.12309462","86.28127696","86.10871441","87.18723037","87.23037101","88.07880357","87.17285016","86.18061547","86.16751269","85.61759729","88.14156796","90.65143824","90.29892837","89.70671179","90.94754653","92.37168641","92.3998872","92.1178793","91.65256627","91.82177101","92.6536943","93.59842076","93.85222786","93.37179848","93.35772587","93.6954686181","94.45538981","95.35603715","95.00422178","95.98930481","96.66479032","96.58035463",
"종합","중부산권","전세수급동향","","103.8799414","105.3440703","111.420205","108.7115666","109.2240117","103.8799414","103.147877","104.465593","110.2489019","113.0307467","110.6881406","105.0512445","104.3785311","109.2514124","108.3333333","110.3107345","110.5932203","109.3926554","105.9322034","104.3785311","104.3785311","109.5338983","106.1440678","104.8728814","105.2259887","104.4491525","109.8163842","108.4039548","107.3446328","108.2627119","106.4252336","104.3808411","107.0093458","106.5420561","109.4626168","108.8785047","109.0537383","109.0537383","108.6448598","109.1121495","109.9883178","110.1051402","110.046729","108.1775701","107.5934579","108.2943925","108.8200935","107.5350467","107.4182243","105.432243","103.8551402","102.3364486","100.7009346","100.1168224","98.89018692","98.30607477","98.59813084","98.36448598","97.95560748","89.24418605","89.47674419","88.89534884","89.53488372","77.90697674","76.27906977","73.89534884","73.43023256","72.96511628","72.61627907","70.29069767","67.84883721","67.73255814","68.19787986","68.66902238","63.78091873","63.42756184","64.01648999","63.54534747","61.83745583","60.42402827","62.01413428","61.77856302","71.73144876","73.96937574","79.04707233","80.08036739","79.90815155","72.21584386","75.48794489","74.33983927","79.16188289","81.57290471","82.43398393","87.31343284","95.86681975","96.78530425","97.01492537","95.6946039","94.08725603","91.73363949","93.45579793","94.89092997","108.3091437","108.6719884","108.0551524","107.3657475","101.5239478","100.9796807","98.83889695","99.89114659","101.5239478","99.96371553","99.31059507","97.9317852","96.91582003","91.83599419","88.60667634","83.7808418","80.76923077","78.4107402","79.32725999","79.46741416","82.65592151","88.40224247","90.60967064","89.52347582","87.84162579","88.0168185","87.21093203","88.2620883","87.66643308","86.65031535","85.58743169","85.28005464","88.69535519","90.6079235","91.18852459","90.6420765","92.55464481","94.3989071","93.61338798","93.78415301","92.93032787","93.64754098","93.54508197","95.35519126","95.18442623","94.28281461","95.26387009","95.7374830853","96.27875507","96.92151556","96.58322057","97.25981055","98.30852503","98.27469553",
"종합","동부산권","전세수급동향","","96.11872146","104.109589","104.6803653","107.1917808","108.9041096","99.543379","97.83105023","91.43835616","100.456621","111.8721461","110.3881279","101.4840183","117.872807","119.6703297","116.8131868","112.8571429","107.3626374","105.1648352","104.7252747","111.5384615","112.0879121","114.7252747","113.7362637","106.4835165","107.6180258","111.8025751","121.7811159","119.4206009","115.8798283","106.7596567","104.5299145","104.6153846","105.3846154","106.8376068","107.4358974","105.6410256","103.2478632","104.017094","104.6153846","105.042735","104.6153846","104.7863248","104.3589744","108.6324786","108.6324786","111.965812","110.9401709","98.54700855","100.6837607","100.5128205","102.4786325","102.0512821","100.7692308","97.09401709","92.30769231","92.39316239","91.70940171","86.15384615","85.64102564","83.30373002","80.90586146","80.72824156","79.75133215","77.35346359","75.48845471","75.31083481","75.39964476","73.53463588","68.73889876","66.25222025","63.41030195","61.54529307","51.208981","50.08635579","51.89982729","52.59067358","52.417962","51.72711572","51.55440415","51.12262522","51.208981","51.208981","57.9447323","66.40759931","67.42808799","67.51269036","67.08967851","63.45177665","67.9357022","69.2893401","78.00338409","81.72588832","83.58714044","86.88663283","91.87817259","102.5380711","104.0609137","103.5532995","100.9306261","99.06937394","97.12351946","98.81556684","106.2920269","110.7108549","109.5581172","115.9942363","100.4322767","99.18347743","98.07877041","98.70317003","101.3448607","100.9125841","99.18347743","97.50240154","95.38904899","88.80883766","88.18443804","82.51681076","79.73102786","74.11143132","74.30037313","75.37313433","78.21828358","83.48880597","84.60820896","85.58768657","87.08022388","89.13246269","89.0858209","90.48507463","89.27238806","88.24626866","88.03849679","86.15948671","86.52612282","88.40513291","87.76351971","86.57195234","88.40513291","90.19248396","90.3299725","89.96333639","89.45921173","89.50504125","90.87992667","91.15490376","91.70485793","91.68198529","92.37132353","93.3363970588","94.57720588","96.18566176","95.12867647","96.59926471","97.19669118","96.92095588",
"종합","서부산권","전세수급동향","","107.9518072","110.8433735","104.5783133","110.3614458","104.8192771","103.4939759","100.6024096","97.46987952","103.253012","106.626506","105.4216867","110.7228916","104.7058824","112.4705882","110.3529412","102.5882353","105.1764706","103.6470588","100.1176471","96.82352941","99.64705882","99.64705882","104.4705882","101.8823529","101.0250569","101.8223235","112.9840547","110.7061503","109.1116173","109.2255125","104.4303797","102.5316456","101.8083183","107.8661844","112.8390597","110.2169982","103.3453888","100.6329114","103.5262206","104.2495479","103.8878843","106.0578662","106.6907776","104.3399638","103.374778","104.7069272","105.5950266","101.5097691","101.5097691","101.598579","101.5097691","103.5523979","103.5523979","105.2397869","103.8188277","100.3552398","100.3552398","100","99.46714032","91.26602564","90.78525641","90.78525641","90.30448718","91.74679487","89.58333333","87.66025641","83.57371795","81.00961538","80.04807692","79.16666667","77.16346154","74.51923077","61.52","60.8","58.8","55.12","56.24","56.32","55.44","54.48","54.96","55.6","56.4","57.44","58.65834633","61.31045242","63.49453978","63.02652106","63.33853354","66.14664587","70.28081123","73.94695788","73.47893916","75.89703588","77.84711388","88.53354134","89.1575663","88.61154446","86.97347894","91.88767551","97.81591264","100.8580343","104.0582726","107.648283","109.2611863","119.1987513","102.7575442","99.11550468","98.59521332","100.1040583","100.0520291","100.0520291","99.53173777","99.84391259","97.45057232","94.64099896","93.23621228","89.59417274","75.80645161","69.25078044","71.67689162","72.49488753","75.40899796","79.85685072","81.23721881","82.31083845","82.51533742","83.84458078","85.22494888","85.17382413","84.15132924","83.23108384","84.96468214","85.51967709","89.10191726","93.18869828","91.77598385","91.77598385","91.37235116","91.77598385","92.88597376","92.02825429","92.17961655","91.67507568","93.28960646","93.69323915","94.24823411","93.87031408","91.59067882","91.0334346505","91.59067882","92.09726444","92.50253293","93.41438703","93.61702128","93.66767984",
"종합","대구","전세수급동향","","113.2640587","113.8753056","114.4254279","119.00978","118.7652812","118.1540342","118.4596577","118.7041565","119.2542787","122.4327628","122.1542228","123.0110159","122.7817746","121.2829736","121.1630695","119.9040767","119.0876351","119.6878752","119.8079232","119.9879952","120.0480192","119.8079232","121.7887155","121.1884754","111.3945578","111.3095238","113.3503401","107.2278912","108.2482993","108.3333333","106.1884669","107.9465541","107.8059072","108.649789","110.1969058","108.5091421","108.931083","108.3684951","109.3530239","110.3375527","108.1575246","107.4542897","108.931083","108.0872011","106.8031704","107.4636724","106.8692206","108.5865258","109.0488771","108.9167768","107.992074","104.8877147","103.0383091","103.5006605","101.321004","104.1611625","104.0951123","104.2932629","104.8216645","100.660793","101.8722467","101.4317181","93.08466052","90.77954736","90.23470243","88.30678961","89.52221291","90.36043588","92.83319363","95.64124057","95.38977368","94.55155071","96.59090909","98.33603896","98.94480519","100.0811688","96.95616883","97.11850649","100.7711039","102.5974026","100.8928571","103.612013","103.4090909","104.2207792","106.9655725","107.1657326","104.2033627","102.4419536","102.9223379","104.683747","105.6044836","106.0848679","109.52","113.44","116.28","121.48","121.52","123.16","121.04","116.64","112.56","111.6","108.0361174","106.275395","104.3340858","101.1286682","97.24604966","94.22121896","89.88713318","88.64559819","87.01445348","84.69525959","84.49209932","83.20541761","81.95573622","80.97065463","79.57110609","77.51693002","67.40406321","62.23476298","64.42819149","65.5141844","69.65868794","71.69769504","77.10549645","79.29964539","79.19062362","81.60106148","82.75099513","82.88367979","81.1587793","81.6674038","80.63683305","78.65748709","77.64629948","79.41049914","80.01290878","79.47504303","80.37865749","81.02409639","82.35800344","82.31497418","84.01462995","83.32616179","84.59552496","85.00430293","84.9827883","83.95219804","83.84549723","83.5894152796","82.28766539","83.50405463","84.69910371","86.23559539","87.40930431","87.98548869",
"종합","광주","전세수급동향","","99.81884058","99.81884058","100.3623188","99.0942029","98.73188406","99.45652174","99.8185118","99.00181488","99.8185118","100","101.1796733","100.2722323","100.5319149","101.5070922","101.4209591","100.6216696","100.7104796","101.5097691","101.4209591","100.9769094","101.2433393","100.4440497","100.5328597","100.2664298","101.2110727","101.2975779","102.0761246","102.1626298","102.3356401","101.7301038","100.8982036","100.8982036","100.4491018","100.5988024","101.2724551","101.2724551","101.2724551","100.9730539","100.9730539","101.8712575","102.0209581","101.7964072","101.7215569","102.0958084","102.4623803","102.5991792","102.5991792","102.1887825","103.0095759","102.5991792","102.3939808","102.3939808","104.5827633","103.625171","103.0779754","101.9151847","101.3679891","103.625171","102.120383","105.3243574","105.0183599","104.8347613","104.7123623","105.3855569","104.2839657","104.7123623","104.1615667","102.3255814","105.0183599","104.7735618","104.8959608","104.3451652","103.6123853","101.2041284","101.9495413","98.56651376","95.58486239","95.12614679","94.26605505","93.6353211","94.15137615","94.3233945","94.78211009","95.29816514","95.88963964","96.34009009","95.88963964","95.66441441","95.38288288","95.4954955","95.94594595","98.93018018","97.63513514","99.88738739","106.25","111.9932432","110.472973","107.1509009","105.0112613","102.1959459","102.3085586","102.8716216","104.8891786","104.5632334","108.767927","109.6805737","106.5514993","104.10691","102.0208605","101.1734029","101.2059974","101.0430248","101.0104302","100.8474576","99.0547588","97.42503259","92.14471969","89.63494133","82.62711864","78.58539765","82.08573257","82.53358925","83.58925144","86.91618682","90.30710173","92.45041587","92.96225208","94.88163788","96.12923864","98.20857326","98.56046065","97.66474728","94.63171036","93.72659176","95.6928839","94.94382022","95.81772784","93.69538077","95.81772784","97.5031211","96.78526841","98.00249688","98.6267166","98.09612984","97.87765293","97.65917603","97.34706617","96.57663317","96.41959799","97.0163316583","96.54522613","98.46105528","99.52889447","101.4447236","102.6067839","102.2613065",
"종합","대전","전세수급동향","","100.2640845","103.7852113","107.834507","114.3738977","109.6119929","108.2892416","111.0229277","118.1657848","119.2239859","120.4585538","120.5467372","116.7844523","118.034188","116.4102564","114.5299145","111.1965812","104.1025641","105.8119658","106.4957265","109.7435897","116.4957265","116.4957265","114.3589744","111.1965812","125.9592326","126.0191847","125.5995204","126.3788969","126.7386091","128.5371703","124.8003992","125.499002","126.746507","125.249501","125.0998004","114.6207585","112.7744511","103.4431138","94.76047904","93.36327345","94.16167665","93.16367265","93.96207585","93.26347305","92.38603298","93.5014549","94.95635306","95.15033948","94.51988361","96.31067961","96.69902913","96.89621726","97.38118332","97.86614937","98.157129","98.20562561","97.86614937","97.28419011","95.53831232","90.73763621","90.9891031","91.53394803","101.4317181","99.7246696","99.28414097","98.56828194","99.77973568","100.1101322","100.4955947","102.80837","102.4229075","101.2665198","101.0359869","101.8538713","100.436205","98.69138495","99.83642312","99.18211559","101.4176663","104.1439477","103.2715376","103.5986914","104.4711014","106.2159215","107.050592","107.911733","110.3875135","106.7814855","104.9515608","108.8805167","110.2260495","110.65662","111.8945102","112.4327234","113.3476857","118.729817","116.4693219","119.4294941","114.4779333","115.6620022","115.6620022","115.123789","119.7824609","122.5016995","119.510537","116.2134602","101.8694765","97.41496599","96.56696125","95.00339905","95.71719918","96.15646259","94.66349422","93.23589395","92.08021754","89.42895989","88.51121686","85.89394969","77.43031951","70.22433719","70.96128171","71.7623498","72.9305741","76.36849132","78.93858478","80.17356475","82.94392523","87.3164219","91.22162884","92.623498","93.32443258","92.52336449","96.8627451","96.33986928","95.81699346","93.5620915","94.70588235","95.13071895","94.05228758","93.79084967","94.64052288","95.13071895","96.37254902","96.8627451","96.40522876","95.4248366","94.64052288","94.37129691","93.91046741","93.8775510204","95.09545754","96.51086241","97.69585253","99.37458855","99.90125082","101.4154049",
"종합","울산","전세수급동향","","102.9636711","102.6768642","103.8240918","106.1185468","103.0592734","102.1988528","101.7208413","99.23518164","100.0956023","102.1032505","100.7662835","100.1915709","99.81167608","100.4725898","101.2287335","99.33837429","99.43289225","104.7258979","104.9149338","104.7258979","101.4177694","102.9300567","100.2835539","102.173913","102.690167","102.8756957","105.1948052","104.7309833","104.7309833","103.8033395","102.5","102.9166667","104.7916667","106.0416667","104.4444444","103.6805556","107.0138889","104.7222222","103.6111111","101.875","101.3888889","101.8055556","100","93.61111111","89.5483871","90.77419355","91.03225806","90.25806452","89.03225806","91.67741935","92.19354839","90.96774194","89.67741935","87.61290323","85.87096774","87.48387097","86.38709677","86.58064516","86","85.06417736","81.38856476","81.85530922","79.92998833","75.43757293","72.22870478","71.1201867","69.31155193","64.11901984","64.35239207","63.36056009","62.66044341","61.31855309","58.89395667","60.20524515","59.40706956","59.4640821","59.92018244","60.03420753","59.35005701","58.77993158","58.95096921","62.20068415","68.41505131","72.4059293","73.96416573","76.14781635","76.81970885","75.92385218","75.75587906","77.4356103","86.6181411","92.10526316","91.99328108","97.81634938","105.0391937","109.6304591","109.0145577","105.4871221","105.8230683","106.3269877","106.3269877","110.75028","116.745283","117.7672956","120.1257862","106.0141509","101.1399371","103.6163522","101.0220126","100.4323899","99.96069182","99.96069182","99.92138365","97.56289308","97.01257862","95.20440252","92.53144654","89.62264151","85.77044025","82.58647799","80.94679186","80.55555556","80.04694836","79.42097027","79.22535211","79.26447574","82.23787167","83.05946792","84.15492958","84.3114241","85.25039124","85.87636933","86.92962104","88.28306265","89.79118329","90.68058778","91.02861562","90.29389018","90.83526682","92.65274555","93.1941222","93.46481052","93.42614076","93.46481052","93.85150812","94.54756381","96.71307038","99.9609375","102.5","104.6484375","106.25","106.796875","107.2265625","107.734375","108.4765625","109.296875",
"종합","세종","전세수급동향","","120.8333333","110.8333333","110.8333333","105.8333333","105.8333333","105.8333333","103.3333333","100.8333333","100.8333333","100.8333333","100.877193","98.24561404","98.85714286","111.4285714","103.4682081","101.1560694","100","101.1428571","90.93567251","92.98245614","77.71428571","88.85714286","95.71428571","94.57142857","84.29951691","89.85507246","92.99516908","93.47826087","87.19806763","91.78743961","94.18918919","92.43243243","94.18918919","95.40540541","93.37837838","93.24324324","97.02702703","96.75675676","98.91891892","99.32432432","97.2972973","98.24324324","99.45945946","99.72972973","104.2696629","103.4831461","103.3707865","98.65168539","94.83146067","93.59550562","85.84269663","82.58426966","83.70786517","90.11235955","92.35955056","103.3707865","105.3932584","106.4044944","106.9662921","106.5028902","106.9364162","94.50867052","99.13294798","98.69942197","94.36416185","91.61849711","90.46242775","92.34104046","95.23121387","105.0578035","104.3352601","105.0578035","103.7275064","101.0282776","95.11568123","89.84575835","88.81748072","85.47557841","88.56041131","87.78920308","90.48843188","89.84575835","92.54498715","93.95886889","96.74698795","98.07228916","98.07228916","97.10843373","96.26506024","99.03614458","109.0361446","110.8433735","114.4578313","119.0361446","118.313253","132.1686747","132.4096386","130.6024096","124.3373494","107.9518072","90.72289157","89.03614458","97.20496894","101.0351967","103.0020704","104.1407867","98.13664596","92.02898551","95.96273292","90.57971014","88.71635611","94.09937888","93.06418219","93.06418219","90.78674948","83.126294","82.71221532","79.60662526","67.70186335","60.04140787","64.75247525","70.99009901","85.74257426","95.24752475","95.64356436","98.41584158","97.72277228","97.82178218","97.32673267","96.83168317","95.14851485","94.65346535","93.9688716","91.43968872","89.29961089","89.39688716","89.39688716","89.20233463","89.10505837","87.93774319","91.14785992","90.75875486","93.57976654","95.52529183","94.06614786","93.48249027","94.16342412","98.52941176","100.6862745","100.5882352941","100","101.372549","103.1372549","105","105.5882353","105.4901961",
"종합","강원","전세수급동향","","107.1056063","104.9543677","105.9322034","105.7366362","103.9113429","101.9556714","103.7809648","104.9543677","105.0847458","104.6284224","104.6284224","104.7588005","104.4213264","104.8764629","104.8764629","103.3203125","102.6041667","102.9296875","102.5390625","102.5390625","102.7994792","102.9296875","103.1901042","105.7942708","105.7217165","113.7191157","114.2392718","114.9673203","110.8582575","110.2730819","111.789601","113.7243047","114.0266022","114.1475212","113.6033857","111.8500605","112.3941959","112.7569528","112.3337364","113.1197098","113.5429262","112.1523579","112.0314389","112.4546554","113.0742049","110.3062426","111.7196702","110.8951708","110.188457","110.0117786","110.188457","108.1272085","107.4204947","107.1849234","108.1272085","108.0683157","109.540636","110.1295642","101.590106","96.57258065","97.24462366","98.38709677","99.19354839","98.11827957","97.11021505","92.60752688","93.6827957","91.86827957","91.19623656","89.11290323","87.6344086","87.2311828","86.34538153","86.07764391","84.00267738","82.53012048","80.99062918","80.92369478","79.38420348","79.11646586","78.58099063","78.31325301","77.71084337","78.44712182","80.31704095","82.60869565","82.5428195","80.96179183","83.26745718","88.01054018","92.22661397","92.88537549","93.08300395","96.31093544","99.53886693","103.7549407","104.6113307","105.9947299","107.4440053","106.0606061","105.1383399","106.7193676","107.3600553","109.5715273","109.8479613","106.8071873","102.0387008","101.5894955","102.1078093","101.6251729","102.4187975","102.0401107","101.4858328","101.5549413","101.1748445","99.9308915","97.61575674","94.40221147","92.12163096","90.2211472","89.32102835","90.07910349","90.57350033","90.83717864","90.80421885","91.59525379","92.58404746","92.1555702","92.81476599","93.47396177","93.17732367","91.89189189","90.63926941","92.04174821","91.65035877","93.44422701","95.92302674","96.15133725","99.08675799","101.6960209","99.08675799","98.30397913","97.1950424","96.99934768","96.83626875","97.09719504","98.27136334","96.6","95.93333333","96.0666666667","96.76666667","97.06666667","97.26666667","97.66666667","97.23333333","98",
"종합","충북","전세수급동향","","103.9630119","105.9445178","103.9630119","105.0925926","103.1084656","103.2407407","102.9761905","102.8439153","102.8439153","103.8359788","103.2450331","103.3112583","103.4776903","103.2808399","103.9370079","103.9370079","104.4619423","104.4619423","103.030303","103.2828283","103.030303","103.1565657","103.219697","103.219697","103.0895334","102.332913","103.593947","103.6569987","102.2698613","101.3871375","101.7032967","101.7582418","101.5384615","101.4285714","101.4285714","101.5384615","102.032967","102.1978022","103.021978","101.8131868","101.9230769","101.2637363","101.3736264","100.8241758","100.4291845","103.5944206","103.2725322","102.1995708","101.2339056","100.0536481","99.57081545","98.92703863","99.30257511","99.51716738","99.78540773","98.76609442","98.33690987","98.33690987","98.17596567","102.3784355","102.5369979","102.1141649","102.3784355","102.8012685","100.6871036","99.89429175","98.94291755","98.78435518","97.93868922","96.56448203","94.76744186","95.03171247","83.29583802","84.36445444","83.68953881","84.2519685","84.13948256","83.35208099","83.23959505","82.78965129","83.23959505","83.40832396","82.9583802","83.5208099","84.35784852","85.78485181","86.00439078","86.05927552","87.5960483","93.63336992","96.32272228","96.37760703","93.02963776","92.97475302","93.85290889","97.31064764","97.85949506","97.69484083","98.9571899","98.40834248","99.12184413","101.2074643","111.5310078","115.4069767","115.7945736","111.7571059","105.5232558","102.002584","100.7751938","100.0645995","101.2596899","101.3888889","100.1614987","99.87080103","97.93281654","97.31912145","96.80232558","94.99354005","91.47286822","88.24289406","85.78616352","84.59119497","86.35220126","88.42767296","92.67295597","94.3081761","95","95.88050314","97.26415094","97.35849057","96.32075472","96.57232704","98.16084788","99.28304239","99.28304239","99.06483791","99.18952618","97.88029925","98.12967581","96.50872818","96.91396509","97.88029925","98.56608479","97.59975062","98.81546135","98.72194514","98.12967581","98.76269036","99.07994924","97.7157360406","98.28680203","98.00126904","97.74746193","98.41370558","97.84263959","98.54060914",
"종합","충남","전세수급동향","","106.3297872","106.7021277","104.6276596","104.6808511","105.1595745","103.4042553","104.4680851","106.1702128","107.5","113.4574468","110.7561235","106.656017","107.2463768","109.057971","106.9875776","106.9875776","106.9875776","106.6252588","104.1925466","103.8819876","105.1759834","106.9358178","106.2111801","105.3830228","103.1023785","102.3784902","104.5501551","107.2388831","106.6184074","103.36091","101.9354839","101.4285714","102.9953917","101.4746544","101.843318","100.2304147","99.58525346","98.98617512","100.1843318","98.38709677","96.7281106","96.5437788","96.17511521","94.23963134","99.34268186","100.1314636","97.85087719","98.29097283","98.99211218","97.72129711","97.72129711","96.58194566","97.58983348","97.28308501","97.63365469","98.51007888","98.29097283","97.89658195","95.3549518","93.56164384","94.01826484","90.0913242","94.10958904","90.95890411","91.14155251","88.08219178","89.8173516","90.73059361","92.05479452","90.86757991","91.18721461","91.68949772","90.6764961","95.53339115","93.5819601","94.92627927","95.66348656","95.01300954","96.05377277","94.75281873","94.14570685","94.36253252","94.10234172","95.22983521","95.95872743","98.06534824","97.37747206","94.36801376","96.04471195","97.64756202","102.6946108","106.6295979","108.5543199","108.2549187","110.5218135","112.7031651","112.4465355","112.6176219","111.1206159","112.7887083","109.2814371","110.3079555","115.2162585","115.8676394","119.3069307","121.208963","105.5758207","101.8759771","101.433038","100.9124088","100.6513809","100.0781657","99.71339239","99.71339239","98.8796248","95.96143825","95.57060969","92.44398124","90.0990099","88.01459093","88.33588566","88.41245533","88.15722307","90.55640633","92.72588055","94.15518121","94.74221542","95.12506381","95.58448188","95.89076059","96.80959673","96.17151608","95.93657086","95.58969277","94.84638256","96.0604559","98.46382557","97.74529237","96.87809713","97.44796829","98.53815659","97.4975223","97.74529237","97.81962339","96.95242815","97.22497522","97.47274529","96.97193501","96.43032989","95.7163958641","96.55342196","96.99655342","98.4736583","98.69522403","99.18759232","98.79369769",
"종합","전북","전세수급동향","","94.42332066","105.9569075","105.7034221","110.8640407","105.2096569","101.0165184","102.7318933","101.905972","101.8424396","102.3506989","103.6895674","101.9083969","103.7174721","102.5434243","105.1488834","102.2332506","99.75186104","98.69727047","100.7444169","101.3647643","101.6129032","102.2952854","100.8684864","101.9851117","101.5262515","101.0989011","103.0525031","102.9304029","99.75579976","100.1831502","101.9487751","102.2828508","103.3407572","101.8374165","101.6703786","102.9510022","102.2828508","102.5055679","103.2293987","104.3429844","104.1202673","104.0089087","105.3452116","106.0690423","108.1848552","106.6815145","106.9042316","107.5167038","107.1269488","109.0200445","108.8530067","109.0757238","108.908686","108.7416481","106.8485523","103.8418708","105.233853","106.1804009","105.6792873","100.9615385","100.9615385","100.0565611","99.88687783","98.81221719","98.64253394","98.24660633","96.15384615","95.75791855","96.88914027","96.54977376","96.21040724","97.28506787","95.41763341","94.48955916","94.02552204","92.16937355","91.99535963","89.79118329","89.79118329","88.57308585","88.10904872","87.87703016","88.05104408","88.05104408","90.97701149","90.74712644","92.35632184","92.98850575","92.18390805","93.27586207","93.33333333","94.71264368","94.71264368","94.1954023","96.43678161","100.5747126","99.25287356","99.54022989","99.48275862","101.091954","102.183908","103.3333333","108.5086634","109.4987624","110.6435644","113.490099","101.7945545","101.4851485","101.5779703","101.4851485","103.3106436","103.6819307","102.755418","102.1039604","101.5779703","99.62871287","98.51485149","95.91584158","85.73638614","80.29084158","81.90332326","81.32930514","81.41993958","81.87311178","84.13897281","84.16918429","85.16616314","87.85498489","90.51359517","91.5407855","92.83987915","93.5347432","93.52905932","93.22947873","93.43918514","93.85859796","94.93708808","94.90713002","95.59616537","97.18394248","96.91431995","98.86159377","97.63331336","97.48352307","96.88436189","98.29239065","99.07130018","97.41011578","98.38513102","98.1109079829","98.84216941","99.39061548","99.8781231","98.84216941","100.4570384","100.3960999",
"종합","전남","전세수급동향","","97.05128205","99.80769231","100.3205128","100.5769231","100.1923077","99.55128205","98.45758355","98.26478149","98.45559846","97.87644788","100.4504505","100.8365508","100.6748466","101.1656442","102.0858896","100.9815951","101.2269939","100.4907975","101.0429448","102.3312883","102.4539877","102.5153374","101.8404908","101.595092","101.880141","101.3513514","103.8777908","103.46651","105.2291422","103.172738","101.6553067","101.4605648","100.3407984","100.3407984","101.1684518","101.6553067","101.4118793","99.61051607","99.22103213","98.39337877","98.97760467","97.37098345","97.56572541","99.22103213","98.72037915","97.81990521","98.76777251","99.47867299","100.0947867","100","101.8009479","100.2369668","101.1848341","101.8483412","102.5118483","102.1800948","101.7535545","103.5545024","103.2701422","100.3512881","101.6393443","101.6393443","100.234192","99.59016393","99.00468384","98.24355972","96.83840749","99.06323185","102.1077283","103.4543326","103.3957845","101.1124122","101.1148272","101.7837235","101.8952062","102.6755853","100.780379","99.1638796","99.21962096","98.49498328","99.49832776","100.2229654","102.2853958","101.5050167","100.6659267","100.2774695","100.4439512","100.7769145","100.8879023","101.3873474","101.8312986","99.50055494","98.83462819","102.3307436","103.8290788","105.4384018","105.4938957","105.9933407","105.4938957","106.0488346","105.1609323","107.2697003","106.5904506","108.406187","110.5917956","108.3389375","99.52925353","98.82313383","97.78076664","97.64626765","97.34364492","97.37726967","96.9065232","96.80564896","96.60390047","95.05716207","94.14929388","91.69468729","88.87020847","86.51647613","86.27009646","87.45980707","87.94212219","88.71382637","90.03215434","90.1607717","91.80064309","93.02250804","93.79421222","93.72990354","93.79421222","94.0192926","93.91167192","94.16403785","94.25867508","94.1955836","94.60567823","94.57413249","93.69085174","94.82649842","94.29022082","94.38485804","93.88012618","93.2807571","94.13249211","93.91167192","93.62776025","92.47104247","92.27799228","93.4041184041","93.85456885","93.37194337","95.23809524","96.55727156","97.58687259","98.74517375",
"종합","경북","전세수급동향","","115.3808594","115.2832031","118.8964844","116.3734115","117.1065494","117.3998045","118.2795699","115.6891496","113.2453568","112.4144673","112.4266145","111.5949119","110.7142857","114.2512077","114.057971","112.2705314","112.173913","112.3671498","110.2415459","110.531401","111.4492754","111.1111111","109.468599","110.6280193","109.7914778","110.4261106","111.0154125","112.1033545","110.5167724","112.6926564","106.9611307","110.2826855","110.5300353","108.4805654","108.0918728","103.5335689","102.6855124","102.4381625","101.1660777","100.4946996","99.11660777","98.51590106","98.55123675","96.36042403","93.06999307","92.27304227","90.95634096","91.58004158","89.88218988","90.26334026","91.02564103","89.32778933","87.90713791","89.32778933","87.76853777","86.9022869","85.62023562","85.62023562","85.2044352","88.30950378","86.66947014","86.92178301","84.94533221","82.80067283","80.82422204","79.05803196","78.09083263","75.39949537","75.48359966","76.82926829","75.77796468","73.71740959","73.30097087","68.68932039","68.89158576","69.53883495","68.77022654","69.37702265","70.06472492","71.88511327","72.77508091","72.41100324","73.17961165","73.70550162","77.3089172","79.93630573","82.44426752","83.00159236","84.19585987","84.9522293","91.95859873","94.94426752","93.82961783","92.19745223","93.43152866","96.41719745","98.76592357","100.5971338","99.7611465","98.88535032","99.00477707","100.8359873","107.2972973","109.9774775","111.1486486","108.4684685","106.0585586","103.7387387","101.8693694","100.9234234","100.9684685","101.4414414","101.8018018","101.8018018","100.8333333","99.63963964","97.79279279","94.61711712","91.03603604","88.78378378","87.60984183","87.74165202","90.22407733","92.728471","93.56326889","93.65114236","93.63716424","94.36371642","95.88287098","96.23513871","96.3672391","96.14707177","95.75637643","94.9648197","94.4591029","94.26121372","93.90941073","93.27176781","95.11873351","95.09674582","94.98680739","95.55848725","95.18469657","95.18469657","95.27264732","95.38258575","94.87686895","94.41228851","93.07658059","93.321460374","92.67586821","93.21015138","94.50133571","94.5681211","95.23597507","95.50311665",
"종합","경남","전세수급동향","","102.295082","103.9754098","113.9344262","121.6803279","121.8211649","117.3092699","113.3716161","112.7563577","116.0787531","117.4323216","116.4068909","114.5611157","116.1382114","115.8536585","115.9349593","115.8130081","114.796748","113.8617886","114.1463415","114.4308943","114.7154472","115.6504065","115.5284553","116.1788618","115.3784219","114.1304348","116.4251208","116.7069243","115.942029","116.2238325","112.414734","110.6412005","111.1186903","110.3001364","108.9017735","109.4474761","108.526603","109.106412","109.0040928","108.7653479","107.7421555","106.6507503","105.9345157","102.1145975","101.3832659","101.1133603","101.4507422","100.1012146","99.56140351","99.69635628","99.12280702","98.14439946","96.55405405","95.47908232","95.10796221","92.07152497","91.70040486","90.78947368","90.11470985","81.72523962","81.15015974","81.11821086","80.22364217","78.88178914","77.28434505","75.2715655","74.18530351","73.22683706","70.86261981","70.25559105","69.77635783","68.81789137","67.23245109","65.67894131","63.31990794","63.37744534","61.01841197","59.95397008","65.10356732","64.21173763","63.78020713","63.95281933","64.61449942","68.18181818","69.40045249","69.08936652","70.47511312","70.47511312","69.42873303","73.52941176","87.64140271","93.32579186","92.33597285","90.97850679","95.81447964","98.72737557","99.94343891","97.65271493","100.3393665","95.9841629","94.03280543","96.69117647","105.1269688","107.1038251","107.3127612","114.7058824","104.1626487","101.5273312","101.7036323","101.3987138","102.1054323","103.4233365","102.6358084","101.7839923","101.1089682","99.06782385","97.76599164","94.48730312","88.66923819","83.67084539","84.9984242","87.07847463","89.6627797","90.95493224","92.37314844","90.98644816","92.0895052","93.08225654","92.908919","94.6265364","95.0362433","94.04349196","93.48097318","93.15346226","92.28009981","92.34248284","93.29382408","93.21584529","92.59201497","93.99563319","94.91578291","96.52214598","96.19463506","96.50655022","95.2900811","94.72863381","94.40112289","95.37299339","94.77494492","95.5775889204","95.84513692","97.0727101","97.62354422","98.47340258","99.54359459","99.15014164",
"종합","제주","전세수급동향","","101.3071895","99.67320261","101.4705882","98.52941176","100","100","100","99.50980392","98.85620915","97.7124183","101.3071895","104.5751634","108.0128205","108.0128205","107.3717949","107.3717949","104.8076923","104.8076923","104.8076923","111.3782051","112.1794872","112.1794872","116.6666667","123.8782051","126.006192","125.0773994","121.5170279","121.8266254","122.6006192","123.2198142","131.3202247","129.3539326","129.6348315","127.6685393","130.8988764","129.0730337","137.9213483","126.2640449","119.8033708","105.3370787","80.8988764","85.53370787","87.5","90.87078652","92.55319149","92.34042553","94.89361702","94.36170213","95.21276596","94.46808511","93.08510638","92.44680851","91.80851064","92.65957447","93.61702128","95.10638298","93.61702128","94.57446809","95.63829787","96.14325069","96.00550964","96.55647383","96.83195592","93.66391185","92.97520661","92.28650138","89.1184573","83.05785124","83.05785124","83.05785124","83.60881543","84.15977961","83.62720403","84.76070529","84.76070529","84.50881612","85.13853904","81.73803526","82.74559194","81.73803526","81.23425693","80.73047859","79.8488665","78.71536524","78.55421687","75.42168675","73.97590361","73.25301205","72.40963855","72.04819277","71.68674699","71.92771084","71.08433735","71.3253012","71.44578313","74.81927711","78.19277108","80","79.87951807","82.77108434","85.42168675","87.71084337","99.65217391","102.8695652","105.7391304","102.3478261","100.173913","102.0869565","101.7391304","100.2608696","98.95652174","98.7826087","99.13043478","97.39130435","96.34782609","96.5095986","96.34782609","94.69565217","93.04347826","90.43478261","87.99654577","89.81001727","88.86010363","86.6148532","88.4283247","89.29188256","91.96891192","92.0552677","93.2642487","93.35060449","93.43696028","93.2642487","92.79588336","92.62435678","93.13893654","91.50943396","91.16638079","91.76672384","93.31046312","92.3670669","92.19554031","89.7084048","89.87993139","89.45111492","90.73756432","90.39451115","90.22298456","90.65335753","90.65335753","90.6533575318","92.74047187","91.83303085","92.55898367","91.65154265","92.83121597","92.83121597",
"아파트","전국","전세수급동향","","106.0136738","107.5415097","109.9916271","111.8349393","110.459433","108.1203742","108.4206116","110.5432202","112.777545","114.8233487","114.0681755","113.1112042","113.6853887","114.1059558","114.1078697","110.8785617","108.8772049","108.9234839","108.8600298","109.8636918","111.359322","112.4711864","111.9898305","111.8135593","111.7220887","112.7370459","115.5749199","116.5408763","115.5081464","115.1408921","114.6143214","114.5781229","115.3020929","115.7266026","115.8681058","113.2585231","112.0080295","110.8529683","109.7801764","109.148348","108.9179939","108.7666184","108.569172","107.6082664","106.7808571","107.1850141","107.0759559","105.2155504","103.7785476","103.9325122","103.7977932","102.9389117","102.6646976","102.7531767","101.9702221","100.8532204","100.2437773","100.6479343","99.40338722","95.75727055","95.3418104","94.5612489","93.82475135","89.26727937","86.39053254","85.91841873","86.09467456","86.42830165","87.94536069","87.45436233","86.35905829","85.06861387","81.58373786","79.28398058","77.79126214","77.62135922","77.85194175","77.74878641","80.03033981","82.49089806","84.09090909","85.50794999","87.76550552","91.88410194","93.77474959","94.57673498","95.16589057","93.38980091","93.20642683","97.93412477","104.2437464","107.2193136","107.3676556","110.1367074","114.2495637","119.9069226","119.6858639","118.5456661","115.6050029","111.620128","110.4479348","114.1448517","117.5428571","119.0885714","118.8585714","116.0671429","101.8928571","98.49571429","96.44571429","94.59285714","95.24557845","96.9556273","96.60714286","96.06428571","94","90.32285714","87.60714286","82.48428571","75.14857143","70.33285714","70.74583333","72.44861111","76.64305556","81.05277778","85.52638889","87.225","88.74583333","90.80138889","92.5","93.43055556","92.96527778","92.18055556","91.9076087","92.10597826","92.7798913","93.97690217","95.73097826","95.86548913","96.81657609","97.83288043","97.66168478","97.8763587","97.21467391","96.53532609","96.06929348","96.33423913","96.96467391","96.88189479","97.00018608","97.4387942263","97.10784444","97.55442728","98.64961854","99.74879715","100.402722","100.7722162",
"아파트","수도권","전세수급동향","","106.6148477","107.3128173","110.330054","111.4272092","110.1557533","107.7399873","108.6935791","114.1608392","116.9898284","118.8811189","117.6255563","117.3712651","117.7676361","117.1797649","117.7521658","112.291151","109.4446163","109.3053837","110.5894183","111.9508045","114.9829827","116.0040223","115.3852104","115.3852104","115.394656","116.7920762","120.0168919","121.9057125","121.2453931","121.2761057","121.522528","121.0160266","121.6812821","122.4296946","122.1348654","119.0127003","117.092531","116.1929241","115.0740853","114.9682492","115.3613547","115.5276686","115.0740853","114.9228908","112.9618682","113.715637","113.4052616","111.1439551","108.0549808","108.3949158","108.2766775","108.3111505","108.350607","108.5650888","108.0769231","105.6606562","104.6112918","105.4537393","104.3156961","98.6227702","98.22927597","97.80954879","95.93389297","89.80849948","85.74239244","87.08027282","87.97219307","89.48058762","92.28751312","91.01521511","89.72980063","87.99842602","84","79.49044586","78.14012739","78.15286624","79.79617834","80.43312102","83.75796178","89.3566879","92.20820591","94.2851682","96.04357798","101.9617834","103.1039055","103.2899494","104.0110817","101.8915663","101.1024096","107.4879518","113.0929449","115.3864676","115.5369612","119.1247291","122.3151938","127.0888514","126.3424031","124.6448351","120.0818685","114.1584397","113.2253792","118.7695642","123.41117","125.2708233","124.4071979","117.9826673","100.3490611","96.12421762","93.17826192","90.16309581","91.363226","94.92958594","95.00180549","94.65274434","91.65563312","86.88613385","83.30524795","76.45943669","68.60255176","63.45991815","63.09363471","65.81366751","71.92129765","77.89717163","84.45570065","87.24893131","89.4712186","91.9745857","94.18223341","95.20114774","94.2788546","93.07548164","92.6415957","93.61319083","94.77338972","96.50511516","99.1884323","100.1828885","101.4745385","102.4347031","101.7803052","101.6374236","100.1314511","98.6997771","97.71103618","98.03680631","99.27416128","99.27066451","99.54451461","100.2263454982","99.22315989","99.26228134","100.553289","101.8051752","102.2858101","102.7440899",
"아파트","지방","전세수급동향","","105.5417186","107.7210461","109.7260274","112.1544209","110.6973848","108.4184309","108.2067248","107.7085928","109.4769614","111.6438356","111.278664","109.7706879","110.4977048","111.705726","111.261479","109.7752537","108.4340261","108.6252718","107.5102632","108.2347259","108.5324644","109.7151822","109.3410572","109.0272749","108.8965028","109.6172023","112.1573724","112.4113475","111.0940454","110.4206049","109.2890443","109.6153846","110.3846154","110.5594406","111.037296","108.8228438","108.0885781","106.7365967","105.6993007","104.6620047","103.951049","103.5547786","103.5547786","101.969697","102.0403537","102.1763772","102.2217184","100.6687826","100.4987531","100.5100884","100.3627295","98.821129","98.3106576","98.29970528","97.29086375","97.16617547","96.89412832","96.9621401","95.63591022","93.11304769","92.67731784","91.56378601","91.87847979","88.76785282","86.98862261","84.84628419","84.36213992","83.61171629","83.93851368","84.16848221","83.24860809","82.36504478","79.38586327","79.09617613","77.47392816","77.13789108","76.0834299","75.30706837","76.6396292","76.24565469","76.70915411","77.52607184","80.23754345","82.71726535","85.05520505","86.43275513","86.89457085","85.44154089","85.82451002","89.00832958","95.97028366","99.58352094","99.72985142","101.7334534","106.7086898","113.1922557","113.4624043","112.8433138","111.4194057","109.2469608","107.8511932","109.8210266","112.2389034","113.5008703","113.8435596","114.3358355","103.2881854","100.6391427","99.39893386","98.59660574","98.75435161","98.7869227","98.05809399","97.34007833","96.11890775","93.42906876","91.49532202","87.9297215","81.06505657","76.54482158","77.65153517","78.43629446","80.90419067","83.90054431","86.49262802","87.20340327","88.09121175","89.74264123","90.98187391","91.83269038","91.77984463","91.37293241","91.24229394","90.73978138","90.97290577","91.68523028","92.59700565","91.95202818","92.59441538","93.661607","93.92840491","94.46718127","94.5707921","94.57338238","94.58115319","94.79096513","94.87126353","94.71509683","94.69228429","94.9102707087","95.18909054","96.00527223","96.92284295","97.883504","98.69461624","98.98357498",
"아파트","6대광역시","전세수급동향","","105.5698152","107.3921971","109.5225873","112.1663244","110.2412731","107.7772074","108.3418891","109.0862423","112.7823409","116.6067762","116.3501027","114.399384","115.6079404","116.674938","115.5334988","112.3573201","110.4218362","110.248139","109.1563275","109.8014888","110.942928","112.1091811","111.3399504","109.5533499","110.9336609","112.014742","115.4299754","114.8648649","114.3980344","114.0540541","113.2564841","113.3525456","114.1690682","114.7694524","116.1863593","113.3285303","111.4793468","109.3179635","107.5648415","107.3727185","107.2286263","107.5888569","106.9644573","105.9558117","104.1529023","105.9933931","106.8192544","104.1764983","104.4360547","104.4832468","104.601227","103.8933459","103.3742331","102.8079283","100.8494573","100.8258613","100.3539405","100.0943841","99.22133082","95.0389948","94.38908146","94.08578856","94.17244367","88.77816291","86.04852686","84.27209705","83.86048527","82.69064125","83.34055459","84.14211438","83.51386482","83.16724437","80.89038219","80.55438891","79.46241075","79.08441831","78.49643007","78.28643427","78.89542209","78.91642167","80.28139437","81.94036119","85.97228055","89.10121798","90.68727125","92.89345262","93.6254575","91.08377389","91.09394063","92.70028467","97.24481497","100.2135014","101.148841","105.8458723","112.9829199","119.2862952","118.8186255","118.6559577","115.3212688","112.4847499","112.6474176","115.6669378","114.5748988","115.6427126","115.2580972","114.5091093","101.791498","99.21052632","96.91801619","95.04554656","95.21761134","95.55668016","94.37753036","93.21356275","91.05263158","87.40890688","84.53441296","80.86032389","73.05161943","67.93522267","69.66929911","70.73543929","73.53899309","78.10957552","81.85587364","83.37611056","84.18065153","86.54491609","88.3958539","89.48173741","88.60315893","88.2082922","88.50878035","88.00978793","89.81863545","90.86460033","92.23682948","91.4307648","92.31359754","94.09365704","94.050475","94.51108339","94.29517321","93.46511851","93.5754726","93.78658478","94.50148738","94.44027752","94.23870242","94.6137258579","94.4496531","95.4575286","96.62478905","98.25145322","99.5312207","100.2812676",
"아파트","5대광역시","전세수급동향","","105.4545455","107.492163","109.1222571","112.0062696","109.968652","107.3040752","107.2727273","106.8338558","110.2194357","114.0125392","113.1974922","111.1598746","112.7051672","114.3161094","112.9483283","110.6990881","108.9057751","109.6352584","108.2066869","108.8753799","110.0607903","111.4893617","110.881459","108.8449848","110.1083032","110.8002407","114.921781","113.8387485","113.3273165","112.5451264","111.1931483","111.3112817","112.285883","113.7330183","115.3868872","111.8724158","110.0708801","107.3538098","105.2864737","105.0206734","104.9616066","104.99114","104.9025399","103.3963379","102.1511628","103.4302326","104.0116279","101.1046512","101.3662791","101.6860465","101.6569767","100.5523256","99.9127907","99.06976744","96.94767442","96.94767442","96.86046512","96.4244186","95.63953488","92.94277929","92.26158038","92.01634877","92.37057221","87.92915531","86.02179837","84.38692098","84.2506812","83.1880109","83.67847411","84.0599455","82.97002725","81.77111717","79.03907075","79.14466737","78.11510032","77.37592397","76.2407603","76.02956705","76.61034847","76.61034847","76.97993664","78.85427666","83.63252376","87.09081309","89.38461538","90.92307692","90.61538462","87.51282051","87.79487179","90.12820513","95.52564103","99.32051282","100.8333333","105.0128205","112.1410256","119.7820513","119.0384615","118.0384615","114.9230769","113.2564103","113.0769231","114.5897436","113.2547109","113.5559544","112.4855788","111.8766825","101.5510832","98.94885271","96.81451096","96.14152032","96.10306371","95.34675042","94.43020126","93.32136906","91.8151519","88.64248173","86.06588899","82.39328291","74.06101782","68.6258172","70.57571965","71.40801001","73.99249061","78.08510638","81.53942428","82.94117647","83.57947434","85.87609512","87.46558198","88.44180225","87.9787234","87.62828536","87.59600146","86.63293917","88.12019993","89.22345483","89.81470194","89.01011825","89.85736926","91.16786542","91.50310862","91.88711447","92.46617091","92.38693161","92.98427405","93.3499939","93.60599781","93.34725537","93.7052506","94.0453460621","94.2601432","95.46539379","96.18138425","97.7326969","98.75298329","99.17064439",
"아파트","9개도","전세수급동향","","105.5813953","106.7809058","108.7760098","111.0526316","110.0489596","107.4785802","107.5152999","109.5471236","110.869033","112.619339","111.6891065","110.9547124","111.1475997","110.9923573","111.9118701","109.3802245","107.9113924","108.1502269","108.321403","109.7053209","111.3397757","111.7931281","111.5425913","111.8050585","111.6576977","112.3830136","114.6174544","116.2160581","115.2959757","114.8397286","114.2235376","114.2989786","114.5659239","114.8096565","114.2873723","111.5714949","110.4456825","110.3296193","109.6564531","108.7743733","108.2636955","107.6253482","107.6137419","106.3138347","105.7974284","105.6733589","105.3124295","103.9927814","102.5490638","102.9663885","103.2032484","102.1439856","101.9196025","101.7377567","101.3766644","100.4398827","99.39093165","100","98.38709677","94.51491661","94.12731971","93.45783416","93.30514447","89.40568475","87.03312192","86.86868687","86.45759925","86.25792812","87.23279305","86.71599718","85.92905802","85.0129199","82.21506332","80.84870029","79.1268607","78.58253721","78.64918907","77.94934459","79.56009776","81.48189291","82.7","83.29444444","84.56111111","87.59720062","89.78078659","90.81632653","91.91365979","90.44243986","90.96864261","96.11504615","103.6810474","106.5518352","106.7289118","107.4908779","110.2060528","115.2768835","115.7920155","115.3198111","113.9246619","111.6441296","109.8518995","113.1680618","118.7544684","120.5469309","120.6643857","119.0991727","102.502298","99.31314472","97.4364212","95.80992748","96.65747408","98.6236658","98.4015933","98.084976","96.27974671","92.72035543","90.55510162","85.38198345","78.68450618","74.4254928","74.22739223","76.11488665","80.31648395","83.71198968","87.56138697","88.9577856","90.60965326","92.3309688","94.09940969","94.82861253","94.42928717","93.67032095","93.26511764","93.54219327","93.32101886","94.23974334","96.03344352","96.11608011","97.16118997","98.1698425","98.22331324","98.60246938","97.91221077","97.60839977","96.92057165","97.16605094","97.52576317","97.29922157","97.21378394","97.4843364344","97.23988988","97.44636415","98.39329789","99.00797418","99.54907917","99.67011582",
"아파트","8개도","전세수급동향","","105.2874528","107.7633235","110.0503567","112.3373898","111.2463282","109.1900965","108.9173311","108.4347461","109.1481326","110.2601762","110.1762484","109.0642048","109.3366093","109.8484848","110.2989353","109.3775594","108.3538084","108.1285831","107.5224857","108.217498","108.4832379","109.0760425","108.6672118","109.5257563","108.8481467","109.3862096","110.880829","111.986438","110.4025508","109.5854922","108.692185","109.2503987","109.7089314","109.0111643","108.7320574","107.3564593","106.9976077","106.5590112","106.0406699","104.5454545","103.3891547","102.5917065","102.7511962","100.9370016","101.626646","101.0069713","100.929512","100.464756","100.3292022","100.348567","100.6777692","98.99302866","98.46958543","98.43144849","97.98605732","96.86289698","96.35941131","96.74670798","94.94577847","92.67473118","92.42831541","91.44265233","91.35304659","89.359319","87.92562724","85.5062724","84.85663082","84.09498208","84.00537634","83.4453405","82.59408602","82.01164875","78.63558597","78.22925577","76.43284859","76.71086399","75.79127459","74.8075278","76.45423439","75.74850299","76.11206159","76.16552609","77.08511548","78.75320787","80.90510033","82.10405349","83.21145006","83.10697869","83.67112411","87.44782972","95.33597663","98.77921536","97.79841402","97.7566778","101.2207846","105.7700334","106.8343072","106.6882304","107.0638564","105.7282972","104.4970785","107.2099332","111.9839953","113.8381965","115.1898117","116.482873","104.8306822","102.2982336","101.4931199","100.8051137","101.2052308","101.6006246","101.0246902","100.5855372","99.63403923","97.60417683","96.14033376","92.62711037","87.22064995","83.50248853","83.75874456","84.32123275","86.13632067","87.93722821","89.93666099","90.04065041","91.15617319","92.39459255","93.43448667","94.22858763","94.53582908","94.11041785","93.95548105","93.89028593","93.2616187","93.70401416","94.86821272","94.36993574","94.85424234","95.80888516","95.89736425","96.58191301","96.1814287","96.16280153","95.79025799","95.90667784","95.83682593","95.57135046","95.1567341","95.3298706032","95.68981228","96.17277201","97.19336614","97.68088208","98.34609076","98.56934573",
"아파트","서울","전세수급동향","","107.7484047","110.3919781","115.1916058","114.3446379","112.5114574","111.1824015","112.1448213","117.2777269","120.3941338","120.4399633","119.3858845","119.4775435","120.5908684","121.038496","120.2775291","114.3688451","110.2506714","109.8478066","111.4592659","111.5487914","114.4583706","117.0098478","115.7564906","116.8755595","115.2504472","116.8157424","120.9302326","122.2271914","120.3488372","119.8121646","120.6171735","120.0805009","122.0035778","122.7862254","123.1663685","121.3103757","119.8792487","116.5921288","114.8479428","114.5348837","115.2504472","115.7871199","115.8765653","115.9660107","115.2250662","115.0485437","114.6954987","112.5772286","108.6054722","108.4289497","107.6345984","107.678729","107.4712644","108.524735","107.9063604","101.8534863","102.4271845","103.2656664","102.5154457","100.1902588","100.0761035","99.543379","94.7869102","89.53576865","85.1217656","86.26331811","89.61187215","93.91171994","98.28767123","94.44444444","91.40030441","87.29071537","78.90196078","69.88235294","69.01960784","71.09803922","73.64705882","76.35294118","83.64705882","92.76470588","95.90196078","99.98039216","102.1764706","112.0392157","112.3004354","109.6879536","108.3393764","106.8940493","104.1001451","112.9172714","117.4511224","120.7096307","119.3338161","125.0181028","128.8196959","133.5264301","131.173063","126.2853005","119.4605358","109.7212165","110.2824041","117.2338885","119.982699","121.2514418","119.8385236","108.2660515","100.1345636","94.65590158","91.8781238","89.56170704","90.60938101","93.59861592","94.39638601","94.15609381","91.34948097","87.67781622","83.10265283","75.25951557","67.06074587","60.90926567","60.72628827","62.63069455","68.42793129","75.71882001","84.1579537","87.22927558","89.73114264","92.63442868","93.94137416","95.41635549","95.55638536","93.96004481","93.18515797","94.63629684","96.73952976","99.3662748","101.7725937","104.0044085","104.7483468","104.4728141","102.929831","102.0848641","100.3490081","98.32843497","97.7038942","98.19985305","99.69691403","99.78233267","101.1064756","102.4215490658","101.460185","101.6415745","103.0745511","104.9700707","104.8612371","105.5142391",
"아파트","강북권역","전세수급동향","","114.9910233","115.7091562","116.6965889","116.6965889","115.0807899","115.3500898","114.4524237","118.1328546","118.940754","118.7612208","118.491921","117.0556553","118.5413005","119.1564148","120.6502636","117.6625659","114.1476274","115.1142355","115.3778559","115.9050967","119.1564148","120.6502636","119.9472759","119.1564148","118.0701754","121.2280702","124.7368421","124.8245614","122.8070175","123.5087719","125","123.0701754","123.9473684","125.3070175","126.2280702","121.7105263","120.745614","118.0701754","115.2631579","115","115","114.5614035","114.4736842","113.6842105","112.6736111","113.28125","112.3263889","111.5451389","107.4652778","106.4236111","106.0763889","108.59375","106.3478261","106.3478261","105.5652174","101.1284722","102.5173611","103.5590278","101.0416667","94.00311526","93.7694704","95.63862928","92.60124611","86.83800623","82.63239875","83.48909657","84.26791277","86.83800623","89.01869159","86.60436137","83.48909657","82.94392523","73.55305466","66.80064309","66.31832797","67.84565916","71.3022508","72.42765273","79.90353698","88.14308682","90.07234727","94.73472669","96.26205788","103.2154341","104.712813","105.6701031","105.5882353","104.197349","101.6200295","114.1384389","119.0441176","122.2794118","118.9705882","126.7647059","128.5294118","133.75","133.4558824","130.1470588","122.0220588","111.4338235","111.8382353","118.8970588","119.3573668","121.1206897","122.7468652","108.1504702","101.234326","94.49451411","91.77115987","89.30250784","91.24216301","94.59247649","94.37695925","93.75","90.36050157","86.32445141","80.42711599","73.0799373","65.71316614","60.36442006","62.72312951","65.91340676","71.24952526","77.36422332","83.87770604","84.88416255","89.3657425","90.96088112","92.61298899","93.33459932","93.23965059","91.37865553","91.31245339","94.20208799","96.06636838","100","102.8709918","106.3571961","105.7233408","105.1267711","103.616704","102.6286353","100.6338553","97.89336316","96.66293811","96.75615213","98.26621924","99.00442478","100.7190265","102.3230088496","101.2352507","101.3458702","103.4292035","105.5678466","105.2359882","106.0103245",
"아파트","도심권","전세수급동향","","136.3636364","136.3636364","134.8484848","134.8484848","134.8484848","134.3434343","134.8484848","134.3434343","134.8484848","134.3434343","134.3434343","134.3434343","131.5533981","131.5533981","131.5533981","131.0679612","130.5825243","130.5825243","129.6116505","130.5825243","130.5825243","131.5533981","133.9805825","134.9514563","132.5242718","134.9514563","134.4660194","134.9514563","134.4660194","133.4951456","134.4660194","134.9514563","132.038835","131.5533981","132.038835","129.1262136","128.6407767","128.6407767","129.6116505","129.1262136","129.1262136","129.1262136","129.1262136","125.7281553","118.4466019","120.3883495","117.961165","114.5631068","112.1359223","110.6796117","107.7669903","116.5048544","116.5048544","117.4757282","119.4174757","115.0485437","119.9029126","124.7572816","117.4757282","107.5268817","110.2150538","115.5913978","115.5913978","96.23655914","95.69892473","101.0752688","102.688172","106.9892473","105.9139785","109.6774194","97.84946237","98.92473118","92.70833333","81.25","83.85416667","85.41666667","82.29166667","86.45833333","77.08333333","84.89583333","89.58333333","94.79166667","105.2083333","107.8125","113.0630631","112.1621622","115.625","110.3603604","107.2072072","117.5675676","126.3392857","124.1071429","121.875","131.6964286","132.5892857","142.4107143","137.0535714","130.8035714","120.5357143","111.6071429","103.125","115.625","114.2414861","118.8854489","118.5758514","104.6439628","102.1671827","92.10526316","89.31888545","85.13931889","87.61609907","92.10526316","91.33126935","90.09287926","86.84210526","84.05572755","76.00619195","69.65944272","65.01547988","60.99071207","63.96396396","66.51651652","70.87087087","78.22822823","83.03303303","84.23423423","89.48948949","92.04204204","94.29429429","91.89189189","90.84084084","89.63963964","90.44117647","90.29411765","91.61764706","93.67647059","99.41176471","103.0882353","104.5588235","106.0294118","104.8529412","103.6764706","102.9411765","101.0294118","99.41176471","100.2941176","101.6176471","100.867052","101.734104","103.0346820809","101.8786127","101.1560694","103.6127168","104.9132948","103.6127168","103.7572254",
"아파트","동북권","전세수급동향","","100.5813953","102.9069767","104.7965116","105.377907","103.3430233","103.3430233","102.9069767","108.8662791","110.1744186","110.0290698","109.7383721","107.4127907","110.6017192","111.8911175","114.3266476","109.3123209","104.1547278","105.8739255","106.5902579","107.1633238","111.6045845","113.7535817","111.8911175","110.3151862","108.739255","113.3237822","118.4813754","119.0544413","116.1891117","117.47851","119.6275072","116.3323782","118.7679083","119.6991404","121.3467049","114.8280802","113.3954155","109.025788","104.5845272","104.2979943","104.0114613","103.4383954","103.4383954","103.1518625","102.6912181","102.5495751","101.8413598","101.8413598","100.1416431","99.71671388","100.2832861","101.5580737","100.7102273","100.4261364","100.1420455","96.74220963","97.16713881","97.45042493","96.17563739","89.48655257","88.63080685","89.36430318","84.71882641","82.76283619","79.70660147","80.68459658","80.92909535","82.39608802","85.20782396","81.90709046","80.19559902","81.17359413","70.79081633","66.32653061","65.43367347","67.34693878","70.91836735","71.81122449","79.84693878","88.45663265","90.36989796","94.96173469","94.57908163","101.6581633","101.3064133","102.7315914","102.4940618","101.543943","98.09976247","113.8954869","118.4085511","123.1591449","120.0712589","127.4346793","129.216152","133.1353919","133.6104513","130.4038005","122.6247031","110.6294537","114.608076","121.1401425","123.1736527","122.6946108","125.1497006","108.4730539","100.5688623","94.49101796","91.31736527","89.8502994","91.46706587","95.02994012","95.68862275","95.08982036","91.28742515","86.88622754","82.18562874","75.1497006","68.29341317","61.76646707","63.66024518","67.6882662","73.99299475","79.39287799","85.90192644","85.84354933","89.696439","90.6012843","91.88558085","92.00233508","92.70286048","91.36018681","91.44661309","95.83811711","97.44546498","102.0091848","104.2479908","107.5774971","106.5729047","106.1710677","103.7026406","102.5258324","100.0574053","96.90011481","95.29276693","95.06314581","96.98622273","98.20615034","100.3416856","102.3633257403","101.6799544","101.9077449","103.6161731","106.3781321","106.8052392","107.6879271",
"아파트","서북권","전세수급동향","","139.9122807","136.4035088","136.8421053","135.0877193","133.3333333","135.0877193","131.5789474","132.0175439","131.5789474","131.5789474","131.1403509","131.1403509","130.7692308","129.9145299","129.9145299","130.7692308","129.4871795","129.0598291","129.0598291","129.0598291","131.6239316","131.6239316","131.6239316","131.6239316","133.0508475","132.6271186","134.7457627","133.0508475","132.2033898","132.6271186","132.6271186","132.6271186","132.2033898","136.440678","135.5932203","135.5932203","135.5932203","135.5932203","134.3220339","134.3220339","135.1694915","134.7457627","134.3220339","134.3220339","137.0833333","138.75","138.3333333","137.5","125","122.5","121.6666667","122.5","114.1666667","114.1666667","109.5833333","102.0833333","103.3333333","103.3333333","101.25","98.21428571","97.85714286","100.7142857","100.3571429","92.5","82.5","80","81.78571429","86.42857143","88.92857143","85","83.57142857","77.5","67.91044776","57.8358209","56.34328358","56.71641791","64.55223881","64.17910448","82.08955224","89.55223881","89.55223881","94.02985075","94.7761194","104.4776119","108.1632653","109.1836735","106.8027211","107.1428571","107.4829932","112.244898","115.3061224","118.3673469","113.6054422","121.0884354","123.4693878","128.9115646","130.2721088","128.9115646","121.4285714","113.6054422","110.5442177","114.9659864","110.9123435","117.7101968","117.9785331","109.2128801","102.6833631","95.88550984","94.54382826","90.07155635","92.66547406","94.72271914","92.21824687","91.86046512","89.62432916","85.95706619","77.72808587","68.87298748","58.4078712","55.81395349","59.28449744","60.39182283","63.45826235","70.95400341","78.44974446","82.45315162","88.33049404","91.39693356","93.78194208","98.04088586","96.1669506","92.41908007","91.41666667","91.66666667","94.58333333","97.75","100.8333333","104.6666667","103.9166667","101.5833333","102.6666667","102.3333333","101","99","99.08333333","99.66666667","100.0833333","100.2459016","101.2295082","101.8032786885","99.59016393","99.83606557","102.7868852","103.6065574","101.6393443","102.4590164",
"아파트","강남권역","전세수급동향","","100.2777778","104.9074074","113.6363636","111.8913858","109.8314607","106.835206","109.7378277","116.3857678","121.9101124","122.1910112","120.3183521","122.0037453","122.7189781","122.9927007","119.8905109","110.9489051","106.2043796","104.379562","107.3905109","107.0255474","109.580292","113.229927","111.4051095","114.5072993","112.3175182","112.2262774","116.9708029","119.5255474","117.7919708","115.9671533","116.0583942","116.9708029","119.9817518","120.1642336","119.9817518","120.8941606","118.9781022","115.0547445","114.4160584","114.0510949","115.5109489","117.0620438","117.3357664","118.3394161","117.8635548","116.8761221","117.1454219","113.6445242","109.7845601","110.502693","109.2459605","106.7324955","108.6330935","110.7719928","110.3231598","102.6032316","102.3339318","102.962298","104.0394973","106.1011905","106.1011905","103.2738095","96.875","92.11309524","87.5","88.91369048","94.7172619","100.6696429","107.1428571","101.9345238","98.95833333","91.44345238","83.99693721","72.81776417","71.59264931","74.19601838","75.8805513","80.09188361","87.21286371","97.1669219","101.4548239","104.9770291","107.8101072","120.4441041","119.6709585","113.5908441","111.0157368","109.5135908","106.509299","111.7310443","115.9058488","119.1868759","119.6861626","123.3238231","129.1012839","133.3095578","128.9586305","122.5392297","116.9757489","108.0599144","108.7731812","115.6205421","120.5849057","121.3773585","117.0377358","108.3773585","99.0754717","94.81132075","91.98113208","89.81132075","90","92.64150943","94.41509434","94.54716981","92.30188679","88.98113208","85.67924528","77.35849057","68.35849057","61.43396226","58.7954462","59.45648182","65.69959603","74.12780022","84.42893867","89.49687844","90.08446566","94.2526625","95.22585384","97.42930591","97.79654793","96.45611458","95.00362056","95.05792904","97.39319334","98.75090514","100.7060101","101.7197683","103.801593","103.8377987","102.262853","101.5568429","100.0724113","98.75090514","98.71469949","99.60173787","101.0861694","100.535523","101.4816137","102.5169582292","101.6779722","101.9278829","102.7311674","104.3912888","104.4983934","105.0339165",
"아파트","서남권","전세수급동향","","98.6970684","100.6514658","109.2833876","108.1433225","108.4690554","103.5830619","96.74267101","104.8859935","112.2149837","113.3550489","119.7068404","119.3811075","120.952381","121.9047619","120.3174603","110","103.4920635","101.5873016","102.3809524","101.9047619","108.0952381","115.7142857","113.1746032","116.8253968","112.8571429","111.5873016","112.6984127","115.5555556","114.6031746","114.1269841","116.1904762","119.5238095","124.2857143","124.7619048","124.9206349","126.984127","124.1269841","118.2539683","117.1428571","116.3492063","118.7301587","120.6349206","121.1111111","123.6507937","123.354232","121.630094","122.4137931","119.4357367","112.8526646","112.8526646","109.4043887","106.1128527","107.0754717","108.30721","106.1128527","101.2539185","103.6050157","104.3887147","105.4858934","103.9402174","105.1630435","104.7554348","99.72826087","95.78804348","94.56521739","95.65217391","102.8532609","104.3478261","105.4347826","103.5326087","103.2608696","96.19565217","87.98342541","77.0718232","73.61878453","72.09944751","71.40883978","77.76243094","86.4640884","95.44198895","103.4530387","108.0110497","111.1878453","127.3480663","121.483376","114.3222506","107.9283887","106.5217391","102.4296675","107.9283887","110.9974425","114.5780051","117.0076726","122.2506394","129.028133","130.0511509","125.831202","121.6112532","117.0076726","111.7647059","110.1023018","112.7877238","120.6275033","123.0307076","119.5260347","111.8491322","99.83311081","95.99465955","92.89052069","91.12149533","90.65420561","92.99065421","92.89052069","93.05740988","91.28838451","88.45126836","85.54739653","78.07076101","65.88785047","58.44459279","54.67836257","56.14035088","63.25536062","74.46393762","82.58609487","88.23911631","89.40870695","95.97141001","97.23846654","99.80506823","99.18778428","98.47303444","97.26688103","97.36334405","100.3536977","101.1897106","103.1511254","104.340836","106.3022508","106.1093248","104.0514469","102.5080386","100.7717042","99.54983923","98.90675241","99.93569132","101.414791","101.6200762","102.4142313","103.1130876747","102.8907243","102.7318933","103.3354511","104.3837357","105.0190597","105.6226175",
"아파트","동남권","전세수급동향","","102.360515","110.5150215","119.3965517","116.9603524","111.6740088","111.2334802","127.3127753","131.938326","135.0220264","134.1409692","121.1453744","125.5506608","125.1072961","124.4635193","119.3133047","112.2317597","109.8712446","108.1545064","114.1630901","113.9484979","111.5879828","109.8712446","109.0128755","111.3733906","111.5879828","113.0901288","122.7467811","124.8927039","122.1030043","118.4549356","115.8798283","113.5193133","114.1630901","113.9484979","113.304721","112.6609442","112.0171674","110.7296137","110.7296137","110.944206","111.1587983","112.2317597","112.2317597","111.1587983","110.5042017","110.5042017","110.0840336","105.8823529","105.6722689","107.3529412","109.0336134","107.5630252","110.7142857","114.0756303","115.9663866","104.4117647","100.6302521","101.0504202","102.1008403","108.7171053","107.2368421","101.4802632","93.42105263","87.66447368","78.94736842","80.75657895","84.86842105","96.21710526","109.2105263","100","93.75","85.69078947","79.03780069","67.5257732","69.07216495","76.80412371","81.44329897","82.98969072","88.1443299","99.31271478","98.96907216","101.2027491","103.6082474","111.8556701","117.3701299","112.6623377","114.9350649","113.3116883","111.6883117","116.5584416","122.0967742","125","123.0645161","124.6774194","129.1935484","137.4193548","132.9032258","123.7096774","116.9354839","103.3870968","107.0967742","119.1935484","120.5295139","119.2274306","113.8020833","103.8628472","98.09027778","93.27256944","90.79861111","88.10763889","89.14930556","92.1875","96.39756944","96.484375","93.61979167","89.67013889","85.85069444","76.43229167","71.57118056","65.32118056","64.14695946","63.76689189","68.87668919","73.69087838","86.82432432","91.13175676","90.96283784","92.01858108","92.6097973","94.34121622","95.98817568","93.83445946","92.08782104","92.08782104","93.57912179","95.6089478","97.55592378","98.34299917","100.5799503","100.9113505","99.95857498","100.3314002","99.17149959","97.72162386","98.46727423","99.17149959","100.6628003","99.14425428","100.2852486","101.7522412388","100.1222494","100.8964955","101.9559902","104.400978","103.8304808","104.2787286",
"아파트","경기","전세수급동향","","105.9929495","105.4054054","106.9917744","109.253819","108.3725029","105.0822562","105.5522914","111.1045828","113.2784959","115.9224442","113.8072855","113.6016451","113.6819484","112.5931232","114.1690544","109.3839542","107.2922636","108.1805158","109.4412607","111.7908309","115.3438395","115.6017192","115.5730659","115","115.6515581","116.6430595","119.9291785","122.223796","122.2521246","122.3087819","121.9305556","121.3333333","121.3333333","122.8888889","122.0277778","117.4444444","115.25","115.5833333","114.6944444","114.6666667","115.0555556","114.6388889","114.3888889","113.8055556","111.6153431","112.182604","111.4262561","108.9141005","105.645597","106.6180443","106.726094","106.5440779","106.7406605","106.3547864","106.1114116","105.4294976","103.619665","104.5380875","103.1874662","96.54320988","96","95.67901235","95.45679012","89.45679012","86.04938272","88.37037037","88.22222222","88.64197531","90.79012346","90.32098765","89.60493827","88.32098765","86.08414239","83.68007397","82.03883495","80.60564031","81.7383264","81.34535368","82.91724457","87.67914933","89.82423682","91.00370028","92.64569843","97.15672677","99.17072092","100.0331565","101.1157755","98.19929297","98.6853734","105.2916483","112.5165709","114.7812638","116.1842687","117.7971719","119.719399","125.3424658","125.2761821","124.4586832","121.1886876","117.9076447","115.5214317","119.4763588","126.1863953","127.9110873","126.6738082","121.9710766","99.94643814","96.03642207","92.98339582","90.32672737","91.66488108","95.3561864","95.52222817","95.34011784","92.5977504","87.35940011","84.42420996","77.42903053","69.31440814","64.46170327","63.70420624","67.0545872","73.89103434","79.04707233","84.93894166","87.76223776","90.00626239","92.26072435","94.83352468","95.49107609","94.31165849","93.18442751","92.51143874","93.1621759","93.3858668","94.824606","97.30554143","98.02236909","99.6797153","100.747331","100.7625826","100.8083376","99.80172852","99.18657855","98.15455008","98.54092527","99.36959837","99.17772934","99.45016842","99.826629681","98.92510402","98.83098871","99.6978403","100.4507628","100.8569447","100.8668516",
"아파트","경부1권","전세수급동향","","96.90553746","100.3257329","111.0749186","111.4006515","111.8892508","110.2605863","109.4462541","111.4006515","114.6579805","121.3355049","120.0325733","120.0325733","114.7249191","115.5339806","114.5631068","106.1488673","105.8252427","104.0453074","104.0453074","105.5016181","117.3139159","120.2265372","120.0647249","118.9320388","121.6129032","123.5483871","126.2903226","133.8709677","132.7419355","129.3548387","127.1159875","125.3918495","124.7648903","125.862069","124.7648903","118.0250784","114.2633229","114.5768025","114.2633229","114.4200627","115.3605016","115.6739812","114.7335423","111.9122257","106.5286624","105.8917197","104.7770701","104.4585987","101.7515924","103.9808917","102.7070064","103.1847134","103.343949","103.5031847","103.5031847","103.8216561","103.9808917","105.4140127","103.8216561","87.60217984","89.373297","87.73841962","85.14986376","82.97002725","80.79019074","81.47138965","81.19891008","80.38147139","85.42234332","88.28337875","87.60217984","84.60490463","77.96833773","72.16358839","69.78891821","65.4353562","67.01846966","70.84432718","78.49604222","85.88390501","93.27176781","93.13984169","93.7994723","99.60422164","101.4322917","97.65625","97.78645833","92.578125","93.48958333","100.390625","117.8385417","119.53125","121.2239583","123.9583333","120.3125","133.59375","134.375","130.078125","120.3125","111.1979167","107.9427083","113.0208333","122.9369721","126.445744","125.3411306","115.9519168","96.65367122","91.29304743","89.34372969","86.38726446","89.18128655","95.35412606","96.39376218","98.60298895","95.25666017","93.01494477","88.98635478","78.91487979","72.35217674","66.30929175","64.47028424","70.31653747","78.03617571","83.8501292","93.37855297","94.7997416","95.25193798","96.57622739","97.57751938","98.0620155","96.47932817","94.73514212","93.10998736","94.21618205","94.97471555","95.70164349","96.74462705","95.89127686","98.76738306","99.90518331","101.4222503","101.3906448","99.90518331","100.2844501","98.19848293","99.2414665","101.011378","101.4851485","103.9294554","104.5173267327","102.9393564","102.2586634","104.2079208","105.9715347","104.8886139","105.3217822",
"아파트","경부2권","전세수급동향","","102.0057307","101.0028653","100.8595989","104.7277937","103.4383954","102.5787966","102.4355301","107.5931232","108.0229226","108.8825215","108.8825215","111.0315186","113.1284916","111.0335196","111.3128492","106.9832402","105.027933","108.1005587","109.9162011","113.1284916","114.9441341","113.4078212","111.1731844","110.6145251","109.9722992","108.7257618","119.2520776","119.9445983","121.3296399","121.3296399","119.4070081","120.0808625","120.754717","126.4150943","124.9326146","116.4420485","109.9730458","112.1293801","111.9946092","111.4555256","112.8032345","111.8598383","112.3989218","112.1293801","112.6984127","112.3015873","112.4338624","113.2275132","113.6243386","114.6825397","114.4179894","114.1534392","113.6243386","111.9047619","112.1693122","109.3915344","107.1428571","107.4074074","106.2169312","102.0238095","100.1190476","99.28571429","99.16666667","93.57142857","88.92857143","87.14285714","87.02380952","86.42857143","88.57142857","87.14285714","85.5952381","85.83333333","86.27232143","80.13392857","77.90178571","73.88392857","75.22321429","72.76785714","72.76785714","80.13392857","80.46875","80.02232143","82.36607143","91.74107143","97.67818575","100.0538793","98.97849462","93.17204301","95.75268817","107.7956989","115.1075269","120.8602151","121.5591398","123.6021505","125.8602151","130.6451613","129.6774194","128.7096774","127.7419355","123.4946237","120.3763441","119.1935484","124.2902208","124.2902208","122.6340694","125.4731861","97.68664564","97.39747634","89.85278654","89.3533123","92.24500526","93.6382755","91.64037855","93.16508938","89.95793901","83.62250263","82.5446898","79.52155626","72.13459516","67.56046267","63.6503856","68.99742931","77.76349614","84.96143959","89.25449871","91.23393316","92.57069409","95.01285347","96.86375321","97.1722365","97.24935733","95.93830334","95.13677812","95.21276596","94.57953394","97.87234043","100.2786221","100.3292806","100.9625127","102.0516717","101.5450861","100.4052685","99.92401216","98.98682877","99.67071935","99.56940223","99.69604863","98.89107935","99.58107442","99.5810744209","100.3203549","100.616067","100.6653524","101.2567767","102.3903401","102.6614096",
"아파트","서해안권","전세수급동향","","112.7272727","113.75","110.3409091","113.75","110.9090909","107.2727273","109.2045455","118.5227273","118.8636364","118.2954545","118.2954545","115.1136364","114.9777283","115.9799555","116.6481069","112.7505568","113.8641425","112.4164811","111.8596882","111.636971","116.8708241","116.8708241","117.9844098","117.5389755","121.3414634","123.8913525","124.0022173","125.2217295","124.4456763","124.4456763","124.4481236","124.392936","124.9448124","124.5033113","123.3995585","119.7571744","117.1081678","115.8940397","114.1280353","114.3487859","114.5695364","113.5761589","113.3554084","113.4657837","110.1479915","110.5708245","109.9365751","109.5137421","109.4080338","109.1966173","109.0909091","108.2452431","108.1740977","108.4566596","108.0338266","107.7167019","105.9196617","106.5539112","104.5454545","100.513347","99.69199179","99.48665298","99.38398357","91.06776181","87.37166324","95.27720739","98.45995893","100.4106776","100.7186858","96.91991786","94.86652977","95.27720739","93.42105263","90.41353383","88.72180451","89.7556391","91.82330827","90.88345865","91.16541353","95.20676692","97.46240602","99.2481203","101.9736842","103.6654135","101.8388792","100.262697","102.7145359","98.86164623","99.38704028","105.5166375","107.7057793","108.4938704","110.7705779","113.3099825","114.1856392","117.1628722","115.323993","116.1996497","116.1120841","115.6742557","114.0980736","119.4395797","130.4029304","131.5425315","134.961335","129.2022792","102.6455026","99.16564917","96.19454619","90.98494098","90.51689052","97.31379731","97.76149776","98.61619862","96.07244607","88.72608873","85.18518519","77.61497761","66.28001628","63.71591372","63.31638639","66.48416113","74.75557294","79.60500587","87.6417677","90.8290966","95.03324208","96.30426281","99.43292921","100.2150958","98.02502933","96.4215878","95.29478458","95.61602419","96.97656841","97.7702192","99.82993197","100.9259259","100.2078609","100.9448224","100.3779289","100.3023432","99.01738473","98.14814815","97.46787604","98.05366591","98.33711262","98.50883652","97.25699558","98.472017673","97.44108984","97.25699558","98.54565538","100.3497791","100.5706922","101.1045655",
"아파트","동부1권","전세수급동향","","114.7590361","117.1686747","118.6746988","118.373494","118.0722892","107.2289157","106.9277108","108.7349398","110.8433735","113.5542169","109.6385542","113.253012","112.9518072","110.2409639","110.8433735","108.7349398","106.626506","109.6385542","107.8313253","109.3373494","111.746988","114.4578313","112.9518072","111.1445783","110.2409639","113.8554217","117.7710843","120.7831325","120.1807229","125","119.6428571","113.9880952","113.6904762","114.8809524","114.5833333","114.2857143","113.6904762","113.6904762","113.6904762","113.0952381","111.9047619","111.9047619","111.9047619","111.9047619","111.7816092","109.1954023","108.6206897","103.4482759","101.7241379","103.1609195","102.2988506","102.0348837","102.3255814","106.3953488","106.3953488","104.8850575","103.7356322","105.1724138","104.5977011","101.8957346","100.4739336","100","99.52606635","92.41706161","90.99526066","91.70616114","90.28436019","91.46919431","94.54976303","93.12796209","92.18009479","91.23222749","88.57142857","94.28571429","94.28571429","96.12244898","96.93877551","94.89795918","93.26530612","100","101.6326531","102.4489796","102.4489796","103.6734694","103.4749035","104.6332046","105.5984556","106.9498069","105.984556","113.8996139","119.1119691","119.3050193","118.9189189","117.3745174","122.972973","127.2200772","126.0617761","119.1119691","112.1621622","112.9343629","111.969112","119.1119691","120.0570342","121.7680608","119.2490494","116.8726236","99.80988593","95.29467681","92.63307985","90.16159696","91.43672693","94.34410646","97.86121673","94.48669202","92.01520913","85.07604563","83.22243346","77.70912548","72.29087452","61.88212928","62.44109331","63.85485391","67.67200754","74.97643732","82.94062205","85.53251649","90.76343073","92.5070688","94.29783223","94.15645617","92.03581527","90.19792648","89.0625","91.36029412","89.43014706","90.80882353","95.63419118","96.46139706","99.26470588","101.6084559","101.6544118","102.2977941","101.2408088","99.40257353","99.17279412","99.95404412","102.0680147","102.0720721","103.6036036","104.0540540541","101.8918919","102.2972973","103.018018","104.4594595","107.1171171","105.4054054",
"아파트","동부2권","전세수급동향","","109.8484848","118.1818182","120.4545455","117.4242424","109.8484848","110.6060606","112.1212121","112.8787879","112.1212121","112.1212121","110.6060606","115.1515152","112.3287671","109.5890411","104.7945205","103.4246575","102.739726","102.739726","102.739726","102.739726","102.739726","102.739726","102.739726","101.369863","104.375","105.625","106.875","106.25","105.625","105","102.5974026","101.2987013","101.2987013","103.2467532","102.5974026","101.9480519","101.9480519","102.5974026","102.5974026","101.9480519","102.5974026","102.5974026","102.5974026","102.5974026","101.9480519","104.5454545","105.8441558","103.8961039","104.5454545","104.5454545","107.1428571","105.1948052","105.8441558","103.8961039","105.1948052","103.2467532","103.8961039","107.1428571","105.1948052","99.30555556","102.7777778","100","102.7777778","103.4722222","104.8611111","105.5555556","97.91666667","100","98.61111111","97.91666667","96.52777778","92.36111111","86.61971831","87.32394366","77.46478873","80.98591549","80.28169014","86.61971831","88.73239437","88.73239437","92.14285714","93.57142857","94.28571429","92.95774648","92.36111111","97.91666667","94.44444444","97.22222222","97.91666667","97.91666667","98.61111111","97.91666667","98.61111111","94.44444444","93.05555556","104.8611111","106.9444444","110.4166667","111.1111111","112.5","114.5833333","115.9722222","110.8108108","111.969112","118.7258687","122.7799228","111.003861","103.8610039","103.8610039","95.75289575","100.1930502","100.3861004","98.06949807","100.3861004","98.64864865","97.1042471","95.75289575","93.05019305","82.43243243","72.77992278","66.48351648","65.38461538","63.73626374","65.56776557","74.72527473","85.53113553","82.6007326","82.41758242","82.78388278","84.24908425","82.96703297","81.86813187","82.49097473","82.1299639","85.01805054","82.67148014","80.14440433","88.44765343","94.0433213","94.0433213","92.05776173","91.6967509","90.433213","93.68231047","95.48736462","96.93140794","94.58483755","95.81881533","95.99303136","96.1672473868","93.90243902","97.73519164","95.99303136","93.55400697","93.55400697","93.90243902",
"아파트","경의권","전세수급동향","","102.7896996","90.55793991","91.63090129","94.84978541","97.63948498","94.84978541","94.63519313","104.5064378","107.5107296","111.1587983","107.2961373","109.4420601","117.2690763","112.8514056","112.6506024","111.4457831","109.437751","112.8514056","112.6506024","114.4578313","116.6666667","115.4618474","117.2690763","115.6626506","116.015625","118.1640625","117.3828125","119.7265625","120.5078125","120.8984375","126.5917603","125.6554307","125.4681648","125.4681648","124.3445693","121.3483146","120.9737828","120.9737828","120.5992509","120.7865169","120.7865169","120.9737828","120.7865169","120.2247191","117.7419355","119.3548387","116.8458781","112.1863799","104.4802867","106.09319","108.2437276","108.9605735","110.5734767","107.7060932","106.4516129","107.3476703","101.7921147","102.3297491","101.7921147","87.95986622","86.12040134","88.46153846","90.46822742","80.26755853","73.41137124","77.090301","74.41471572","74.08026756","77.9264214","80.43478261","82.44147157","78.09364548","76.76282051","78.04487179","77.56410256","79.32692308","80.60897436","79.80769231","82.21153846","85.73717949","84.13461538","84.61538462","85.57692308","90.38461538","95.12195122","101.2195122","104.5731707","104.5731707","105.7926829","108.9939024","113.8719512","114.3292683","113.5670732","113.8719512","119.9695122","122.4085366","120.7317073","123.0182927","121.0365854","114.4817073","114.7865854","119.6646341","129.60199","131.7697228","125.8351102","112.6865672","99.21819474","92.1108742","91.57782516","90.86709311","91.86211798","93.31911869","93.17697228","89.05472637","86.06965174","82.9068941","78.71357498","66.73773987","59.73702914","56.21890547","57.04467354","59.75945017","66.25429553","69.86254296","72.33676976","74.81099656","75.94501718","81.09965636","85.67010309","87.80068729","88.65979381","89.75945017","90","89.83277592","90.06688963","91.07023411","94.18060201","95.55183946","100.8361204","102.3745819","103.1438127","104.8494983","103.8795987","103.277592","98.89632107","98.46153846","99.73244147","97.41153342","96.03538663","95.2817824377","93.70904325","92.10353866","92.85714286","92.20183486","92.13630406","92.30013106",
"아파트","경원권","전세수급동향","","107.8014184","106.0283688","108.1560284","110.9929078","110.6382979","104.964539","106.7375887","108.8652482","118.7943262","126.5957447","115.6028369","107.8014184","103.9007092","103.1914894","124.1134752","112.0567376","94.68085106","96.80851064","112.0567376","125.5319149","115.6028369","115.248227","115.9574468","119.858156","110.9929078","105.3191489","109.2198582","108.1560284","109.5744681","111.7021277","113.4482759","117.2413793","115.862069","117.2413793","118.9655172","116.2068966","123.4482759","124.8275862","121.0344828","121.7241379","121.3793103","120.6896552","119.3103448","119.6551724","117.3076923","123.7179487","123.0769231","108.3333333","89.74358974","90.38461538","91.02564103","91.02564103","91.02564103","91.02564103","90.38461538","90.38461538","90.38461538","91.66666667","90.38461538","98.22485207","98.52071006","98.52071006","97.92899408","95.26627219","94.67455621","94.9704142","94.67455621","95.56213018","94.08284024","94.37869822","95.26627219","95.26627219","93.75","90.90909091","91.47727273","83.23863636","80.96590909","78.69318182","77.84090909","73.86363636","75.85227273","83.80681818","86.36363636","90.625","93.75","96.4673913","98.64130435","97.2826087","92.11956522","92.66304348","103.5326087","110.0543478","116.576087","120.923913","125.5434783","130.7065217","140.2173913","143.2065217","139.1304348","139.9456522","130.1630435","135.326087","131.5716273","135.3963839","127.2600834","126.216968","101.3908206","97.84422809","97.42698192","96.31432545","96.24478442","96.87065369","96.52294854","94.64534075","93.46314325","89.01251739","85.88317107","82.96244784","75.38247566","71.76634214","77.42587601","76.61725067","79.71698113","80.39083558","78.03234501","82.81671159","84.23180593","87.26415094","91.10512129","90.56603774","87.8032345","86.72506739","88.35705045","90.29754204","89.78007762","92.43208279","96.76584735","96.95989651","96.8305304","96.50711514","95.98965071","95.7309185","95.40750323","94.7606727","94.6313066","94.89003881","95.92496766","98.08641975","99.50617284","99.6913580247","99.9382716","101.1111111","101.7901235","100.2469136","100.3703704","99.07407407",
"아파트","인천","전세수급동향","","106.0906516","106.9405099","111.3314448","112.8895184","111.4730878","109.9150142","113.1728045","119.2634561","124.3626062","128.3286119","130.5949008","129.0368272","128.5135135","127.1621622","127.027027","119.7297297","117.1621622","112.972973","113.3783784","113.9189189","114.8648649","114.8648649","113.3783784","112.7027027","114.6112601","117.4262735","117.69437","119.4369973","119.1689008","120.7774799","122.2365039","122.2365039","122.3650386","119.2802057","119.6658098","119.6658098","117.6092545","117.8663239","117.4807198","117.6092545","117.0951157","118.8946015","115.9383033","117.0951157","112.7819549","117.0426065","118.9223058","117.4185464","117.6691729","116.5413534","117.2932331","118.2957393","118.2957393","118.9223058","117.6691729","117.5438596","115.4135338","115.914787","114.6616541","103.1712474","102.6427061","102.1141649","101.1627907","92.07188161","86.15221987","83.82663848","82.34672304","80.76109937","82.02959831","84.46088795","85.62367865","88.58350951","88.09034908","86.03696099","84.70225873","85.72895277","87.26899384","87.06365503","87.78234086","87.88501027","93.1211499","93.94250513","95.07186858","96.91991786","95.67779961","100.4420432","105.1571709","104.7642436","103.7328094","102.5540275","103.8310413","103.6345776","102.3575639","109.0373281","116.2082515","117.3870334","117.9764244","121.021611","116.8467583","109.5284872","111.0019646","119.7937132","119.5286195","123.4728235","125.6613757","124.3867244","102.6936027","100.1924002","97.30639731","90.93314093","91.8951419","96.34439634","94.17989418","92.80904281","88.19143819","82.78018278","78.78787879","75.10822511","69.26406926","65.34391534","66.28504673","68.22429907","71.84579439","78.20093458","83.03738318","85","86.42523364","89.04205607","91.86915888","93.36448598","90.93457944","90.37383178","91.8845807","93.1018936","96.10009017","96.93417493","101.1947701","100.3832281","101.3976555","104.9143372","103.471596","104.2155095","101.0595131","97.45266005","95.7619477","95.4012624","97.81334536","98.44706912","96.19422572","96.697287839","95.14435696","95.42869641","98.25021872","100.1531059","102.384077","104.3525809",
"아파트","부산","전세수급동향","","104.1940789","108.0592105","109.2927632","110.1973684","108.8815789","102.9605263","101.4802632","98.4375","106.6611842","113.4046053","111.0197368","106.7434211","110.8557845","116.1648177","113.866878","111.0142631","110.0633914","108.0824089","105.1505547","105.7052298","106.7353407","110.459588","109.7464342","105.7052298","105.9097978","107.3872473","116.874028","114.9300156","112.5194401","109.9533437","108.1554878","106.3262195","107.8506098","110.9756098","114.7103659","113.4146341","109.1463415","108.6128049","110.1371951","110.8993902","110.8993902","111.7378049","111.7378049","111.0518293","110.1361573","111.6490166","112.2541604","104.9167927","105.4462935","104.1603631","104.1603631","103.6308623","101.9667171","100.5295008","97.20121029","95.46142209","96.14220877","93.79727685","93.41906203","87.96147673","86.91813804","86.43659711","86.35634029","78.41091493","75.76243981","74.07704655","71.99036918","70.30497592","67.57624398","65.40930979","62.84109149","61.23595506","52.95527157","52.23642173","49.52076677","49.36102236","49.60063898","49.44089457","48.08306709","47.20447284","48.56230032","48.96166134","58.38658147","64.05750799","67.20430108","69.43164363","70.04608295","64.97695853","67.58832565","68.74039939","76.95852535","81.87403994","82.71889401","88.24884793","97.00460829","106.374808","107.296467","105.6067588","102.6113671","102.2273425","105.2227343","107.7572965","109.4889139","111.8564449","110.0338219","116.9485156","101.5595641","99.51146186","98.87260428","99.77452086","100.3382187","99.736941","98.684705","97.83915821","96.37354378","90.30439684","88.46298384","83.01390455","76.23074032","71.23261932","72.58357558","73.20130814","76.9622093","83.1940407","85.50145349","85.79215116","85.04723837","86.30087209","86.30087209","87.1184593","86.19186047","85.33793605","85.32647268","84.58126331","87.77501774","90.89779986","90.63165366","89.99290277","91.05748758","92.70759404","92.72533712","92.68985096","92.12207239","92.54790632","93.31085877","94.3577005","94.73030518","94.05509066","94.28172943","94.7873082287","95.10111576","96.12970711","95.74616457","97.0013947","97.87308229","97.66387727",
"아파트","중부산권","전세수급동향","","106.1111111","106.6666667","113.5185185","109.4444444","109.4444444","104.4444444","104.6296296","105.1851852","112.4074074","115.9259259","112.5925926","105.9259259","105.734767","111.2903226","110.3942652","112.7240143","113.0824373","111.4695341","107.7060932","105.9139785","105.734767","112.1863799","107.8853047","106.2724014","106.8100358","106.2724014","112.5448029","110.7526882","109.8566308","110.7526882","108.7719298","105.7894737","109.6491228","109.2982456","113.1578947","112.2807018","112.1052632","112.1052632","112.1052632","112.6315789","113.3333333","113.3333333","112.8070175","109.122807","109.2982456","108.7719298","110.5263158","108.7719298","108.7719298","106.1403509","104.0350877","101.754386","99.47368421","98.42105263","96.49122807","96.49122807","97.19298246","96.84210526","96.66666667","88.20224719","88.57677903","88.20224719","89.88764045","73.59550562","72.09737828","70.59925094","70.03745318","70.03745318","69.66292135","66.47940075","64.04494382","64.23220974","65.31007752","65.50387597","58.72093023","58.91472868","59.30232558","58.72093023","56.39534884","55.03875969","57.36434109","57.36434109","71.89922481","75.19379845","81.41263941","83.08550186","82.71375465","73.04832714","76.95167286","75.0929368","82.15613383","85.31598513","86.05947955","93.12267658","106.6914498","107.8066914","106.6914498","104.0892193","101.6728625","97.95539033","100.7434944","102.6022305","111.5420561","111.3084112","109.3457944","109.4392523","100.8878505","100.3738318","98.97196262","100.5140187","100.7476636","99.76635514","98.41121495","97.38317757","96.54205607","90.09345794","86.63551402","80.60747664","77.75700935","75.23364486","76.8161435","76.59192825","80.44843049","86.5470852","89.77578475","88.47533632","86.09865471","86.8161435","85.69506726","86.50224215","85.73991031","84.48430493","83.73913043","83.43478261","88.04347826","90.13043478","91.08695652","90.13043478","92","94.30434783","93.47826087","94.26086957","93.04347826","94.13043478","93.82608696","95.95652174","95.65217391","94.66101695","96.10169492","96.6525423729","97.24576271","97.83898305","97.5","98.68644068","99.78813559","99.57627119",
"아파트","동부산권","전세수급동향","","95.29411765","105","106.1764706","108.8235294","110.8823529","99.41176471","97.35294118","89.41176471","100.2941176","114.7058824","112.9411765","101.7647059","121.5083799","124.301676","120.1117318","115.6424581","108.6592179","105.8659218","105.5865922","114.2458101","114.8044693","117.877095","116.4804469","107.8212291","108.9673913","114.1304348","126.3586957","123.9130435","118.75","108.1521739","108.8235294","109.0909091","110.4278075","112.5668449","112.8342246","110.6951872","107.7540107","108.5561497","109.6256684","110.1604278","109.3582888","109.6256684","109.6256684","115.7754011","114.171123","118.4491979","116.5775401","99.46524064","101.0695187","100.802139","103.7433155","102.6737968","100.802139","95.45454545","88.77005348","89.03743316","90.37433155","82.62032086","82.0855615","81.38888889","77.77777778","77.5","76.11111111","72.22222222","69.44444444","69.16666667","69.44444444","66.94444444","59.72222222","57.77777778","55","52.77777778","39.62765957","38.56382979","40.95744681","43.61702128","43.61702128","43.35106383","43.08510638","43.08510638","43.35106383","43.35106383","53.45744681","66.22340426","66.75257732","66.75257732","66.49484536","63.40206186","66.2371134","68.81443299","80.41237113","86.34020619","89.17525773","94.07216495","101.8041237","115.4639175","119.3298969","118.2989691","114.4329897","111.5979381","109.5360825","112.1134021","110.1343101","114.4078144","110.6837607","120.2075702","100.9157509","98.84004884","98.29059829","98.77899878","100.6105006","99.81684982","98.35164835","96.58119658","95.17704518","87.05738706","87.17948718","80.83028083","78.02197802","71.79487179","71.79034158","73.32155477","77.44405183","83.86336867","85.68904594","87.1024735","87.63250883","89.81154299","89.81154299","91.22497055","89.98822144","89.39929329","88.65207373","86.34792627","86.86635945","89.57373272","88.70967742","87.73041475","89.34331797","91.24423963","91.24423963","90.78341014","90.61059908","90.72580645","91.99308756","92.05069124","92.97235023","92.71899886","93.629124","94.8236632537","95.05119454","96.92832765","95.67690557","97.32650739","98.12286689","97.66780432",
"아파트","서부산권","전세수급동향","","110.1190476","113.3928571","105.6547619","112.797619","105.952381","104.1666667","100.5952381","96.72619048","103.8690476","108.0357143","106.547619","113.0952381","108.0924855","115.6069364","113.0057803","103.4682081","106.6473988","104.9132948","100.5780347","96.53179191","100","100","105.7803468","102.6011561","101.3888889","102.2222222","113.8888889","112.2222222","110.2777778","110.5555556","106.5217391","104.3478261","102.4456522","111.9565217","119.0217391","117.9347826","105.9782609","103.2608696","107.6086957","108.9673913","108.6956522","111.4130435","112.2282609","109.2391304","107.4074074","109.2592593","110.5820106","104.4973545","104.7619048","104.4973545","104.7619048","107.4074074","106.8783069","108.7301587","106.6137566","100.2645503","100.2645503","100.2645503","99.73544974","94.31818182","93.75","92.89772727","91.47727273","92.04545455","87.78409091","84.375","77.55681818","74.14772727","72.44318182","71.59090909","69.03409091","65.34090909","49.16666667","47.5","45.27777778","41.66666667","41.94444444","42.5","41.38888889","40.27777778","41.38888889","42.77777778","44.16666667","45.83333333","47.34042553","52.65957447","55.58510638","55.05319149","55.58510638","59.57446809","65.95744681","72.34042553","71.27659574","75.26595745","78.19148936","94.94680851","95.74468085","94.68085106","91.75531915","98.67021277","107.1808511","110.6382979","105.9585492","109.9093264","110.2979275","123.8989637","103.1735751","99.02849741","99.35233161","99.80569948","99.48186528","99.61139896","99.41709845","99.80569948","97.40932642","94.04145078","92.35751295","88.66580311","72.21502591","65.09067358","67.44923858","68.27411168","71.51015228","77.7284264","79.25126904","80.58375635","80.77411168","81.7893401","83.37563452","83.56598985","82.74111675","82.17005076","84","84.3125","88.375","93.4375","92.0625","92.25","91.5625","92","93.25","92.5","92.4375","92.25","94","94.5625","95.3125","94.62299135","92.33621755","92.0271940667","92.02719407","92.76885043","93.26328801","94.19035847","94.80840544","94.87021014",
"아파트","대구","전세수급동향","","114.4736842","115.497076","115.9356725","121.3450292","121.0526316","120.1754386","120.4678363","120.7602339","121.4912281","124.8538012","124.8538012","125.877193","125.2857143","123.7142857","123.5714286","122.1428571","121.2857143","122","121.8571429","122.2857143","122.1428571","121.7142857","123.5714286","122.8571429","111.0132159","111.2334802","113.4361233","108.3700441","110.1321586","109.9118943","108.8105727","111.6740088","110.7929515","112.3348018","114.0969163","112.5550661","113.215859","112.5550661","113.215859","114.5374449","111.4537445","111.0132159","112.9955947","111.8942731","110.5932203","111.8644068","110.5932203","112.5","114.1949153","113.9830508","112.5","107.8389831","105.5084746","105.5084746","101.6949153","105.9322034","106.1440678","105.9322034","107.2033898","100.9259259","102.962963","102.2222222","91.72576832","88.77068558","88.06146572","85.3427896","87.11583924","88.29787234","91.72576832","95.74468085","95.27186761","94.08983452","95.95505618","97.97752809","98.76404494","100.5617978","96.51685393","96.62921348","100.5617978","102.0224719","101.1235955","104.6067416","104.1573034","105.3932584","108.8656388","109.4162996","105.3414097","103.0286344","103.469163","105.8920705","107.3788546","107.7092511","112.5550661","116.6299559","121.0352423","127.753304","127.4229075","129.9559471","127.2577093","121.4207048","115.8590308","114.4273128","109.4832325","106.8169324","104.6454096","100.9895547","96.56404618","93.15557999","88.1253436","86.69598681","84.90929082","82.16052776","81.69323804","80.56624519","79.10940077","78.00989555","76.36063771","74.02418911","61.8746564","55.74491479","59.19354839","61.15591398","65.64516129","68.09139785","74.81182796","77.66129032","77.15053763","79.97311828","81.37096774","81.55913978","79.46236559","80.16129032","79.35517421","76.91107644","75.87103484","77.82111284","78.52314093","77.97711908","79.12116485","80.00520021","81.40925637","81.87727509","83.77535101","82.83931357","84.58138326","84.9973999","85.04940198","83.96273917","83.78650554","83.5347432024","82.27593152","83.66062437","85.07049345","86.95871098","88.46928499","89.40080564",
"아파트","광주","전세수급동향","","99.7826087","99.7826087","100.4347826","99.56521739","98.47826087","99.34782609","99.7826087","98.91304348","99.7826087","100","101.7391304","100.4347826","100.6355932","101.6949153","101.6949153","100.8474576","101.059322","102.1186441","101.6949153","101.2711864","101.6949153","100.8474576","100.6355932","100.4237288","100.8474576","101.059322","101.9067797","102.5423729","102.5423729","101.9067797","101.2711864","101.2711864","100.6355932","100.8474576","101.9067797","101.9067797","101.9067797","101.4830508","101.4830508","102.1186441","102.3305085","102.1186441","101.9067797","102.5423729","103.3898305","103.6016949","103.6016949","103.1779661","103.8135593","103.6016949","103.3898305","103.1779661","105.5084746","104.6610169","103.6016949","101.9067797","101.2711864","104.8728814","102.5423729","106.6552901","106.3139932","106.1433447","105.9726962","106.8259386","105.6313993","106.1433447","106.1433447","103.9249147","106.1433447","105.9726962","106.3139932","105.6313993","104.3548387","100.9677419","102.2580645","97.90322581","93.87096774","93.22580645","92.09677419","90.64516129","91.12903226","91.29032258","91.93548387","92.74193548","93.71069182","94.33962264","93.71069182","93.39622642","93.08176101","93.39622642","94.49685535","98.58490566","98.58490566","100.1572327","108.9622642","116.6666667","114.3081761","109.4339623","107.0754717","104.245283","104.7169811","105.8176101","106.3385827","105.3543307","109.9212598","111.3385827","107.7559055","104.488189","102.1259843","101.3385827","101.6929134","101.5748031","100.9055118","101.0629921","98.74015748","97.08661417","90.66929134","87.83464567","80.07874016","75.78740157","80.19305019","80.38610039","81.73745174","85.75289575","89.53667954","92.12355212","92.2007722","94.28571429","95.79150579","97.95366795","98.68725869","97.64478764","94.29857464","93.13578395","95.68642161","94.56114029","95.61140285","92.83570893","95.5363841","97.74943736","96.73668417","98.42460615","99.13728432","98.64966242","98.23705926","98.012003","97.86196549","97.0523213","96.83124539","97.4944731024","97.23655122","98.93146647","100.2210759","102.358143","103.4635225","102.8739867",
"아파트","대전","전세수급동향","","102.0737327","105.2995392","111.0599078","119.3548387","113.1336406","111.7511521","114.7465438","123.5023041","122.5806452","123.5023041","124.1935484","121.6589862","122.5663717","120.1327434","115.9292035","112.6106195","103.3185841","105.7522124","106.1946903","109.5132743","117.0353982","116.5929204","114.380531","109.9557522","127.2857143","127.4285714","126.7142857","127.4285714","128.2857143","130.5714286","129.1549296","130.8450704","131.971831","130.9859155","131.2676056","118.5915493","116.1971831","105.4929577","93.52112676","91.54929577","92.67605634","91.26760563","91.83098592","90.84507042","90.46961326","91.57458564","93.92265193","93.37016575","93.2320442","94.61325967","95.3038674","95.5801105","96.13259669","96.96132597","97.79005525","97.6519337","97.23756906","96.40883978","94.61325967","88.65248227","89.0070922","89.47990544","102.037037","99.25925926","98.7037037","97.40740741","100","100.9259259","101.4814815","104.2592593","103.8888889","101.8518519","101.6245487","103.0685921","100.9025271","97.6534296","99.81949458","99.09747292","101.9855596","104.33213","104.5126354","105.5956679","107.400722","109.3862816","111.0424028","112.4558304","115.2826855","111.0424028","106.8021201","113.869258","115.2826855","115.9893993","117.2261484","117.9328622","119.5229682","127.8268551","125","128.8869258","120.9363958","122.7031802","123.1448763","122.614841","126.5709156","128.8150808","123.0251346","121.2746858","102.1543986","96.49910233","96.85816876","93.98563734","94.92818671","95.60143627","93.85098743","91.47217235","90.21543986","87.34290844","86.53500898","83.93177738","73.78815081","65.35008977","66.6520596","67.52848379","68.0543383","73.70727432","76.95004382","78.61524978","82.51533742","87.59859772","93.12007011","94.9167397","96.01226994","95.00438212","98.89078498","97.73890785","97.65358362","94.96587031","96.84300341","97.48293515","95.60580205","94.96587031","95.52047782","95.39249147","96.92832765","97.35494881","96.88566553","95.90443686","94.53924915","93.88609715","93.67671692","93.0485762144","94.80737018","96.27303183","97.86432161","99.66499162","100.1675042","101.9262982",
"아파트","울산","전세수급동향","","104.040404","103.2828283","104.7979798","107.8282828","104.040404","102.7777778","102.7777778","99.49494949","100.2525253","103.030303","101.010101","100.2525253","99.75247525","100.4950495","101.4851485","99.25742574","99.25742574","106.1881188","103.960396","103.7128713","101.4851485","103.7128713","100.4950495","102.970297","103.6407767","103.8834951","105.3398058","106.3106796","106.3106796","105.0970874","104.3378995","105.0228311","107.7625571","109.3607306","107.5342466","106.3926941","108.4474886","107.5342466","105.7077626","102.5114155","103.196347","103.8812785","100.456621","92.92237443","87.33333333","89.33333333","89.55555556","88.22222222","86.44444444","90.88888889","91.33333333","89.11111111","88.22222222","85.55555556","82.88888889","85.55555556","84","85.33333333","84.44444444","87.38938053","82.07964602","81.63716814","80.97345133","74.55752212","69.91150442","67.25663717","65.48672566","61.0619469","62.61061947","61.0619469","60.17699115","60.39823009","56.56779661","58.26271186","56.56779661","57.20338983","57.83898305","58.05084746","56.99152542","55.72033898","55.93220339","61.86440678","73.09322034","80.08474576","81.55737705","84.42622951","85.45081967","83.81147541","83.60655738","86.06557377","101.4344262","111.8852459","111.2704918","119.4672131","131.557377","135.4508197","134.0163934","127.6639344","128.0737705","128.2786885","128.0737705","135.2459016","124.8132337","124.4397012","125.6136606","108.1643543","102.0811099","104.0021345","100.5869797","99.67982924","99.62646745","99.73319104","98.98612593","96.9583778","96.05122732","94.6638207","91.30202775","87.67342583","83.72465315","80.41622199","78.71549894","78.76857749","78.34394904","77.65392781","77.81316348","77.65392781","81.42250531","82.6433121","84.60721868","84.97876858","85.5626327","86.35881104","87.66980146","89.55067921","91.53605016","92.73772205","93.4169279","92.58098224","92.94670846","95.24555904","95.97701149","96.23824451","96.18599791","96.29049112","96.81295716","97.54440961","100.4179728","104.5641026","107.8974359","109.6923076923","111.3846154","111.7435897","112.4102564","113.025641","114","114.974359",
"아파트","세종","전세수급동향","","125.6756757","114.8648649","114.8648649","106.7567568","106.7567568","106.7567568","102.7027027","98.64864865","98.64864865","98.64864865","98.52941176","94.11764706","95.19230769","116.3461538","102.9411765","99.01960784","97.05882353","100","84","88","62.5","83.65384615","92.30769231","91.34615385","77.86885246","86.8852459","89.3442623","90.98360656","78.68852459","86.8852459","89.88764045","87.64044944","93.25842697","93.82022472","93.25842697","92.13483146","101.1235955","100","103.9325843","101.1235955","100.5617978","103.3707865","100.5617978","103.9325843","110.0917431","110.0917431","104.587156","98.62385321","90.82568807","85.77981651","72.47706422","67.43119266","69.26605505","83.02752294","86.23853211","107.7981651","110.0917431","110.5504587","111.9266055","113.28125","113.28125","82.8125","96.09375","92.1875","82.03125","75","70.3125","78.90625","89.0625","112.5","114.0625","111.71875","108.4337349","102.4096386","92.1686747","83.73493976","80.72289157","72.89156627","82.53012048","81.92771084","87.34939759","85.54216867","91.56626506","94.57831325","100.5208333","103.125","103.125","101.5625","99.47916667","105.2083333","120.8333333","125","125.5208333","134.375","133.3333333","164.5833333","165.625","160.9375","148.9583333","115.625","85.41666667","78.125","96.42857143","101.9345238","104.3154762","105.952381","96.57738095","89.28571429","95.53571429","88.24404762","85.56547619","92.85714286","91.81547619","91.66666667","88.83928571","77.23214286","75.89285714","73.21428571","55.95238095","48.21428571","54.92957746","61.26760563","80.56338028","94.50704225","95.35211268","98.5915493","98.30985915","97.74647887","97.04225352","96.76056338","95.21126761","94.08450704","93.38842975","90.35812672","87.74104683","87.60330579","88.29201102","86.91460055","87.60330579","86.50137741","90.49586777","90.22038567","94.49035813","96.96969697","94.90358127","94.35261708","94.90358127","100.2688172","103.2258065","102.0161290323","101.344086","103.2258065","105.6451613","107.2580645","107.6612903","106.9892473",
"아파트","강원","전세수급동향","","109.9630996","106.6420664","107.5645756","107.3800738","105.3505535","103.3210332","104.9815498","106.6420664","106.8265683","106.2730627","106.2730627","106.4575646","106.0661765","106.6176471","106.8014706","104.7794118","103.6764706","104.0441176","103.4926471","103.4926471","103.8602941","104.0441176","104.4117647","108.0882353","108.0882353","117.0955882","117.6470588","118.7037037","113.0514706","112.5","116.6666667","119.6428571","120.0396825","120.2380952","119.8412698","117.2619048","118.8492063","119.047619","117.8571429","118.0555556","118.8492063","117.2619048","117.0634921","117.6587302","118.4410646","113.6882129","115.5893536","114.4486692","113.3079848","112.9277567","112.9277567","110.6463878","109.5057034","109.1254753","109.3155894","109.3155894","110.0760456","111.026616","100.3802281","95.45454545","96.71717172","97.97979798","99.49494949","97.47474747","96.21212121","90.65656566","92.17171717","88.63636364","87.62626263","84.84848485","83.08080808","82.32323232","81.37755102","81.63265306","77.80612245","75.51020408","73.97959184","73.97959184","71.68367347","71.42857143","71.17346939","70.91836735","71.42857143","72.44897959","76.3681592","78.96039604","78.46534653","77.47524752","80.69306931","87.37623762","94.55445545","93.81188119","94.05940594","99.5049505","103.7128713","108.9108911","111.3861386","113.3663366","113.3663366","110.1485149","108.9108911","111.3861386","109.6666667","112.2857143","112.5238095","109.2380952","102.2380952","101.6666667","102.1904762","101.7619048","102.1904762","101.7635844","100.7142857","100.8095238","100.047619","98.76190476","96.19047619","92.28571429","89.61904762","87.38095238","86.16830797","87.42166517","88.49597135","88.54073411","88.67502238","89.57027753","90.51029543","89.88361683","90.68934646","91.18173679","90.59982095","89.03312444","88.04060018","89.80582524","88.7466902","91.35039718","94.30714916","94.61606355","98.89673433","102.0741395","98.63195057","97.74933804","96.38128861","96.42541924","96.11650485","96.11650485","97.61694616","95.75757576","94.80519481","95.1515151515","95.84415584","96.1038961","96.62337662","97.0995671","96.49350649","97.35930736",
"아파트","충북","전세수급동향","","105.4347826","107.9710145","105.4347826","106.5217391","104.1666667","104.3478261","103.9855072","103.8043478","103.8043478","105.0724638","103.9855072","104.3478261","104.4802867","104.3010753","105.0179211","104.8387097","105.5555556","105.734767","104.2402827","104.5936396","104.0636042","104.2402827","104.4169611","104.2402827","104.2402827","103.180212","104.9469965","104.9469965","103.0035336","101.7667845","102.398524","102.398524","102.0295203","101.8450185","101.8450185","102.0295203","102.9520295","103.3210332","104.4280443","102.398524","102.7675277","102.2140221","102.5830258","101.8450185","101.4184397","104.964539","104.2553191","102.8368794","101.9503546","101.4184397","100.7092199","100.3546099","100.7092199","100.7092199","101.0638298","99.64539007","98.93617021","98.75886525","98.58156028","105","105.1724138","104.3103448","104.3103448","105.1724138","102.4137931","101.0344828","99.31034483","99.13793103","98.27586207","96.20689655","93.62068966","93.79310345","77.09163347","77.68924303","76.69322709","77.68924303","78.0876494","76.89243028","77.49003984","76.89243028","77.49003984","77.68924303","77.68924303","79.48207171","80.91603053","83.39694656","83.77862595","83.77862595","85.8778626","95.61068702","100","100","94.46564885","94.46564885","95.80152672","100.9541985","101.7175573","101.5267176","103.4351145","102.2900763","103.4351145","106.1068702","117.8942808","120.9272097","121.0138648","117.6343154","108.2755633","103.3795494","101.169844","100.4766031","101.94974","101.6897747","100.3032929","99.78336222","97.53032929","96.79376083","95.84055459","93.63084922","89.42807626","86.00519931","82.98494983","81.52173913","83.48662207","86.49665552","91.84782609","93.68729097","95.06688963","96.40468227","97.74247492","97.57525084","96.27926421","96.78093645","98.88337469","100","99.66914806","99.75186104","100.0413565","98.30438379","98.09760132","96.81555004","97.31182796","98.34574028","98.88337469","98.2216708","99.50372208","99.58643507","98.63523573","98.74290349","99.675588","98.0129764801","98.58069749","98.33738848","98.74290349","98.86455799","98.21573398","99.18896999",
"아파트","충남","전세수급동향","","108.2152975","108.3569405","104.9575071","105.5240793","106.0906516","103.6827195","104.9575071","108.0736544","108.6402266","116.0056657","113.0311615","107.9320113","108.7431694","110.5191257","109.0163934","109.5628415","108.8797814","109.0163934","106.284153","105.1912568","106.284153","108.6065574","107.5136612","106.010929","103.9617486","102.7322404","105.3278689","108.3333333","108.0601093","103.2786885","101.8567639","101.3262599","102.9177719","100.928382","101.7241379","98.93899204","98.54111406","97.87798408","98.93899204","96.81697613","94.42970822","94.16445623","94.69496021","90.84880637","98.4375","99.73958333","97.00520833","97.78645833","99.08854167","97.52604167","97.65625","96.22395833","97.13541667","96.74479167","97.65625","98.56770833","98.4375","98.4375","94.921875","94","95.14285714","88.85714286","92.85714286","88","88.42857143","85.14285714","86.85714286","88","90.28571429","88.28571429","88.85714286","89.85714286","88.35978836","94.70899471","92.06349206","94.04761905","95.10582011","95.10582011","96.03174603","94.57671958","93.65079365","93.65079365","93.12169312","95.5026455","96.47519582","99.60835509","98.43342037","95.82245431","97.78067885","100.1295337","107.3834197","112.6943005","115.0259067","113.4715026","116.9689119","120.0777202","119.9481865","120.0777202","116.9689119","119.8186528","115.4145078","116.5803109","120.7475995","120.7475995","124.6227709","127.7091907","106.4471879","101.6803841","101.5775034","100.9259259","100.1028807","99.75994513","99.79423868","99.27983539","98.25102881","94.89026063","94.478738","90.53497942","87.7914952","86.00823045","87.6835781","87.21628838","87.14953271","90.0200267","92.12283044","93.85847797","94.72630174","95.42723632","95.66088117","95.89452603","97.22963952","96.36181575","96.27249357","95.59768638","94.7622108","96.17609254","99.26092545","98.3933162","97.20437018","97.91131105","99.42159383","98.42544987","98.6503856","98.71465296","97.23650386","97.39717224","97.62210797","97.32919255","96.58385093","95.7453416149","97.01863354","97.26708075","98.97515528","99.25465839","99.47204969","99.34782609",
"아파트","전북","전세수급동향","","93.72759857","107.5268817","107.3476703","111.2903226","103.7634409","101.7921147","103.7634409","101.4336918","102.1505376","102.5089606","103.7634409","102.3297491","103.1141869","103.2871972","107.9584775","103.633218","98.96193772","98.78892734","101.5570934","102.9411765","101.7301038","102.9411765","102.2491349","102.9411765","101.8707483","101.7006803","103.0612245","104.7619048","100.6802721","101.0204082","102.9010239","103.5836177","105.9726962","104.778157","103.7542662","104.2662116","102.9010239","103.4129693","103.9249147","105.8020478","105.8020478","106.3139932","107.8498294","108.5324232","111.6040956","107.8498294","108.5324232","109.556314","109.3856655","111.774744","111.9453925","112.2866894","111.0921502","111.0921502","109.0443686","105.1194539","105.2901024","107.5085324","106.996587","101.9784173","101.4388489","100.7194245","99.82014388","98.92086331","98.92086331","97.6618705","94.78417266","94.24460432","96.22302158","95.68345324","95.86330935","97.48201439","95.30075188","94.17293233","93.23308271","90.41353383","89.66165414","86.27819549","86.46616541","84.21052632","83.64661654","83.7406015","84.11654135","83.92857143","88.33333333","87.96296296","90.37037037","91.48148148","90.37037037","92.22222222","92.40740741","94.44444444","94.25925926","93.51851852","96.48148148","102.962963","101.4814815","102.037037","101.8518519","103.7037037","105.5555556","107.037037","113.1513648","113.5235732","114.7229115","117.9900744","102.4400331","102.2746071","102.1505376","102.1091811","103.6807279","104.1356493","102.8949545","102.688172","101.8610422","99.37965261","98.34574028","95.65756824","82.79569892","76.84036394","79.93579454","78.73194222","79.61476726","80.21669342","83.14606742","83.22632424","83.90850722","87.76083467","90.60995185","91.73354735","92.61637239","94.26163724","93.72517871","93.16918189","93.4471803","93.4471803","94.87688642","95.07545671","95.90945195","97.10087371","97.33915806","99.64257347","98.37172359","98.37172359","98.05401112","99.324861","100","98.16692668","99.10296412","99.2589703588","99.29797192","99.76599064","100.5460218","99.4149766","100.8970359","101.0140406",
"아파트","전남","전세수급동향","","99.61977186","103.4220532","104.5627376","104.5627376","104.1825095","103.4220532","102.0912548","101.7110266","101.9011407","100.9505703","104.7528517","105.7034221","103.024911","102.4911032","103.3807829","102.3131673","102.6690391","101.7793594","102.3131673","103.9145907","104.2704626","104.2704626","103.202847","102.8469751","103.220339","102.5423729","106.1016949","105.7627119","107.9661017","104.9152542","103.559322","103.220339","101.1864407","101.1864407","102.7118644","103.559322","103.0508475","100.6779661","100","98.6440678","99.3220339","98.13559322","98.47457627","100.6779661","100.1618123","98.22006472","99.6763754","100.1618123","101.2944984","100.8090615","104.2071197","101.1326861","102.7508091","103.236246","104.5307443","103.5598706","102.5889968","105.0161812","104.5307443","100","101.8324607","101.5706806","99.47643979","101.8324607","99.21465969","97.12041885","96.59685864","101.5706806","104.7120419","106.2827225","105.7591623","103.1413613","101.6746411","102.6315789","102.8708134","104.3062201","101.1961722","98.5645933","97.84688995","95.45454545","98.32535885","98.80382775","102.6315789","100.9569378","99.76303318","99.52606635","99.28909953","100","99.0521327","99.28909953","101.1848341","100.9478673","98.1042654","101.8957346","103.7914692","108.5308057","107.8199052","108.7677725","107.5829384","109.7156398","108.2938389","112.0853081","110.1441813","112.3069001","115.3450051","112.3069001","99.48506694","98.04325438","97.16786818","96.96189495","95.88053553","95.98352214","95.00514933","94.95365602","94.33573635","92.63645726","91.91555098","88.5684861","85.01544799","83.11019567","82.5750242","84.17231365","84.75314618","85.91481123","87.1732817","87.12487899","89.25459826","90.99709584","92.54598258","91.81994192","92.01355276","92.2071636","92.60828625","92.79661017","92.98493409","93.173258","93.83239171","92.84369115","91.94915254","93.50282486","92.84369115","92.65536723","92.23163842","91.47834275","92.60828625","92.93785311","92.60828625","91.36029412","91.40625","92.7849264706","93.15257353","93.33639706","95.12867647","97.19669118","98.11580882","99.49448529",
"아파트","경북","전세수급동향","","116.5789474","117.1052632","120.2631579","119.0789474","119.7368421","118.9473684","120.7894737","117.5","115.5263158","114.8684211","114.4736842","113.6842105","113.2124352","115.4145078","115.1554404","113.9896373","113.7305699","113.3419689","110.880829","111.0103627","111.9170984","111.0103627","109.4559585","111.2694301","110.0238663","110.7398568","111.097852","112.7684964","110.8591885","112.7684964","107.4660633","111.6515837","112.5565611","111.9909502","111.4253394","105.8823529","104.0723982","104.7511312","102.4886878","100.7918552","99.2081448","98.19004525","97.28506787","94.23076923","89.80263158","89.69298246","88.04824561","87.39035088","86.40350877","86.95175439","87.82894737","85.19736842","83.6622807","85.63596491","83.44298246","83.11403509","81.57894737","81.90789474","81.68859649","88.52691218","85.69405099","86.26062323","83.28611898","79.17847025","76.62889518","74.50424929","73.22946176","69.97167139","69.40509915","72.23796034","70.11331445","67.70538244","69.78891821","63.32453826","63.06068602","64.11609499","62.92875989","64.37994723","65.96306069","68.07387863","69.65699208","69.26121372","70.58047493","71.37203166","75.64267352","79.11311054","82.71208226","83.48329049","85.41131105","86.56812339","93.76606684","98.5218509","96.85089974","94.53727506","96.46529563","100.4498715","104.1773779","107.5192802","105.848329","103.9203085","104.1773779","107.0051414","110.4848485","113.6666667","115.1818182","111.3030303","107.9393939","104.969697","102.3333333","100.969697","101.1818182","101.8484848","102.3636364","102.3333333","101.3333333","99.75757576","97.06060606","92.75757576","88.27272727","85.51515152","84.34373161","84.40258976","87.72807534","91.2007063","92.11300765","92.40729841","92.49558564","93.11359623","94.87934079","95.64449676","95.76221307","95.350206","94.82961222","93.7426557","92.97884841","92.74383079","92.24441833","91.27497062","93.68390129","93.53701528","93.39012926","94.38895417","93.88954172","93.80141011","94.00705053","94.15393655","93.47826087","93.30844342","91.61401493","92.0160827111","91.01091327","91.58529581","93.30844342","93.36588168","94.25617461","94.51464675",
"아파트","경남","전세수급동향","","101.9153226","104.5362903","115.4233871","125.1008065","125.3024194","120.2620968","115.5241935","114.3145161","118.4475806","119.1532258","118.4475806","116.733871","118.1636727","117.6646707","117.6646707","117.9640719","117.1656687","116.5668663","116.7664671","117.2654691","117.3652695","118.4630739","118.0638723","118.5628743","117.5542406","116.765286","118.6390533","119.1321499","118.0473373","118.2445759","115.1485149","113.5643564","113.5643564","112.7722772","111.0891089","111.8811881","110.6930693","110.990099","110.5940594","110.2970297","109.8019802","108.6138614","108.019802","102.0792079","101.4619883","101.3645224","101.9493177","100.7797271","100.2923977","100.6822612","100.2923977","98.44054581","96.58203125","94.83430799","94.24951267","91.52046784","91.32553606","89.76608187","89.18128655","79.55854127","78.79078695","78.79078695","78.3109405","76.77543186","74.95201536","72.84069098","71.97696737","71.11324376","67.85028791","66.89059501","66.41074856","64.77927063","63.26699834","61.52570481","58.3747927","58.7893864","56.79933665","55.2238806","60.44776119","59.45273632","59.6185738","59.86733002","60.94527363","65.09121061","66.74757282","66.01941748","67.8802589","68.12297735","66.82847896","71.92556634","88.59223301","95.06472492","94.33656958","93.93203883","100.0809061","103.7216828","104.4498382","100.4045307","104.6116505","97.97734628","94.66019417","98.13915858","106.8181818","108.6363636","108.8735178","117.687747","104.8418972","102.0750988","102.2134387","101.2252964","102.1541502","103.6561265","102.9249012","101.7786561","101.2252964","98.81422925","97.31225296","93.45849802","86.8972332","81.12648221","82.54680187","85.12090484","88.31903276","89.9375975","91.63416537","89.70358814","91.01014041","92.19968799","92.12168487","94.26677067","95.00780031","93.70124805","93.10544612","92.66125917","91.56044805","91.57976053","92.58400927","92.60332175","91.83082271","93.54963306","94.51525686","96.23406721","95.80919274","96.23406721","94.66975666","94.07106991","93.7620703","95.08352316","94.476082","95.3302961276","95.89977221","97.32346241","97.93090357","99.12680334","100.5694761","100.0759301",
"아파트","제주","전세수급동향","","101.5384615","96.92307692","100.7692308","93.84615385","97.69230769","97.69230769","97.69230769","96.92307692","95.38461538","93.84615385","98.46153846","103.0769231","111.0294118","111.0294118","109.5588235","109.5588235","103.6764706","103.6764706","103.6764706","116.1764706","118.3823529","117.6470588","125.7352941","135.2941176","137.6712329","137.6712329","132.1917808","132.8767123","134.2465753","135.6164384","146.5753425","142.4657534","143.1506849","143.1506849","143.8356164","141.7808219","149.3150685","136.9863014","130.8219178","107.5342466","86.30136986","84.93150685","89.04109589","95.20547945","100","99.3902439","103.6585366","99.3902439","100.6097561","99.3902439","95.73170732","94.51219512","94.51219512","94.51219512","92.68292683","94.51219512","92.07317073","92.68292683","95.73170732","87.25490196","86.2745098","87.25490196","88.23529412","77.45098039","78.43137255","75.49019608","74.50980392","63.7254902","67.64705882","66.66666667","67.64705882","71.56862745","70.53571429","71.42857143","71.42857143","69.64285714","72.32142857","69.64285714","72.32142857","72.32142857","71.42857143","71.42857143","75","74.10714286","76.72413793","72.4137931","71.55172414","72.4137931","71.55172414","72.4137931","71.55172414","71.55172414","69.82758621","68.96551724","68.96551724","81.89655172","91.37931034","93.10344828","92.24137931","101.7241379","109.4827586","116.3793103","106.4444444","108","109.5555556","106","101.7777778","105.1111111","100.2222222","100.8888889","99.11111111","98","98.88888889","98.88888889","98","96.44444444","94.66666667","93.55555556","90.22222222","85.77777778","85.77777778","86.44444444","87.33333333","83.33333333","86","84.66666667","90.22222222","92.22222222","93.11111111","94.22222222","94.44444444","93.33333333","92.07048458","94.27312775","93.17180617","91.62995595","90.52863436","91.18942731","92.2907489","91.18942731","91.40969163","90.52863436","91.62995595","92.95154185","92.95154185","94.05286344","93.17180617","93.50649351","93.07359307","94.1558441558","95.02164502","92.20779221","91.34199134","91.99134199","92.85714286","91.34199134",
"연립다세대","전국","전세수급동향","","106.0846561","107.1050642","107.6719577","109.6408318","107.8827977","106.3327032","105.973535","107.0699433","109.7731569","109.9432892","109.6219282","108.2230624","107.9646018","108.597786","108.3579336","106.8634686","106.0332103","106.2361624","106.0176665","106.3673169","107.305852","107.1586308","107.3426573","107.9683474","108.2910015","108.0914369","109.9782293","109.9056604","109.5428157","109.5428157","109.162774","108.3363277","108.4800575","109.1178584","109.0909091","107.3392023","107.5458139","106.5397054","105.9378369","106.5486885","105.389867","105.4976644","105.4886813","105.2551204","104.2268908","104.3109244","104.4461254","103.605042","102.2689076","102.2356699","102.193646","101.7316745","101.5296689","101.2859304","100.9161204","100.0840336","99.86554622","99.42016807","98.90756303","95.55871529","95.47507528","95.70090331","94.67213115","92.65640683","91.66109067","90.79959853","90.39812646","90.83305453","91.48544664","91.10906658","90.40649047","89.21880228","87.75395034","86.11738149","85.36762335","85.06933247","84.37600774","83.86810706","85.11770397","86.39148662","86.68977749","87.26217349","87.56852628","89.1889713","90.03468937","90.37673392","90.86394451","89.89755713","90.37825059","91.09675386","93.48716333","94.21956214","94.45669291","95.85826772","96.45669291","97.77952756","98.33070866","98.54330709","98.63779528","98.28346457","98.37007874","99.59055118","100.496063","103.9055118","105.4409449","102.7086614","101.3464567","100.2441714","97.48818898","96.70762445","97.52639042","98.36194676","98.36220472","97.62204724","97.10841475","94.91965974","93.70866142","90.16535433","86.84251969","83.18110236","82.41512346","82.83950617","83.43364198","82.4537037","83.44135802","84.41358025","86.18055556","87.4691358","89.15123457","89.38271605","88.65740741","87.88580247","88.57251908","88.70992366","89.03816794","89.49618321","89.90839695","90.2519084","92.48091603","93.20610687","93.7480916","93.60305344","93.26717557","92.93129771","93.50381679","93.96946565","94.3129771","94.29520072","94.363115","94.7706006641","95.55538787","95.5629339","96.53637187","97.33625113","97.28342892","97.4268035",
"연립다세대","수도권","전세수급동향","","108.3170254","109.295499","109.2628832","111.5208877","109.2689295","107.4086162","107.4086162","109.3015666","113.2180157","112.924282","112.5","110.6070496","109.9937146","109.6540881","109.4968553","108.081761","106.6352201","107.0754717","106.6352201","106.7610063","108.2075472","108.1132075","108.2704403","108.4591195","108.888191","109.2022613","110.6155779","111.3379397","111.0238693","111.3693467","111.3501715","110.1652635","110.5550359","112.2700343","112.2544434","110.1340817","109.8222638","109.7131275","108.5905831","109.9314001","109.2921734","109.5884004","109.2454007","109.0894917","108.1461515","108.0413297","108.5055406","107.1278826","105.3459119","105.0913447","105.3459119","104.6898412","104.7783104","104.104254","103.5050929","102.5007487","102.4408506","101.542378","101.1829889","97.18992248","97.28682171","97.42524917","96.17940199","93.86766334","92.85714286","92.10963455","92.37264673","93.97840532","94.93355482","94.47674419","93.93687708","92.74640089","90.87747459","87.86784377","87.19903692","87.21241306","86.6506153","86.34296415","88.29588015","90.12841091","90.93097913","91.74692349","92.30872124","94.93044409","95.65217391","96.02948784","96.61060802","96.04344453","96.10809413","96.92347466","99.22500646","100.0904159","100.2711777","101.8595041","102.259814","103.4994835","104.0547521","104.1580579","104.2355372","103.5769628","103.7448347","105.2944215","102.6925954","106.1455996","106.4697083","104.1386188","101.7078035","99.88778055","96.6342558","95.13594413","95.54751808","97.05809025","97.07055597","96.82124159","96.73072124","94.16313295","92.53303416","88.14510097","84.13113937","80.25430067","79.70321315","79.9239637","80.8682855","79.78906058","81.0522443","81.9965661","84.43708609","86.25214619","88.69266618","88.79077753","87.76060829","86.87760608","87.77562394","87.99370002","88.56312091","88.99927308","89.82311606","90.41676763","93.44560213","94.66925127","95.42040223","95.57790162","95.15386479","94.77828931","95.32347953","96.06251514","96.45020596","96.53110048","96.85406699","97.1889952153","97.91866029","97.55980861","98.91148325","100.3110048","99.8923445","100.1196172",
"연립다세대","지방","전세수급동향","","103.0098832","104.0880503","105.4806828","107.0530099","105.9748428","104.851752","103.9982031","103.9982031","105.0314465","105.8400719","105.6603774","104.9415993","105.0847458","107.0982143","106.7410714","105.1339286","105.1785714","105.0446429","105.1464064","105.81189","106.0337178","105.81189","106.0337178","107.2759539","107.4742268","106.5721649","109.1065292","107.9467354","107.5171821","107.0446735","106.1890632","105.8499364","105.6591776","104.8325562","104.7901653","103.5396354","104.4510386","102.2255193","102.3314964","101.9499788","100.0847817","99.93641373","100.3815176","100.0423908","99.21486021","99.54040597","99.25287356","99.0999617","98.33397166","98.58237548","98.16091954","97.95097664","97.37648411","97.68288012","97.60628112","96.99348908","96.57219456","96.70624282","95.99770203","93.06846999","92.70921386","93.06846999","92.37109045","90.80726965","89.83516484","88.79966188","87.38377008","86.03127642","86.22147084","85.96787828","85.01690617","83.83347422","83.01542208","83.46185065","82.58928571","81.81818182","80.92532468","80.11363636","80.29626623","80.7224026","80.25568182","80.4586039","80.37743506","80.4788961","81.27522195","81.55770783","81.90072639","80.30669895","81.43664245","82.00161421","84.52380952","85.04842615","85.37126715","86.48103309","87.38902341","88.84180791","89.3866021","89.76997579","89.89104116","90.01210654","89.97175141","90.6779661","96.72937153","100.06413","103.676785","100.2565199","100.7268063","100.855432","98.95254382","99.40145361","100.9195894","100.5988024","100.5771697","98.99529714","97.75545105","96.21633177","95.72466866","93.62975631","91.49209064","88.20008551","87.01622971","87.78610071","87.78610071","86.97461506","87.49479817","88.51435705","89.13857678","89.53391594","89.9292551","90.38701623","90.17894299","89.59633791","89.92983904","89.92983904","89.84729674","90.34255056","90.0536525","89.97111019","90.83780437","90.71399092","90.8997111","90.23937268","90.0536525","89.78539001","90.40445728","90.40445728","90.67271977","90.47424366","90.10629599","90.6377759608","91.51676206","92.15044971","92.47751431","92.2526574","92.82502044","92.82502044",
"연립다세대","6대광역시","전세수급동향","","100.6079027","101.6717325","101.0638298","105.0151976","102.4316109","101.6717325","102.4316109","103.6474164","106.3069909","107.5227964","107.674772","104.7112462","103.2330827","104.8945783","105.9487952","104.5933735","104.1415663","104.0662651","105.0451807","105.2710843","104.7439759","105.9487952","105.7228916","106.0240964","107.1428571","107.2164948","108.9837997","106.2592047","105.8173785","105.5964654","106.2040816","106.0408163","106.1632653","105.755102","105.9591837","103.9183673","105.0612245","102.4081633","102.3265306","102.4489796","102.0408163","101.9183673","102.6530612","101.4285714","99.85119048","100.5952381","100.78125","100.483631","100.4464286","100.7446016","100.5584512","101.0044643","101.5252976","101.6369048","101.1904762","101.5625","100.4092262","99.66517857","98.80952381","94.12385644","93.20900774","93.91273751","92.75158339","90.99225897","89.65517241","89.54961295","87.71991555","85.7494722","86.38282899","85.92540464","84.58831809","83.56790992","83.50586611","83.9889579","82.67770876","81.33195307","81.09040718","80.43478261","80.15873016","81.43547274","81.15942029","81.40096618","81.88405797","82.36714976","83.89423077","83.82554945","83.92857143","82.62362637","84.47802198","84.64972527","85.81730769","85.98901099","86.43543956","89.04532967","89.62912088","91.79258242","92.13598901","92.54807692","92.41071429","92.58241758","92.96016484","93.33791209","97.73869347","102.045944","107.2505384","101.0409189","100.0358938","101.5793252","98.13352477","99.38980617","100.0718391","100.4310345","100.6101938","98.09763101","96.62598708","94.28468728","92.13926777","89.66259871","86.32447954","83.52476669","83.19088319","83.11965812","84.25925926","83.68945869","83.04843305","83.51139601","84.68660969","85.18518519","85.00712251","85.64814815","84.9002849","84.18803419","85.37535411","85.30453258","84.66713881","84.95042493","84.38385269","84.66713881","85.09206799","85.80028329","86.54390935","86.01274788","86.72096317","86.75637394","86.04815864","86.57932011","86.75637394","87.8511236","86.76264045","87.6053370787","89.00983146","90.09831461","90.8005618","91.36235955","91.18679775","90.90589888",
"연립다세대","5대광역시","전세수급동향","","102.3138833","103.5211268","104.7283702","105.0301811","104.527163","103.3199195","102.917505","103.1187123","105.1307847","105.9356137","105.4325956","104.0241449","102.6785714","104.9701789","105.9642147","104.9701789","104.9701789","105.0695825","106.6600398","106.9582505","105.8648111","106.6600398","106.6600398","107.0576541","108.3011583","108.011583","110.7142857","106.9498069","106.5637066","106.2741313","105.9436913","105.6830031","105.8394161","105.7872784","106.0479666","103.4932221","104.9530761","101.6684046","101.4077164","101.5641293","101.0427529","100.9384776","102.0333681","100.4692388","99.02597403","99.62894249","99.5825603","99.30426716","99.16512059","99.30362117","99.21077066","99.39703154","99.48979592","99.62894249","99.07235622","99.25788497","98.23747681","98.09833024","97.26345083","93.03460515","92.19165927","92.99023957","91.79236912","89.7515528","88.64241349","88.15439219","86.51286602","84.25022183","84.73824312","84.07275954","82.25377107","81.01153505","81.228223","81.96864111","80.40069686","78.96341463","78.96341463","78.48432056","78.70209059","79.48606272","78.65853659","78.87630662","79.52961672","79.70383275","81.05400697","81.18466899","81.44599303","79.48606272","82.14285714","82.18641115","83.01393728","83.27526132","83.58013937","85.97560976","86.49825784","89.19860627","89.45993031","89.89547038","89.67770035","89.41637631","89.89547038","90.28745645","96.96545285","101.2138189","106.022409","100.3734827","100.280112","101.3538749","97.57236228","99.06629318","100.9813084","99.90654206","100.7002801","98.27264239","96.31185808","94.1643324","92.62371615","90.56956116","87.53501401","84.59383754","84.14972274","83.1792976","84.24214418","83.78003697","83.1792976","83.59519409","84.56561922","85.3974122","85.21256932","85.76709797","85.48983364","84.70425139","85.69457222","85.64857406","84.86660534","85.74057038","85.05059798","84.77460902","85.8325667","85.78656854","86.66053358","85.78656854","86.10855566","86.24655014","86.56853726","86.56853726","86.5225391","86.72445255","86.13138686","87.454379562","88.13868613","89.55291971","89.46167883","89.27919708","89.41605839","89.59854015",
"연립다세대","9개도","전세수급동향","","104.1820873","105.292376","106.3286454","107.9940785","106.3286454","104.4781643","104.219097","105.2183568","107.549963","107.7350111","106.8467802","106.2916358","106.420373","106.8507891","106.492109","104.6987088","103.2639885","103.9096126","103.1049251","103.7116345","104.9964311","104.3540328","104.675232","105.6031406","106.7328136","106.1658398","108.3274274","108.5754784","108.3274274","107.8313253","107.9611319","106.5973406","106.5121036","107.5349472","106.9382884","105.1142175","105.7108762","104.9437436","104.960791","105.7108762","104.0231845","104.2618479","103.8186158","104.0743266","103.3333333","103.2698413","103.1914894","102.7301587","101.5079365","101.3650794","101.4285714","101.2698413","100.7619048","100.4920635","100.1904762","99.52380952","99.23809524","99.19047619","98.65079365","94.48135843","94.46290144","94.53672942","93.98301956","92.48800295","91.89737911","90.78995939","90.49464747","91.30675526","91.62052418","91.26984127","91.21447028","90.3654485","89.49477352","89.28571429","89.02439024","89.47735192","88.1358885","87.40418118","87.85714286","87.85714286","88.18815331","88.29268293","88.22299652","88.22299652","88.54936199","88.98959382","89.27132304","88.90939597","89.07718121","89.76510067","91.66666667","92.4379611","93.49429913","94.26559356","94.7518444","96.04292421","96.99865862","97.60228035","98.32327297","97.82025486","97.82025486","98.34004024","100.1477347","103.1188444","102.6263953","103.0203546","102.6263953","100.3613666","98.70321733","97.52133946","98.3908046","99.80302035","99.17925148","99.14642154","99.35918501","97.5541694","96.52002626","92.76099803","89.90479317","85.78463559","83.98786718","84.64240102","84.1155811","84.5945083","86.38250319","87.46807152","89.00063857","90.03831418","91.85823755","91.90613027","91.07598978","90.26181354","91.06691919","90.94065657","91.27209596","91.50883838","91.61931818","91.68244949","93.82891414","94.16035354","94.38131313","94.19191919","93.87626263","93.29229798","94.90214646","94.91792929","95.10732323","94.60723192","94.88778055","94.5448877805","95.48004988","95.4021197","96.36845387","96.91396509","96.80486284","97.03865337",
"연립다세대","8개도","전세수급동향","","102.8571429","104.4537815","106.0504202","108.7394958","107.1428571","106.0504202","104.789916","104.6218487","104.8739496","105.7142857","105.7983193","105.6302521","107.0469799","108.8926174","107.3825503","105.2013423","105.2852349","104.9496644","104.0630182","105.0580431","106.384743","105.4726368","105.5555556","108.1260365","108.0196399","106.6284779","108.7561375","109.7381342","109.0016367","108.5924714","107.0672714","106.6515495","106.2736206","104.9130763","104.9886621","104.5351474","105.3287982","103.7037037","103.7792895","102.9478458","99.92441421","99.84882842","99.69765684","100.2267574","99.43701619","100.0351865","99.22535211","99.36664321","98.20548909","97.95918367","97.74806474","97.18508093","95.98874032","96.51653765","96.6572836","95.39057002","95.28501056","95.39057002","94.68684025","92.50657318","92.5942156","92.5942156","92.24364592","91.06047327","90.22787029","88.51884312","87.16038563","86.63453111","86.72217353","86.63453111","86.80981595","85.05696757","83.33333333","83.62068966","83.57963875","83.82594417","82.01970443","80.82922824","81.32183908","81.36288998","81.15763547","81.36288998","80.58292282","80.58292282","80.92532468","81.37175325","81.81818182","80.4788961","80.27597403","81.37175325","84.78084416","85.59253247","86.03896104","85.95779221","87.33766234","88.10876623","88.83928571","88.51461039","89.12337662","89.81331169","89.61038961","90.25974026","96.43157011","99.24433249","101.9311503","100.1679261","100.9655751","100.6302521","100.4198153","99.95801847","101.2174643","101.4693535","100.8816121","99.83207389","99.20235097","98.06884971","98.27875735","96.47355164","94.96221662","91.56171285","89.48428687","91.41821112","90.0886382","89.28283642","90.69298952","92.14343272","92.66720387","92.70749396","93.55358582","94.15793715","94.07735697","93.51329573","93.34661355","93.5059761","94.26294821","94.34262948","94.50199203","94.46215139","95.33864542","95.17928287","94.70119522","94.14342629","93.62549801","92.94820717","93.78486056","93.8247012","94.30278884","93.65141956","93.4148265","92.9810725552","94.16403785","94.16403785","94.87381703","94.28233438","95.22870662","95.03154574",
"연립다세대","서울","전세수급동향","","115.5032468","116.8831169","117.6948052","118.2926829","117.1544715","115.3658537","113.5772358","114.796748","118.4552846","117.4796748","117.8861789","116.2601626","116.3765823","116.4025357","115.0554675","114.0253566","114.1045959","113.6291601","113.7083994","113.6291601","115.3724247","115.0554675","115.0554675","115.9270998","114.2630745","114.659271","115.7686212","117.8288431","117.0364501","118.6212361","115.4019534","115.1014275","115.8527423","116.7167543","118.069121","116.5664914","115.2892562","115.176559","112.3966942","113.148009","112.3215627","112.4718257","112.5845229","112.1712998","111.1979167","111.4583333","111.71875","109.5982143","106.733631","105.9895833","106.3616071","104.2101341","103.9091586","103.4251675","102.7922561","100.297619","101.0416667","99.66517857","99.47916667","98.14285714","98.62857143","98.74285714","96.97142857","93.85714286","92.51428571","91.34285714","91.88571429","93.74285714","95.08571429","94.57142857","93.57142857","91.31428571","87.73109244","82.04481793","81.09243697","80.72829132","80.67226891","80.6162465","84.67787115","88.01120448","88.71148459","90.33613445","91.12044818","96.33053221","97.51381215","98.03975704","99.19933738","97.48757592","97.40474876","98.64790287","102.3441809","103.5024821","102.2877619","103.7761852","104.6306505","105.6504961","105.6504961","104.6030871","103.969129","103.5556781","103.7761852","106.615215","103.2715376","106.9247546","109.0512541","103.5714286","100.1363141","99.15485278","95.06543075","93.36790393","94.24440807","94.46564885","95.47437296","94.79280262","93.80796508","90.97600872","89.99454744","86.15049073","81.89749182","78.46237732","78.96995708","79.13090129","80.95493562","77.41416309","78.24570815","79.34549356","82.13519313","84.49570815","87.36587983","87.74141631","87.23175966","86.37339056","86.55373213","87.3742721","88.59184754","89.4917946","91.23875066","92.0328216","95.92376919","97.37956591","98.27951297","98.46479619","97.37956591","97.14134463","96.90312335","98.12069878","98.80889359","98.69246862","99.2416318","100.3922594142","100.5491632","99.89539749","101.124477","102.3535565","102.458159","102.7458159",
"연립다세대","강북권역","전세수급동향","","124.2559524","124.4047619","125.297619","123.880597","123.880597","123.2835821","120.2985075","121.1940299","121.3432836","120.8955224","121.9402985","120.7462687","120.1780415","119.4362018","119.8813056","118.84273","119.7329377","119.1394659","120.1780415","120.0296736","120.4747774","120.4747774","121.0682493","120.7715134","119.1394659","120.6231454","120.6231454","123.5905045","122.2551929","122.4035608","118.5449358","118.5449358","120.042796","121.1840228","123.3951498","120.5420827","118.1169757","118.6875892","113.9800285","113.9087019","113.6233951","113.4094151","113.4094151","112.9814551","111.9519095","112.3055163","112.1640736","111.0325318","105.9405941","105.6577086","105.8698727","104.751773","101.8413598","103.5410765","101.7705382","99.57567185","99.85855728","97.52475248","96.88826025","96.26865672","96.53518124","96.53518124","96.42857143","91.89765458","90.13859275","87.52665245","88.1663113","90.03198294","91.73773987","92.0575693","91.15138593","89.97867804","85.23809524","80.42328042","78.99470899","79.1005291","78.88888889","78.73015873","83.54497354","86.56084656","87.46031746","88.78306878","89.94708995","91.48148148","92.99895507","94.51410658","95.76802508","93.26018809","93.93939394","96.18997912","100.4171011","101.9812304","100.3645833","102.8125","103.3854167","105.625","105.4166667","103.90625","103.8541667","102.8645833","102.96875","105.9895833","101.9563239","106.733394","108.0072793","100.5914468","100.7734304","100.2274795","95.35941765","93.48816029","94.22202002","94.22202002","95.08644222","94.40400364","93.71584699","91.44676979","90.53685168","87.89808917","84.07643312","80.75523203","81.48479428","81.48479428","82.87119857","78.66726297","79.83005367","81.35062612","82.87119857","83.81037567","85.77817531","86.35957066","86.27012522","84.97316637","85.4368932","85.74580759","86.71668138","88.87908208","90.24713151","91.26213592","94.39541041","95.67519859","97.44042365","97.61694616","97.39629303","96.86672551","96.64607237","97.48455428","98.41129744","98.29991282","99.30252833","100.8282476024","100.9590235","99.30252833","101.6129032","102.7462947","102.5283348","102.7898867",
"연립다세대","도심권","전세수급동향","","150","150","150","150","150","148.9010989","141.2087912","141.2087912","141.2087912","141.2087912","141.2087912","141.2087912","141.2087912","141.2087912","141.2087912","141.2087912","139.010989","139.010989","139.010989","139.010989","139.010989","139.010989","139.010989","140.1098901","136.8131868","137.9120879","137.9120879","137.9120879","135.7142857","135.7142857","128.5714286","125.8928571","123.6607143","123.6607143","125.8928571","123.6607143","123.6607143","123.6607143","123.6607143","123.6607143","123.6607143","123.6607143","123.6607143","121.4285714","119.1964286","119.6428571","119.1964286","110.7142857","106.6964286","106.25","106.25","106.25","106.25","106.6964286","105.3571429","104.0178571","108.4821429","108.0357143","108.4821429","107.4074074","107.6719577","107.6719577","107.6719577","95.23809524","95.5026455","96.56084656","96.2962963","104.2328042","104.4973545","105.2910053","106.3492063","105.8201058","94.17989418","80.95238095","79.62962963","79.62962963","80.68783069","80.68783069","79.1005291","81.48148148","84.12698413","84.39153439","85.97883598","90.47619048","90.74074074","91.7989418","94.17989418","89.68253968","94.70899471","95.23809524","103.1746032","104.4973545","103.968254","100.7936508","103.1746032","102.9100529","105.8201058","103.4391534","103.4391534","103.1746032","105.5555556","105.2910053","103.3482143","107.1428571","105.5803571","99.33035714","98.21428571","96.20535714","93.75","91.74107143","94.19642857","91.96428571","93.97321429","91.96428571","89.50892857","87.27678571","87.72321429","85.26785714","83.48214286","78.57142857","80.3030303","81.81818182","84.41558442","77.70562771","77.48917749","81.16883117","82.03463203","82.46753247","83.33333333","85.93073593","84.84848485","83.54978355","82.69230769","83.97435897","84.4017094","86.11111111","86.75213675","88.03418803","91.23931624","93.37606838","95.72649573","95.08547009","94.65811966","94.44444444","98.07692308","100.8547009","101.0683761","100.4219409","100.8438819","102.5316455696","101.8987342","100.6329114","102.9535865","104.0084388","103.164557","103.5864979",
"연립다세대","동북권","전세수급동향","","107.4829932","108.5034014","110.5442177","107.1917808","107.1917808","106.5068493","106.1643836","108.2191781","108.5616438","107.5342466","109.9315068","107.1917808","106.462585","104.7619048","105.7823129","103.4013605","106.8027211","105.4421769","107.8231293","107.4829932","108.5034014","108.5034014","109.8639456","108.5034014","106.8027211","109.5238095","108.8435374","110.8843537","109.1836735","109.5238095","105.8309038","106.7055394","108.4548105","110.787172","114.5772595","109.4752187","104.5189504","105.6851312","102.0408163","101.8950437","101.8950437","101.4577259","101.4577259","101.3119534","100.7142857","100.8571429","100.8571429","100.8571429","100.7142857","100.4285714","100.4285714","101.2857143","101.1461318","101.0028653","100.286533","98.42857143","98.57142857","94.57142857","93.71428571","91.04116223","91.40435835","91.04116223","91.40435835","90.79903148","89.58837772","88.13559322","89.95157385","89.58837772","90.1937046","91.04116223","89.83050847","89.83050847","88.57142857","85.83333333","85.5952381","85.71428571","85.71428571","85.71428571","92.02380952","93.57142857","94.28571429","96.42857143","96.30952381","96.30952381","98.46698113","98.93867925","99.76415094","97.52358491","97.52358491","101.2941176","106.4553991","109.3896714","105.6206089","111.7096019","111.4754098","116.3934426","114.2857143","112.763466","112.763466","110.8899297","109.9531616","116.8618267","105.0301811","110.5633803","107.1428571","101.6096579","102.3138833","103.5211268","97.08249497","94.26559356","94.96981891","97.18309859","99.0945674","97.08249497","95.46370968","94.96981891","92.25352113","90.14084507","87.12273642","85.01006036","84.47937132","83.88998035","85.16699411","82.41650295","82.41650295","83.30058939","83.30058939","83.79174853","85.65815324","85.55992141","84.97053045","83.30058939","84.20542636","84.10852713","84.49612403","87.1124031","88.2751938","88.17829457","92.53875969","93.21705426","95.83333333","96.51162791","96.60852713","96.41472868","94.57364341","94.86434109","96.41472868","96.36711281","96.94072658","99.3307839388","99.23518164","98.56596558","100.2868069","101.5296367","102.6768642","102.9636711",
"연립다세대","서북권","전세수급동향","","125.5102041","124.4897959","124.4897959","124.4897959","124.4897959","124.4897959","121.9387755","121.9387755","121.9387755","121.9387755","121.9387755","121.9387755","121.2121212","121.2121212","121.2121212","121.2121212","121.2121212","121.2121212","121.2121212","121.2121212","121.2121212","121.2121212","121.2121212","121.2121212","121.2121212","121.2121212","122.2222222","129.2929293","129.2929293","129.2929293","131.7073171","131.7073171","134.5528455","134.5528455","134.5528455","134.5528455","134.5528455","134.5528455","126.2195122","126.2195122","125.4065041","125.4065041","125.4065041","125.4065041","124.6938776","125.3061224","125.1020408","125.7142857","113.0612245","112.8571429","113.4693878","109.0534979","100.8163265","105.7142857","102.244898","99.18367347","97.75510204","96.93877551","96.12244898","96.42857143","96.57738095","97.02380952","96.2797619","91.36904762","87.79761905","81.69642857","81.39880952","82.58928571","86.45833333","85.86309524","84.22619048","81.25","76.04166667","73.36309524","70.38690476","70.53571429","69.3452381","68.89880952","75.44642857","80.6547619","80.80357143","81.69642857","84.22619048","86.01190476","87.5","90.55232558","91.71511628","89.97093023","89.09883721","90.40697674","91.4244186","91.4244186","91.86046512","92.87790698","93.45930233","93.75","94.18604651","93.16860465","93.02325581","92.73255814","92.87790698","92.87790698","97.08994709","101.4550265","110.5820106","100","100.2645503","98.28042328","94.04761905","93.50132626","93.25396825","91.66666667","90.47619048","92.32804233","93.91534392","89.28571429","89.94708995","86.50793651","80.42328042","76.45502646","78.17460317","78.04232804","78.83597884","74.20634921","77.77777778","78.83597884","82.8042328","84.65608466","87.43386243","87.6984127","88.88888889","88.0952381","88.77284595","89.03394256","91.1227154","92.95039164","95.03916449","97.38903394","98.82506527","100.3916449","100.6527415","100.6527415","100.1305483","98.95561358","98.56396867","98.95561358","99.47780679","99.6124031","101.5503876","101.8087855297","102.7131783","99.48320413","102.5839793","103.6175711","101.9379845","102.0671835",
"연립다세대","강남권역","전세수급동향","","105","107.8571429","108.5714286","111.6071429","109.1071429","105.8928571","105.5357143","107.1428571","115","113.3928571","113.0357143","110.8928571","112.0338983","112.9251701","109.5238095","108.5034014","107.6530612","107.3129252","106.292517","106.292517","109.5238095","108.8435374","108.1632653","110.3741497","108.6734694","107.8231293","110.2040816","111.2244898","111.0544218","114.2857143","111.9047619","111.2698413","111.1904762","111.7460317","112.1428571","112.1428571","112.1428571","111.2698413","110.6349206","112.3015873","110.8730159","111.4285714","111.6666667","111.2698413","110.3610675","110.5180534","111.2244898","108.0062794","107.6138148","106.3579278","106.9073783","103.610675","106.2009419","103.2967033","103.9246468","101.0989011","102.3547881","102.0408163","102.3547881","100.3078818","101.046798","101.2931034","97.59852217","96.12068966","95.25862069","95.75123153","96.18226601","98.02955665","98.95320197","97.47536946","96.36699507","92.85714286","90.53571429","83.86904762","83.45238095","82.55952381","82.67857143","82.73809524","85.95238095","89.64285714","90.11904762","92.08333333","92.44047619","101.7857143","102.5791325","101.9906323","103.0444965","102.2248244","101.2880562","101.4051522","104.5081967","105.2107728","104.4496487","104.8594848","106.030445","105.6791569","105.9133489","105.3864169","104.0983607","104.3325527","104.6838407","107.3185012","105.2380952","107.2108844","110.6122449","108.0272109","99.18367347","97.55102041","94.62585034","93.1880109","94.27792916","94.82993197","96.05442177","95.37414966","93.94557823","90.27210884","89.18367347","83.53741497","78.63945578","75.03401361","75.20107239","75.60321716","78.08310992","75.53619303","75.87131367","76.34048257","81.03217158","85.5227882","89.74530831","89.81233244","88.67292225","88.47184987","88.22751323","89.81481481","91.4021164","90.41005291","92.72486772","93.18783069","98.21428571","99.93386243","99.53703704","99.73544974","97.35449735","97.55291005","97.28835979","99.07407407","99.4047619","99.28104575","99.1503268","99.7385620915","99.93464052","100.7843137","100.3921569","101.7647059","102.3529412","102.6797386",
"연립다세대","서남권","전세수급동향","","106.8452381","105.3571429","107.7380952","108.6309524","104.7619048","102.0833333","97.91666667","97.91666667","101.1904762","102.9761905","104.7619048","100.8928571","103.6931818","105.4285714","102.5714286","101.7142857","100.8571429","101.1428571","98.28571429","99.71428571","102.8571429","102.8571429","103.4285714","105.4285714","104","103.1428571","103.4285714","105.1428571","104.8571429","111.7142857","110.5263158","109.962406","110.1503759","111.2781955","112.0300752","112.406015","112.406015","110.3383459","109.0225564","112.9699248","109.7744361","110.9022556","111.4661654","111.6541353","111.7216117","113.003663","114.8351648","110.4395604","109.8901099","109.7069597","110.0732601","107.8754579","108.6080586","105.3113553","106.043956","100.3663004","104.029304","104.2124542","103.8461538","99.44196429","100","100.78125","98.10267857","97.65625","97.09821429","98.32589286","98.77232143","100","100.5580357","100.4464286","100.3348214","95.42410714","91.12554113","82.79220779","82.57575758","81.92640693","81.27705628","80.41125541","83.22510823","85.4978355","86.25541126","90.36796537","89.61038961","101.1904762","103.4188034","103.0916844","102.8784648","102.3454158","101.9189765","101.7057569","102.9850746","103.8379531","104.4776119","105.4371002","106.9296375","105.8635394","106.0767591","104.9040512","103.3049041","103.5181237","102.8784648","103.7313433","102.2321429","103.6830357","104.1294643","104.4642857","97.65625","95.64732143","95.75892857","94.18344519","94.08482143","95.64732143","95.53571429","94.41964286","93.30357143","90.29017857","89.17410714","82.47767857","76.00446429","72.99107143","72.65795207","72.22222222","72.87581699","72.87581699","73.96514161","75.59912854","81.91721133","87.58169935","92.81045752","92.37472767","91.83006536","89.86928105","89.24731183","91.93548387","93.87096774","92.47311828","95.80645161","97.20430108","100.9677419","101.827957","100.2150538","100.2150538","98.8172043","97.95698925","97.09677419","98.92473118","100.2150538","100.3184713","100.2123142","101.3800424628","101.2738854","101.2738854","101.3800425","102.5477707","103.5031847","103.0785563",
"연립다세대","동남권","전세수급동향","","102.2321429","111.6071429","109.8214286","116.0714286","115.625","111.6071429","116.9642857","120.9821429","135.7142857","129.0178571","125.4464286","125.8928571","124.3697479","123.9495798","119.7478992","118.487395","117.6470588","116.3865546","118.0672269","115.9663866","119.3277311","117.6470588","115.1260504","117.6470588","115.5462185","114.7058824","120.1680672","120.1680672","120.1680672","118.0672269","112.9120879","112.2252747","111.9505495","112.0879121","112.2252747","111.9505495","111.9505495","111.9505495","111.8131868","111.8131868","111.6758242","111.8131868","111.8131868","110.989011","109.3406593","108.6538462","108.5164835","106.1813187","105.9065934","103.8461538","104.532967","100.4120879","104.3956044","101.7857143","102.3351648","101.6483516","101.0989011","100.4120879","101.2362637","101.3736264","102.3351648","101.9230769","96.97802198","94.23076923","92.99450549","92.58241758","92.99450549","95.6043956","96.97802198","93.81868132","91.48351648","89.6978022","89.81481481","85.18518519","84.52380952","83.33333333","84.39153439","85.58201058","89.28571429","94.70899471","94.84126984","94.17989418","95.8994709","102.5132275","101.5584416","100.6493506","103.2467532","102.0779221","100.5194805","101.038961","106.3636364","106.8831169","104.4155844","104.1558442","104.9350649","105.4545455","105.7142857","105.974026","105.0649351","105.3246753","106.8831169","111.6883117","109.9303136","112.71777","120.7317073","113.5888502","101.5679443","100.5226481","92.85714286","91.63763066","94.58041958","93.55400697","96.8641115","96.8641115","94.94773519","90.24390244","89.19860627","85.19163763","82.75261324","78.22299652","79.26829268","81.01045296","86.41114983","79.79094077","78.91986063","77.5261324","79.61672474","82.22996516","84.84320557","85.71428571","83.62369338","86.2369338","86.59793814","86.42611684","87.45704467","87.11340206","87.80068729","86.76975945","93.81443299","96.90721649","98.45360825","98.96907216","95.01718213","96.90721649","97.59450172","99.31271478","98.10996564","97.61904762","97.44897959","97.1088435374","97.78911565","100","98.80952381","100.5102041","100.5102041","102.0408163",
"연립다세대","경기","전세수급동향","","105.2248677","105.952381","106.547619","107.4074074","105.6878307","103.2407407","103.7698413","105.6878307","109.6560847","109.3253968","107.6719577","106.8121693","105.952381","105.3258145","105.8270677","104.3233083","101.754386","103.1328321","102.3809524","102.6942356","103.9473684","103.5087719","104.0100251","103.6967419","105.75","105.8125","108","107.6875","107.8125","107.25","108.6956522","106.552795","106.7080745","109.689441","108.5403727","105.5900621","106.0248447","105.9627329","105.931677","107.9813665","107.3913043","107.8881988","107.2049689","107.2360248","106.5355697","105.9282822","106.4488143","105.4945055","104.2220937","104.1642568","104.4534413","104.626952","104.6847889","103.7593985","103.0942741","102.9207634","102.4869867","102.313476","101.9086177","95.91836735","95.82270408","95.9502551","95.24872449","93.52678571","93.1122449","92.44260204","92.92091837","94.70663265","95.18494898","94.64285714","94.41964286","94.22831633","94.03753027","93.46246973","93.03874092","93.6440678","92.64527845","92.25181598","92.67554479","92.64527845","93.3716707","93.40193705","93.8559322","93.8559322","93.92898053","94.36176302","94.5303551","94.85125858","95.28032037","95.68077803","96.51428571","97.25714286","98.74285714","100.1142857","99.97142857","101.6285714","102.7428571","104","104.8","103.4571429","103.6","104.0285714","102.5336927","105.606469","103.0727763","104.851752","103.6927224","100.188781","97.60107817","95.95687332","96.57497303","98.73315364","98.08625337","98.70619946","99.4600432","97.22371968","95.39083558","90.37735849","86.65768194","82.0754717","80.38075093","80.19566367","80.19566367","81.51771549","83.5536753","84.39978847","86.5943945","88.28662084","90.74563723","90.42834479","89.10629297","88.12797462","89.57135389","89.2577104","89.30998432","89.64976477","89.72817564","89.85886043","92.8384736","93.49189754","94.17145844","94.22373236","94.04077365","93.5180345","95.63512807","95.63512807","95.63512807","95.23195876","95.85051546","95.5670103093","96.34020619","96.21134021","97.34536082","98.63402062","97.83505155","98.35051546",
"연립다세대","경부1권","전세수급동향","","105.1948052","106.4935065","105.5194805","108.4415584","108.4415584","103.2467532","105.1948052","106.4935065","108.4415584","106.8181818","105.5194805","106.1688312","106.5217391","108.0745342","105.5900621","102.484472","99.37888199","101.552795","95.96273292","97.51552795","102.173913","103.1055901","101.552795","105.2795031","108.6956522","108.3850932","114.9068323","114.2857143","112.4223602","112.4223602","107.8231293","107.8231293","108.3333333","113.9455782","112.244898","102.2108844","102.3809524","102.3809524","101.8707483","101.8707483","102.0408163","102.0408163","102.0408163","102.7210884","102.3809524","101.3605442","100.8503401","100.5102041","100.3401361","99.65986395","99.82993197","101.1904762","101.8707483","102.2108844","100.6802721","100.6802721","101.0204082","101.0204082","101.1904762","86.14718615","86.58008658","86.36363636","85.28138528","84.41558442","84.41558442","83.76623377","83.98268398","83.98268398","84.41558442","84.84848485","84.63203463","83.76623377","86.97478992","86.97478992","88.02521008","87.39495798","87.18487395","86.97478992","88.23529412","88.86554622","90.96638655","90.54621849","92.43697479","93.27731092","94.03292181","93.41563786","92.79835391","94.44444444","95.47325103","95.67901235","96.73469388","99.3877551","99.18367347","101.0204082","98.57142857","104.0816327","104.0816327","110.4081633","110","106.122449","103.877551","104.6938776","113.3458647","117.2932331","112.9699248","110.1503759","105.075188","100.3759398","92.10526316","90.97744361","94.36090226","96.80451128","96.2406015","98.68421053","97.93233083","100.5639098","100.5639098","90.03759398","87.40601504","83.64661654","82.89473684","83.27067669","79.88721805","82.70676692","86.65413534","90.22556391","95.4887218","94.73684211","94.54887218","92.48120301","90.97744361","89.28571429","90.48507463","90.48507463","92.1641791","90.48507463","92.53731343","92.53731343","98.32089552","100.1865672","103.9179104","101.3059701","102.238806","99.44029851","100.7462687","102.4253731","104.2910448","102.0295203","103.3210332","102.0295202952","105.3505535","102.0295203","106.4575646","108.302583","99.26199262","102.9520295",
"연립다세대","경부2권","전세수급동향","","96.61654135","98.87218045","102.2556391","100","101.8796992","99.62406015","103.3834586","101.1278195","106.3909774","106.0150376","107.518797","106.3909774","112.244898","107.4829932","107.4829932","103.7414966","101.7006803","101.7006803","107.1428571","102.3809524","102.7210884","102.0408163","104.4217687","103.7414966","105.7432432","104.7297297","105.4054054","110.1351351","106.7567568","107.0945946","106.5934066","104.1208791","105.7692308","107.967033","105.2197802","100.5494505","99.72527473","100.2747253","100.2747253","114.2857143","113.7362637","115.9340659","116.4835165","116.4835165","116.9312169","116.1375661","117.1957672","116.4021164","117.4603175","118.2539683","116.4021164","116.9312169","117.4603175","117.4603175","114.2857143","112.1693122","110.3174603","107.1428571","104.7619048","99.78354978","99.78354978","99.78354978","97.83549784","98.91774892","98.05194805","95.45454545","96.32034632","93.29004329","96.32034632","94.15584416","95.02164502","93.93939394","96.03174603","93.65079365","92.85714286","92.06349206","92.65873016","91.46825397","90.47619048","91.86507937","91.86507937","92.06349206","91.86507937","92.06349206","91.50943396","92.45283019","92.48120301","92.29323308","93.04511278","96.2406015","96.61654135","97.55639098","104.5112782","102.2556391","102.8195489","104.887218","105.8270677","106.3909774","105.6390977","104.1353383","104.3233083","104.6992481","99.82142857","100.5357143","101.4285714","100.1785714","101.9642857","100.7142857","98.57142857","98.03571429","100.1785714","98.39285714","96.42857143","100.3571429","100.8928571","99.82142857","98.21428571","93.75","88.39285714","82.67857143","80.10380623","81.83391003","83.9100346","87.37024221","84.94809689","88.92733564","91.52249135","97.05882353","98.09688581","96.71280277","94.80968858","94.11764706","95.05119454","95.39249147","94.70989761","94.36860068","95.7337884","91.12627986","96.92832765","96.75767918","97.26962457","96.24573379","94.36860068","94.88054608","94.53924915","95.221843","94.70989761","93.43434343","94.44444444","94.7811447811","95.79124579","96.96969697","95.45454545","97.47474747","99.15824916","99.32659933",
"연립다세대","서해안권","전세수급동향","","106.0150376","104.5112782","105.2631579","104.887218","106.0150376","104.887218","104.5112782","106.0150376","107.8947368","107.8947368","106.0150376","106.3909774","105.7142857","105","105.7142857","104.2857143","101.0714286","104.2857143","101.4285714","101.0714286","100.3571429","100.3571429","102.5","102.5","107.8571429","108.9285714","112.1428571","112.5","112.5","113.2142857","107.7067669","107.3308271","107.1428571","106.7669173","106.0150376","105.4511278","106.0150376","104.5112782","105.4511278","104.6992481","102.6315789","103.0075188","103.0075188","102.6315789","102.1978022","102.3809524","102.3809524","102.5641026","102.1978022","102.1978022","102.014652","101.8315018","101.8315018","101.8315018","101.8315018","101.6483516","100.1831502","100","100","99.73544974","99.6031746","99.6031746","99.33862434","94.44444444","93.78306878","93.78306878","94.84126984","103.3068783","102.9100529","102.9100529","101.984127","101.7195767","100.255102","97.57653061","96.81122449","97.83163265","97.95918367","97.32142857","97.57653061","97.19387755","98.08673469","98.46938776","99.48979592","99.61734694","98.6453202","99.75369458","100.990099","100.2463054","100.4926108","100.6157635","100.6157635","101.2315271","101.6009852","103.817734","102.5862069","103.6945813","103.6945813","103.5714286","104.1871921","102.8325123","106.1576355","105.5418719","100.989011","103.0769231","102.7472527","106.3736264","104.7252747","100","100.6593407","98.57142857","96.37362637","100.8791209","101.5384615","100.5494505","103.6263736","101.0989011","96.37362637","93.2967033","86.7032967","80.54945055","76.48351648","75.6043956","76.92307692","79.34065934","84.72527473","84.28571429","85.93406593","88.02197802","93.07692308","92.74725275","91.75824176","92.41758242","93.57298475","93.02832244","94.88017429","94.77124183","94.77124183","93.89978214","96.40522876","94.98910675","95.86056645","97.82135076","97.05882353","96.94989107","96.73202614","96.73202614","96.40522876","96.76724138","97.4137931","96.0129310345","95.90517241","97.52155172","99.03017241","99.78448276","99.24568966","101.5086207",
"연립다세대","동부1권","전세수급동향","","110.2678571","109.375","111.1607143","109.375","109.375","107.1428571","107.1428571","100.4464286","101.7857143","100","104.4642857","102.6785714","102.9411765","104.6218487","103.7815126","101.2605042","100.8403361","100.8403361","100","100","100.8403361","100.4201681","101.2605042","99.15966387","100.8403361","98.7394958","102.1008403","101.2605042","106.302521","103.3613445","109.8901099","105.1282051","105.6776557","105.8608059","103.6630037","103.1135531","102.7472527","102.7472527","102.5641026","102.7472527","102.7472527","102.7472527","102.7472527","102.7472527","101.3937282","100.174216","99.65156794","97.56097561","97.56097561","97.56097561","97.56097561","97.73519164","97.90940767","97.90940767","98.25783972","98.7804878","98.43205575","98.60627178","98.60627178","91.93548387","91.93548387","91.93548387","91.70506912","91.24423963","91.24423963","91.24423963","91.24423963","93.31797235","94.23963134","93.77880184","93.5483871","93.5483871","92.63392857","96.65178571","95.75892857","96.65178571","95.3125","95.08928571","96.875","95.3125","96.20535714","96.20535714","96.20535714","96.20535714","95.35864979","95.37815126","95.37815126","95.79831933","96.8487395","96.8487395","100.210084","100","102.1008403","103.5714286","103.9915966","105.2521008","106.302521","107.3529412","109.0336134","107.5630252","108.8235294","111.1344538","103.8461538","110.4395604","102.7472527","110.2564103","99.81684982","101.2820513","99.26739927","97.06959707","96.88644689","99.26739927","97.43589744","100.1831502","99.08424908","91.57509158","91.39194139","83.6996337","82.23443223","79.12087912","82.14285714","80.89285714","80.17857143","79.28571429","82.14285714","81.78571429","86.25","88.92857143","92.5","93.03571429","90.17857143","87.5","89.92932862","89.92932862","87.98586572","91.34275618","88.86925795","90.6360424","94.69964664","95.75971731","94.5229682","95.93639576","95.40636042","93.28621908","96.1130742","95.93639576","96.64310954","97.56944444","98.61111111","96.1805555556","100.5208333","98.4375","100.8680556","101.5625","102.7777778","100",
"연립다세대","동부2권","전세수급동향","","100","116.0714286","111.6071429","117.8571429","100","100","100","100","100","100","100","100","100","101.7857143","100","100","100","100","100","100","100","100","100","100","100","100.877193","100.877193","100.877193","100.877193","100","102.3809524","103.1746032","102.7777778","116.2698413","115.0793651","114.6825397","114.2857143","113.0952381","113.8888889","113.8888889","115.0793651","115.0793651","113.0952381","113.0952381","110.3896104","110.3896104","110.3896104","110.3896104","110.7142857","110.7142857","112.3376623","110.0649351","109.0909091","108.1168831","107.7922078","108.1168831","108.1168831","108.7662338","106.4935065","100.4464286","100","100.8928571","98.66071429","93.30357143","92.85714286","91.07142857","92.85714286","91.96428571","91.51785714","87.94642857","85.26785714","88.39285714","88.65546218","90.33613445","89.49579832","89.49579832","88.65546218","92.01680672","94.95798319","94.11764706","95.79831933","94.95798319","94.95798319","95.37815126","96.2406015","95.4887218","95.4887218","95.4887218","95.86466165","95.86466165","95.86466165","95.4887218","94.73684211","94.73684211","93.98496241","95.86466165","95.86466165","96.2406015","96.61654135","96.2406015","97.36842105","96.61654135","103.7414966","105.4421769","103.4013605","105.4421769","113.9455782","102.7210884","100.6802721","101.0204082","104.0816327","104.4217687","103.4013605","103.4013605","109.7222222","100","99.31972789","95.57823129","89.79591837","84.3537415","81.57894737","79.93421053","78.61842105","80.59210526","82.89473684","83.22368421","81.25","82.56578947","84.86842105","86.51315789","85.52631579","82.23684211","82.46753247","82.46753247","80.84415584","80.19480519","79.87012987","85.71428571","86.68831169","92.85714286","90.90909091","91.23376623","90.58441558","92.85714286","94.80519481","93.83116883","92.53246753","91.34615385","92.94871795","94.5512820513","93.58974359","91.98717949","91.34615385","95.19230769","98.3974359","95.51282051",
"연립다세대","경의권","전세수급동향","","113.7362637","104.9450549","104.3956044","104.9450549","106.5934066","100","100.5494505","106.5934066","120.8791209","123.0769231","113.7362637","114.8351648","102.5510204","97.95918367","114.2857143","110.7142857","110.7142857","113.7755102","112.755102","111.2244898","113.2653061","112.244898","113.7755102","111.7346939","113.2653061","113.7755102","109.6938776","106.122449","105.1020408","107.6530612","117.2473868","112.8919861","113.0662021","113.9372822","113.4146341","112.543554","112.8919861","113.2404181","114.6341463","114.6341463","114.6341463","114.6341463","112.8919861","112.71777","112.1753247","112.1753247","114.6103896","113.961039","113.961039","113.7987013","113.7987013","114.1233766","114.7727273","110.0649351","109.5779221","109.4155844","109.4155844","110.0649351","110.0649351","92.58241758","91.75824176","92.58241758","92.58241758","91.48351648","90.65934066","90.10989011","89.83516484","89.56043956","89.56043956","89.83516484","90.38461538","89.83516484","86.66666667","86.66666667","86.66666667","92.85714286","92.85714286","92.38095238","94.28571429","94.04761905","92.85714286","93.33333333","92.61904762","91.42857143","92.64069264","93.93939394","95.02164502","95.67099567","96.53679654","97.4025974","97.4025974","98.7012987","99.35064935","103.6796537","104.7619048","102.3809524","103.8961039","102.8138528","103.030303","102.5974026","100.6493506","100.6493506","98.26839827","102.3809524","97.61904762","103.030303","102.5974026","98.05194805","94.58874459","87.87878788","90.2173913","91.12554113","93.07359307","91.55844156","87.87878788","86.58008658","85.4978355","79.87012987","76.40692641","74.45887446","71.99170124","71.99170124","74.4813278","71.16182573","71.36929461","71.36929461","72.406639","72.406639","73.85892116","74.27385892","74.68879668","73.65145228","76.73469388","75.10204082","75.51020408","75.91836735","74.89795918","75.71428571","77.34693878","78.36734694","80.20408163","79.79591837","80.20408163","81.2244898","90.6122449","90.40816327","90","89.55823293","87.95180723","90.3614457831","87.95180723","88.15261044","88.15261044","88.95582329","88.75502008","88.35341365",
"연립다세대","경원권","전세수급동향","","105.1948052","108.4415584","110.3896104","114.9350649","103.8961039","107.1428571","101.9480519","122.0779221","125.974026","126.6233766","118.1818182","111.038961","106.4935065","109.0909091","100","109.0909091","99.35064935","99.35064935","100.6493506","112.3376623","112.3376623","109.0909091","105.8441558","101.9480519","98.05194805","101.2987013","103.2467532","97.4025974","102.5974026","96.75324675","102.7472527","100.2747253","98.62637363","103.2967033","104.6703297","102.7472527","106.5934066","107.967033","104.6703297","109.6153846","106.8681319","108.5164835","106.043956","106.043956","104.6875","103.3482143","104.4642857","101.5625","91.29464286","91.29464286","93.97321429","94.19642857","92.85714286","92.41071429","92.41071429","92.41071429","92.41071429","92.41071429","92.63392857","100","100","100","100","100","100","100","99.76958525","99.76958525","99.53917051","99.53917051","100","100","99.76958525","97.92626728","97.23502304","94.70046083","88.24884793","86.86635945","84.10138249","84.56221198","85.48387097","85.25345622","85.71428571","85.25345622","86.7965368","86.7965368","85.4978355","86.58008658","85.28138528","83.33333333","84.63203463","84.41558442","84.84848485","86.14718615","88.0952381","90.47619048","95.23809524","97.4025974","101.5151515","101.7316017","99.13419913","100.2164502","97.78325123","100.2463054","99.50738916","95.32019704","100.9852217","98.76847291","95.56650246","97.78325123","96.30541872","100.7389163","97.78325123","95.07389163","96.55172414","98.27586207","96.30541872","96.79802956","98.52216749","93.59605911","92.54807692","92.78846154","90.38461538","92.30769231","91.58653846","90.38461538","90.625","90.14423077","92.06730769","92.06730769","90.86538462","90.86538462","91.70616114","91.46919431","90.04739336","91.46919431","92.41706161","94.31279621","92.41706161","92.18009479","91.94312796","91.23222749","93.36492891","91.70616114","94.07582938","92.18009479","91.70616114","92.09302326","92.55813953","93.488372093","92.79069767","94.41860465","95.11627907","95.34883721","94.65116279","95.81395349",
"연립다세대","인천","전세수급동향","","95.34161491","95.96273292","89.7515528","104.9689441","95.96273292","96.58385093","100.931677","105.2795031","109.9378882","112.4223602","114.5962733","106.8322981","104.9689441","104.6583851","105.9006211","103.4161491","101.552795","100.931677","100","100","101.242236","103.7267081","102.7950311","102.7950311","103.4161491","104.6583851","103.4161491","104.0372671","103.4161491","103.4161491","107.1428571","107.3308271","107.3308271","105.6390977","105.6390977","105.4511278","105.4511278","105.075188","105.6390977","105.6390977","105.6390977","105.4511278","104.887218","104.887218","103.1954887","104.5112782","105.6390977","105.2631579","105.6390977","106.5789474","106.0150376","107.518797","109.7744361","109.7744361","109.7744361","110.9022556","109.2105263","106.0150376","105.075188","98.29931973","97.10884354","97.44897959","96.42857143","95.74829932","93.53741497","94.89795918","92.34693878","91.49659864","92.68707483","93.02721088","93.53741497","93.36734694","92.19269103","91.69435216","91.36212625","90.3654485","89.20265781","87.87375415","85.71428571","88.87043189","90.69767442","91.02990033","90.86378738","92.52491694","94.48051948","93.66883117","93.18181818","94.31818182","93.18181818","93.83116883","96.26623377","96.1038961","97.07792208","100.487013","101.2987013","101.461039","102.1103896","102.4350649","102.5974026","104.3831169","104.3831169","104.7077922","100.310559","104.8136646","111.3354037","103.2608696","99.22360248","102.3291925","100","100.4658385","97.04968944","102.173913","100.310559","97.51552795","97.67080745","94.6875","90.52795031","86.64596273","82.29813665","79.9689441","79.9689441","82.91925466","84.31677019","83.38509317","82.60869565","83.22981366","85.0931677","84.47204969","84.31677019","85.2484472","82.91925466","82.45341615","84.30769231","84.15384615","84","82.30769231","82.15384615","84.30769231","82.61538462","85.84615385","86.15384615","86.76923077","88.76923077","88.46153846","84.30769231","86.61538462","87.53846154","91.61585366","88.87195122","88.1097560976","91.92073171","91.92073171","95.27439024","98.32317073","97.10365854","95.27439024",
"연립다세대","부산","전세수급동향","","101.1904762","103.3333333","105","105.7142857","105.7142857","101.4285714","100.952381","100.4761905","102.1428571","102.1428571","102.8571429","101.9047619","97.23502304","102.0833333","102.0833333","102.3148148","101.8518519","102.0833333","100","99.53703704","100.2314815","100.9259259","100.6944444","100.2314815","100.2304147","100.2304147","103.9170507","102.9953917","102.3041475","101.6129032","104.8469388","104.7193878","104.7193878","104.0816327","105.3571429","103.8265306","104.0816327","102.9336735","102.6785714","102.6785714","102.6785714","102.9336735","103.6989796","102.8061224","101.9132653","103.4438776","102.9336735","100.6377551","102.0408163","102.0408163","101.5306122","102.0408163","102.2959184","102.6785714","102.1683673","102.0408163","99.87244898","99.23469388","98.21428571","89.3907563","88.97058824","88.65546218","88.34033613","85.18907563","84.24369748","82.87815126","82.03781513","80.56722689","80.88235294","79.41176471","76.05042017","75.42016807","73.31932773","73.94957983","69.74789916","66.70168067","67.54201681","66.59663866","66.07142857","65.0210084","65.23109244","64.81092437","66.38655462","66.17647059","68.90756303","68.38235294","68.27731092","64.81092437","70.16806723","70.16806723","72.4789916","72.68907563","74.05462185","74.89495798","75.6302521","78.25630252","78.36134454","79.20168067","79.20168067","80.35714286","81.19747899","82.35294118","94.88272921","99.04051173","105.1172708","100.1066098","101.3859275","101.2793177","96.58848614","98.29424307","104.9040512","103.1982942","102.3454158","100.2132196","96.80170576","95.62899787","92.75053305","90.40511727","87.20682303","84.64818763","85.89473684","84.94736842","85.05263158","87.36842105","86.21052632","86","88.21052632","88.31578947","88.63157895","89.78947368","88.84210526","87.36842105","87.34309623","87.34309623","87.86610879","88.49372385","87.86610879","87.86610879","89.53974895","90.16736402","90.27196653","88.59832636","88.28451883","88.17991632","89.64435146","89.53974895","89.53974895","89.62655602","88.38174274","87.9668049793","90.45643154","90.97510373","90.97510373","90.56016598","90.45643154","90.97510373",
"연립다세대","중부산권","전세수급동향","","103.5714286","106.6326531","111.2244898","109.6938776","110.2040816","102.5510204","102.0408163","103.0612245","103.5714286","103.0612245","103.5714286","103.0612245","99.04761905","101.9047619","100.952381","101.9047619","101.9047619","102.3809524","99.04761905","98.0952381","99.04761905","99.52380952","99.52380952","99.52380952","99.04761905","99.04761905","101.4285714","101.4285714","99.04761905","100.952381","109.3167702","109.6273292","109.6273292","108.6956522","109.6273292","109.6273292","111.4906832","111.4906832","111.1801242","111.1801242","111.1801242","111.4906832","112.4223602","111.8012422","108.0745342","110.2484472","109.0062112","108.3850932","108.0745342","108.0745342","107.4534161","107.7639752","108.0745342","108.0745342","108.3850932","105.5900621","105.2795031","105.2795031","103.7267081","92.60204082","92.60204082","91.32653061","90.05102041","81.12244898","80.35714286","76.78571429","76.02040816","74.48979592","74.23469388","72.95918367","68.36734694","68.1122449","66.99507389","68.22660099","61.57635468","61.8226601","62.56157635","62.06896552","61.33004926","60.591133","62.06896552","61.57635468","64.77832512","64.5320197","68.4729064","68.4729064","68.4729064","64.03940887","66.99507389","67.48768473","69.45812808","70.19704433","72.16748768","74.38423645","75.12315271","75.86206897","78.32512315","79.31034483","79.06403941","78.32512315","78.32512315","79.31034483","95.07389163","99.26108374","103.4482759","100.2463054","104.1871921","102.955665","97.53694581","96.55172414","106.1576355","100.9852217","103.6945813","99.75369458","98.27586207","97.53694581","93.34975369","92.85714286","90.14778325","90.14778325","89.61352657","88.4057971","89.85507246","95.16908213","93.71980676","93.96135266","94.68599034","91.54589372","91.30434783","93.47826087","93.23671498","93.47826087","91.38755981","90.66985646","89.71291866","92.10526316","91.14832536","92.34449761","94.49760766","95.215311","94.25837321","91.14832536","90.90909091","91.62679426","92.34449761","92.82296651","92.82296651","92.41706161","91.46919431","91.7061611374","91.94312796","93.36492891","93.36492891","91.46919431","92.18009479","92.89099526",
"연립다세대","동부산권","전세수급동향","","98.41269841","100.7936508","99.20634921","103.968254","103.1746032","100","99.20634921","96.03174603","100.7936508","101.5873016","103.1746032","100.7936508","103.968254","104.8387097","106.4516129","105.6451613","104.0322581","104.0322581","102.4193548","102.4193548","103.2258065","104.8387097","104.0322581","102.4193548","102.3809524","102.3809524","107.1428571","103.968254","107.1428571","101.5873016","100.7936508","100.3968254","100","100","102.3809524","100","99.20634921","99.6031746","99.20634921","100","100","100","99.6031746","99.6031746","101.5873016","103.1746032","103.1746032","96.82539683","101.5873016","101.5873016","101.984127","101.984127","101.5873016","100","98.41269841","98.41269841","92.06349206","91.26984127","90.87301587","85.71428571","85.33834586","85.33834586","84.58646617","84.58646617","84.58646617","84.58646617","84.58646617","83.45864662","82.70676692","80.82706767","78.19548872","77.44360902","70.67669173","70.67669173","69.17293233","64.28571429","63.53383459","60.90225564","60.90225564","59.39849624","58.64661654","58.64661654","59.39849624","59.39849624","61.27819549","61.27819549","60.15037594","55.26315789","69.92481203","68.42105263","72.55639098","72.55639098","73.30827068","73.30827068","74.06015038","79.69924812","75.18796992","75.18796992","75.18796992","75.18796992","74.81203008","74.81203008","93.53741497","98.97959184","107.8231293","100.6802721","97.95918367","101.3605442","96.2585034","97.61904762","103.7414966","106.462585","102.3809524","101.0204082","94.55782313","92.5170068","89.11564626","85.37414966","81.97278912","77.21088435","78.71621622","77.02702703","74.66216216","76.68918919","74.66216216","73.64864865","79.39189189","81.75675676","82.77027027","84.12162162","82.77027027","79.72972973","81.75675676","81.41891892","82.43243243","81.41891892","82.09459459","80.74324324","82.09459459","83.10810811","84.45945946","84.7972973","83.10810811","82.77027027","85.47297297","85.47297297","85.47297297","86.24161074","85.90604027","85.9060402685","90.93959732","91.61073826","91.27516779","91.94630872","91.61073826","92.61744966",
"연립다세대","서부산권","전세수급동향","","100","100","100","100","100","101.0204082","101.0204082","101.0204082","101.0204082","101.0204082","101.0204082","101.0204082","84.69387755","98.97959184","98.97959184","98.97959184","98.97959184","98.97959184","98.97959184","98.97959184","98.97959184","98.97959184","98.97959184","98.97959184","100","100","105.1020408","105.1020408","103.0612245","103.0612245","102.8571429","102.3809524","102.8571429","101.9047619","102.3809524","99.52380952","98.57142857","93.80952381","93.80952381","92.85714286","92.85714286","93.33333333","95.23809524","92.85714286","92.85714286","93.33333333","93.33333333","93.33333333","93.33333333","93.33333333","91.9047619","93.33333333","94.28571429","97.61904762","97.14285714","100.952381","100.952381","99.52380952","98.57142857","88.43537415","87.41496599","88.0952381","89.45578231","91.15646259","89.11564626","89.45578231","87.75510204","86.05442177","88.0952381","86.73469388","84.3537415","83.33333333","85","85.35714286","82.14285714","76.07142857","78.57142857","78.57142857","77.85714286","76.78571429","76.07142857","75.35714286","75.35714286","75","76.78571429","75","75.71428571","75","75","75.71428571","76.78571429","76.42857143","77.5","77.14285714","77.85714286","80.35714286","81.42857143","82.85714286","83.21428571","88.21428571","91.42857143","93.92857143","96.21848739","98.7394958","104.6218487","99.15966387","100.8403361","98.31932773","95.37815126","102.1008403","104.2016807","102.9411765","100","100","97.05882353","96.21848739","96.21848739","92.43697479","88.65546218","84.45378151","88.33333333","88.75","89.58333333","87.08333333","87.5","87.5","87.91666667","90.83333333","91.25","90.41666667","88.75","86.25","87.19008264","88.84297521","91.32231405","90.90909091","89.25619835","88.84297521","90.08264463","90.08264463","90.49586777","88.84297521","90.08264463","88.84297521","90.08264463","88.84297521","88.84297521","88.93442623","86.06557377","84.0163934426","87.29508197","86.06557377","86.47540984","87.29508197","86.06557377","85.6557377",
"연립다세대","대구","전세수급동향","","112.5","110.7142857","111.3095238","111.9047619","110.7142857","111.9047619","112.5","112.5","112.5","114.2857143","112.5","112.5","114.8809524","113.0952381","111.9047619","111.9047619","111.3095238","111.3095238","113.6904762","111.9047619","111.3095238","112.5","117.2619048","117.2619048","119.6428571","118.452381","118.452381","105.3571429","104.7619048","105.952381","103.7414966","103.7414966","103.7414966","104.0816327","104.4217687","101.0204082","101.0204082","101.0204082","102.3809524","102.3809524","102.7210884","101.3605442","101.7006803","101.3605442","101.1428571","100.5714286","100.8571429","102.5714286","100.8571429","100","100.2857143","99.14285714","98.85714286","99.71428571","100","101.4285714","100.2857143","101.7142857","100.8571429","100","100.2463054","100.2463054","97.27891156","95.57823129","95.23809524","95.23809524","95.23809524","94.89795918","94.55782313","94.55782313","94.89795918","94.89795918","98.29931973","100.3401361","100.6802721","100.6802721","99.31972789","100","103.7414966","105.4421769","101.0204082","102.7210884","102.3809524","102.0408163","102.7210884","101.7006803","101.7006803","101.0204082","101.7006803","102.3809524","100.6802721","101.0204082","101.7006803","106.8027211","104.7619048","107.4829932","108.5034014","107.4829932","106.122449","104.7619048","104.4217687","103.7414966","102.173913","107.1428571","104.6583851","101.552795","100.310559","99.37888199","99.06832298","99.37888199","95.3125","94.72049689","95.96273292","91.92546584","90.68322981","86.64596273","86.33540373","85.0931677","83.54037267","81.67701863","78.26086957","76.08695652","79.50310559","77.32919255","76.39751553","77.32919255","80.43478261","80.43478261","79.8136646","80.1242236","80.1242236","79.8136646","77.95031056","78.57142857","76.70807453","78.57142857","78.88198758","77.63975155","77.63975155","76.39751553","78.57142857","74.53416149","75.77639752","76.70807453","74.8447205","75.77639752","74.8447205","75.92592593","76.85185185","75.9259259259","74.07407407","75","75.30864198","74.38271605","73.7654321","70.37037037",
"연립다세대","광주","전세수급동향","","100","100","100","91.66666667","100","100","100","100","100","100","100","100","100","100","100","100","100","100","100","100","100","100","100","100","105.3571429","105.3571429","105.3571429","104.4642857","104.4642857","104.4642857","102.7472527","102.7472527","102.7472527","102.7472527","102.7472527","102.7472527","102.7472527","102.7472527","102.7472527","103.2967033","103.2967033","103.2967033","103.2967033","103.2967033","101.9480519","101.9480519","101.9480519","101.2987013","103.2467532","101.9480519","101.2987013","101.9480519","104.2207792","104.2207792","104.2207792","103.5714286","103.2467532","102.5974026","102.5974026","103.8461538","103.8461538","103.2967033","103.2967033","103.2967033","103.2967033","103.8461538","100","98.35164835","104.9450549","103.2967033","101.0989011","102.1978022","102.2321429","102.2321429","101.7857143","99.55357143","99.10714286","98.66071429","98.66071429","101.7857143","103.125","103.5714286","103.5714286","103.5714286","103.125","103.125","103.125","103.125","102.6785714","102.6785714","99.55357143","101.7857143","95.53571429","102.6785714","105.8035714","104.4642857","106.25","107.1428571","105.3571429","99.10714286","98.66071429","97.76785714","100","102.3809524","102.9761905","100","101.7857143","106.547619","104.1666667","101.1904762","98.80952381","100","104.1666667","99.4047619","101.1904762","100","97.61904762","96.42857143","94.04761905","87.5","86.36363636","88.06818182","86.93181818","87.5","89.20454545","91.47727273","93.75","93.75","94.88636364","95.45454545","96.59090909","94.88636364","92.13483146","90.4494382","88.20224719","93.25842697","92.13483146","92.69662921","91.01123596","87.64044944","90.4494382","90.4494382","92.13483146","91.57303371","92.69662921","93.25842697","91.01123596","88.88888889","89.44444444","90.5555555556","87.77777778","93.88888889","93.33333333","92.22222222","94.44444444","96.11111111",
"연립다세대","대전","전세수급동향","","98.80952381","100.5952381","102.9761905","106.547619","101.7857143","102.9761905","103.5714286","105.952381","113.0952381","116.6666667","112.5","106.547619","108.3333333","110.7142857","117.8571429","112.5","113.6904762","113.6904762","114.2857143","119.047619","121.4285714","124.4047619","121.4285714","125","127.9761905","127.3809524","126.7857143","127.3809524","127.3809524","126.1904762","119.3877551","118.0272109","117.3469388","117.3469388","117.3469388","108.8435374","108.1632653","97.61904762","94.89795918","94.89795918","94.89795918","94.89795918","97.61904762","97.61904762","96.2585034","96.93877551","97.27891156","100","96.2585034","99.31506849","99.31506849","99.31972789","100","99.65986395","99.31972789","100","99.65986395","99.65986395","97.27891156","95.91836735","95.91836735","97.61904762","100.2463054","100.4926108","100","100","99.01477833","98.27586207","98.76847291","100.2463054","99.75369458","99.75369458","100","100","100","100.7389163","99.75369458","99.26108374","99.26108374","103.2019704","100.4926108","100.4926108","100","101.2315271","100.4926108","100.7389163","101.9704433","99.50738916","101.9704433","100.4926108","100.9852217","101.2315271","102.4630542","102.955665","102.4630542","103.6945813","102.7093596","103.4482759","103.6945813","102.955665","103.6945813","103.2019704","97.25274725","104.1208791","110.989011","100.5494505","100.5494505","100","92.30769231","96.15384615","96.97802198","96.13259669","96.15384615","98.07692308","95.87912088","93.13186813","93.68131868","89.56043956","85.71428571","82.69230769","82.41758242","82.14285714","86.26373626","80.21978022","80.49450549","80.76923077","79.3956044","81.86813187","83.24175824","83.51648352","81.31868132","81.31868132","90.43715847","90.98360656","87.43169399","86.8852459","85.79234973","85.24590164","86.8852459","87.15846995","89.07103825","92.07650273","92.89617486","93.98907104","93.44262295","92.34972678","93.71584699","94.86486486","93.51351351","96.7567567568","95.67567568","97.2972973","97.02702703","98.37837838","98.91891892","100",
"연립다세대","울산","전세수급동향","","99.35064935","101.2987013","101.2987013","101.2987013","100","101.2987013","98.7012987","98.7012987","99.35064935","98.7012987","100","100","100","100.6493506","100.6493506","99.35064935","100","100","112.987013","112.987013","101.9480519","100.6493506","99.35064935","99.35064935","99.35064935","99.35064935","107.7922078","99.35064935","99.35064935","99.35064935","100.8241758","100.8241758","102.1978022","103.021978","101.3736264","100.8241758","108.5164835","102.1978022","102.4725275","103.021978","100","100","101.6483516","95.6043956","91.66666667","91.9047619","92.14285714","92.14285714","91.42857143","91.66666667","92.38095238","92.85714286","90.95238095","90.47619048","88.57142857","88.57142857","88.80952381","88.57142857","88.57142857","87.85714286","84.04761905","88.0952381","82.61904762","79.76190476","76.66666667","76.9047619","72.61904762","65.47619048","64.28571429","63.33333333","62.38095238","56.66666667","57.85714286","59.04761905","60","59.52380952","59.76190476","59.52380952","59.28571429","59.28571429","59.28571429","60","60.71428571","61.19047619","62.85714286","65.23809524","65.71428571","65.71428571","65.47619048","66.66666667","68.33333333","67.61904762","67.85714286","71.19047619","72.61904762","79.04761905","79.52380952","79.52380952","80","80.95238095","81.42857143","82.38095238","96","98","106","100","96.28571429","102.2857143","101.1428571","102.8571429","100.8571429","99.71428571","103.7142857","98.57142857","98.28571429","95.42857143","94.57142857","94.28571429","90.85714286","87.71428571","85.51136364","83.52272727","82.95454545","81.81818182","80.96590909","81.81818182","79.26136364","81.53409091","78.125","77.55681818","80.11363636","80.39772727","80.11363636","79.54545455","79.82954545","79.82954545","78.69318182","78.40909091","79.54545455","80.11363636","79.82954545","79.54545455","79.54545455","78.97727273","78.69318182","78.97727273","79.26136364","79.0960452","79.0960452","85.3107344633","87.00564972","88.70056497","88.4180791","88.4180791","88.4180791","89.26553672",
"연립다세대","세종","전세수급동향","","123.8095238","107.1428571","107.1428571","107.1428571","107.1428571","107.1428571","107.1428571","107.1428571","107.1428571","107.1428571","107.1428571","107.1428571","107.1428571","107.1428571","107.1428571","107.1428571","107.1428571","107.1428571","100","100","100","95.23809524","104.7619048","88.0952381","85.71428571","84.28571429","91.42857143","91.42857143","95.71428571","91.42857143","94.15584416","94.15584416","92.85714286","91.55844156","85.71428571","87.01298701","83.11688312","83.76623377","88.96103896","89.61038961","90.90909091","88.96103896","91.55844156","91.55844156","98.21428571","92.41071429","96.42857143","93.75","91.96428571","99.55357143","93.30357143","93.75","94.64285714","93.75","95.53571429","95.53571429","96.875","100","100.4464286","100","100","99.48979592","100.5102041","100","98.97959184","99.48979592","100","99.48979592","97.44897959","100","95.91836735","102.0408163","100","98.97959184","95.91836735","90.30612245","90.30612245","90.30612245","86.2244898","87.24489796","87.75510204","87.75510204","87.75510204","88.26530612","88.26530612","88.26530612","88.26530612","87.75510204","87.75510204","87.75510204","98.97959184","98.97959184","97.95918367","98.97959184","98.46938776","93.87755102","95.40816327","104.0816327","102.0408163","99.48979592","95.40816327","100.5102041","98.05194805","96.75324675","98.05194805","100","103.2467532","97.4025974","95.45454545","95.45454545","95.45454545","96.75324675","94.15584416","96.1038961","95.45454545","96.1038961","99.35064935","92.20779221","92.85714286","86.36363636","87.5","93.75","100","94.375","96.25","98.75","96.25","96.25","97.5","94.375","93.125","95","93.82716049","91.97530864","88.27160494","90.12345679","88.27160494","90.12345679","88.27160494","87.65432099","88.88888889","89.50617284","87.65432099","88.27160494","89.50617284","88.88888889","90.12345679","91.46341463","92.07317073","96.9512195122","95.73170732","95.73170732","95.73170732","100.6097561","101.2195122","101.8292683",
"연립다세대","강원","전세수급동향","","101.4285714","101.4285714","103.5714286","103.5714286","100","100","101.4285714","101.4285714","101.4285714","100.7142857","100.7142857","100.7142857","100.7142857","101.4285714","101.4285714","100.7142857","101.4285714","101.4285714","101.4285714","101.4285714","101.4285714","101.4285714","101.4285714","101.4285714","100.7142857","102.8571429","105.7142857","105.7142857","104.2857143","102.1428571","103.7593985","104.1353383","104.5112782","104.5112782","104.5112782","104.1353383","103.3834586","103.3834586","105.2631579","109.0225564","109.0225564","107.8947368","107.518797","107.8947368","107.8947368","108.6466165","108.6466165","107.518797","107.518797","107.8947368","108.6466165","105.2631579","104.887218","104.887218","107.518797","106.7669173","107.518797","107.518797","103.0075188","96.93877551","98.46938776","99.48979592","100","100","101.0204082","92.85714286","94.3877551","93.87755102","94.3877551","92.34693878","91.32653061","90.81632653","90.95238095","87.14285714","86.66666667","85.23809524","84.76190476","83.80952381","83.80952381","82.38095238","82.38095238","82.38095238","81.42857143","81.42857143","80","82.38095238","82.85714286","79.04761905","79.52380952","86.19047619","85.23809524","86.66666667","89.04761905","89.04761905","91.9047619","95.23809524","92.85714286","93.80952381","96.19047619","97.61904762","96.66666667","98.0952381","100","103.125","104.9107143","100.8928571","99.55357143","100.4464286","100.8928571","100.4464286","103.125","102.6785714","104.4642857","102.6785714","101.7857143","99.55357143","98.66071429","96.875","95.53571429","94.19642857","94.7826087","94.7826087","93.47826087","95.2173913","92.60869565","95.2173913","97.39130435","95.2173913","97.82608696","100","100.4347826","99.56521739","98.26086957","96.52173913","98.26086957","97.82608696","100.8695652","99.56521739","99.13043478","100","98.26086957","98.26086957","96.95652174","95.2173913","95.65217391","98.69565217","99.56521739","98.70689655","98.70689655","97.8448275862","98.70689655","99.56896552","97.84482759","99.13793103","99.13793103","100",
"연립다세대","충북","전세수급동향","","100","100.7142857","99.28571429","100","100","100","100","100","100","100.7142857","100","100.7142857","100.7142857","100","99.28571429","102.1428571","102.1428571","100.7142857","98.7012987","100","100","100","100","101.2987013","100","100","100","100.6493506","100.6493506","100.6493506","101.1904762","101.1904762","101.1904762","101.1904762","101.1904762","101.1904762","100.8928571","100.297619","101.1904762","100.297619","100","99.4047619","99.4047619","99.10714286","99.10714286","103.8690476","104.4642857","103.2738095","101.1904762","98.80952381","98.51190476","97.32142857","97.91666667","98.51190476","98.51190476","97.61904762","97.61904762","97.32142857","97.32142857","101.984127","101.984127","101.5873016","100","100","96.42857143","96.82539683","97.22222222","96.82539683","95.23809524","94.04761905","93.65079365","92.85714286","78.23129252","82.99319728","82.31292517","82.31292517","80.27210884","79.59183673","77.89115646","77.55102041","78.23129252","78.57142857","75.85034014","75.85034014","76.53061224","76.53061224","76.53061224","76.8707483","77.89115646","79.25170068","80.6122449","80.6122449","79.59183673","79.25170068","79.59183673","82.31292517","83.67346939","82.99319728","84.01360544","84.69387755","85.03401361","86.73469388","96.21848739","99.15966387","102.5210084","91.17647059","100.8403361","101.2605042","100","96.21848739","99.15966387","100.8403361","99.15966387","101.2605042","97.4789916","98.7394958","99.15966387","97.05882353","95.79831933","92.43697479","89.91596639","89.07563025","90.33613445","88.65546218","91.17647059","91.59663866","89.49579832","89.91596639","92.85714286","95.79831933","94.53781513","94.53781513","93.75","98.33333333","98.75","94.58333333","94.16666667","94.58333333","97.5","92.5","90","91.66666667","93.75","92.5","96.66666667","94.58333333","95.83333333","98.34710744","96.28099174","95.041322314","96.28099174","96.69421488","94.21487603","96.28099174","95.8677686","93.38842975",
"연립다세대","충남","전세수급동향","","101.9480519","105.1948052","105.1948052","107.1428571","107.1428571","106.4935065","106.4935065","101.2987013","110.3896104","110.3896104","105.1948052","107.7922078","108.4415584","113.6363636","103.8961039","101.2987013","102.5974026","100","100","101.9480519","104.5454545","104.5454545","107.1428571","111.038961","102.5974026","100.6493506","105.1948052","107.1428571","105.8441558","104.5454545","104.3650794","103.968254","107.9365079","105.5555556","105.952381","105.5555556","106.3492063","103.5714286","105.952381","104.3650794","104.3650794","102.3809524","96.03174603","103.968254","102.0833333","102.0833333","98.80239521","98.51190476","98.80952381","97.91666667","97.32142857","96.13095238","96.72619048","97.61904762","95.53571429","93.1547619","94.3452381","94.3452381","94.3452381","88.92857143","87.85714286","88.57142857","92.14285714","93.57142857","93.92857143","91.78571429","93.57142857","95.35714286","94.64285714","95.71428571","94.64285714","93.92857143","93.19727891","96.2585034","94.55782313","94.89795918","91.49659864","90.47619048","91.49659864","89.79591837","91.15646259","90.81632653","90.13605442","88.0952381","89.79591837","89.11564626","90.81632653","84.3537415","84.3537415","83.67346939","85.71428571","88.0952381","92.5170068","92.17687075","93.19727891","93.53741497","92.5170068","93.19727891","95.91836735","95.91836735","93.53741497","95.57823129","97.51552795","101.552795","107.1428571","101.552795","107.4534161","103.4161491","96.27329193","100.621118","105.5900621","101.242236","97.82608696","100","102.173913","97.20496894","97.20496894","95.34161491","95.34161491","90.37267081","82.91925466","87.88819876","84.16149068","86.33540373","89.13043478","91.92546584","90.68322981","89.13043478","90.99378882","92.85714286","92.23602484","91.92546584","90.12345679","91.66666667","91.04938272","90.74074074","91.35802469","91.66666667","91.66666667","92.90123457","92.59259259","90.43209877","90.43209877","90.43209877","92.59259259","94.44444444","96.2962963","93.25153374","93.25153374","93.2515337423","93.25153374","94.47852761","95.39877301","93.55828221","96.3190184","92.94478528",
"연립다세대","전북","전세수급동향","","93.75","102.6785714","103.5714286","122.3214286","108.9285714","101.7857143","102.6785714","109.8214286","102.6785714","106.25","106.25","101.7857143","112.5","101.7857143","99.10714286","100","101.7857143","101.7857143","100","97.32142857","100.8928571","99.10714286","97.32142857","97.32142857","100","100","105.3571429","100.8928571","96.42857143","100","102.2321429","101.3392857","98.66071429","95.08928571","92.85714286","98.66071429","99.10714286","100","101.3392857","101.7857143","101.7857143","100.4464286","101.3392857","102.6785714","102.2321429","105.8035714","103.5714286","103.5714286","103.125","104.4642857","103.125","102.6785714","103.125","103.125","102.6785714","100.8928571","102.6785714","100.8928571","102.2321429","99.48979592","99.48979592","99.48979592","99.48979592","97.44897959","97.44897959","97.95918367","98.46938776","97.95918367","97.95918367","97.95918367","98.46938776","98.46938776","96.66666667","95.71428571","94.76190476","93.33333333","92.85714286","91.9047619","88.0952381","88.57142857","87.14285714","87.14285714","87.61904762","87.14285714","89.04761905","89.04761905","89.04761905","89.04761905","88.0952381","87.61904762","87.14285714","87.61904762","90","91.42857143","94.28571429","93.80952381","90.95238095","90","90.95238095","92.85714286","92.85714286","92.85714286","96.42857143","97.32142857","95.08928571","99.55357143","100","99.10714286","101.7857143","97.76785714","103.125","105.3571429","105.8035714","98.21428571","97.76785714","100","100","95.08928571","93.30357143","84.375","78.07017544","81.57894737","78.50877193","78.07017544","80.70175439","81.57894737","83.33333333","85.96491228","87.28070175","90.78947368","92.10526316","88.59649123","92.60869565","91.30434783","90.86956522","96.52173913","95.2173913","93.04347826","94.34782609","96.52173913","93.47826087","93.04347826","91.73913043","90","89.56521739","91.30434783","90.86956522","91.37931034","94.82758621","90.5172413793","95.25862069","96.12068966","96.55172414","94.39655172","99.13793103","97.4137931",
"연립다세대","전남","전세수급동향","","100","100","100","100","100","100","100","100","100","100","100","98.97959184","98.97959184","101.0204082","101.0204082","96.93877551","96.93877551","96.93877551","97.95918367","97.95918367","97.95918367","97.95918367","97.95918367","97.95918367","97.32142857","97.32142857","97.32142857","97.32142857","97.32142857","97.32142857","98.62637363","98.62637363","98.62637363","98.62637363","98.35164835","98.35164835","98.62637363","96.7032967","96.97802198","96.97802198","98.07692308","95.87912088","95.87912088","98.62637363","97.8021978","98.35164835","97.8021978","98.35164835","97.8021978","99.45054945","98.62637363","98.9010989","97.8021978","99.17582418","97.52747253","99.45054945","99.72527473","101.6483516","101.3736264","101.9230769","102.1978022","102.7472527","100.8241758","93.13186813","95.87912088","96.97802198","94.78021978","95.32967033","97.52747253","100","100.8241758","97.8021978","99.20634921","100","100","100.7936508","99.47089947","97.08994709","99.73544974","101.0582011","100.2645503","102.6455026","103.4391534","103.4391534","102.1164021","101.0582011","101.5873016","101.8518519","102.1164021","103.1746032","100.7936508","94.97354497","95.76719577","101.0582011","101.3227513","101.3227513","105.8201058","103.968254","103.7037037","104.2328042","103.4391534","102.3809524","98.44720497","100.931677","102.173913","100.931677","98.75776398","100.621118","96.89440994","97.20496894","98.13664596","99.37888199","98.13664596","99.68944099","99.06832298","97.20496894","96.89440994","94.72049689","92.85714286","86.64596273","87.7245509","89.82035928","91.01796407","88.0239521","92.21556886","92.21556886","95.20958084","95.20958084","94.61077844","95.80838323","95.50898204","95.80838323","93.75","95.23809524","94.94047619","94.64285714","94.64285714","97.91666667","95.23809524","96.13095238","96.42857143","95.83333333","94.94047619","94.3452381","94.94047619","92.55952381","92.85714286","92.39766082","90.93567251","92.3976608187","91.8128655","87.71929825","92.10526316","91.22807018","92.98245614","95.02923977",
"연립다세대","경북","전세수급동향","","116.6666667","115.4761905","121.4285714","118.452381","120.8333333","119.047619","115.4761905","116.6666667","109.5238095","110.1190476","113.0952381","111.3095238","111.1764706","123.5294118","126.4705882","114.7058824","115.8823529","120","118.2352941","119.4117647","124.1176471","118.8235294","114.7058824","118.2352941","124.7058824","124.1176471","125.8823529","127.0588235","124.7058824","124.1176471","109.962406","111.4661654","106.9548872","105.075188","104.887218","101.1278195","102.443609","100.3759398","98.87218045","98.68421053","97.7443609","97.36842105","99.62406015","98.30827068","96.9924812","95.11278195","93.42105263","96.2406015","93.42105263","93.79699248","94.36090226","94.17293233","91.54135338","92.85714286","92.66917293","89.84962406","88.90977444","87.96992481","86.65413534","84.82142857","85.11904762","83.92857143","82.73809524","85.11904762","83.33333333","79.76190476","77.08333333","73.21428571","75","73.21428571","73.80952381","67.55952381","65.77380952","60.41666667","62.79761905","63.0952381","62.5","60.71428571","60.11904762","64.88095238","63.98809524","63.0952381","62.79761905","62.79761905","65.17857143","70.53571429","72.91666667","73.51190476","73.80952381","74.70238095","82.44047619","82.44047619","81.25","79.46428571","80.05952381","83.03571429","83.63095238","82.73809524","83.92857143","85.71428571","85.11904762","85.41666667","92.85714286","94.85714286","98","100.2857143","100","101.4285714","102.8571429","101.4285714","100.2857143","99.71428571","100.2857143","101.1428571","98.57142857","98.28571429","99.71428571","100","98.85714286","97.14285714","96.15384615","95.87912088","96.7032967","95.6043956","96.42857143","95.6043956","94.23076923","96.42857143","97.52747253","94.23076923","95.32967033","96.42857143","96.15384615","96.7032967","96.97802198","97.25274725","96.97802198","96.97802198","97.8021978","98.07692308","98.35164835","95.87912088","96.42857143","96.97802198","96.42857143","97.25274725","96.97802198","95.35519126","95.35519126","94.5355191257","96.17486339","97.26775956","97.26775956","97.54098361","97.26775956","97.54098361",
"연립다세대","경남","전세수급동향","","101.0204082","103.5714286","107.1428571","113.2653061","111.7346939","111.2244898","105.1020408","103.5714286","108.1632653","112.244898","109.6938776","107.1428571","109.1836735","110.7142857","108.6734694","107.6530612","104.5918367","102.0408163","100.5102041","101.0204082","101.5306122","101.0204082","101.5306122","103.5714286","103.5714286","99.48979592","102.0408163","107.6530612","109.1836735","107.6530612","110.6060606","108.2251082","109.95671","108.8744589","108.8744589","109.0909091","108.4415584","108.4415584","109.5238095","109.5238095","106.2770563","106.4935065","106.0606061","103.4632035","102.1645022","101.7316017","100.4329004","98.26839827","96.32034632","95.23809524","94.80519481","95.88744589","95.02164502","95.02164502","95.45454545","91.12554113","90.25974026","90.47619048","90.47619048","78.07881773","77.5862069","77.33990148","76.3546798","75.36945813","72.90640394","70.93596059","68.4729064","69.45812808","69.21182266","68.22660099","68.4729064","67.98029557","68.89400922","70.2764977","70.50691244","71.19815668","67.28110599","67.97235023","70.50691244","68.89400922","68.43317972","68.20276498","67.51152074","69.35483871","69.35483871","70.04608295","70.04608295","68.89400922","67.74193548","68.89400922","82.71889401","89.17050691","87.55760369","83.640553","86.86635945","85.71428571","87.09677419","86.6359447","85.25345622","85.71428571","87.55760369","88.01843318","96.68367347","99.48979592","101.0204082","103.8265306","102.0408163","98.71794872","99.74489796","104.0816327","103.3163265","105.3571429","102.5510204","103.3163265","101.5306122","100.255102","100","97.95918367","94.13265306","92.85714286","94.41964286","94.86607143","94.64285714","93.75","94.19642857","96.65178571","97.32142857","97.09821429","95.08928571","94.64285714","92.1875","92.63392857","93.31896552","93.53448276","93.96551724","95.25862069","95.90517241","94.61206897","95.47413793","94.82758621","95.47413793","96.98275862","96.55172414","97.62931034","96.55172414","96.3362069","96.12068966","95.08547009","94.23076923","94.6581196581","93.58974359","93.8034188","94.44444444","94.01709402","92.52136752","92.52136752",
"연립다세대","제주","전세수급동향","","103.2967033","103.2967033","103.2967033","103.2967033","103.2967033","103.2967033","103.2967033","102.7472527","102.7472527","101.0989011","106.5934066","110.4395604","110.4395604","110.4395604","110.4395604","110.4395604","110.4395604","110.4395604","110.4395604","114.2857143","113.7362637","114.2857143","117.032967","124.1758242","125.5434783","121.1956522","121.7391304","121.7391304","122.2826087","122.2826087","128.5714286","125.7142857","126.1904762","122.8571429","126.6666667","124.7619048","132.3809524","123.8095238","117.6190476","105.7142857","75.71428571","85.23809524","85.71428571","85.71428571","90.0621118","90.37267081","92.85714286","94.40993789","94.40993789","93.47826087","93.47826087","92.54658385","87.57763975","86.95652174","90.0621118","92.85714286","91.30434783","92.85714286","91.92546584","98.01587302","98.80952381","98.80952381","98.80952381","97.61904762","94.84126984","93.65079365","88.0952381","85.31746032","82.93650794","84.12698413","85.31746032","84.92063492","84.64285714","85.71428571","85.71428571","87.14285714","86.42857143","83.57142857","84.64285714","82.85714286","82.85714286","82.85714286","80.35714286","80","79.22077922","76.2987013","74.67532468","73.05194805","71.75324675","71.75324675","71.75324675","72.72727273","72.4025974","72.4025974","72.72727273","72.4025974","73.37662338","74.67532468","74.67532468","74.02597403","74.02597403","75","94.51612903","98.38709677","104.1935484","100","98.06451613","100","105.483871","99.35483871","97.09677419","97.74193548","100.6451613","91.93548387","94.51612903","93.87096774","94.83870968","93.87096774","93.5483871","92.58064516","87.42138365","93.08176101","86.79245283","84.27672956","84.59119497","87.73584906","89.3081761","88.36477987","90.25157233","89.93710692","92.13836478","88.99371069","89.7515528","85.71428571","90.37267081","88.81987578","87.88819876","87.88819876","92.54658385","91.30434783","91.61490683","89.7515528","86.95652174","83.54037267","86.33540373","84.7826087","85.71428571","85.97560976","85.97560976","85.9756097561","90.54878049","90.54878049","92.37804878","89.93902439","92.07317073","93.90243902",
"단독주택","전국","전세수급동향","","101.324652","102.0440252","102.7440396","101.917005","101.8727437","100.7445848","100.6105834","101.8091361","101.5384615","102.0361991","102.2459165","100.7943713","101.7610343","102.2341376","101.9892713","101.0509839","101.2751678","101.0738255","101.1555556","101.4666667","102.3333333","102.8888889","102.4","102.7111111","102.1184609","102.7237354","103.7397319","102.0968439","102.4427151","103.285776","102.8888889","102.2","102.5","102.1666667","102.0111111","101.5333333","101.6444444","101.4","101.1","101.4","100.5777778","100.5777778","100.6444444","100.8555556","100.5827263","101.0093652","101.2903226","101.3943809","100.3850156","100.1977107","100.2081165","100.2809573","100.4994797","100.3225806","100.541103","100.3121748","100.6763788","100.4578564","99.69823101","95.65488565","95.85239085","95.63409563","95.61330561","95.18711019","94.68814969","94.13721414","94.15800416","93.35758836","93.78378378","93.34719335","93.01455301","92.80665281","91.2033195","90.87136929","90.81950207","90.69502075","90.56016598","90.34232365","91.27593361","91.62863071","91.23443983","91.18257261","91.36929461","92.05394191","92.29093173","92.16642457","92.56069724","91.95891264","92.13529778","92.6852044","94.34529985","94.83295289","95.06224066","95.67427386","96.12033195","96.93983402","97.13692946","97.62448133","97.64522822","97.44813278","97.02282158","97.81120332","98.99377593","101.2966805","102.0539419","100.6431535","100.7053942","100.0103756","99.19070347","99.46013289","99.79248807","99.906639","100.0207555","100.1244813","100.0103821","99.667912","99.02489627","98.19502075","95.99585062","93.60995851","92.83195021","93.0186722","93.35062241","93.59958506","93.9626556","93.90041494","94.70954357","94.96887967","95.40456432","95.66390041","95.46680498","95.3526971","95.14522822","95.52904564","95.65352697","95.53941909","95.76763485","96.00622407","96.48340249","96.90871369","97.02282158","96.97095436","96.82572614","96.52489627","96.76348548","96.8153527","96.77385892","97.18471338","97.24840764","97.1592356688","97.23566879","97.61783439","97.47770701","97.6433121","97.89808917","98.15286624",
"단독주택","수도권","전세수급동향","","107.3880597","108.2212257","108.033033","107.2180451","105.3383459","104.7368421","103.6199095","106.0331825","105.5806938","105.9577677","106.4856712","104.826546","105.5472264","105.7807808","104.8798799","103.0780781","102.6276276","104.2042042","104.0540541","105.03003","105.7057057","106.5315315","105.3303303","105.8558559","104.1258741","104.8251748","105.7342657","103.986014","105.3146853","105.8041958","105.6030151","104.321608","104.1457286","104.8994975","104.3969849","103.8693467","103.4673367","103.6180905","102.9648241","103.1658291","103.3417085","103.5175879","103.3417085","103.2914573","103.1910112","103.5955056","103.6629213","103.5730337","101.8202247","101.5280899","101.6853933","101.8876404","101.8651685","101.4606742","101.7303371","101.3707865","101.752809","101.6853933","101.0561798","97.94478528","98.2208589","97.73006135","97.2392638","95.95092025","95.27607362","94.66257669","95.12269939","94.90797546","96.10429448","94.87730061","94.57055215","94.17177914","92.17522659","91.32930514","90.96676737","91.63141994","91.26888218","91.45015106","92.62839879","93.5347432","93.86706949","94.10876133","94.83383686","96.25377644","96.01208459","95.61933535","96.3141994","96.16314199","95.80060423","96.79758308","98.82175227","99.81873112","100.2416918","100.755287","101.6012085","101.9033233","102.3867069","102.9003021","102.6283988","101.7824773","101.570997","102.5679758","102.4110672","104.0711462","103.7549407","101.8181818","101.7391304","99.84189723","96.71677215","97.34968354","97.78481013","98.49802372","98.97151899","99.24901186","99.36608558","98.69565217","97.98418972","96.83794466","93.39920949","89.60474308","88.69565217","88.85375494","89.68379447","89.64426877","90.31620553","90.55335968","91.93675889","92.64822134","93.83399209","94.03162055","93.28063241","93.08300395","93.12252964","93.35968379","93.63636364","94.11067194","94.82213439","95.05928854","96.56126482","97.23320158","97.47035573","97.58893281","96.79841897","96.91699605","97.58893281","97.74703557","97.58893281","98.92578125","99.90234375","99.951171875","99.31640625","100.1464844","100.3417969","100.2929688","100.390625","100.78125",
"단독주택","지방","전세수급동향","","98.71547848","99.38985228","100.4816956","99.64561856","100.3868472","99.03288201","99.32170543","100","99.80607628","100.3555268","100.421804","99.05844156","100.1586294","100.7315522","100.7638447","100.1910828","100.7010835","99.74506055","99.93686869","99.96843434","100.915404","101.3573232","101.1679293","101.3888889","101.2202753","101.7834793","102.8473091","101.2515645","101.1576971","102.1589487","100.7370518","100.5179283","101.1952191","100","100.1195219","99.6812749","100.1992032","99.64143426","99.62151394","100","98.38645418","98.24701195","98.5059761","98.92430279","98.33333333","98.77906977","99.24418605","99.51550388","99.14728682","99.0503876","98.93410853","98.89534884","99.32170543","99.34108527","99.51550388","99.39922481","99.74806202","99.39922481","98.52713178","94.48113208","94.63836478","94.55974843","94.77987421","94.79559748","94.38679245","93.86792453","93.66352201","92.56289308","92.59433962","92.56289308","92.21698113","92.10691824","90.69510269","90.63191153","90.74249605","90.20537125","90.18957346","89.76303318","90.56872038","90.63191153","89.85781991","89.65244866","89.55766193","89.85781991","90.34450063","90.36030341","90.59734513","89.75979772","90.21807838","90.53413401","92.00379267","92.22503161","92.35387046","93.01737757","93.25434439","94.34439179","94.39178515","94.8657188","95.03949447","95.18167457","94.64454976","95.32385466","97.77777778","100.3094233","101.4486639","100.2250352","100.3375527","100.0703433","100.0703235","100.2111486","100.5063291","100.4078762","100.3939223","100.4360056","100.2391671","100.0140726","99.395218","98.67791842","96.91983122","95.03516174","94.30379747","94.50070323","94.65541491","95.00703235","95.26019691","95.09142053","95.69620253","95.79465541","95.96343179","96.24472574","96.24472574","96.16033755","95.8649789","96.30098453","96.37130802","96.04781997","96.10407876","96.34317862","96.4556962","96.79324895","96.86357243","96.75105485","96.83544304","96.38537271","96.4697609","96.4838256","96.4838256","96.57014822","96.31161668","96.1737331954","96.50120648","96.72526715","96.46673561","96.70803171","97.01826956","97.22509479",
"단독주택","6대광역시","전세수급동향","","94.75","98.625","96.875","96.85929648","99.12060302","97.98994975","96.59949622","99.62216625","100.1259446","101.0075567","100.6329114","98.35025381","99.62406015","100","99.74747475","99.11616162","99.11392405","98.60759494","99.36708861","99.24050633","100.6329114","100.1265823","100.7594937","100","100","99.25","101.25","99.5","99","98.625","99.33673469","98.67346939","99.74489796","97.75510204","97.75510204","96.83673469","97.34693878","97.04081633","97.09183673","97.55102041","97.55102041","97.60204082","97.34693878","97.90816327","97.82178218","100","99.85148515","99.85148515","99.65346535","99.75247525","99.65346535","100","99.35643564","98.86138614","98.96039604","99.15841584","98.86138614","97.97029703","97.62376238","92.38683128","92.34567901","92.09876543","92.09876543","92.26337449","91.93415638","91.6872428","91.93415638","90.24691358","90.65843621","90.37037037","90.4526749","89.95884774","87.67634855","87.71784232","88.21576763","87.51037344","87.46887967","87.593361","88.00829876","88.75518672","88.04979253","87.71784232","88.25726141","88.87966805","89.90863787","89.24418605","90.19933555","89.11960133","88.82890365","88.57973422","89.53488372","89.78405316","89.17012448","90.58091286","90.37344398","91.99170124","92.0746888","92.36514523","92.0746888","92.19917012","91.70124481","92.11618257","97.77310924","100.1260504","102.9831933","101.0084034","100.9243697","100.5046257","99.57983193","99.70588235","99.62184874","99.41176471","99.83193277","99.62184874","99.49537426","99.11764706","98.40336134","97.5210084","94.95798319","92.81512605","92.05882353","92.56302521","93.23529412","93.52941176","93.23529412","92.35294118","93.38912134","93.68200837","93.84937238","93.93305439","93.43096234","93.43096234","93.43096234","94.35146444","93.9748954","93.84937238","93.38912134","93.22175732","94.26778243","94.56066946","95.10460251","94.51882845","94.35146444","94.05857741","94.22594142","94.51882845","94.05857741","94.81865285","94.55958549","94.4041450777","94.40414508","95.18134715","95.23316062","95.38860104","95.64766839","96.01036269",
"단독주택","5대광역시","전세수급동향","","94.03225806","97.09677419","95.96774194","96.76375405","99.51456311","97.89644013","96.59090909","98.53896104","100","100.8116883","100.3267974","98.36065574","99.51456311","98.85993485","99.83660131","99.01960784","98.85245902","98.19672131","99.18032787","99.01639344","100.6557377","100.3278689","101.147541","100.1639344","100.9677419","100.1612903","102.7419355","100.483871","99.83870968","99.51612903","98.2","97.33333333","98.73333333","97.46666667","97.46666667","96.26666667","96.93333333","96.53333333","96.6","97.2","97.2","97.26666667","97","97.73333333","97.56410256","98.78205128","98.33333333","98.65384615","98.33333333","98.97435897","98.84615385","98.97435897","98.52564103","98.01282051","98.20512821","98.20512821","97.69230769","96.85897436","96.47435897","90.97560976","90.97560976","90.87804878","90.73170732","91.26829268","91.02439024","90.68292683","90.68292683","89.46341463","89.2195122","89.02439024","88.97560976","88.34146341","85.71428571","85.71428571","86.45320197","85.61576355","86.00985222","85.91133005","86.55172414","87.29064039","86.25615764","85.7635468","86.15763547","86.84729064","87.67258383","87.5739645","88.2642998","86.93293886","86.98224852","86.88362919","87.86982249","87.96844181","87.48768473","88.76847291","88.52216749","90.24630542","90.39408867","90.68965517","90.24630542","90.591133","89.90147783","90.49261084","97.45","100","103.45","101.05","100.95","100.7007007","99.45","99.55","99.65","99.35","99.7","99.4","99.44944945","99.05","98.4","97.25","94.7","92.55","91.4","91.8","92.55","92.7","92.55","91.65","93.33333333","93.88059701","93.33333333","93.73134328","93.48258706","93.03482587","92.98507463","93.88059701","93.43283582","92.93532338","92.58706468","92.43781095","93.28358209","93.78109453","94.12935323","93.88059701","93.93034826","93.38308458","93.48258706","93.83084577","93.73134328","93.95807645","93.52651048","93.4648581998","93.77311961","94.14303329","93.77311961","94.4512947","94.51294698","94.69790382",
"단독주택","9개도","전세수급동향","","100.128866","100.5476804","101.8685567","100.9366925","100.3232062","99.38590821","99.93523316","100.8743523","100.1296176","100.6156837","100.877193","99.51267057","100.2908856","101.1003236","100.7119741","99.6761658","99.96761658","99.8380829","99.77549711","100.2565747","101.0583708","101.9243105","100.9300834","101.3149455","101.4569126","102.1698698","103.0378177","101.1469312","101.7358958","102.8518289","102.4816176","101.6360294","102.0955882","101.5441176","101.3970588","100.9191176","101.25","100.9926471","100.9926471","100.9375","99.98161765","99.96323529","99.85294118","100.2757353","99.84974958","99.71619366","100","100.5008347","99.53255426","99.36560935","99.39899833","99.78297162","100.4674457","100.2504174","100.7512521","100.6510851","101.0183639","101.0517529","100.1502504","96.58978583","96.82042834","96.77100494","96.96869852","96.276771","95.86490939","95.33772652","95.23887974","94.76112026","95.23887974","94.64579901","94.16803954","94.21746293","93.08580858","92.93729373","92.85478548","92.93729373","92.67326733","92.19471947","93.11881188","92.97029703","92.55775578","92.39273927","92.45874587","92.47524752","92.64026403","92.73927393","92.88778878","92.34323432","92.72277228","93.26732673","94.8679868","95.24752475","95.11551155","95.2640264","95.92409241","96.48514851","96.76567657","97.78877888","98.03630363","97.97029703","97.64026403","98.38283828","98.8658147","101.1661342","101.629393","100.4952077","100.798722","100.0159744","99.50463407","100.0959386","100.543131","100.686901","100.6551614","100.8306709","100.5433046","100.4475703","99.76038339","99.18530351","97.17252396","95.22364217","94.32907348","94.2971246","94.2971246","94.5686901","95.12779553","95.20766773","95.696","95.856","96.432","96.672","96.688","96.448","96.224","96.432","96.608","96.336","96.672","96.912","97.088","97.616","97.456","97.552","97.536","97.232","97.488","97.44","97.536","97.69080235","97.84735812","97.6712328767","97.71037182","97.98434442","97.67123288","97.78864971","98.16046967","98.35616438",
"단독주택","8개도","전세수급동향","","99.79541735","99.91816694","101.5957447","100.3284072","100.5751849","99.26047658","99.95884774","100.3292181","99.71169687","100.2059308","100.4132231","99.17355372","100.2054232","101.1111111","100.9053498","100.3706755","101.0708402","100.0823723","100.081367","100.2034174","101.0170871","101.7900732","101.261188","101.5866558","101.3731826","102.2213247","102.8675283","101.453958","101.453958","102.7463651","101.8844985","102.0972644","102.6443769","101.1246201","101.4285714","101.2765957","101.7021277","101.0030395","101.1246201","101.0638298","99.05775076","98.81458967","98.87537994","99.48328267","98.63501484","98.57566766","99.08011869","99.64391691","99.10979228","98.84272997","98.63501484","98.7537092","99.61424332","99.91097923","100.0296736","99.73293769","100.3560831","100.2077151","99.10979228","95.65110565","95.82309582","95.92137592","96.43734644","95.995086","95.52825553","94.93857494","94.54545455","93.63636364","93.85749386","93.83292383","93.34152334","93.51351351","92.59259259","92.4691358","92.41975309","92.04938272","91.77777778","91.16049383","92.09876543","91.97530864","91.2345679","91.13580247","90.7654321","90.88888889","91.2345679","91.28395062","91.30864198","90.69135802","91.35802469","91.87654321","93.65432099","93.97530864","93.67901235","94.02469136","94.54320988","95.28395062","95.40740741","96.34567901","96.88888889","97.01234568","96.98765432","97.65432099","97.84708249","100.4024145","100.6237425","99.89939638","100.1006036","99.83903421","100.362173","100.5842063","100.9657948","100.9255533","100.7447665","100.9657948","100.7042254","100.4832863","99.85915493","99.31589537","97.82696177","96.23742455","95.63380282","95.59356137","95.47283702","95.79476861","96.31790744","96.41851107","96.63306452","96.4516129","96.95564516","97.15725806","97.33870968","97.39919355","96.99596774","97.27822581","97.5","97.25806452","97.52016129","97.82258065","97.7016129","98.04435484","97.96370968","97.96370968","98.04435484","97.60080645","97.72177419","97.62096774","97.64112903","97.59095379","97.41887906","97.2468043265","97.56637168","97.73844641","97.51720747","97.61553589","97.98426745","98.13176008",
"단독주택","서울","전세수급동향","","119","116.8674699","117.8861789","116.2601626","116.0569106","113.6178862","111.2244898","111.2244898","112.6530612","112.6530612","113.4693878","112.6530612","114.1700405","112.804878","113.4146341","112.398374","112.601626","112.804878","112.804878","113.0081301","113.6178862","114.6341463","115.0406504","115.6504065","110.4","112.2","112.4","112.6","112.6","113.4","109.9270073","110.0729927","109.0510949","111.2408759","111.0948905","111.0948905","109.6350365","109.4160584","107.810219","108.4671533","107.9562044","107.9562044","108.1021898","107.7372263","108.1021898","108.0291971","107.9562044","107.2262774","104.379562","104.0875912","103.9416058","102.8467153","102.3357664","102.8467153","101.8978102","100.1459854","101.1678832","100.8029197","100.0729927","95.79545455","96.13636364","95.56818182","94.43181818","93.18181818","91.70454545","90.22727273","90.11363636","90.22727273","90.68181818","90.45454545","90","88.86363636","85.54347826","82.82608696","82.17391304","82.39130435","82.60869565","83.15217391","85.76086957","89.13043478","89.34782609","90.65217391","90.65217391","96.08695652","94.7826087","94.45652174","95.10869565","95.32608696","95.32608696","98.04347826","102.2826087","104.3478261","105.9782609","107.5","108.4782609","108.6956522","109.2391304","108.3695652","107.9347826","106.3043478","107.3913043","109.2391304","103.1395349","105.4651163","102.5581395","100.8139535","99.53488372","98.72093023","95.93023256","94.63869464","95.33799534","96.04651163","96.27039627","96.97674419","98.36448598","95.93023256","95.69767442","93.13953488","90.23255814","85","84.76744186","84.76744186","86.39534884","85.69767442","87.09302326","88.13953488","90.93023256","91.27906977","91.74418605","92.44186047","91.97674419","92.44186047","91.74418605","92.09302326","92.90697674","94.06976744","95.69767442","96.51162791","98.02325581","98.48837209","99.18604651","99.88372093","98.72093023","98.25581395","98.8372093","99.06976744","99.06976744","100","100.4297994","101.1461318052","101.5759312","101.7191977","102.2922636","103.008596","102.1489971","102.1489971",
"단독주택","강북권역","전세수급동향","","125.9375","124.375","123.4177215","123.1012658","123.1012658","123.1012658","120.0636943","120.0636943","120.0636943","120.0636943","119.7452229","118.4713376","119.6202532","119.3037975","120.2531646","118.6708861","119.3037975","119.9367089","119.9367089","119.9367089","120.8860759","122.1518987","122.1518987","122.4683544","114.0625","116.5625","116.5625","117.5","116.875","117.8125","114.4303797","115.1898734","113.6708861","117.5949367","117.4683544","117.2151899","114.3037975","114.4303797","111.6455696","111.0126582","111.5189873","111.6455696","111.5189873","111.1392405","111.7721519","111.0126582","110.7594937","110.1265823","105.8227848","105.6962025","105.6962025","104.556962","102.0253165","102.6582278","101.3924051","99.74683544","100","99.36708861","98.60759494","92.45283019","92.83018868","93.01886792","92.64150943","91.88679245","91.13207547","88.49056604","87.9245283","87.35849057","87.16981132","87.73584906","87.16981132","86.98113208","82.45614035","81.75438596","81.57894737","81.22807018","81.22807018","81.57894737","84.38596491","87.89473684","87.89473684","89.12280702","88.77192982","94.73684211","93.15789474","93.15789474","93.68421053","93.50877193","93.50877193","97.54385965","102.1052632","103.6842105","105.6140351","108.9473684","109.2982456","109.4736842","109.6491228","107.8947368","107.5438596","106.3157895","108.7719298","111.4035088","102.3529412","104.1176471","103.3333333","101.372549","100.7843137","99.41176471","95.49019608","93.52941176","94.31372549","94.50980392","94.68503937","95.88235294","97.82608696","94.50980392","93.92156863","92.15686275","89.21568627","84.50980392","84.31372549","85.68627451","86.47058824","85.29411765","87.05882353","87.25490196","89.41176471","89.01960784","89.21568627","90","89.21568627","89.01960784","89.60784314","89.60784314","90.58823529","91.76470588","93.7254902","95.09803922","96.2745098","97.64705882","98.62745098","99.60784314","98.43137255","97.84313725","98.82352941","99.01960784","98.82352941","100","100.2392344","101.1961722488","101.1961722","101.6746411","102.3923445","103.3492823","102.15311","102.6315789",
"단독주택","도심권","전세수급동향","","132.8571429","132.8571429","132.8571429","132.8571429","132.8571429","132.8571429","120","120","120","120","120","120","120","120","120","120","120","120","120","120","120","120","122.8571429","125.7142857","118.5714286","121.4285714","121.4285714","121.4285714","122.8571429","122.8571429","113.0769231","111.5384615","107.6923077","108.4615385","108.4615385","110.7692308","108.4615385","108.4615385","108.4615385","107.6923077","107.6923077","107.6923077","106.1538462","105.3846154","109.2307692","110.7692308","110.7692308","106.9230769","105.3846154","105.3846154","105.3846154","104.6153846","104.6153846","104.6153846","104.6153846","104.6153846","105.3846154","105.3846154","105.3846154","100.6666667","100.6666667","101.3333333","102","100","100","101.3333333","101.3333333","98","98","100","98","98","96.66666667","90","90","90","90","90","90.66666667","94","92.66666667","95.33333333","94.66666667","96.66666667","95.33333333","94","94.66666667","93.33333333","94","99.33333333","112","112","114.6666667","115.3333333","115.3333333","114.6666667","116","114.6666667","114","109.3333333","110","115.3333333","110","109.1666667","112.5","102.5","105","100","85.83333333","84.16666667","84.16666667","83.33333333","85.83333333","85.83333333","84.74576271","82.5","80.83333333","80","78.33333333","75","75.83333333","78.33333333","80.83333333","77.5","75.83333333","80.83333333","88.33333333","89.16666667","90","93.33333333","93.33333333","93.33333333","91.66666667","92.5","93.33333333","95","95","97.5","98.33333333","100.8333333","100.8333333","101.6666667","100.8333333","99.16666667","98.33333333","99.16666667","100","100","100","100","100","101.0416667","102.0833333","102.0833333","101.0416667","101.0416667",
"단독주택","동북권","전세수급동향","","110","110","110","110","110","110","110.1694915","110.1694915","110.1694915","109.3220339","108.4745763","105.0847458","110.8333333","110","112.5","108.3333333","110","111.6666667","111.6666667","111.6666667","114.1666667","117.5","115.8333333","115","105","110","110","111.6666667","109.1666667","111.6666667","106.2162162","108.3783784","104.5945946","112.7027027","112.7027027","111.3513514","105.9459459","106.2162162","102.1621622","101.0810811","101.6216216","102.972973","102.972973","102.4324324","102.1621622","100.8108108","100.8108108","100.8108108","100.5405405","100.2702703","100","101.0810811","100","100","99.72972973","98.64864865","99.18918919","97.2972973","97.56756757","86.25","86.25","86.66666667","85.83333333","86.25","86.66666667","86.25","85","85.83333333","85.41666667","85","85.83333333","85.41666667","83.33333333","86.25","86.25","84.58333333","85.41666667","85.41666667","86.25","87.91666667","89.16666667","90","90.41666667","91.25","89.16666667","89.58333333","90","90.41666667","90.83333333","96.66666667","99.58333333","102.9166667","105.8333333","111.25","112.0833333","114.1666667","112.9166667","109.5833333","109.5833333","110","115","116.6666667","103.6","103.2","100.8","101.6","99.2","98.8","100","96.8","98","98","97.2","98.4","100.8064516","97.6","98.4","97.2","94.4","90.8","90.8","92.4","91.6","90.8","93.2","91.6","91.2","90.4","89.6","89.2","88","87.2","89.6","89.2","89.2","90","93.6","94.8","94.8","96","98.4","100","98","97.6","100","100","98.8","100.5","100.5","103","101.5","102","102","103","103","104",
"단독주택","서북권","전세수급동향","","136.9230769","133.0769231","130.952381","130.1587302","130.1587302","130.1587302","129.3650794","129.3650794","129.3650794","130.1587302","130.1587302","130.1587302","127.7777778","127.7777778","127.7777778","127.7777778","127.7777778","127.7777778","127.7777778","127.7777778","127.7777778","127.7777778","127.7777778","127.7777778","120","120","120","120.7692308","120.7692308","120.7692308","125.5172414","125.5172414","127.9310345","127.9310345","127.5862069","127.5862069","127.5862069","127.5862069","125.1724138","125.1724138","125.862069","124.4827586","124.8275862","124.8275862","125.1724138","124.137931","123.4482759","123.4482759","112.7586207","112.7586207","113.1034483","108.9655172","103.4482759","105.1724138","102.0689655","98.96551724","98.62068966","99.31034483","96.89655172","94.28571429","95.71428571","95","94.28571429","92.85714286","89.28571429","78.57142857","78.57142857","78.57142857","78.57142857","79.28571429","77.85714286","77.85714286","69.44444444","68.88888889","68.33333333","69.44444444","68.33333333","69.44444444","76.66666667","82.77777778","82.22222222","82.77777778","81.66666667","97.77777778","96.66666667","97.22222222","97.77777778","97.77777778","96.66666667","97.22222222","97.22222222","97.77777778","97.77777778","100.5555556","100.5555556","98.88888889","100","100","99.44444444","98.88888889","99.44444444","101.1111111","93.57142857","101.4285714","100","100","100","100","95.71428571","95.71428571","96.42857143","97.85714286","97.82608696","100","103.5714286","99.28571429","97.14285714","93.57142857","89.28571429","81.42857143","80","80","82.14285714","82.14285714","85.71428571","85","87.14285714","86.42857143","87.85714286","88.57142857","87.85714286","88.57142857","87.85714286","87.85714286","90.71428571","92.14285714","92.85714286","93.57142857","97.14285714","97.85714286","97.14285714","97.14285714","97.14285714","97.14285714","97.14285714","97.14285714","97.85714286","99.18032787","100","99.1803278689","101.6393443","101.6393443","103.2786885","104.9180328","101.6393443","101.6393443",
"단독주택","강남권역","전세수급동향","","106.6666667","103.3707865","107.9545455","103.9772727","103.4090909","96.59090909","95.45454545","95.45454545","99.43181818","99.43181818","102.2727273","102.2727273","104.494382","101.1363636","101.1363636","101.1363636","100.5681818","100","100","100.5681818","100.5681818","101.1363636","102.2727273","103.4090909","103.8888889","104.4444444","105","103.8888889","105","105.5555556","103.7931034","103.1034483","102.7586207","102.5862069","102.4137931","102.7586207","103.2758621","102.5862069","102.5862069","105","103.1034483","102.9310345","103.4482759","103.1034483","103.1034483","103.9655172","104.137931","103.2758621","102.4137931","101.8965517","101.5517241","100.5172414","102.7586207","103.1034483","102.5862069","100.6896552","102.7586207","102.7586207","102.0689655","100.8571429","101.1428571","99.42857143","97.14285714","95.14285714","92.57142857","92.85714286","93.42857143","94.57142857","96","94.57142857","94.28571429","91.71428571","90.57142857","84.57142857","83.14285714","84.28571429","84.85714286","85.71428571","88","91.14285714","91.71428571","93.14285714","93.71428571","98.28571429","97.42857143","96.57142857","97.42857143","98.28571429","98.28571429","98.85714286","102.5714286","105.4285714","106.5714286","105.1428571","107.1428571","107.4285714","108.5714286","109.1428571","108.5714286","106.2857143","105.1428571","105.7142857","104.2857143","107.4285714","101.4285714","100","97.71428571","97.71428571","96.57142857","96.26436782","96.83908046","98.28571429","98.57142857","98.57142857","99.14285714","98","98.28571429","94.57142857","91.71428571","85.71428571","85.42857143","83.42857143","86.28571429","86.28571429","87.14285714","89.42857143","93.14285714","94.57142857","95.42857143","96","96","97.42857143","94.85714286","95.71428571","96.28571429","97.42857143","98.57142857","98.57142857","100.5714286","99.71428571","100","100.2857143","99.14285714","98.85714286","98.85714286","99.14285714","99.42857143","100","100.7142857","101.0714285714","102.1428571","101.7857143","102.1428571","102.5","102.1428571","101.4285714",
"단독주택","서남권","전세수급동향","","105.8333333","105.8333333","106.779661","102.5423729","102.5423729","99.15254237","97.45762712","96.61016949","96.61016949","96.61016949","100.8474576","96.61016949","100.8474576","100","100","100","100.862069","100","100","100.862069","100.862069","101.7241379","103.4482759","104.3103448","105","105.8333333","106.6666667","105","106.6666667","107.5","106.4705882","105.2941176","104.7058824","104.4117647","104.1176471","104.7058824","105.5882353","104.4117647","104.4117647","108.5294118","105.2941176","105","105.8823529","105.8823529","105.8823529","106.7647059","107.0588235","105.5882353","105","104.1176471","103.5294118","104.7058824","105","105","103.5294118","101.4705882","104.4117647","104.7058824","103.8235294","100.9090909","101.3636364","100","99.09090909","98.18181818","99.09090909","98.63636364","99.54545455","98.63636364","97.72727273","97.72727273","97.72727273","95.90909091","96.36363636","87.27272727","85.90909091","86.81818182","86.36363636","87.27272727","86.36363636","88.63636364","89.54545455","93.18181818","93.63636364","100.9090909","98.63636364","97.27272727","98.63636364","99.54545455","98.63636364","100","101.3636364","103.6363636","105","103.6363636","106.3636364","106.3636364","108.6363636","109.5454545","108.6363636","105.4545455","104.5454545","105","102.3809524","108.5714286","101.4285714","100.952381","100","100","100","100","99.04761905","99.04761905","99.04761905","99.04761905","100","99.52380952","99.52380952","95.71428571","92.85714286","86.19047619","82.85714286","82.38095238","84.76190476","85.23809524","84.76190476","87.14285714","94.76190476","95.71428571","97.14285714","97.61904762","98.0952381","98.0952381","94.76190476","96.19047619","97.14285714","98.0952381","99.04761905","99.04761905","102.3809524","100.952381","100.952381","101.9047619","100.952381","99.52380952","99.52380952","100","100.4761905","100","101.7857143","101.7857142857","102.3809524","101.7857143","101.1904762","102.3809524","101.1904762","101.1904762",
"단독주택","동남권","전세수급동향","","108.3333333","98.27586207","110.3448276","106.8965517","105.1724138","91.37931034","91.37931034","93.10344828","105.1724138","105.1724138","105.1724138","113.7931034","111.6666667","103.3333333","103.3333333","103.3333333","100","100","100","100","100","100","100","101.6666667","101.6666667","101.6666667","101.6666667","101.6666667","101.6666667","101.6666667","100","100","100","100","100","100","100","100","100","100","100","100","100","99.16666667","99.16666667","100","100","100","98.75","98.75","98.75","94.58333333","99.58333333","100.4166667","101.25","99.58333333","100.4166667","100","99.58333333","100.7692308","100.7692308","98.46153846","93.84615385","90","81.53846154","83.07692308","83.07692308","87.69230769","93.07692308","89.23076923","88.46153846","84.61538462","80.76923077","80","78.46153846","80","82.30769231","83.07692308","90.76923077","95.38461538","95.38461538","93.07692308","93.84615385","93.84615385","95.38461538","95.38461538","95.38461538","96.15384615","97.69230769","96.92307692","104.6153846","108.4615385","109.2307692","107.6923077","108.4615385","109.2307692","108.4615385","108.4615385","108.4615385","107.6923077","106.1538462","106.9230769","107.1428571","105.7142857","101.4285714","98.57142857","94.28571429","94.28571429","91.42857143","90.57971014","93.47826087","97.14285714","97.85714286","97.85714286","97.85714286","95.71428571","96.42857143","92.85714286","90","85","89.28571429","85","88.57142857","87.85714286","90.71428571","92.85714286","90.71428571","92.85714286","92.85714286","93.57142857","92.85714286","96.42857143","95","95","95","96.42857143","97.85714286","97.85714286","97.85714286","97.85714286","98.57142857","97.85714286","96.42857143","97.85714286","97.85714286","97.85714286","97.85714286","100","99.10714286","100","101.7857143","101.7857143","103.5714286","102.6785714","103.5714286","101.7857143",
"단독주택","경기","전세수급동향","","101.3636364","102.8787879","102.8787879","103.1818182","99.39393939","99.84848485","99.84802432","102.887538","101.6717325","102.1276596","102.5835866","100.7598784","100.6060606","101.0606061","100","97.12121212","95.90909091","98.93939394","98.63636364","100.4545455","101.2121212","102.4242424","99.6969697","100.3030303","101.7333333","102","103.6","100.1333333","102.6666667","103.2","103.3953488","100.9302326","101.255814","102.1860465","101.3488372","100.372093","100.5581395","100.9767442","100.7906977","100.744186","101.3953488","101.7209302","101.3488372","101.4883721","101.4122137","101.1832061","101.1832061","101.6030534","100.0763359","100.0381679","100.3816794","101.1068702","101.5648855","100.6870229","101.6793893","101.8320611","101.870229","102.1374046","101.4885496","98.5","98.85","98.5","98.05","96.85","96.55","96.15","96.65","97.05","98.05","96.3","95.85","95.65","94.07960199","93.88059701","93.73134328","94.72636816","94.47761194","94.27860697","95.17412935","94.97512438","95.2238806","94.92537313","95.87064677","95.67164179","95.47263682","95.67164179","96.06965174","95.67164179","95.47263682","96.06965174","97.31343284","97.81094527","98.00995025","97.76119403","98.70646766","98.90547264","99.50248756","100.6965174","100.3482587","99.90049751","98.95522388","99.85074627","102.7906977","104.1085271","105.503876","102.7906977","103.4883721","100.6976744","96.19565217","98.21705426","98.91472868","99.76744186","100.3100775","100.3100775","99.92236025","100.3100775","99.37984496","98.68217054","94.65116279","91.31782946","89.30232558","89.30232558","89.76744186","89.84496124","90.54263566","90.54263566","92.09302326","93.56589147","94.41860465","94.80620155","94.18604651","92.79069767","93.25581395","93.17829457","93.17829457","92.79069767","93.41085271","93.41085271","94.72868217","95.96899225","95.50387597","95.96899225","95.58139535","95.81395349","96.58914729","96.74418605","97.13178295","98.0806142","99.52015355","99.3282149712","98.27255278","98.94433781","98.27255278","98.46449136","98.84836852","99.23224568",
"단독주택","경부1권","전세수급동향","","98","96","100","98","98","98","100","100","106","100","102","98","98","98","98","100","98","98","98","98","100","108","98","98","98.33333333","98.33333333","98.33333333","98.33333333","98.33333333","98.33333333","96.19047619","96.66666667","97.61904762","97.61904762","97.14285714","89.52380952","89.52380952","90","90.47619048","90.95238095","93.33333333","93.33333333","93.33333333","94.76190476","94.76190476","94.76190476","94.76190476","99.04761905","100","100.4761905","100","102.3809524","101.4285714","102.3809524","102.8571429","100.4761905","100","100","100","95.76923077","96.53846154","96.15384615","95","94.23076923","93.84615385","92.69230769","91.92307692","91.15384615","92.69230769","92.69230769","92.30769231","92.30769231","92.30769231","89.61538462","90.76923077","91.92307692","92.69230769","91.92307692","90.38461538","90.38461538","91.15384615","90.38461538","93.46153846","95.38461538","94.61538462","94.23076923","94.23076923","94.61538462","93.84615385","92.30769231","96.15384615","99.23076923","98.07692308","100.3846154","98.07692308","98.07692308","98.46153846","103.4615385","106.1538462","101.5384615","100.3846154","101.5384615","103.75","104.375","106.25","105","102.5","100.625","96.875","96.25","100","102.5","101.875","99.375","101.25","100.625","100.625","99.375","95","90","86.875","85.625","90.625","88.125","91.25","91.25","93.125","99.375","100.625","98.125","97.5","96.25","92.5","93.125","95.625","96.25","97.5","97.5","98.125","100","100.625","101.875","100","100.625","101.25","103.75","103.75","101.5384615","106.1538462","104.6153846154","99.23076923","100.7692308","101.5384615","100","100.7692308","102.3076923",
"단독주택","경부2권","전세수급동향","","90","90","95","90","86","91","91","93","92","97","92","96","96","101","92","81","91","91","93","95","99","103","100","98","98","94","99","94","89","92","99.09090909","98.18181818","99.54545455","99.54545455","99.09090909","98.63636364","99.54545455","99.54545455","99.54545455","99.54545455","100","100.4545455","100.4545455","103.1818182","100.3571429","101.6071429","101.25","101.4285714","100.5357143","99.82142857","99.64285714","100","101.0714286","98.92857143","103.0357143","104.1071429","106.0714286","106.25","105.3571429","100","101.5151515","100","98.48484848","98.48484848","97.27272727","96.06060606","99.09090909","97.27272727","99.6969697","101.2121212","102.1212121","98.78787879","99.09090909","97.87878788","96.66666667","96.06060606","95.75757576","96.66666667","96.66666667","95.75757576","96.36363636","96.36363636","98.78787879","96.06060606","96.06060606","96.06060606","98.18181818","96.06060606","96.36363636","98.78787879","100.3030303","100.6060606","104.5454545","101.2121212","102.4242424","100.6060606","101.2121212","104.2424242","98.78787879","98.18181818","99.6969697","99.39393939","106","108.5","112","100","100.5","101.5","100","99.5","99","97.5","101","101","101.5","100.5","100","97","92.5","90.5","92.5","93.5","92.5","92","89","93","97.5","98.5","99.5","98.5","97.5","96.5","99","98","97","97","96.5","91.5","94","93","92","93.5","93.5","95","95.5","96","95","94.51219512","99.3902439","100","100.6097561","100","98.7804878","100","100","100.6097561",
"단독주택","서해안권","전세수급동향","","105.3333333","105.3333333","98.66666667","101.3333333","100.6666667","100","100","101.3333333","101.3333333","101.3333333","101.3333333","101.3333333","100.6666667","100.6666667","100.6666667","100.6666667","97.33333333","104.6666667","101.3333333","101.3333333","100","100","100","102","104.6666667","106","110.6666667","110.6666667","110.6666667","111.3333333","104.8148148","104.8148148","104.8148148","107.037037","106.6666667","104.8148148","104.8148148","105.1851852","104.4444444","104.0740741","101.8518519","102.5925926","102.2222222","103.3333333","102.2222222","102.5925926","102.2222222","102.2222222","102.5925926","102.2222222","101.4814815","101.8518519","101.4814815","100.7407407","101.8518519","101.1111111","98.88888889","98.88888889","100.7407407","100","100","99.64285714","99.28571429","93.57142857","93.21428571","93.21428571","95","103.2142857","105","105","100","99.64285714","94.64285714","94.28571429","95","95.35714286","95.35714286","95","99.28571429","99.28571429","100.3571429","100.3571429","100.3571429","101.0714286","101.0714286","100.7142857","101.0714286","101.0714286","102.1428571","102.1428571","102.1428571","102.1428571","102.5","102.5","103.5714286","104.2857143","103.5714286","103.2142857","103.9285714","102.1428571","103.5714286","103.2142857","102.0833333","101.25","105","100","100","100","93.75","95.83333333","98.33333333","100","100.8333333","100.4166667","100","100.8333333","99.16666667","100","95.83333333","93.75","90.41666667","88.33333333","91.66666667","91.66666667","91.25","90.83333333","90.83333333","94.16666667","92.91666667","93.33333333","91.25","89.58333333","94.58333333","94.58333333","94.58333333","96.25","95.83333333","95","97.5","98.33333333","97.91666667","98.75","97.91666667","97.5","99.16666667","97.5","98.33333333","99.48979592","99.48979592","97.9591836735","98.46938776","99.48979592","99.48979592","101.0204082","102.0408163","102.0408163",
"단독주택","동부1권","전세수급동향","","115","123.3333333","123.3333333","123.3333333","123.3333333","108.3333333","108.6206897","100","101.7241379","108.6206897","106.8965517","108.6206897","106.6666667","106.6666667","106.6666667","100","100","100","100","100","100","100","100","101.6666667","98","101","101","99","108","109","108.6","102.4","102.8","102.8","102.4","102.4","101.8","101.8","101.8","101.8","101.8","101.8","101.8","101.2","99.8","97.4","97.2","96.8","96.8","97.2","97.6","98.2","100","99.8","100","101","101.2","101","100.4","97.66666667","97.66666667","97.66666667","97.66666667","97","97","97","97.33333333","96","97","96","97.66666667","99.66666667","95.66666667","97.66666667","96.33333333","99.33333333","96.33333333","95","97","96.33333333","96.66666667","96.66666667","96.66666667","96.33333333","95.66666667","96","96.33333333","96.66666667","96.33333333","98","101.3333333","102.6666667","102.3333333","104.3333333","105.6666667","105.6666667","107.3333333","108.3333333","107.6666667","109.6666667","107.3333333","111.3333333","101.875","107.5","101.875","111.875","108.75","99.375","98.125","100","99.375","98.75","99.375","100","99.375","100","97.5","99.375","93.75","88.125","86.25","88.125","87.5","90","93.75","93.125","94.375","96.25","94.375","96.875","96.875","93.75","91.875","92.5","92.5","92.5","95.625","98.125","98.125","98.125","98.125","98.75","98.75","97.5","99.375","99.375","100.625","101.5625","102.34375","102.34375","98.4375","99.21875","97.65625","97.65625","98.4375","98.4375",
"단독주택","동부2권","전세수급동향","","100","105.8333333","109.1666667","110.8333333","90.83333333","100","100","100","100","100","100","100","100","100","100","100","100","100","100","100","100","100","100","100","100","103.0769231","101.5384615","100.7692308","100","100","99.71428571","100.2857143","100.8571429","101.4285714","100","100","100","101.1428571","101.1428571","101.4285714","104.5714286","104.2857143","104","104","103.7142857","103.7142857","104","104.2857143","104.2857143","104.5714286","107.1428571","106.2857143","106.2857143","104.8571429","104.2857143","104.2857143","105.4285714","108.2857143","104.5714286","101.2","101.2","101.2","101.2","100.4","100.8","100.4","98.8","97.6","97.6","82.8","82.4","83.2","82.22222222","82.96296296","82.96296296","82.96296296","82.96296296","83.33333333","83.33333333","84.07407407","83.33333333","82.96296296","82.59259259","83.33333333","83.33333333","83.33333333","83.33333333","83.7037037","83.33333333","84.44444444","84.44444444","84.44444444","84.07407407","84.07407407","84.07407407","84.81481481","84.44444444","84.07407407","84.44444444","84.44444444","84.07407407","84.07407407","105","105.5","104","103.5","113","104","103.5","107","102","100","100.5","101","100","101","100","99.5","96","89.5","87","86","85","85.5","88","86.5","88.5","89","94","94","93.5","92","93","92.5","91.5","91","90.5","92.5","93","96","95.5","95.5","95","96","94.5","96.5","96","96.25","97.5","98.125","96.875","96.25","94.375","95","97.5","95",
"단독주택","경의권","전세수급동향","","100","98.88888889","98.88888889","98.88888889","100","102.2222222","103.3333333","106.6666667","107.7777778","105.5555556","100","102.2222222","102.2222222","100","102.2222222","97.77777778","100","104.4444444","108.8888889","111.1111111","112.2222222","112.2222222","112.2222222","111.1111111","109.0909091","104.5454545","108.1818182","107.2727273","105.4545455","104.5454545","106.8571429","100.5714286","100","100","100.2857143","99.42857143","100.8571429","100.8571429","100.8571429","100.8571429","100.8571429","100.8571429","100.8571429","100.2857143","100.2777778","100","101.1111111","101.1111111","101.1111111","101.1111111","100.8333333","103.8888889","104.4444444","104.1666667","104.1666667","104.1666667","102.5","101.6666667","101.3888889","95","95","95","95","94.33333333","94","94","94","94","94","94","93.66666667","93.66666667","93.33333333","93.33333333","93.33333333","96.33333333","97.33333333","97.33333333","98.66666667","98.66666667","98.66666667","97.66666667","98.66666667","97.66666667","97.66666667","99.33333333","99.66666667","100","99.66666667","99.66666667","100","100","100","100","100.3333333","102.3333333","101.3333333","101.3333333","101.3333333","101","100.6666667","100.6666667","99.41176471","100","106.4705882","100","100","99.41176471","87.5","91.76470588","95.29411765","99.41176471","98.82352941","100","100","99.41176471","98.82352941","95.88235294","90","88.82352941","85.29411765","85.88235294","84.70588235","85.29411765","85.88235294","84.11764706","85.29411765","84.11764706","85.29411765","87.64705882","87.05882353","86.47058824","85.88235294","84.70588235","84.11764706","82.94117647","84.70588235","84.70588235","87.64705882","90.58823529","90","88.82352941","88.82352941","87.64705882","91.17647059","91.17647059","92.35294118","97.79411765","96.32352941","96.3235294118","95.58823529","94.85294118","95.58823529","94.85294118","92.64705882","96.32352941",
"단독주택","경원권","전세수급동향","","103.3333333","103.3333333","102.2222222","104.4444444","107.7777778","102.2222222","100","120","106.6666667","105.5555556","120","101.1111111","102.2222222","102.2222222","102.2222222","101.1111111","85.55555556","91.11111111","87.77777778","96.66666667","97.77777778","97.77777778","86.66666667","90","101","103","101","84","102","102","101.6","101.2","101.2","106","102.4","104","104","105.2","104","103.2","104.4","106.4","104","102.4","107.2972973","107.027027","106.7567568","107.2972973","97.02702703","97.02702703","97.83783784","97.83783784","97.2972973","96.21621622","96.21621622","96.21621622","95.67567568","95.67567568","95.67567568","100","100","100","100","100","100","100","100","100","100","100","100","100","100","100","100","100","100","99.62962963","99.62962963","99.25925926","98.88888889","98.88888889","99.25925926","99.25925926","99.25925926","99.25925926","98.51851852","96.66666667","95.55555556","95.55555556","95.18518519","94.07407407","92.22222222","90","94.81481481","94.81481481","98.51851852","98.51851852","99.62962963","101.4814815","95.55555556","97.40740741","100.625","101.875","101.875","101.25","100","99.375","92.5","96.25","98.125","100.625","99.375","100","96.875","99.375","99.375","99.375","99.375","98.125","96.25","98.125","96.25","96.25","95.625","95.625","95.625","93.75","94.375","95.625","96.875","96.25","94.375","95.625","96.25","91.875","92.5","95","94.375","95.625","94.375","94.375","95","96.25","95","93.125","94.375","96.09375","96.09375","96.875","98.4375","102.34375","100.78125","100","99.21875","99.21875",
"단독주택","인천","전세수급동향","","97.22222222","103.8888889","100","97.19101124","97.75280899","98.31460674","96.62921348","103.3707865","100.5617978","101.6853933","101.6853933","98.31460674","100","103.8888889","99.44444444","99.44444444","100","100","100","100","100.5555556","99.44444444","99.44444444","99.44444444","96.66666667","96.11111111","96.11111111","96.11111111","96.11111111","95.55555556","103.0434783","103.0434783","103.0434783","98.69565217","98.69565217","98.69565217","98.69565217","98.69565217","98.69565217","98.69565217","98.69565217","98.69565217","98.47826087","98.47826087","98.69565217","104.1304348","105","103.9130435","104.1304348","102.3913043","102.3913043","103.4782609","102.173913","101.7391304","101.5217391","102.3913043","102.826087","101.7391304","101.5217391","100","99.73684211","98.68421053","99.47368421","97.63157895","96.84210526","97.10526316","98.68421053","94.47368421","98.42105263","97.63157895","98.42105263","98.68421053","98.15789474","98.42105263","97.63157895","97.63157895","95.26315789","96.57894737","95.78947368","96.57894737","97.63157895","98.15789474","99.47368421","99.73684211","101.8421053","98.15789474","100.5263158","100.7894737","98.68421053","97.63157895","98.42105263","99.47368421","98.15789474","100.2631579","100.2631579","101.3157895","101.0526316","101.3157895","101.8421053","100.7894737","101.3157895","100.7894737","99.47368421","100.7894737","100.5263158","100.7894737","100.7894737","99.47368421","100.2631579","100.5263158","99.47368421","99.73684211","100.5263158","100.7894737","99.73684211","99.47368421","98.42105263","98.94736842","96.31578947","94.21052632","95.52631579","96.57894737","96.84210526","97.89473684","96.84210526","96.05263158","93.68421053","92.63157895","96.57894737","95","93.15789474","95.52631579","95.78947368","96.84210526","96.84210526","98.68421053","97.63157895","97.36842105","99.47368421","98.68421053","100.2631579","97.89473684","96.57894737","97.63157895","98.15789474","98.15789474","95.78947368","99.35064935","100","99.3506493506","97.72727273","100.6493506","102.9220779","100.3246753","101.6233766","102.9220779",
"단독주택","부산","전세수급동향","","90","95","94.54545455","98.18181818","101.8181818","100","95","100.4545455","100","100.9090909","100.9090909","99.54545455","101.3636364","99.54545455","100","98.63636364","99.54545455","99.09090909","99.09090909","99.09090909","99.09090909","99.09090909","100.4545455","99.54545455","100.4545455","99.09090909","102.2727273","98.63636364","100","99.09090909","93.10344828","92.06896552","93.10344828","92.93103448","93.62068966","91.20689655","92.75862069","93.10344828","92.06896552","92.24137931","93.27586207","93.96551724","93.10344828","96.03448276","97.5862069","100","99.13793103","98.96551724","98.62068966","98.44827586","98.27586207","98.62068966","98.44827586","98.62068966","98.44827586","98.27586207","97.5862069","96.55172414","96.37931034","87.53846154","87.69230769","88.15384615","88","90.92307692","90.76923077","88.92307692","89.23076923","88.46153846","87.38461538","85.69230769","85.23076923","83.69230769","76.30769231","76","79.23076923","77.53846154","78.76923077","78.46153846","78","76.61538462","76.30769231","76","76.92307692","78.30769231","80","80","80.76923077","78","77.23076923","77.53846154","78.15384615","78.61538462","78","78.46153846","78.15384615","79.69230769","80.46153846","80.46153846","80.15384615","80","79.53846154","80.61538462","96.2","97.4","103.4","100.4","101.6","101.4","98.6","100","101.4","100.6","100.6","100.2","98.6","99.2","98.4","96.6","93.6","90","89.6","93.2","93.4","93.2","92.8","92.2","93.8","94.8","94.8","95.4","94.8","93.2","93.4","94","92.8","92","91.2","90","92.4","92.8","92.8","92.4","92.8","90.6","91","92.8","92.2","92.61083744","92.1182266","91.8719211823","94.82758621","94.82758621","94.08866995","94.58128079","94.33497537","94.58128079",
"단독주택","중부산권","전세수급동향","","77.77777778","86.66666667","86.66666667","97.77777778","104.4444444","100","87.77777778","98.88888889","98.88888889","100","103.3333333","98.88888889","100","101.1111111","100","100","100","100","100","100","100","100","100","100","100","94.44444444","95.55555556","95.55555556","95.55555556","94.44444444","92","91.2","91.6","91.2","92.4","92.4","92","92","89.6","90.4","93.2","93.6","94.4","99.2","99.2","103.6","100.8","100.8","100.4","98.8","98.4","98","96.8","97.6","97.6","97.2","96.4","96.4","96.4","88.46153846","88.46153846","88.07692308","87.30769231","90.76923077","87.30769231","83.07692308","83.46153846","82.69230769","82.30769231","81.92307692","82.69230769","81.53846154","81.53846154","81.92307692","87.30769231","83.84615385","85","85","84.23076923","81.53846154","80.38461538","79.61538462","81.92307692","83.84615385","85.76923077","85.76923077","86.15384615","81.53846154","82.69230769","81.92307692","81.92307692","83.84615385","83.46153846","83.46153846","83.46153846","83.84615385","86.15384615","86.53846154","86.15384615","86.92307692","86.92307692","87.30769231","100.952381","100","103.8095238","100","102.8571429","103.3333333","100","100","100.4761905","100","100","100","98.0952381","98.57142857","99.52380952","98.57142857","93.33333333","88.0952381","85.71428571","92.38095238","91.9047619","94.76190476","93.33333333","91.9047619","92.85714286","93.80952381","95.23809524","96.66666667","97.14285714","96.19047619","94.28571429","94.76190476","93.80952381","92.85714286","92.38095238","92.85714286","94.76190476","93.80952381","93.80952381","93.80952381","95.71428571","92.38095238","92.85714286","93.80952381","94.76190476","93.67816092","93.10344828","93.1034482759","93.67816092","93.10344828","91.95402299","91.95402299","93.10344828","93.67816092",
"단독주택","동부산권","전세수급동향","","100","101.4285714","100","97.14285714","100","100","100","102.8571429","101.4285714","102.8571429","98.57142857","100","105.7142857","98.57142857","101.4285714","97.14285714","100","100","100","100","100","100","102.8571429","100","102.8571429","104.2857143","100","100","101.4285714","101.4285714","91.17647059","91.17647059","91.17647059","91.76470588","91.17647059","91.76470588","89.41176471","90.58823529","90.58823529","90","90.58823529","90.58823529","88.23529412","90.58823529","94.70588235","96.47058824","97.64705882","97.05882353","97.64705882","97.64705882","97.64705882","99.41176471","99.41176471","100","98.82352941","98.23529412","97.05882353","94.11764706","93.52941176","88.57142857","88.57142857","88.57142857","89.28571429","90","89.28571429","89.28571429","88.57142857","88.57142857","88.57142857","82.14285714","78.57142857","76.42857143","76.42857143","72.85714286","77.85714286","78.57142857","78.57142857","79.28571429","79.28571429","78.57142857","79.28571429","79.28571429","79.28571429","80.71428571","82.85714286","83.57142857","83.57142857","79.28571429","73.57142857","73.57142857","75","73.57142857","72.14285714","72.85714286","70.71428571","74.28571429","74.28571429","75.71428571","75","75","70.71428571","70.71428571","89.33333333","93.33333333","100.6666667","100","100","98.66666667","99.33333333","100","104.6666667","102","102","100.6666667","99.33333333","100.6666667","97.33333333","95.33333333","94","93.33333333","94","95.33333333","94","92.66666667","92","92","96","96","93.33333333","94.66666667","94","92","93.33333333","93.33333333","90.66666667","88.66666667","88","84.66666667","90","92","91.33333333","90.66666667","88.66666667","88.66666667","88.66666667","92","89.33333333","90","90","90","96.66666667","96.66666667","96.66666667","97.5","97.5","96.66666667",
"단독주택","서부산권","전세수급동향","","96.66666667","100","100","100","100","100","100","100","100","100","100","100","98.33333333","98.33333333","98.33333333","98.33333333","98.33333333","96.66666667","96.66666667","96.66666667","96.66666667","96.66666667","98.33333333","98.33333333","98.33333333","100","115","101.6666667","105","103.3333333","96.875","94.375","97.5","96.875","98.125","88.75","97.5","97.5","97.5","97.5","96.25","98.125","96.25","96.875","98.125","98.125","98.125","98.125","96.875","98.75","98.75","98.75","100","98.75","99.375","100","100","99.375","99.375","86","86.4","88","88","91.6","95.2","94.8","95.6","94.4","92","91.6","91.6","90","70.8","71.6","71.6","70.4","72.4","71.2","70.8","70.4","70.4","70.4","70.4","71.2","72.4","72","73.6","73.6","73.6","75.2","76","76","75.6","76.4","76.8","78.4","78","76.8","76.8","75.6","76.8","79.2","96.42857143","97.85714286","105.7142857","101.4285714","101.4285714","101.4285714","95.71428571","100","99.28571429","100","100","100","98.57142857","98.57142857","97.85714286","95","93.57142857","89.28571429","90.71428571","92.14285714","95","91.42857143","92.85714286","92.85714286","92.85714286","95","95.71428571","94.28571429","92.14285714","90","92.14285714","93.57142857","93.57142857","94.28571429","92.85714286","91.42857143","91.42857143","92.14285714","92.85714286","92.14285714","92.85714286","90","90.71428571","92.14285714","91.42857143","93.75","92.85714286","91.9642857143","94.64285714","95.53571429","94.64285714","95.53571429","92.85714286","93.75",
"단독주택","대구","전세수급동향","","98","97","99","99","101","101","101","101","100","103","101.0204082","101.0204082","101","101","103","102","101.0204082","101.0204082","101.0204082","101.0204082","105.1020408","105.1020408","104.0816327","104.0816327","101","100","104","100","97","98","98.63636364","98.18181818","100.9090909","99.54545455","101.8181818","101.8181818","101.8181818","100.9090909","102.7272727","103.6363636","101.8181818","100.9090909","101.8181818","101.3636364","99.54545455","99.54545455","100.4545455","101.3636364","100","101.3636364","100.9090909","101.3636364","99.09090909","100.9090909","101.8181818","100.9090909","101.3636364","101.3636364","100.9090909","100.6060606","100.3030303","100.3030303","95.75","95.75","95.75","95.75","95.5","95.75","96.25","96","96.25","96.25","98.20512821","98.46153846","98.46153846","97.43589744","97.17948718","97.17948718","99.48717949","103.0769231","99.74358974","99.74358974","100.7692308","100.5128205","101.2886598","100.7731959","100.7731959","100.7731959","101.2886598","100.7731959","101.0309278","102.3195876","101.2820513","103.5897436","102.8205128","102.8205128","103.8461538","103.3333333","103.3333333","103.3333333","103.3333333","104.3589744","100.8510638","101.4893617","101.7021277","101.9148936","100.4255319","98.93617021","97.23404255","96.38297872","97.65957447","97.44680851","98.29787234","97.65957447","98.07692308","100","99.78723404","99.36170213","99.14893617","99.14893617","96.38297872","92.76595745","94.68085106","96.38297872","95.74468085","93.61702128","94.16666667","95","95.41666667","95","95","94.58333333","92.70833333","92.70833333","92.5","92.70833333","92.70833333","92.70833333","92.29166667","92.29166667","92.5","91.04166667","91.45833333","91.66666667","91.25","91.25","91.25","90.51282051","90.25641026","90.5128205128","89.23076923","88.97435897","88.71794872","88.71794872","87.94871795","88.20512821",
"단독주택","광주","전세수급동향","","100","100","100","101","100","100","100","98.97959184","100","100","96.93877551","98.97959184","100","101","100","98.97959184","97.95918367","96.93877551","100","98.97959184","97.95918367","96.93877551","100","98.97959184","100","99","100","96","98","97","97.61904762","97.61904762","97.61904762","97.61904762","97.14285714","97.14285714","97.14285714","97.14285714","97.14285714","99.52380952","99.52380952","99.04761905","99.52380952","99.04761905","99.04761905","99.04761905","99.04761905","99.04761905","99.04761905","99.04761905","99.52380952","99.52380952","100.952381","98.0952381","99.04761905","99.52380952","99.04761905","99.52380952","99.52380952","100.7142857","100.3571429","100.3571429","100.3571429","100.7142857","99.28571429","99.28571429","98.57142857","98.21428571","100.3571429","100.7142857","101.4285714","100.3571429","101.4285714","101.4285714","100.7142857","100.7142857","100.3571429","100.7142857","100.3571429","100.3571429","100.3571429","100.3571429","100.3571429","100","100","100","100","100","100","99.28571429","99.64285714","98.21428571","95","96.42857143","94.28571429","96.78571429","96.42857143","96.78571429","95.35714286","95.35714286","94.28571429","93.57142857","96.94444444","100","103.3333333","102.5","100.2777778","100.2777778","100.2777778","100","98.88888889","97.77777778","100.2777778","100","100.2777778","98.61111111","100","99.16666667","95.27777778","94.16666667","93.61111111","95.27777778","95.27777778","95","96.38888889","95.27777778","98.05555556","99.72222222","99.16666667","101.3888889","98.61111111","99.16666667","98.33333333","99.72222222","99.44444444","98.61111111","99.16666667","100.5555556","100.2777778","100.5555556","100.2777778","98.61111111","98.05555556","97.22222222","97.77777778","97.22222222","96.66666667","96.89655172","96.89655172","96.5517241379","95.51724138","96.89655172","96.89655172","98.62068966","99.65517241","100.3448276",
"단독주택","대전","전세수급동향","","87","96","88","83.67346939","91.83673469","86.73469388","90.81632653","91.83673469","100","100","102.0408163","90.625","92.85714286","91.83673469","95.91836735","95.91836735","94.89795918","92.85714286","95.91836735","95.91836735","103.0612245","102.0408163","102.0408163","98.97959184","104","104","108","110","104","104","108.9655172","106.8965517","110.6896552","105.1724138","102.7586207","101.0344828","100.6896552","99.31034483","100.6896552","100.6896552","100.6896552","100.6896552","100.6896552","100.6896552","97.5","99.0625","97.5","98.75","98.75","101.25","100.625","100.625","100.625","100.3125","98.75","99.0625","99.0625","99.0625","98.125","95.75","95.75","95.75","100.9090909","100.3030303","100.3030303","100.6060606","100","99.6969697","99.39393939","101.2121212","100.9090909","101.2121212","100.3125","100","99.375","99.6875","100","99.375","102.1875","104.6875","102.5","100.625","100","101.5625","101.25","100.9375","103.75","100.9375","102.1875","101.875","104.0625","103.75","105","105","105.3125","105.625","103.75","106.25","105.3125","106.875","104.375","103.75","100","101.4285714","106","100.2857143","101.4285714","100.5747126","99.14285714","100.2857143","99.42857143","99.71428571","98.28571429","99.42857143","100","98.85714286","95.71428571","94.57142857","92","88.28571429","87.14285714","88.57142857","90.85714286","89.71428571","90.28571429","89.71428571","89.42857143","91.14285714","87.14285714","87.14285714","88.28571429","88","90","92.57142857","92.28571429","91.14285714","89.71428571","89.71428571","91.14285714","92.85714286","94.57142857","96.57142857","96.28571429","96.57142857","96.28571429","95.42857143","96.28571429","97.85714286","96.42857143","97.1428571429","96.78571429","97.5","97.14285714","98.21428571","98.92857143","98.92857143",
"단독주택","울산","전세수급동향","","100","100","100","100","100","99","98","98","100","100","100","100","100","100","100","100","100","100","100","100","100","100","100","100","100","100","100","100","100","100","97.5","97.5","96.5","97","96.5","97","98","97","96.5","97","96","96","95","93","94.34782609","94.34782609","94.7826087","94.7826087","94.7826087","94.7826087","95.2173913","94.7826087","93.04347826","90.43478261","92.60869565","93.04347826","91.30434783","87.82608696","87.39130435","76.66666667","76.92307692","75.64102564","74.61538462","72.82051282","72.82051282","73.84615385","74.61538462","69.74358974","68.46153846","68.71794872","68.71794872","68.46153846","65.64102564","66.15384615","65.64102564","64.87179487","65.12820513","65.38461538","65.12820513","65.64102564","65.8974359","65.38461538","65.38461538","65.8974359","66.92307692","67.17948718","67.17948718","67.17948718","67.17948718","67.43589744","69.23076923","68.97435897","69.74358974","72.30769231","73.58974359","77.94871795","78.20512821","77.94871795","77.94871795","78.71794872","78.71794872","80","92.1875","100.3125","103.4375","100","100.9375","102.8125","103.4375","102.1875","100.9375","101.5625","101.25","100","101.25","98.125","97.5","95.9375","92.1875","89.6875","89.0625","87.8125","86.875","87.1875","85.625","85.9375","90.3125","87.1875","88.125","87.8125","89.0625","89.0625","90","90.3125","90.3125","90.3125","90.3125","89.6875","90.625","90.9375","91.25","92.1875","92.1875","92.5","92.8125","93.75","93.75","93.75","93.75","92.96875","93.75","94.140625","93.75","94.140625","94.140625","93.75",
"단독주택","세종","전세수급동향","","104","102","102","102","102","102","102","102","102","102","102","102","103","103","103","103","103","101","101","100","100","97","99","104","99","101","103","101","102","104","100.8695652","98.69565217","96.52173913","100.4347826","98.69565217","99.13043478","100","100.4347826","97.82608696","103.0434783","96.52173913","96.52173913","103.0434783","98.69565217","99.13043478","101.7391304","107.826087","103.4782609","105.2173913","102.6086957","103.9130435","100.4347826","100.4347826","100","100.8695652","102.6086957","104.7826087","104.7826087","103.9130435","104.5833333","105.8333333","102.9166667","101.25","104.5833333","103.75","102.9166667","104.1666667","100.8333333","100","101.25","100.8333333","100.4166667","100.4","100.8","98.4","97.6","98.4","98.4","98.4","96","96.8","97.2","97.6","97.6","97.6","98","98","97.6","98","98.4","98.8","98.4","110.4","111.2","110.8","112.4","110.4","104.8","104","102.8","95.2","96.8","100","101.4285714","102.1428571","100","100","99.28571429","98.57142857","96.42857143","96.42857143","97.14285714","97.85714286","96.42857143","95","97.14285714","97.14285714","96.42857143","96.42857143","87.85714286","88.57142857","94.28571429","95.71428571","100","96.42857143","97.14285714","96.42857143","100","98.57142857","100","97.14285714","97.14285714","97.14285714","96.42857143","98.57142857","97.85714286","96.42857143","100","97.85714286","95.71428571","97.14285714","95","95.71428571","96.42857143","95","94.28571429","95","97.32142857","96.42857143","96.4285714286","97.32142857","97.32142857","97.32142857","96.42857143","98.21428571","100.8928571",
"단독주택","강원","전세수급동향","","99.67741935","100.6451613","101.2903226","100.9677419","100.6451613","98.06451613","100.6451613","100.6451613","100.6451613","100.6451613","100.6451613","100.6451613","100.3225806","100.3225806","99.67741935","99.35064935","99.35064935","99.67532468","99.67532468","99.67532468","99.67532468","99.67532468","99.67532468","99.67532468","99.67741935","106.7741935","106.1290323","106.1290323","106.1290323","106.1290323","104.4736842","104.7368421","104.7368421","104.7368421","103.4210526","102.8947368","101.5789474","102.6315789","102.6315789","102.8947368","102.6315789","101.5789474","101.8421053","101.8421053","101.8421053","102.1052632","103.1578947","103.4210526","103.4210526","103.4210526","103.6842105","103.1578947","103.4210526","103.4210526","105.2631579","105.5263158","109.4736842","109.4736842","103.9473684","98.2","97.6","98.6","98.4","98.4","97","95.6","95.8","96.2","95.6","94.6","93.4","93.6","92.2","92.6","92.6","92.4","90.4","90.6","89.6","89.8","88.6","88.2","86","86.6","86.8","88.6","89","87.4","89","89.8","91.4","94","93.2","94.2","96","99","98.6","99.2","102.6","103","102.6","102.8","101.754386","102.1052632","101.9298246","100.1754386","102.2807018","101.754386","102.2807018","101.584507","102.9824561","102.8070175","103.1578947","103.8596491","105.0877193","104.3859649","102.4561404","101.2280702","100","99.12280702","99.47368421","98.59649123","97.54385965","98.07017544","98.42105263","98.07017544","98.77192982","99.8245614","99.12280702","99.8245614","100.3508772","100","97.89473684","99.12280702","100.5263158","100","100.3508772","100.877193","99.8245614","100.877193","101.2280702","100.5263158","100.5263158","100","100.1754386","100.3508772","100.3508772","99.78165939","100.2183406","99.7816593886","100.4366812","100.6550218","100.2183406","99.78165939","100","100.2183406",
"단독주택","충북","전세수급동향","","100","100.3703704","100.3703704","101.8656716","100.3731343","100.3731343","100.3731343","100.3731343","100.3731343","100.3731343","101.8796992","100.3759398","100.7462687","100.7462687","101.8656716","101.119403","101.119403","101.119403","100.6711409","100","100.6711409","100.6711409","100.3355705","100.3355705","100.3333333","100.3333333","100.3333333","100.3333333","100.3333333","100.3333333","100.25","100.5","100.5","100.5","100.5","100.5","100.5","100.75","100.75","101.5","101.25","100.25","99.75","99.5","98.75","99.5","99.5","99.5","99.25","97.25","97.25","96.25","96.5","97","97.25","97.25","97.25","98","97.75","96.25","96.45833333","97.08333333","98.95833333","98.54166667","98.75","98.75","98.95833333","98.95833333","98.54166667","98.75","98.125","99.16666667","99.375","99.16666667","99.16666667","99.16666667","99.16666667","99.16666667","98.54166667","98.33333333","98.33333333","98.33333333","98.33333333","96.66666667","96.66666667","96.66666667","96.66666667","96.66666667","97.29166667","98.125","97.91666667","98.125","98.125","98.125","98.33333333","98.54166667","98.125","98.33333333","98.33333333","98.33333333","98.33333333","99.375","91.45454545","99.27272727","99.63636364","96","96","96.54545455","99.45454545","100","99.27272727","100.3636364","100","99.63636364","99.81818182","98.90909091","99.81818182","99.81818182","98.18181818","95.81818182","96.18181818","96","97.09090909","96.72727273","96.90909091","98.18181818","97.09090909","96.18181818","97.09090909","97.09090909","97.27272727","96.54545455","96.90909091","96.54545455","97.81818182","98","97.63636364","97.45454545","98.54545455","96.90909091","98.18181818","98.54545455","99.27272727","97.09090909","96.72727273","96.72727273","96.90909091","99.0990991","97.2972973","97.5225225225","97.74774775","96.84684685","94.14414414","97.07207207","96.84684685","97.74774775",
"단독주택","충남","전세수급동향","","100","100","102.866242","99.68152866","100","100.6369427","101.2738854","100","100.955414","103.5031847","103.2051282","100.3205128","99.68152866","100","99.04458599","97.77070064","100.3184713","98.72611465","96.49681529","98.72611465","100.3184713","100.3184713","99.68152866","99.68152866","99.36708861","101.5822785","100.6329114","102.2151899","100.3164557","103.164557","100.7317073","100.2439024","100.2439024","100.9756098","99.75609756","101.7073171","99.26829268","100.2439024","101.2195122","100.4878049","100.4878049","101.7073171","101.7073171","100.7317073","100.4878049","100","100.2439024","100","98.7804878","98.29268293","98.29268293","98.29268293","100","99.02439024","99.26829268","102.6829268","100.9756098","98.7804878","97.80487805","94.90196078","94.31372549","94.31372549","98.62745098","97.64705882","97.05882353","94.11764706","95.88235294","95.68627451","95.49019608","95.29411765","95.68627451","95.49019608","96.2","97.6","97.6","97.6","99.8","97.4","98.8","98.2","97.4","98.6","99.4","98.6","98","98.6","98","95.8","97.6","98.2","98.2","98.8","98","101.6","100.8","101.2","101","101","102","101","99.6","99.6","97.83333333","99.83333333","100","100.1666667","100.3333333","102","103.5","101.0033445","100.6666667","101","100.3333333","101.6666667","100.1666667","100.5","100","100.1666667","98.5","96.5","94.5","94.66666667","95.33333333","95.5","97.66666667","96.83333333","97","96.83333333","97.66666667","97.5","97.16666667","97.5","97.33333333","97.66666667","97.33333333","98.33333333","98.16666667","97.66666667","98","97.5","97.16666667","96.5","97","97.16666667","97.83333333","97.83333333","97.33333333","97.09302326","97.48062016","97.0930232558","95.73643411","96.89922481","97.28682171","98.4496124","99.2248062","99.03100775",
"단독주택","전북","전세수급동향","","96.85714286","102","101.1428571","105.7803468","108.6705202","98.26589595","99.42196532","100.867052","100.5780347","100.5780347","102.6162791","100.5813953","102.8901734","100.2906977","97.6744186","98.25581395","101.744186","97.38372093","98.25581395","97.38372093","101.4534884","101.1627907","97.38372093","100.2906977","100.8571429","99.42857143","102.2857143","97.42857143","97.71428571","97.42857143","99","99","98.25","97","100.5","101.5","102.25","101.25","102.25","101.5","100.5","99.25","100.25","100.75","101.5","103.75","104","103.75","102.75","103.5","103","103.25","105.75","105","102.75","101.75","106.5","105.25","103.75","99.13043478","100.4347826","98.69565217","100.2173913","99.13043478","98.47826087","99.7826087","98.47826087","98.47826087","98.04347826","98.04347826","96.08695652","96.30434783","95.11111111","94.66666667","95.55555556","95.77777778","97.11111111","97.11111111","98.44444444","98.88888889","99.11111111","98","97.55555556","98.22222222","98.22222222","98.22222222","98.66666667","98.44444444","98.44444444","98.44444444","98.44444444","98.66666667","98","97.11111111","97.33333333","98","97.77777778","98","97.77777778","98.66666667","98.44444444","99.33333333","94.06779661","97.62711864","99.83050847","100.3389831","99.83050847","99.15254237","99.15254237","100.3389831","101.8644068","101.1864407","101.0204082","101.1864407","101.8644068","100.5084746","98.6440678","97.28813559","94.91525424","92.88135593","91.69491525","92.20338983","90.16949153","90.33898305","89.66101695","89.15254237","91.18644068","88.98305085","91.3559322","91.01694915","94.06779661","92.37288136","93.05084746","94.23728814","94.40677966","94.57627119","95.08474576","94.91525424","94.74576271","97.79661017","96.44067797","97.79661017","96.77966102","96.61016949","94.74576271","96.61016949","98.30508475","96.2962963","96.2962963","95.6790123457","98.14814815","98.97119342","97.94238683","97.94238683","98.7654321","98.55967078",
"단독주택","전남","전세수급동향","","89.75609756","90.48780488","89.51219512","90.48780488","90","89.51219512","88.66995074","88.91625616","89.10891089","89.35643564","89.35643564","88.61386139","94.60784314","97.54901961","98.7745098","98.28431373","98.28431373","97.79411765","98.28431373","99.01960784","98.52941176","98.7745098","99.01960784","99.01960784","99.26829268","99.02439024","99.26829268","98.53658537","99.51219512","99.75609756","99.41176471","99.41176471","99.60784314","99.60784314","99.60784314","99.60784314","99.60784314","99.21568627","99.01960784","98.82352941","98.82352941","96.66666667","96.66666667","96.2745098","95.88235294","96.47058824","97.25490196","98.62745098","98.82352941","98.43137255","98.23529412","99.01960784","99.80392157","100.3921569","101.1764706","100.7843137","101.1764706","101.372549","101.5686275","99.82758621","101.0344828","101.0344828","100.862069","100.6896552","100.6896552","100.5172414","98.44827586","98.10344828","101.5517241","101.8965517","101.8965517","100.5172414","101.5517241","101.7241379","101.7241379","101.5517241","101.0344828","101.3793103","100.862069","101.2068966","100.6896552","100.6896552","101.0344828","101.0344828","101.0344828","100.862069","101.3793103","101.2068966","102.7586207","103.2758621","103.4482759","100.3448276","101.8965517","103.7931034","105.5172414","103.6206897","101.8965517","103.2758621","103.6206897","101.8965517","101.7241379","103.4482759","100.5633803","101.1267606","101.4084507","100.8450704","100","100.1408451","99.85915493","99.71830986","100.9859155","100.2816901","101.5492958","100.5633803","101.6901408","100.7042254","99.01408451","98.87323944","97.6056338","95.77464789","96.33802817","95.91549296","95.77464789","97.18309859","97.32394366","98.02816901","97.6056338","97.88732394","97.04225352","98.30985915","98.16901408","98.45070423","97.88732394","97.74647887","97.74647887","97.04225352","96.90140845","98.16901408","98.16901408","98.16901408","97.6056338","98.87323944","98.30985915","98.16901408","98.30985915","97.46478873","97.04225352","96.61016949","96.27118644","96.2711864407","97.62711864","96.77966102","97.45762712","97.28813559","98.30508475","98.13559322",
"단독주택","경북","전세수급동향","","109.7222222","107.5","111.9444444","103.9106145","104.1899441","110.0558659","108.9385475","107.5418994","105.3072626","103.0726257","103.3707865","102.8089888","99.72067039","104.7752809","103.3707865","103.6516854","103.6516854","104.494382","103.6516854","104.2134831","103.3707865","107.8651685","107.0224719","104.2134831","101.6666667","102.5","103.6111111","101.9444444","102.2222222","106.9444444","102.2641509","104.5283019","107.3584906","100.1886792","100.1886792","98.11320755","98.30188679","96.79245283","99.05660377","101.3207547","100.1886792","100.754717","101.6981132","101.509434","100.3773585","98.30188679","98.49056604","101.3207547","98.30188679","98.11320755","98.67924528","98.67924528","98.86792453","98.49056604","97.73584906","96.98113208","96.22641509","96.03773585","95.8490566","89.68253968","89.68253968","90","89.84126984","89.68253968","88.88888889","88.88888889","89.52380952","88.73015873","89.36507937","89.04761905","89.52380952","90.47619048","85.96774194","86.29032258","86.4516129","86.29032258","86.4516129","86.29032258","85.48387097","85","85.16129032","85.16129032","85.16129032","85.32258065","88.06451613","87.09677419","86.93548387","86.93548387","86.77419355","86.4516129","92.58064516","92.74193548","93.06451613","93.22580645","93.06451613","93.5483871","93.38709677","92.90322581","93.06451613","93.38709677","93.5483871","93.70967742","100.3797468","101.2658228","100.1265823","100.2531646","100.8860759","99.62025316","99.49367089","100.5063291","100.3797468","100.5063291","100.1265823","99.87341772","99.74683544","99.74683544","100","100","99.11392405","98.73417722","97.72151899","98.35443038","97.97468354","97.97468354","98.48101266","98.10126582","98.33333333","98.84615385","99.48717949","99.74358974","99.48717949","99.48717949","99.61538462","99.48717949","99.74358974","99.48717949","99.74358974","100.2564103","100.1282051","100.5128205","100.3846154","100.5128205","100.2564103","100.3846154","100.2564103","99.87179487","100","99.8447205","99.68944099","99.6894409938","99.68944099","99.68944099","99.37888199","99.37888199","99.37888199","99.68944099",
"단독주택","경남","전세수급동향","","106.1538462","100","107.6923077","101.9230769","102.7131783","99.2248062","103.1007752","107.751938","103.875969","108.1395349","105.8139535","103.4883721","105.7692308","105.7692308","108.0769231","105.3846154","104.2307692","101.9230769","104.2307692","102.6923077","104.2307692","105","106.5384615","107.3076923","107.3076923","104.6153846","110","104.6153846","104.6153846","106.9230769","102","100","101.3333333","100.6666667","99.11111111","98.88888889","98.88888889","101.3333333","101.3333333","101.1111111","100","98","96.44444444","100.8888889","100.2222222","99.33333333","100.2222222","98.88888889","99.55555556","99.77777778","98.22222222","99.11111111","98","98.88888889","98.66666667","95.55555556","94.88888889","95.77777778","94","91.09375","91.09375","91.09375","88.90625","87.96875","87.65625","85.9375","85","82.5","81.71875","82.5","81.5625","82.5","81.26984127","78.41269841","77.3015873","75.55555556","72.85714286","72.53968254","79.20634921","79.20634921","76.50793651","76.66666667","76.66666667","79.20634921","79.84126984","80.47619048","80.95238095","80.79365079","80.79365079","83.01587302","87.3015873","89.36507937","87.77777778","84.44444444","85.23809524","88.0952381","91.11111111","94.44444444","93.96825397","95.23809524","96.03174603","96.98412698","98.31168831","100.9090909","100.2597403","100.6493506","100.7792208","99.35064935","99.35064935","101.171875","101.1688312","100.9090909","100.7792208","101.038961","100.1298701","100.1298701","99.61038961","99.48051948","97.53246753","95.71428571","95.84415584","95.58441558","95.71428571","96.1038961","96.23376623","96.23376623","96.23376623","96.62337662","96.88311688","97.01298701","96.88311688","97.14285714","96.1038961","96.23376623","96.1038961","95.71428571","96.49350649","96.49350649","95.97402597","96.49350649","97.27272727","98.18181818","98.57142857","97.66233766","98.7012987","98.18181818","97.66233766","98.05825243","97.73462783","98.3818770227","97.08737864","97.41100324","97.41100324","96.27831715","96.11650485","96.27831715",
"단독주택","제주","전세수급동향","","98.82352941","100","100.5882353","100.5882353","100","100","100","100","100","100","100","100.5882353","100.5882353","100.5882353","100.5882353","100.5882353","100.5882353","100.5882353","100.5882353","100.5882353","100.5882353","101.1764706","101.7647059","105.2941176","106.4705882","107.6470588","102.9411765","102.9411765","102.9411765","102.9411765","112.8571429","114.7619048","114.2857143","110.952381","117.1428571","115.7142857","127.6190476","113.8095238","106.6666667","101.9047619","78.57142857","86.66666667","87.14285714","90","86.89655172","86.55172414","87.24137931","88.62068966","90","90","89.65517241","90","93.44827586","96.89655172","98.62068966","98.27586207","97.93103448","98.62068966","99.65517241","101.1111111","100.7407407","101.4814815","101.4814815","102.2222222","102.2222222","103.7037037","101.1111111","95.55555556","94.81481481","94.44444444","94.07407407","92.96296296","92.75862069","94.13793103","94.13793103","93.44827586","93.79310345","89.31034483","88.96551724","87.93103448","87.24137931","85.86206897","83.10344828","81.03448276","79.31034483","76.89655172","75.17241379","74.13793103","73.79310345","72.06896552","71.72413793","71.37931034","70.68965517","72.06896552","72.06896552","71.72413793","72.75862069","75.17241379","75.51724138","76.89655172","78.27586207","78.27586207","95.8974359","100.5128205","102.5641026","100","100","100.2564103","100.5128205","100.2564103","100.2564103","100.5128205","98.20512821","100","95.8974359","98.70466321","99.48717949","96.66666667","95.8974359","94.1025641","91.02564103","91.02564103","92.30769231","92.30769231","94.35897436","95.8974359","96.15384615","94.87179487","95.8974359","95.12820513","93.33333333","96.66666667","96.15384615","96.41025641","95.38461538","93.58974359","94.61538462","95.64102564","95.12820513","94.61538462","93.58974359","88.71794872","90.25641026","90.25641026","91.79487179","90.76923077","90.51282051","91.34615385","91.98717949","90.3846153846","91.66666667","92.62820513","94.55128205","92.94871795","93.58974359","93.91025641",
