"주택유형별","지역별","항목","단위","2011.01 월","2011.02 월","2011.03 월","2011.04 월","2011.05 월","2011.06 월","2011.07 월","2011.08 월","2011.09 월","2011.10 월","2011.11 월","2011.12 월","2012.01 월","2012.02 월","2012.03 월","2012.04 월","2012.05 월","2012.06 월","2012.07 월","2012.08 월","2012.09 월","2012.10 월","2012.11 월","2012.12 월","2013.01 월","2013.02 월","2013.03 월","2013.04 월","2013.05 월","2013.06 월","2013.07 월","2013.08 월","2013.09 월","2013.10 월","2013.11 월","2013.12 월","2014.01 월","2014.02 월","2014.03 월","2014.04 월","2014.05 월","2014.06 월","2014.07 월","2014.08 월","2014.09 월","2014.10 월","2014.11 월","2014.12 월","2015.01 월","2015.02 월","2015.03 월","2015.04 월","2015.05 월","2015.06 월","2015.07 월","2015.08 월","2015.09 월","2015.10 월","2015.11 월","2015.12 월","2016.01 월","2016.02 월","2016.03 월","2016.04 월","2016.05 월","2016.06 월","2016.07 월","2016.08 월","2016.09 월","2016.10 월","2016.11 월","2016.12 월","2017.01 월","2017.02 월","2017.03 월","2017.04 월","2017.05 월","2017.06 월","2017.07 월","2017.08 월","2017.09 월","2017.10 월","2017.11 월","2017.12 월","2018.01 월","2018.02 월","2018.03 월","2018.04 월","2018.05 월","2018.06 월","2018.07 월","2018.08 월","2018.09 월","2018.10 월","2018.11 월","2018.12 월","2019.01 월","2019.02 월","2019.03 월","2019.04 월","2019.05 월","2019.06 월","2019.07 월","2019.08 월","2019.09 월","2019.10 월","2019.11 월","2019.12 월","2020.01 월","2020.02 월","2020.03 월","2020.04 월","2020.05 월","2020.06 월","2020.07 월","2020.08 월","2020.09 월","2020.10 월","2020.11 월","2020.12 월","2021.01 월","2021.02 월","2021.03 월","2021.04 월","2021.05 월","2021.06 월","2021.07 월","2021.08 월","2021.09 월","2021.10 월","2021.11 월","2021.12 월","2022.01 월","2022.02 월","2022.03 월","2022.04 월","2022.05 월","2022.06 월","2022.07 월","2022.08 월","2022.09 월","2022.10 월","2022.11 월","2022.12 월","2023.01 월","2023.02 월","2023.03 월","2023.04 월","2023.05 월","2023.06 월","2023.07 월","2023.08 월","2023.09 월","2023.10 월","2023.11 월","2023.12 월","2024.01 월","2024.02 월","2024.03 월","2024.04 월","2024.05 월","2024.06 월","2024.07 월","2024.08 월","2024.09 월","2024.10 월","2024.11 월","2024.12 월","2025.01 월","2025.02 월","2025.03 월","2025.04 월","2025.05 월","2025.06 월","2025.07 월","2025.08 월","2025.09 월","2025.10 월","2025.11 월",
"종합","전국","지역별 전월세전환율","","9.6","9.6","9.6","9.6","9.6","9.6","9.5","9.4","9.3","9.2","9.2","9.1","9.2","9.1","9.1","9.1","9.1","9.1","9","9","9","8.9","8.8","8.8","8.8","8.8","8.8","8.8","8.8","8.8","8.7","8.6","8.5","8.4","8.3","8.3","8.3","8.3","8.3","8.3","8.2","8.2","8.1","8.1","8","7.9","7.8","7.7","7.7","7.7","7.7","7.6","7.5","7.5","7.4","7.3","7.178657285","7.097081908","7.010183843","6.923953702","6.878749614","6.865358115","6.8561605","6.832429698","6.817247901","6.809034556","6.77107235","6.718942214","6.613114838","6.554534","6.503848465","6.422175235","6.400780509","6.408018762","6.422711876","6.423083999","6.436811433","6.452247436","6.435165374","6.413263404","6.356374886","6.313714335","6.266216433","6.25446217","6.255099598","6.269247049","6.315926423","6.340313356","6.359348256","6.343862958","6.313884153","6.268846052","6.227108895","6.158500979","6.116574893","6.083102983","6.077270125","6.130433982","6.167571173","6.234815198","6.228787554","6.2372854","6.229469539","6.165210224","6.092720886","6.039649054","5.967650564","5.867996902","5.870300326","5.891658825","5.9035018","5.891219919","5.900463406","5.906900664","5.881305402","5.808174336","5.749569737","5.694659366","5.651346524","5.616055556","5.609092023","5.678507185","5.718879136","5.742514527","5.74638668","5.757462636","5.741249866","5.696188232","5.63507487","5.609087698","5.591430306","5.563224533","5.551148426","5.639813525","5.681074678","5.713813246","5.823343115","5.851956608","5.866579863","5.839018935","5.841329459","5.850253053","5.815790996","5.852163365","5.897444932","5.974605336","6.03509233","6.053490541","6.086847031","6.072066565","6.052372412","6.067129293","6.058188819","6.105481969","6.101647472","6.137753207","6.190163528","6.162902731","6.102222234","6.003090071","5.906597172","5.815386233","5.787399717","5.813494719","5.905104806","6.020347952","6.127266128","6.191010568","6.203079849","6.332629206","6.391173795","6.431378662","6.4680799134","6.505284783","6.530940958","6.507363782","6.511704981","6.512420362","6.536760711",
"종합","수도권","지역별 전월세전환율","","9.2","9.2","9.2","9.2","9.2","9.2","9.2","9.1","9","9","8.9","8.8","8.8","8.8","8.7","8.7","8.7","8.7","8.7","8.7","8.7","8.6","8.5","8.5","8.4","8.4","8.4","8.4","8.3","8.3","8.3","8.2","8.1","8","8","7.9","7.9","7.8","7.8","7.7","7.7","7.7","7.7","7.6","7.6","7.5","7.4","7.4","7.3","7.2","7.1","7","7","7","6.9","6.8","6.752196571","6.670528679","6.566537266","6.476224656","6.3753085","6.344176056","6.312483979","6.302283726","6.292758425","6.290707224","6.272857945","6.257400058","6.188460833","6.11761722","6.034472627","5.990741728","5.945425372","5.904710676","5.913115309","5.906467173","5.924033222","5.944590527","5.934139445","5.939511223","5.892066364","5.850873353","5.795698217","5.782844297","5.777720807","5.753185764","5.781776591","5.802485059","5.842298224","5.843954735","5.83072774","5.813151481","5.795627678","5.736518534","5.691236071","5.654554778","5.636110455","5.634734424","5.67415375","5.706795775","5.701821903","5.703674127","5.705249879","5.678864781","5.615708688","5.562464807","5.520277649","5.412970967","5.394128329","5.364714456","5.352929135","5.354894495","5.35411117","5.389243402","5.378625136","5.33536631","5.307068411","5.275424119","5.230431534","5.176258437","5.161588368","5.193524106","5.21018186","5.222353354","5.218376513","5.238244699","5.243684197","5.229829466","5.19410285","5.172922573","5.161583368","5.128767463","5.117973734","5.160676506","5.201293742","5.242425257","5.370301921","5.402258534","5.438654694","5.451874801","5.458650951","5.483928598","5.437469947","5.47463299","5.534292088","5.633197817","5.709616886","5.753462075","5.80375561","5.817096382","5.814813721","5.824845065","5.815396278","5.815738291","5.799307615","5.790529796","5.819982876","5.800556886","5.751388517","5.673478356","5.609596656","5.542935975","5.533393012","5.542482287","5.632247675","5.726139044","5.807139458","5.855326037","5.859168575","5.946927404","5.995947117","6.049839299","6.0872203835","6.135422451","6.1579091","6.179126693","6.186130016","6.174490627","6.209007394",
"종합","지방","지역별 전월세전환율","","10.5","10.5","10.5","10.5","10.5","10.5","10.4","10.3","10.1","10.1","10","9.9","9.9","9.8","9.8","9.8","9.8","9.8","9.7","9.7","9.7","9.6","9.6","9.5","9.6","9.6","9.7","9.6","9.6","9.6","9.6","9.4","9.3","9.2","9.1","9.1","9.1","9.2","9.2","9.2","9.2","9.2","9.1","9","8.9","8.8","8.7","8.7","8.7","8.7","8.7","8.7","8.6","8.6","8.5","8.4","8.222105486","8.149079749","8.064176872","8.073339762","8.103952315","8.111385095","8.092965736","8.040417606","8.031536842","8.042157807","7.980287107","7.889821243","7.765713007","7.740370545","7.665365157","7.614117732","7.581559837","7.618166581","7.638325031","7.650656594","7.674154454","7.677855826","7.698507838","7.641004976","7.581807805","7.516988113","7.497245244","7.425270471","7.445502467","7.450480408","7.539423173","7.572731149","7.557447298","7.538459258","7.490836742","7.405981961","7.340356672","7.254984606","7.176756826","7.115613666","7.135020564","7.265553103","7.291643307","7.380593513","7.382083359","7.403277835","7.379353112","7.26381288","7.200967979","7.154710712","7.038235504","6.917705814","6.985113492","7.073824208","7.076548896","7.069840736","7.067285129","7.069321787","7.038752063","6.921759812","6.825901078","6.752698369","6.734684146","6.709135419","6.6995227","6.814358071","6.92811544","6.961289245","6.96599016","6.976435253","6.922805912","6.796167423","6.690494768","6.64575642","6.61031854","6.561621258","6.550440931","6.632994325","6.695791226","6.706975449","6.756499672","6.758902406","6.744868765","6.621939852","6.583532375","6.615715252","6.585575633","6.570855867","6.587723594","6.614562523","6.645945615","6.637441196","6.644143184","6.580978449","6.535405974","6.572882927","6.602592739","6.709090797","6.733864052","6.844506207","6.921519463","6.852178655","6.797721838","6.648129765","6.518034247","6.377501524","6.322694579","6.396247695","6.502395705","6.667700918","6.794719671","6.879144682","6.875214448","7.027445112","7.119681002","7.136295665","7.1649665115","7.180574698","7.211678661","7.158513619","7.148027997","7.223717542","7.243613356",
"종합","5대광역시","지역별 전월세전환율","","9.8","9.8","9.8","9.8","9.8","9.8","9.7","9.6","9.5","9.4","9.4","9.3","9.4","9.4","9.4","9.4","9.3","9.3","9.3","9.3","9.2","9","9","9","9.1","9.2","9.3","9.2","9.3","9.2","9.1","9","8.8","8.6","8.5","8.5","8.6","8.7","8.7","8.7","8.7","8.7","8.6","8.4","8.3","8.3","8.2","8.2","8.2","8.3","8.3","8.2","8.2","8.1","8","7.8","7.69715064","7.682052516","7.523903022","7.551697206","7.53543772","7.634124357","7.647576107","7.648954851","7.628263109","7.64370942","7.57790555","7.493154391","7.348787217","7.283440002","7.252432994","7.178645069","7.182328552","7.305479775","7.266646417","7.335674885","7.283229591","7.329618001","7.310193715","7.229128761","7.149397921","7.094553292","7.080193712","7.057729902","7.011231081","7.084041721","7.211897377","7.23974425","7.220088214","7.207054622","7.198284943","7.078280446","7.030455969","6.932410548","6.880142679","6.788344766","6.849187091","6.965796927","6.985217878","7.105297445","7.094869805","7.086696228","7.056091866","6.876079154","6.81058784","6.746867839","6.606828588","6.536328617","6.640890293","6.762204625","6.79199963","6.782739475","6.757929545","6.76944227","6.697733476","6.544567676","6.458057691","6.35934179","6.266783384","6.225225902","6.232775574","6.322766095","6.400867279","6.440915012","6.448213902","6.45237637","6.380568945","6.262117219","6.150030126","6.098729711","6.051015783","6.025219659","6.02982175","6.168089819","6.207062232","6.231096669","6.215930227","6.229273971","6.203661644","6.104745127","6.037882285","6.083006091","6.063133366","6.083725018","6.130123162","6.14864563","6.18104952","6.220562022","6.216118706","6.195060706","6.161161239","6.121651976","6.146581786","6.205554964","6.248543634","6.323841465","6.385165427","6.387502016","6.37446447","6.274036198","6.183581316","6.096360766","6.0160171","6.004394874","6.073533498","6.1897953","6.284339005","6.370529154","6.388364155","6.550128188","6.634159851","6.682020786","6.6818849357","6.706994771","6.699961906","6.638761955","6.628316759","6.650432996","6.689334039",
"종합","8개도","지역별 전월세전환율","","11.2","11.2","11.2","11.2","11.2","11.2","11.1","11.1","10.9","10.9","10.8","10.7","10.6","10.5","10.4","10.3","10.4","10.4","10.4","10.4","10.2","10.3","10.3","10.1","10.1","10.1","10.2","10.2","10.1","10.2","10.1","10","9.9","9.8","9.8","9.7","9.7","9.8","9.8","9.8","9.8","9.8","9.7","9.5","9.4","9.3","9.2","9.2","9.2","9.2","9.2","9.2","9.2","9.1","9","9","8.905148564","8.875229077","8.796231543","8.669762024","8.720766338","8.676961677","8.66012513","8.566328175","8.509902234","8.509340678","8.442019519","8.348036289","8.229688038","8.240717725","8.107131873","8.053809274","8.062305429","8.115431989","8.142814551","8.142246477","8.159429801","8.121079453","8.145249548","8.071459658","8.021368873","7.989522096","7.970550264","7.889727798","7.96857395","7.905961712","8.001185926","8.026461565","7.990597516","7.934520552","7.874186579","7.799587775","7.728621857","7.658036752","7.655486377","7.544108293","7.532673032","7.654626568","7.683631605","7.738976719","7.725632926","7.756284123","7.733844266","7.655370097","7.585914587","7.570406101","7.519377559","7.390577045","7.403465798","7.440056774","7.443126476","7.448225755","7.456356212","7.459217835","7.448706698","7.376557063","7.304232814","7.223961607","7.249159404","7.244868264","7.296959208","7.385800392","7.519683104","7.535435057","7.5431196","7.524614108","7.471743383","7.370370246","7.297225432","7.22241156","7.199820177","7.141725126","7.105515505","7.182333507","7.225044676","7.231152394","7.299456152","7.270009062","7.262913847","7.1278223","7.093590105","7.119564616","7.078638572","7.065837443","7.075927119","7.110776993","7.169266005","7.121832012","7.110203889","7.008538971","6.921854056","7.02036808","7.098754129","7.242677677","7.275870236","7.429609925","7.522278217","7.417975416","7.320583207","7.122017341","6.954082063","6.751300072","6.698318604","6.829643882","6.993353674","7.188155251","7.353596776","7.464951928","7.438708962","7.5688355","7.628053975","7.603124816","7.6337946051","7.62941384","7.663419335","7.629903438","7.622364532","7.749996649","7.743127861",
"종합","서울","지역별 전월세전환율","","8.6","8.6","8.6","8.6","8.6","8.6","8.5","8.4","8.3","8.2","8.2","8.2","8.2","8.2","8.2","8.1","8.1","8.1","8","8","7.9","7.9","7.8","7.8","7.8","7.9","7.8","7.8","7.8","7.8","7.7","7.6","7.5","7.4","7.3","7.3","7.3","7.3","7.3","7.2","7.2","7.2","7.2","7.1","7.1","7","6.9","6.9","6.8","6.7","6.7","6.6","6.6","6.5","6.5","6.4","6.350042345","6.249722366","6.188773032","6.084986893","6.00127569","5.998731166","5.969857458","5.97827929","5.967852653","5.96582839","5.954227244","5.916008769","5.842659823","5.744366744","5.671662263","5.641824864","5.612881227","5.575725724","5.576390888","5.573560579","5.575013546","5.569447442","5.531291807","5.50922736","5.433615166","5.390356488","5.330285143","5.281356323","5.296284068","5.314769738","5.367789299","5.368493181","5.417110948","5.440604146","5.426804135","5.387159276","5.360420724","5.299121218","5.256796071","5.226404438","5.213384765","5.22071748","5.245480171","5.285769002","5.260934281","5.262062649","5.252970294","5.200626736","5.15773527","5.101989646","5.077305508","4.992138361","4.983711036","4.975292608","4.96699173","4.974313671","4.983920223","5.018714372","4.992127879","4.944447109","4.905785026","4.871835237","4.807536161","4.722086765","4.708269431","4.728090544","4.786715647","4.789707426","4.780929415","4.787704429","4.763572581","4.753512195","4.70986915","4.707901342","4.698087827","4.671633981","4.673191354","4.71433637","4.74421371","4.774023322","4.81200403","4.847028566","4.86742264","4.870929867","4.856177964","4.864414832","4.850319254","4.875869609","4.929347131","5.034846264","5.12773265","5.16480067","5.215673556","5.249764544","5.256886632","5.241977676","5.214369965","5.189849106","5.182442011","5.180340177","5.227824841","5.241678099","5.212908332","5.162827736","5.091857764","5.017016294","4.974830247","4.930090519","5.023079129","5.082617026","5.168135144","5.225124069","5.250598689","5.3428563","5.428313196","5.484609258","5.4863644973","5.491691375","5.473007313","5.462591191","5.45048964","5.437496919","5.488274479",
"종합","강북권역","지역별 전월세전환율","","8.8","8.8","8.8","8.8","8.8","8.8","8.8","8.6","8.6","8.5","8.4","8.4","8.4","8.4","8.4","8.4","8.3","8.3","8.2","8.1","8.1","8","8","8","8","8.1","8.1","8","8","8","7.9","7.8","7.6","7.6","7.5","7.5","7.5","7.5","7.5","7.5","7.5","7.4","7.4","7.3","7.2","7.2","7.1","7.1","7","7.1","7","7","6.9","6.9","6.8","6.7","6.583823453","6.51031127","6.4135091","6.346976001","6.31313866","6.368707162","6.335119476","6.320826302","6.311728432","6.291619785","6.234214828","6.160967164","6.078817782","6.013553966","5.924205033","5.913858438","5.873312753","5.891583277","5.927647073","5.924005427","5.95924894","5.905270993","5.862749777","5.786726651","5.685087757","5.625203185","5.560349506","5.526011874","5.576081338","5.614228316","5.683042326","5.670520279","5.720107265","5.739009639","5.687898386","5.612731441","5.576946076","5.52294563","5.484176312","5.4844625","5.503999103","5.522282691","5.558336914","5.600809406","5.537518336","5.541671591","5.491252117","5.423603233","5.401366408","5.333741799","5.301887961","5.238800358","5.218979966","5.229225572","5.224316269","5.248733354","5.254586814","5.299616005","5.274897653","5.199770183","5.105651685","5.068798354","5.023948835","4.952167867","4.922385605","4.971587689","5.038956189","5.053741605","5.047837163","5.051042649","5.041783472","5.039092769","4.987809661","4.957251163","4.954379943","4.942798996","4.946034909","5.01941218","5.077130231","5.115214404","5.137651559","5.186412449","5.234784649","5.227825033","5.191971608","5.174208875","5.132931602","5.169975738","5.215196378","5.370069328","5.430641427","5.493782552","5.561549208","5.607429279","5.612163514","5.557364623","5.532907591","5.486510939","5.481211222","5.473696412","5.517384125","5.56092747","5.533423957","5.491833375","5.411983098","5.332330162","5.285319545","5.220287284","5.297305947","5.359582742","5.446135914","5.517551506","5.551241112","5.70273785","5.816552728","5.849066049","5.8372918259","5.854550749","5.824287658","5.776921143","5.759443738","5.754381011","5.823264595",
"종합","도심권","지역별 전월세전환율","","9.2","9.2","9.2","9.2","9.2","9.2","9.2","9","8.9","9","9","8.7","8.6","8.7","8.5","8.5","8.4","8.3","8.2","8.3","8.2","8.3","8.3","8.2","8.3","8.3","8.4","8.2","8.3","8.2","8.2","8.1","7.8","7.7","7.7","7.7","7.7","7.8","7.7","7.8","7.8","7.8","7.7","7.5","7.5","7.5","7.5","7.5","7.4","7.4","7.4","7.2","7.2","7.2","7","6.9","6.838377494","6.604511465","6.514930886","6.400780573","6.387073014","6.428265728","6.394609597","6.506590215","6.369834501","6.427355271","6.384797329","6.353144078","6.355025767","6.237821596","6.147488983","6.118727211","6.161984031","6.127058751","5.979692665","6.104678673","6.04156796","6.013764461","5.983254442","5.848147259","5.831493906","5.768244478","5.776593557","5.743302597","5.710212125","5.851830194","5.911283841","5.929806272","6.037409822","5.993373944","6.14282762","5.832491811","5.735604879","5.563320145","5.431495041","5.330539633","5.382284097","5.56010788","5.572346811","5.630002501","5.669922585","5.697920375","5.674753779","5.565739614","5.582073169","5.500188565","5.477446365","5.410436886","5.200316064","5.300104112","5.317937171","5.323366429","5.379855021","5.350056047","5.348211379","5.289435826","5.155820958","5.074265397","4.989817992","4.935726513","5.03491693","5.067491084","5.158263514","5.071903901","5.08770848","5.065958385","5.02587955","5.102370179","5.090122484","5.024791185","5.122240853","5.183363161","5.185583895","5.231030567","5.210318792","5.219078782","5.157706789","5.241363941","5.265176055","5.223174094","5.224734284","5.245860861","5.233267039","5.286502529","5.319542897","5.445523264","5.532436413","5.547643213","5.637935196","5.671961562","5.576232504","5.566026738","5.428956219","5.40463699","5.395723043","5.496431383","5.564737202","5.6343611","5.617693984","5.609075378","5.543976134","5.34882819","5.260145013","5.225088425","5.29169385","5.347296812","5.462391648","5.489111161","5.540672297","5.611037002","5.67111569","5.725946003","5.6314636726","5.699954","5.72298005","5.747426764","5.708566337","5.622799503","5.670626114",
"종합","동북권","지역별 전월세전환율","","8.7","8.7","8.7","8.7","8.7","8.7","8.6","8.5","8.4","8.3","8.3","8.3","8.3","8.3","8.3","8.2","8.2","8.1","8.1","8.1","8.1","8.1","8","8","8","8.1","8.1","8.1","8.1","8","8","7.9","7.8","7.7","7.6","7.6","7.5","7.5","7.5","7.5","7.4","7.4","7.4","7.4","7.4","7.3","7.3","7.2","7.2","7.1","7","7","6.9","6.9","6.8","6.8","6.718815224","6.607333257","6.532677811","6.411023121","6.346237257","6.298125272","6.333319472","6.352711311","6.330549996","6.326235505","6.318991206","6.310418485","6.195980728","6.066268882","6.019752243","5.960825982","5.979966857","5.929950119","5.917180116","5.920392738","5.878495638","5.92129615","5.85993943","5.878739785","5.795121993","5.744381207","5.708189941","5.677500827","5.635486655","5.635114485","5.652148647","5.648126673","5.664747482","5.674722021","5.657420611","5.645788223","5.646602322","5.605235138","5.566590609","5.52109035","5.457489282","5.454648421","5.455701696","5.487856043","5.470432039","5.479690582","5.522634166","5.476534142","5.427838787","5.374491342","5.339560213","5.280202134","5.234345479","5.182932031","5.147100684","5.138002031","5.141323645","5.141200365","5.116202488","5.192058766","5.093147736","5.066617436","5.016842508","4.931211799","4.889338588","4.945709422","5.016158212","5.040623432","5.044492839","5.067127342","5.058920984","5.05358278","4.989484025","4.962365219","4.955059569","4.902058824","4.928186636","5.006999883","5.082938368","5.150643423","5.179340007","5.249288551","5.313944224","5.291220073","5.226901067","5.201211795","5.153365629","5.15975287","5.20808202","5.39483349","5.450889027","5.509844449","5.568540278","5.630864317","5.651203218","5.583264904","5.578741577","5.53565711","5.507039041","5.501753083","5.536227273","5.576788494","5.548414273","5.495232792","5.429421279","5.339154363","5.294217608","5.235673253","5.326002966","5.376167942","5.453850375","5.566098017","5.60020142","5.759969885","5.862622368","5.861446686","5.8554393179","5.821087621","5.751509069","5.722022244","5.713796304","5.740012158","5.839535663",
"종합","서북권","지역별 전월세전환율","","8","8","8","8","8","8","7.9","7.9","7.8","7.7","7.6","7.6","7.6","7.6","7.6","7.6","7.6","7.6","7.6","7.6","7.5","7.5","7.4","7.3","7.3","7.1","7.1","7.1","7","7","6.9","6.9","6.8","6.7","6.7","6.7","6.6","6.5","6.5","6.5","6.4","6.4","6.5","6.5","6.4","6.3","6.1","6.1","6","5.9","5.9","5.8","5.7","5.7","5.6","5.6","5.553763884","5.468058576","5.429518699","5.306808872","5.204662849","5.117969458","5.059265932","5.041184194","5.041584096","5.054076565","5.070180331","5.059436038","5.012202588","4.887765575","4.805145572","4.750781802","4.711600959","4.641012144","4.615714479","4.62564431","4.636371247","4.648001759","4.628257886","4.663715979","4.637262142","4.615864231","4.562544365","4.504682106","4.521463582","4.506509448","4.538060631","4.566507679","4.591006958","4.637612783","4.652690435","4.673261249","4.649434597","4.596131024","4.563198571","4.503678769","4.491662653","4.499316459","4.495450803","4.521070783","4.538902039","4.53236687","4.51770883","4.495471772","4.477255438","4.434833577","4.380185034","4.243860983","4.279995328","4.264827597","4.265808687","4.271836898","4.275367872","4.322808108","4.31454295","5.177257797","5.093372105","5.022746351","5.023227148","4.983637232","4.946660543","4.973274138","5.02976675","5.063901799","5.0357514","4.98953225","4.98358844","4.957540268","4.940253609","4.901832557","4.894771053","4.93670482","4.893968566","4.97727643","5.025675439","4.985809404","5.01756686","5.015914168","5.033673453","5.066698927","5.088028034","5.079616649","5.045004465","5.158308055","5.1759863","5.275216601","5.34269214","5.433289764","5.495791476","5.513969686","5.50166254","5.466486164","5.468173592","5.397884792","5.455601767","5.361153683","5.423245913","5.465759727","5.447545886","5.440179875","5.323592275","5.279147846","5.276674884","5.156789415","5.241597427","5.334118494","5.415813505","5.404248887","5.433628334","5.620651023","5.763297054","5.84825797","5.8872489691","5.997075601","6.040989585","5.892027155","5.896280501","5.860656727","5.873027343",
"종합","강남권역","지역별 전월세전환율","","8.3","8.3","8.3","8.3","8.3","8.3","8.3","8.2","8.1","8","8","8","8","8","8","7.9","7.9","7.9","7.9","7.8","7.8","7.8","7.7","7.7","7.7","7.6","7.6","7.6","7.6","7.5","7.5","7.4","7.3","7.3","7.2","7.2","7.1","7","7","7","7","7","7","7","6.9","6.9","6.8","6.7","6.6","6.5","6.5","6.4","6.3","6.3","6.2","6.2","6.154902369","6.065551189","5.983744618","5.844475277","5.765230135","5.699065866","5.682993028","5.692462187","5.68089615","5.702569956","5.715785773","5.721195384","5.645655849","5.535479149","5.462050856","5.419457758","5.396155807","5.311617606","5.284768498","5.287991458","5.264486138","5.285388704","5.263543025","5.288893837","5.243702647","5.217848064","5.154669587","5.104459978","5.094377656","5.095058939","5.126552991","5.151323206","5.186811624","5.225347762","5.223780978","5.21860532","5.198535816","5.141851868","5.097031632","5.039257826","4.998822379","5.003857272","5.01440369","5.049537241","5.052796066","5.05461023","5.068438219","5.019729426","4.984958097","4.939543079","4.901912996","4.772334624","4.771180128","4.746078957","4.719526112","4.716341772","4.738531501","4.766820245","4.745684028","4.731099614","4.725768699","4.698713288","4.621247039","4.532573765","4.517312486","4.53692141","4.575134284","4.571524589","4.552933112","4.575895819","4.545338248","4.53189341","4.499270295","4.512483323","4.508557849","4.467555275","4.459483599","4.470895793","4.471925333","4.503037323","4.560178357","4.585215324","4.587994481","4.600400767","4.612542576","4.631197768","4.623902729","4.653187686","4.709169172","4.780200334","4.873542119","4.942226385","4.954662493","4.978508472","4.974233812","4.993482713","4.956520528","4.953624901","4.945560311","4.949575427","4.994539233","4.995805357","4.96388492","4.900970374","4.836896289","4.775722082","4.746124586","4.732424896","4.834988561","4.889387694","4.970133729","5.01723945","5.041561434","5.084429677","5.127120419","5.203632156","5.2098011614","5.19287045","5.196706596","5.218071499","5.206611825","5.176222008","5.208622272",
"종합","서남권","지역별 전월세전환율","","8.7","8.7","8.7","8.7","8.7","8.7","8.7","8.4","8.4","8.3","8.2","8.2","8.2","8.2","8.2","8.2","8.2","8.1","8.1","8","7.9","7.8","7.8","7.8","7.8","8","8","7.9","7.9","7.9","7.8","7.7","7.6","7.5","7.4","7.3","7.4","7.4","7.4","7.3","7.3","7.3","7.3","7.2","7.1","7","7","6.9","6.9","6.9","6.9","6.9","6.8","6.8","6.7","6.6","6.453492203","6.395530927","6.313821928","6.280903419","6.262679753","6.314341274","6.284312336","6.25282855","6.233929073","6.219362892","6.170362905","6.055844328","5.957403639","5.900077429","5.850794895","5.847318253","5.85184846","5.877035246","5.927387961","5.927854551","5.981242883","5.932895546","5.863582234","5.810487201","5.685265843","5.635793295","5.554226499","5.48711152","5.550930239","5.567076878","5.642181047","5.637198703","5.691212414","5.672471832","5.62368886","5.54644558","5.532113551","5.472473999","5.436205638","5.458424342","5.471670898","5.475215132","5.536402851","5.557856814","5.523389247","5.509958263","5.473568425","5.40044529","5.337228199","5.27660194","5.21963863","5.210010792","5.174032342","5.1959739","5.218308525","5.227754617","5.218198605","5.276962446","5.258765501","5.075789421","5.112191585","5.089364232","5.035359732","4.932298385","4.898821669","4.867862422","4.875410706","4.839048754","4.797840425","4.772909731","4.736777687","4.709338553","4.673290177","4.723942919","4.71718383","4.704155811","4.7213693","4.751531456","4.763847735","4.80679477","4.875889618","4.887424689","4.878179417","4.894347311","4.903878066","4.902663689","4.910534011","4.932840685","4.982088043","5.055208046","5.138577804","5.198798891","5.22266211","5.250516842","5.263722827","5.264957543","5.235506381","5.268390513","5.249866303","5.280620111","5.341951809","5.335959992","5.312529173","5.23879957","5.167851196","5.115759664","5.063045582","5.055555586","5.135188825","5.193450615","5.267405291","5.311678079","5.32844959","5.426005335","5.489609603","5.589110083","5.6153203879","5.609970031","5.605215044","5.603445785","5.582168147","5.598841935","5.65625949",
"종합","동남권","지역별 전월세전환율","","9","9","9","9","9","9","9","9","8.9","8.8","8.7","8.7","8.7","8.7","8.7","8.7","8.7","8.7","8.6","8.5","8.5","8.4","8.3","8.3","8.2","8.2","8.2","8.2","8.2","8.1","8","7.9","7.8","7.7","7.6","7.7","7.7","7.8","7.7","7.7","7.7","7.6","7.6","7.5","7.5","7.4","7.3","7.3","7.2","7.3","7.2","7.1","7.1","7.1","6.9","6.9","6.767657987","6.718282311","6.608024666","6.460062422","6.403361366","6.450120064","6.412143564","6.396459496","6.445273759","6.409947486","6.317315892","6.338233766","6.234956844","6.151734128","6.02584943","5.975745053","5.839773173","5.85703675","5.854659559","5.817950001","5.869046287","5.773220349","5.785485212","5.681108133","5.625393053","5.532291924","5.467350926","5.521297649","5.559449097","5.640881207","5.699502508","5.643501757","5.68862374","5.751930018","5.697739021","5.679372842","5.620078558","5.595024048","5.61103088","5.577598084","5.570555102","5.565860644","5.548650602","5.650951068","5.542157204","5.533677878","5.487359335","5.434341953","5.481204221","5.373380103","5.407415075","5.303608986","5.299597438","5.286110425","5.253629156","5.324413639","5.318975609","5.322830731","5.262062477","4.315830352","4.290106225","4.232972637","4.16622052","4.118478486","4.109688207","4.183708407","4.242774824","4.285377776","4.279906573","4.330074856","4.307449194","4.30910015","4.266500863","4.27309833","4.265508667","4.205702101","4.181667253","4.172023087","4.170043126","4.189192094","4.231506692","4.258328927","4.280489007","4.269595441","4.266792633","4.30544054","4.294004088","4.33054275","4.3945232","4.452524448","4.585584874","4.630551105","4.635994619","4.671736065","4.657249243","4.690403148","4.64776972","4.610242653","4.626775603","4.595564812","4.623096232","4.644732458","4.61424957","4.576827386","4.524281251","4.491758718","4.478291022","4.447906415","4.510451957","4.546762371","4.61508788","4.669630269","4.688214727","4.67371356","4.70388058","4.760176838","4.7490775274","4.73461393","4.75212751","4.80367873","4.784675622","4.723760542","4.734744457",
"종합","부산","지역별 전월세전환율","","9.3","9.3","9.3","9.3","9.3","9.3","9.2","9.1","8.8","8.6","8.6","8.6","8.6","8.6","8.6","8.6","8.6","8.5","8.5","8.4","8.3","8.3","8.2","8.2","8.2","8.4","8.5","8.5","8.6","8.5","8.4","8.2","8","7.9","7.7","7.7","7.9","8.2","8.3","8.3","8.3","8.2","8.2","8","7.7","7.7","7.7","7.7","7.8","7.9","8.1","8","8","7.9","7.8","7.6","7.423582408","7.378218756","7.177517268","7.23041007","7.227538634","7.436066776","7.486365477","7.533732355","7.515387602","7.549419708","7.537433453","7.380653342","7.195723256","7.070558708","6.997238929","6.944868688","6.965206227","7.153636799","7.166737231","7.269382843","7.162207193","7.24119338","7.264300958","7.081811568","6.867718352","6.754296503","6.754384797","6.789421595","6.782662225","6.928042866","7.106701355","7.189240534","7.209305709","7.191821305","7.118899519","6.913231234","6.788312487","6.61543051","6.545572502","6.500030057","6.580188826","6.733304315","6.715289583","6.864653413","6.743528919","6.705845785","6.677794496","6.459363724","6.362000934","6.269737233","6.185792822","6.192716541","6.339412921","6.496738709","6.571827228","6.551962761","6.518365221","6.556402781","6.500290456","6.258333942","6.121981958","6.05040794","5.924954393","5.898122847","5.874863372","5.983883575","6.122912805","6.150664821","6.200055455","6.270629571","6.178995797","5.946454705","5.777345133","5.739367079","5.774171539","5.768874063","5.827194706","6.052297395","6.09524539","6.082758699","5.992689786","6.011979377","5.944769387","5.851351376","5.734416016","5.776527904","5.821761818","5.840125903","5.900655686","5.994160672","6.073822613","6.138523425","6.123181542","6.056762475","6.026838273","5.931203005","5.94960983","5.93855261","5.956834682","6.063009021","6.095543043","6.127646424","6.169071691","6.141496577","6.122034901","6.167302821","6.114525254","6.014003369","5.993863969","5.98686205","6.051912925","6.14540532","6.068497252","6.23124887","6.279511896","6.259884529","6.2342401015","6.242400426","6.232256087","6.110699831","6.115427519","6.12616645","6.144142118",
"종합","대구","지역별 전월세전환율","","10.8","10.8","10.8","10.8","10.8","10.8","10.6","10.6","10.5","10.4","10.4","10.4","10.4","10.7","10.6","10.4","10.3","10.2","10.2","10.2","10.1","9.9","9.8","9.8","10","10","10","10","10.1","9.9","9.9","9.7","9.3","9.2","9","9.1","9.1","9.1","9.2","9.1","9.1","9.1","9.1","8.9","8.8","8.8","8.9","8.8","8.7","8.7","8.6","8.4","8.3","8.1","8","7.9","7.756874753","7.782181795","7.636915561","7.69181248","7.707856138","7.92234403","7.849432778","7.93469735","8.047911802","8.012305989","7.880710235","7.767235915","7.636783749","7.468741729","7.438515657","7.442070879","7.348403379","7.470772214","7.425337021","7.491346122","7.488655078","7.551641592","7.536974356","7.456328417","7.419104636","7.321900312","7.293025016","7.246039849","7.190333022","7.348768266","7.445070279","7.405665542","7.417507874","7.487332285","7.422821265","7.337414806","7.261587053","7.29945672","7.185279379","7.108591116","7.184338567","7.348393104","7.372950022","7.573554152","7.463197656","7.420207963","7.47464443","7.364636234","7.314635952","7.157532572","7.040185827","7.054290622","7.114689444","7.390075513","7.412972931","7.400205237","7.315890497","7.243513083","7.168474268","7.022327897","6.924014676","6.748799414","6.816131729","6.865534029","6.916144745","7.017584439","6.98427323","7.095543444","7.134058974","7.086544957","6.925143843","6.757284381","6.641841257","6.557690628","6.423070404","6.420095693","6.378127187","6.513157845","6.563245357","6.58315009","6.56032037","6.578579605","6.549022147","6.426743386","6.377126454","6.366322508","6.378881544","6.348262836","6.285210628","6.181600148","6.208719537","6.269345735","6.236830491","6.224772519","6.192009392","6.125277378","6.126778522","6.148780261","6.206828211","6.282444062","6.354852631","6.316510429","6.248896781","6.114392366","5.975379878","5.823414301","5.72845236","5.792028119","5.881284768","6.045764843","6.227386295","6.335661449","6.312713255","6.411143574","6.57914567","6.698972722","6.5999068481","6.602619732","6.594629465","6.561305377","6.464881801","6.465373592","6.433718791",
"종합","인천","지역별 전월세전환율","","10.9","10.9","10.9","10.9","10.9","10.9","10.8","10.8","10.7","10.7","10.5","10.6","10.6","10.5","10.3","10.4","10.3","10.3","10.2","10.3","10.2","10.2","10.1","10","9.9","9.8","9.8","9.8","9.8","9.8","9.8","9.6","9.6","9.5","9.4","9.3","9.2","9.1","9","9","9","9.1","8.9","8.9","8.8","8.7","8.6","8.4","8.4","8.2","8.2","8.1","8.1","8","8.1","8","7.873133207","7.722108249","7.469537052","7.412471783","7.331486415","7.233251828","7.136962991","7.113161563","7.166375505","7.128893743","7.06707625","7.108820852","7.085230786","7.037815394","6.907800988","6.815586539","6.825650029","6.659023116","6.715854713","6.702170439","6.766964703","6.822505623","6.858193235","6.914053379","6.929266937","6.900441945","6.881891901","6.877445095","6.81897235","6.674871303","6.69330221","6.687776968","6.711212498","6.691672068","6.667099396","6.6836719","6.660579782","6.605583122","6.528399194","6.512187016","6.495916931","6.457057171","6.446607631","6.515298226","6.59637521","6.557701442","6.523802283","6.527793002","6.486601489","6.383417052","6.305015173","6.136622752","6.178416127","6.110684876","6.067938457","6.032908888","5.992521324","6.073858491","6.031789768","6.040511421","5.973559512","5.997087935","5.995124712","5.926238552","5.830802179","5.802299196","5.839955366","5.822282831","5.894097024","5.915904281","5.931732711","5.923769888","5.907849307","5.895883735","5.849728367","5.873862478","5.838421498","5.853837861","5.954984278","5.98645568","6.175465533","6.093905877","5.889043456","5.7862327","5.774286259","5.830498603","5.800076548","6.110862594","6.30377734","6.485913252","6.564399477","6.66066148","6.652109893","6.637307695","6.578786869","6.532773693","6.527263296","6.540179259","6.522151828","6.571644446","6.57715754","6.509744095","6.324484657","6.154892033","6.06380548","5.89703884","5.923481154","6.075479023","6.257446028","6.454466473","6.658931303","6.787692071","6.850950619","7.02064665","7.034527642","7.043332448","7.037710338","7.135192234","7.136296506","7.04538351","7.078545469","7.117905082","7.145727173",
"종합","광주","지역별 전월세전환율","","10.8","10.8","10.8","10.8","10.8","10.8","10.6","10.5","10.4","10.2","10.2","10.1","10.1","10.1","10.2","10.2","10.2","10.1","10.3","10.3","10.2","10.1","10","10.1","10.2","10.1","10.2","10.1","10.1","10","9.7","9.6","9.4","9.2","9.1","9.2","9.2","9.1","9.1","9","8.9","8.9","8.8","8.6","8.5","8.4","8.4","8.3","8.3","8.3","8.2","8.1","8.1","8","7.8","7.8","7.736975007","7.795604611","7.722252139","7.737363748","7.740574609","7.639429871","7.58968059","7.617065888","7.557019131","7.675198296","7.726696433","7.621867617","7.445438946","7.316252912","7.176499525","7.075276522","6.965396788","6.914906738","6.768685451","6.966944289","7.060963014","6.992671048","7.200686286","7.268233938","7.294326393","7.200629672","7.218760578","7.161345987","6.935322324","6.87518936","6.95993139","6.917991664","6.985619568","6.98291816","6.993145027","7.011630531","7.033246777","6.953503173","6.899262226","6.925030512","6.882502851","6.816446676","6.832825661","6.900617148","7.033091045","7.061497699","7.032959147","6.937881157","6.928040979","6.87314158","6.645417752","6.326643507","6.399140864","6.448268131","6.459408652","6.565188697","6.586624194","6.604451481","6.585443073","6.578388671","6.526258572","6.416130196","6.198041287","6.166209988","6.138142837","6.228810926","6.298772956","6.410999215","6.324166837","6.281205647","6.256116264","6.332770609","6.252304119","6.337450698","6.191675775","6.219189364","6.135176185","6.15984778","6.126544652","6.239129983","6.295034769","6.210574587","6.199800301","6.182749706","6.225651177","6.261040029","6.187025033","6.135662536","6.129435578","6.065108354","5.943485623","5.855556627","5.991294639","5.90407028","5.866131863","6.005314459","6.088832631","6.122702247","6.174926642","6.111331889","6.11035659","6.014644473","6.01025295","5.942163115","5.879185599","5.761776817","5.74291035","5.610038307","5.721691488","5.893046369","5.964773817","6.097784896","6.049815302","6.347116013","6.483016351","6.539930623","6.5966593402","6.781630221","6.732778622","6.612141876","6.527633903","6.671224399","6.681755964",
"종합","대전","지역별 전월세전환율","","9.6","9.6","9.6","9.6","9.6","9.6","9.4","9.4","9.3","9.3","9.3","9.2","9.2","9.2","9.3","9.3","9.2","9.3","9.3","9.2","9.1","9","9","8.9","9","9.1","9.1","9.1","9.2","9.2","9.1","9","8.9","8.9","8.8","8.7","8.8","8.7","8.7","8.6","8.6","8.5","8.5","8.4","8.5","8.4","8.4","8.3","8.4","8.2","8.2","8.1","8.1","8.1","7.9","7.9","7.776169607","7.779788219","7.622904693","7.547513","7.590790683","7.56465563","7.585455067","7.57774137","7.657862796","7.672519456","7.441252919","7.408926519","7.392104195","7.361311029","7.325296034","7.285270965","7.352265279","7.439242764","7.425720917","7.43949463","7.440925415","7.422405584","7.380040433","7.314421023","7.250435461","7.215357516","7.166907451","7.150802779","7.086179896","7.130953305","7.226995903","7.219960976","7.131367703","7.200426241","7.257171911","7.192817055","7.161286415","7.059878559","6.944917518","6.798009359","6.839216717","6.91341979","6.93791856","6.998565946","6.952477431","6.988696311","6.955778985","6.901743792","6.914935119","6.874903882","6.830851281","6.579082105","6.652054042","6.761566201","6.745047432","6.73670764","6.728327251","6.766953526","6.74357943","6.53700954","6.40083029","6.287616407","6.202752459","6.110286077","6.093326263","6.164386364","6.224050639","6.166553106","6.171004231","6.187712782","6.157251209","6.064898832","6.040389663","6.02424222","6.013288991","5.960829106","5.917623828","6.003935895","6.029329083","6.014328629","6.081075481","6.055469125","6.011075473","5.911283438","5.882745786","5.938122692","5.943820245","6.006952009","6.08229741","6.182086533","6.248480317","6.267731462","6.234643188","6.242866817","6.194076715","6.20513807","6.279606841","6.354165596","6.456316148","6.548042849","6.663016523","6.720443777","6.71129044","6.592851307","6.522968081","6.365576467","6.244218581","6.332162157","6.385557854","6.516665979","6.578298511","6.63615581","6.765849878","6.881446159","6.980670755","6.959973721","6.9869340827","6.968580152","6.950716187","6.822859375","6.821150589","6.841066306","6.93647034",
"종합","울산","지역별 전월세전환율","","10.1","10.1","10.1","10.1","10.1","10.1","10.1","10","10","9.9","9.8","9.7","9.7","9.5","9.4","9.3","9.5","9.5","9.5","9.6","9.6","9.3","9.4","9.5","9.6","9.6","9.6","9.6","9.5","9.5","9.6","9.6","9.5","9.2","9.1","9.1","8.9","8.8","9","9","9.2","9.2","9.1","9.1","9","9","8.8","8.8","8.6","8.7","8.8","8.7","8.7","8.6","8.6","8.4","8.29055131","8.183863864","8.168875815","8.260969989","8.087731284","7.980837979","7.917459235","7.773708507","7.443549555","7.496804683","7.386317419","7.415981231","7.262620649","7.486858498","7.597433609","7.521526681","7.57079474","7.492531686","7.447369332","7.360000409","7.281846868","7.335456218","7.206055125","7.240649739","7.332262136","7.536842923","7.488523939","7.402023825","7.304661017","7.281305684","7.24021296","7.259752406","7.246136161","7.123506052","7.277238408","7.308330599","7.230389335","7.032252918","7.133515451","6.972963582","7.079190032","7.034639814","7.108697264","7.245429902","7.409464072","7.498324868","7.341669763","7.196207496","7.088328528","7.140110578","7.010709293","6.704162229","6.864064148","6.75300714","6.752132247","6.763986652","6.776820419","6.780007885","6.83181161","6.902552863","6.897611319","6.900401772","6.788780952","6.692508628","6.661793837","6.765899647","6.796517534","6.85584483","6.768410027","6.778163494","6.721014378","6.7368196","6.618132949","6.394736591","6.398526029","6.330149152","6.37888286","6.403982366","6.630207235","6.674264774","6.626241737","6.741282562","6.683671202","6.646391925","6.63638069","6.658022173","6.722974689","6.65182371","6.807871387","6.822907481","6.838420612","6.785498302","6.731319786","6.763058611","6.756948367","6.7252716","6.751901295","6.921849423","6.946888294","7.017275565","7.072232968","7.112079795","6.958269457","6.742239151","6.44688401","6.281375201","6.104950178","6.340356566","6.70256934","6.93820279","7.12405919","7.134084063","7.155163669","7.425331068","7.439498399","7.68173791","7.7541527578","7.715365331","7.829402626","8.063624743","8.210040204","8.115311123","8.182476429",
"종합","세종","지역별 전월세전환율","","","","","","","","","","","","","","","","","","","","9.3","8.1","8.4","8.4","8.4","8.7","8.8","8.8","8.8","8.8","8.7","8.6","8.4","8.4","8.2","8.3","8.1","8.2","8.6","8.5","8.6","8.8","8.9","8.9","8.5","8.1","7.9","7.3","6.9","6.9","6.8","6.9","6.7","6.9","6.7","6.3","6.2","6.1","6.18452524","6.019601233","5.901015375","5.744552971","5.682136813","5.648409377","5.569668825","5.556168685","6.349116447","6.228233889","5.844680123","6.060555126","5.609121974","5.392670838","5.179591273","5.083359761","4.977757768","4.868660597","4.864292096","4.858064914","5.01497936","5.029152646","5.325957142","5.486766826","5.513129061","5.375097157","5.293862134","5.284701116","5.295661687","5.200060476","5.227419193","5.329574274","5.350098644","5.410089187","5.512626539","5.658914529","5.756780473","5.655677696","5.601485324","5.471502729","5.394489442","5.300611162","5.214221923","5.226483548","5.331045559","5.464884761","5.491256972","5.507276362","5.432582501","5.372964281","5.293946674","5.042443754","5.072252111","4.933726401","4.902207758","4.87123597","4.87981084","5.032162317","5.12787411","5.273444078","5.280881603","5.386839301","5.312251602","5.261567179","5.199667127","5.078379597","5.069380977","5.039267868","5.010215522","5.076586525","5.12489326","5.188933812","5.108312329","5.00049357","4.920280916","4.959802893","5.052243056","5.174434739","5.318185655","5.385884511","5.634132618","5.689714731","5.706264243","5.724045022","5.686070913","5.732358288","5.608138906","5.622601472","5.716282479","5.854603534","6.034498051","6.196764802","6.298823159","6.279403942","6.374554241","6.4887531","6.285138475","6.193271046","5.944220322","5.992885512","6.066377272","6.018167687","6.056057511","6.030213056","5.934754155","5.900671641","5.857252692","5.889755845","5.899979738","5.985137494","6.016142573","5.92798547","5.83301163","5.907212793","5.941300821","6.111940347","6.2370414726","6.447636732","6.652333178","6.714025857","6.818764072","6.685612425","6.609903957",
"종합","경기","지역별 전월세전환율","","9.9","9.9","9.9","9.9","9.9","9.9","9.8","9.7","9.6","9.6","9.5","9.4","9.4","9.2","9.2","9.2","9.3","9.3","9.3","9.3","9.3","9.2","9.1","9","9","9","8.9","8.9","8.9","8.8","8.8","8.8","8.7","8.6","8.5","8.4","8.4","8.3","8.3","8.2","8.3","8.2","8.2","8.2","8.1","8.1","7.9","7.8","7.7","7.6","7.5","7.5","7.4","7.4","7.3","7.3","7.204558887","7.115028299","7.012292661","6.912985457","6.810173652","6.700155431","6.681638101","6.681780808","6.684243816","6.682848779","6.6551473","6.654163772","6.600790318","6.542011934","6.465136406","6.372927669","6.327011102","6.303503034","6.325913854","6.345868544","6.394812164","6.437522624","6.470932826","6.472520465","6.449874672","6.420898587","6.370714678","6.399751236","6.372643204","6.314893993","6.33841131","6.382510754","6.415370954","6.40591778","6.423595894","6.431251512","6.426018955","6.363164957","6.303689485","6.28127374","6.230282135","6.228247015","6.294763176","6.327411731","6.34562523","6.339274605","6.373860346","6.363515685","6.2751907","6.229327018","6.136848552","6.043535472","6.011422729","5.972252185","5.974666628","5.979881305","5.99437507","6.0292859","6.011182668","5.974606887","5.939673205","5.87193203","5.852942563","5.82819272","5.836818287","5.898383654","5.922417935","5.950507025","5.934559513","5.970158398","5.956837562","5.942385043","5.889284323","5.866075783","5.833103149","5.806862459","5.795506007","5.857368935","5.892451524","5.917332047","6.120279902","6.153417596","6.202782337","6.218932548","6.205175528","6.254853587","6.198877794","6.233811253","6.257635164","6.317724629","6.374159916","6.420641929","6.448497233","6.424652042","6.412654494","6.43752429","6.45872387","6.470567907","6.439118502","6.439199909","6.479688113","6.432916273","6.354863044","6.250150299","6.158390586","6.099168599","6.070933927","6.132421805","6.221033775","6.349037927","6.446812721","6.495952004","6.508197745","6.563720051","6.595015409","6.636172985","6.6983170786","6.760176847","6.806932836","6.851896786","6.851774797","6.837991293","6.852477858",
"종합","강원","지역별 전월세전환율","","12.2","12.2","12.2","12.2","12.2","12.2","12.1","11.9","12","11.9","11.9","11.6","11.2","10.9","10.7","10.6","10.6","10.6","10.7","10.7","10.7","10.6","10.5","10.6","10.6","10.6","10.7","10.7","10.5","10.5","10.3","10.2","10.2","10","10","10.2","10.3","10.2","10.3","10.4","10.4","10.3","10.1","9.8","9.5","9.4","9.4","9.4","9.4","9.1","9.2","9.3","9.3","9.2","9","8.8","8.687876262","8.52738575","8.572771452","8.499049279","8.47949303","8.40748837","8.281243557","8.209108757","8.105944587","8.175720343","8.164726775","8.129205621","8.060949181","8.196475143","8.093000634","7.920398047","7.848233366","7.74496636","7.604209812","7.5389571","7.631796599","7.703129915","7.763703403","7.598887108","7.598684518","7.559538914","7.525718088","7.299765504","7.518445098","7.472742299","7.463613195","7.434218656","7.367942759","7.322887357","7.294728602","7.183140382","7.126548112","7.083387763","7.088218458","6.879110534","6.901859736","6.996702756","7.041297975","7.078899419","7.051427902","7.075208484","7.052711036","7.261221163","7.243479254","7.167624819","7.061570258","6.786846075","6.853506841","6.869488261","6.532570693","6.645284202","6.553650839","6.744629238","6.693506429","6.744159475","6.860376959","6.879962215","6.802161364","6.772291748","6.732451925","6.789400448","6.962500318","7.024763281","6.977568268","6.943642618","7.007714793","6.926961671","6.818514777","6.67640662","6.542526351","6.637613567","6.560873962","6.538082297","6.581948798","6.6703943","6.694472366","6.671384052","6.659512667","6.57674201","6.579738277","6.639283198","6.678277925","6.662902099","6.800614857","6.908081722","7.075114574","7.034606474","6.949040812","6.883150562","6.826794729","6.773796252","6.84162517","6.818041234","6.993474976","7.126982136","7.165513752","7.076604986","7.028116914","6.877516393","6.710249563","6.641713282","6.696194121","6.767636748","6.804563722","7.043195824","7.033367841","7.184891901","7.166357481","7.353285585","7.426969619","7.353937187","7.4376849906","7.45005152","7.510978213","7.501548103","7.354153369","7.44422965","7.508136668",
"종합","충북","지역별 전월세전환율","","12.1","12.1","12.1","12.1","12.1","12.1","12","11.9","12","11.8","11.3","11.3","11.3","11.3","11.8","12","12","11.8","11.7","11.4","10.8","10.6","10.5","10.5","10.2","10.4","11","11.2","11.1","11.1","10.8","10.6","10.6","10.2","10.3","10.3","10.4","10.6","10.7","10.8","10.9","10.8","10.9","10.8","10.5","10.6","10.1","10.1","10.1","10.1","9.9","9.9","9.9","10","9.9","9.6","9.604007065","9.648099106","9.562957371","9.44320872","9.413013021","9.603290357","9.52370849","9.419047404","9.258412276","9.260881858","9.200089111","9.028399731","8.495804889","8.557843957","8.628704103","8.615727006","8.586848437","8.71746509","8.794150881","8.882597913","8.938906872","8.890200651","8.756960674","8.889208438","8.855378002","8.833693939","8.929671841","8.817179262","8.877182314","8.766431826","9.012928904","9.014516326","8.899236716","8.858995276","8.75428974","8.643320259","8.619002178","8.565322886","8.456072444","8.272030362","8.27527634","8.310319291","8.290332827","8.351792877","8.379113676","8.416013388","8.453970634","8.354494928","8.439624957","8.346335103","8.357884662","8.278635959","8.220340523","8.266793929","8.327556454","8.346998409","8.30635369","8.365550341","8.273306993","8.179427683","8.19886495","8.094512538","8.097511594","8.080286774","8.142123384","8.172652498","8.257103513","8.215506043","8.257521506","8.29701311","8.191916674","8.138180248","8.057597249","7.868194994","7.799297603","7.662503474","7.655202522","7.686949336","7.814680504","7.78462695","7.871107422","7.786130724","7.856056831","7.77349041","7.634842427","7.553675433","7.577372211","7.590316776","7.541409319","7.382930926","7.326249344","7.277769583","7.251866592","7.12414372","7.107068503","7.402515541","7.538326933","7.7173699","7.743505461","7.847309265","7.996160473","7.883677","7.780834909","7.523707682","7.467184676","7.268404257","7.260254605","7.557109739","7.658221339","7.725763766","8.082383981","8.148744216","8.12359242","8.285875101","8.478649182","8.381324365","8.236462856","8.307335692","8.399281051","8.458819325","8.362995586","8.648379845","8.775308231",
"종합","충남","지역별 전월세전환율","","11.8","11.8","11.8","11.8","11.8","11.8","11.8","12","11.6","11.6","11.4","11.2","11.1","11.1","11.1","10.8","10.8","10.8","10.7","10.6","10.5","10.6","10.6","10.7","10.9","10.7","10.5","10.4","10.2","10.2","10.1","10.1","9.9","10","10","9.9","10","9.8","9.8","9.7","9.7","9.5","9.4","9.3","9.4","9.3","9.2","9.2","9.2","9.1","9","9","9","8.8","8.8","8.7","8.563362476","8.654467234","8.65875088","8.505072088","8.375855612","8.407296841","8.396119631","8.246938871","8.191511516","8.178689184","8.209723512","8.119062","8.077367092","8.132238893","8.02089773","8.037055048","8.027657308","8.091620409","8.061603949","7.899391366","7.922213039","7.981606252","8.000788612","7.895805316","7.85189969","7.901106323","7.909882645","7.83642188","7.91426702","7.910771268","7.987469324","8.024406937","8.022075468","8.003990759","7.941438072","7.882392312","7.794053851","7.762926322","7.701929895","7.685080789","7.744158402","7.704510673","7.663474508","7.751758326","7.856454222","7.877054372","7.810031167","7.775735056","7.740243137","7.778652472","7.677962573","7.735303816","7.707979618","7.789041901","7.796005045","7.815874171","7.833644826","7.813974597","7.879774496","7.793423119","7.653616987","7.537801777","7.423149464","7.457308874","7.504853522","7.704226415","7.802813294","7.840084268","7.846459047","7.854273538","7.898064899","7.818549234","7.786456963","7.695705865","7.646844394","7.432147707","7.388099084","7.556192005","7.70170789","7.644668548","7.852254083","7.937735543","7.915297483","7.780166545","7.733022531","7.827137758","7.790652837","7.778028852","7.73187788","7.757377475","7.836546118","7.781806262","7.858633694","7.752182341","7.691027318","7.923088417","7.984907173","8.077014607","8.051496764","8.157450676","8.171754226","8.083949047","7.992387492","7.859092081","7.716957417","7.569847186","7.538390097","7.5778437","7.754216438","7.869149762","8.026561757","8.115601652","8.040309728","8.178975338","8.375755867","8.457962815","8.5432788608","8.488831469","8.570273915","8.581376117","8.541674998","8.50405391","8.477468681",
"종합","전북","지역별 전월세전환율","","11.1","11.1","11.1","11.1","11.1","11.1","10.7","10.9","10.7","10.7","10.6","10.4","10.6","10.6","10.5","10.5","10.5","10.7","10.7","10.7","10.6","10.6","10.5","9.7","9.9","9.8","9.7","9.7","9.7","10","9.9","9.2","9.3","9.3","9.3","9.1","9.3","9.7","9.8","9.9","9.9","10","9.8","9.6","9.5","9.4","9.1","9.1","9.1","9","9","9","9.1","9.2","9.1","9","8.803860237","8.836482699","8.751785067","8.717221288","8.69263823","8.588871431","8.68772786","8.738623759","8.7677885","8.777168441","8.688894652","8.473679378","8.330088237","8.314196131","8.325112614","8.37642778","8.349585827","8.309357478","8.353167573","8.41940676","8.515144216","8.504968415","8.485503386","8.608672412","8.555038203","8.439010813","8.416979843","8.378077032","8.474184433","8.447872967","8.363545834","8.331328922","8.2599585","8.251408422","8.163469811","8.097007252","8.142060952","8.043761638","7.960489263","7.92903155","7.941487871","8.192874132","8.251486901","8.435658676","8.391684617","8.426373895","8.377957515","8.226312763","8.189386993","8.215983489","8.067153822","7.89736078","7.91810842","8.083742085","8.112569655","8.156459004","8.223161401","8.188694629","8.148941034","8.202326418","8.045525436","7.512525071","7.510464027","7.736071096","7.880788422","7.767349139","7.930828816","7.945692971","7.940239059","8.065402254","7.931886485","7.851325346","7.803763339","7.691718406","7.605270165","7.500227292","7.554983742","7.633635961","7.59347992","7.680044603","7.806307506","7.729801211","7.626364958","7.65747901","7.583931268","7.52824478","7.414962825","7.439008563","7.53506133","7.36782905","7.312495048","7.286225072","7.320433949","7.182270989","7.01932308","6.939025587","7.01769706","7.006455987","6.943881885","7.204946636","7.221835172","7.175658347","7.081962308","7.01487624","6.941280645","6.879499794","6.890557816","7.131259024","7.318108136","7.489150214","7.649028276","7.717712345","7.747130576","7.828917879","7.648580377","7.648100559","7.5705739404","7.568765739","7.662482773","7.764095852","7.86658978","7.8924265","7.744942023",
"종합","전남","지역별 전월세전환율","","12.4","12.4","12.4","12.4","12.4","12.4","12.2","12.3","12.4","12.3","12.2","12.1","12.1","12","12","12","11.9","12","11.9","11.4","11.5","11.9","11.1","10.8","10.7","10.8","10.4","10.8","11","11.2","11.3","10.5","10.3","9.9","10","10","10.2","10.5","10.6","10.8","10.6","10","9.6","8.9","8.4","8.2","8.1","8.1","8.3","8.3","8.7","8.6","8.5","8.4","8.4","8.2","8.136863591","7.928263351","7.846241675","7.626332064","7.769700395","7.627279929","7.609995646","7.895123908","7.428557874","7.480537422","7.815632937","7.902806772","7.947006534","8.157869102","7.976559376","7.94222648","7.792358606","7.501447461","7.53196277","7.436257299","7.515757449","7.7116365","7.574996331","7.738126359","7.780913285","7.71155474","7.726808287","7.678949669","7.659457351","7.430849851","7.526860732","7.735215046","7.597160818","7.656870728","7.825811214","7.764976277","7.652658307","7.696069985","7.524887191","6.670308649","6.485046554","6.545186117","6.499058052","6.745759087","6.83580615","6.899799993","6.95413068","6.889376402","6.782751454","6.713947445","6.62615521","7.253815118","7.188412021","7.165966513","7.333125766","7.40960775","7.426732379","6.971232762","6.910791631","6.812411263","6.484443621","6.552074007","6.6510125","7.146753634","7.052605621","7.012634283","7.0186469","6.949305238","6.834416829","6.644056127","6.919144371","6.930089614","7.255281893","7.154598771","7.275648107","7.172152993","7.140698103","7.138304835","6.948331145","7.046678719","7.158851538","6.960124701","6.829154647","6.351955874","6.036604985","5.955621527","5.758539173","5.766029518","5.980889744","6.392753974","6.572531236","6.531145352","6.47265136","6.364853045","6.313640675","6.399655905","6.582544927","6.778713806","6.684630839","7.060273442","7.181618403","7.102169327","6.885972813","6.760251537","6.733446371","6.608575096","6.633619588","6.829323592","6.936593106","7.238498531","7.343551048","7.332297439","6.975740367","7.070391791","6.980672276","6.759695982","6.9895357896","7.148644329","7.214598627","6.973245083","7.023846041","7.269151823","6.969641314",
"종합","경북","지역별 전월세전환율","","13","13","13","13","13","13","13.1","13.2","12.9","12.9","12.6","12.3","12.3","12.2","12.1","12","12.1","12.2","12.3","12.1","11.6","11.7","11.9","11.9","11.9","12","12","12","12.1","12.1","12.1","12.1","11.9","11.9","11.6","11.6","11.3","11.3","11.1","11","11","10.9","11","10.9","10.9","10.8","10.8","10.8","10.8","10.9","10.8","10.8","10.7","10.6","10.6","10.5","10.39990082","10.31998851","10.14235767","10.00723089","10.16488051","10.20683577","10.31163486","10.13642139","10.1962447","10.08317823","9.844895868","9.810587606","9.703678738","9.593724682","9.375337984","9.253333758","9.387828386","9.480036455","9.460950432","9.504668406","9.700943209","9.521792571","9.700043532","9.547336631","9.531090523","9.548379611","9.334532978","9.115165329","9.093770743","9.047007615","9.121192189","9.186671697","9.187994039","9.269784046","9.154990555","9.177045999","8.978980524","8.928606671","8.928902566","8.876713354","8.879378338","8.893558134","9.003270809","9.059568723","9.013825223","9.035257187","8.961879546","8.780483707","8.734794555","8.651310787","8.714766681","8.599517044","8.542082905","8.703296495","8.713147581","8.695320014","8.606107731","8.595888829","8.560307172","8.385994541","8.246872604","8.356569475","8.408507978","8.368898977","8.47993872","8.55361305","8.704354221","8.658041582","8.586534331","8.613586376","8.447783457","8.317097406","8.171320765","8.093392552","8.07124469","8.149566309","8.057166777","8.12001197","8.082506367","8.035983215","8.05091934","7.996746164","7.858915574","7.68503996","7.655052724","7.734838835","7.675448943","7.656558431","7.626176358","7.609987766","7.630077143","7.302152177","7.299197643","7.139362815","7.147845021","7.182979833","7.378270509","7.573339058","7.56047326","7.82953595","8.030196747","8.000783143","7.86331814","7.712336603","7.551815027","7.095712413","6.828775631","7.234444809","7.421816993","7.771221691","7.955630683","8.12130788","8.058022276","7.969210498","8.076980983","8.092890375","8.1174493507","8.129851297","8.199922602","8.087606319","8.045768678","8.203468919","8.139482591",
"종합","경남","지역별 전월세전환율","","10","10","10","10","10","10","9.9","9.7","9.5","9.4","9.4","9.3","9.3","9.1","9.2","9.2","9.2","9.3","9.2","9.2","9.2","9.3","9.2","9.1","8.9","9","9","9","9.1","9","9","9","9","9","9","8.8","8.7","8.8","8.9","8.9","8.8","8.9","8.9","8.9","8.7","8.6","8.5","8.5","8.5","8.6","8.5","8.5","8.5","8.4","8.3","8.3","8.222274763","8.237553506","8.240453108","8.203705798","8.30713319","8.340364136","8.26001889","8.215550896","8.123999865","8.140176571","8.08732586","7.988114848","7.898495327","7.926877275","7.76674045","7.706394207","7.706249549","7.760573213","7.798755105","7.787903595","7.757874235","7.770778102","7.736804147","7.659409108","7.539365587","7.500081837","7.464532763","7.448271833","7.515942495","7.501060928","7.566404407","7.482541839","7.471067932","7.401572507","7.26798665","7.162781032","7.035792663","6.986765581","7.060757981","7.036663078","7.049068655","7.239233644","7.315263215","7.25985523","7.253128841","7.327082563","7.29586813","7.104123619","7.063901471","7.066534817","7.018960493","6.888870439","6.956913609","6.996210042","7.037017482","7.036427402","7.033737412","7.028105243","6.925647645","6.813703399","6.672539426","6.632525021","6.707786154","6.733360566","6.821600735","6.973160643","7.183470496","7.176665788","7.216870555","7.173824298","7.089472859","6.829256201","6.852056115","6.818722567","6.895080732","6.846087426","6.814731738","6.991613428","7.050737189","7.07121383","7.036111745","6.920576768","6.903055409","6.727474198","6.730180934","6.72093886","6.655724543","6.642148854","6.576810694","6.733168508","6.715394559","6.666804085","6.649361916","6.620850912","6.582380429","6.49020923","6.494426896","6.724951303","6.859378233","6.95793516","7.081643253","6.921954764","6.891107945","6.58847727","6.335227696","6.133214789","6.103548895","6.093347467","6.149111932","6.320536627","6.406517567","6.593640127","6.681929659","6.943073209","7.045656118","7.081326893","7.2484830845","7.206825084","7.126514324","7.045135348","7.162296319","7.269394119","7.136198369",
"종합","제주","지역별 전월세전환율","","10","10","10","10","10","10","9.2","8","8.4","7.4","8.4","8.7","9","9.5","9.5","9.3","9.3","9.5","9.4","9.1","8.6","7.9","8.2","8","8.1","8.4","8.4","8.6","8.3","8.4","8.6","9.4","8.9","9","8.6","8.3","7.7","7.9","7.9","7.9","7.7","7.7","7.7","8.3","8","7.9","7.9","8.4","8","8","8","7.6","7.6","7.8","7.8","7.6","7.790460599","7.442974407","7.467568373","6.971901582","7.028079717","6.815557896","6.579182414","6.208197972","6.158264783","6.124335765","5.998540383","6.111583914","6.277051287","6.178584274","6.16485345","6.092858722","6.172355195","5.937663388","5.783171072","5.948301122","5.783248569","5.708312746","5.780080872","5.878645381","5.79694396","5.755361625","5.573091025","5.590374584","5.397738706","5.51596581","5.387466403","5.399994448","5.326062296","5.359562117","5.395782852","5.453582579","5.569783053","5.628655608","5.529474067","5.692009869","5.484426618","5.439369084","5.727011927","5.720975463","5.644216846","5.675371961","5.648786281","5.713737732","5.687773941","5.716974264","5.619235425","5.542152717","5.412277408","5.388860262","5.397233084","5.408994368","5.491516568","5.488260743","5.525060376","5.511608714","5.524334968","5.397274368","5.338604809","5.299201598","5.250590826","5.476282395","5.429732357","5.310078233","5.501326376","5.453316904","5.476100955","5.443109427","5.580340421","5.570310158","5.668347661","5.572141967","5.599034482","5.610262539","5.567743048","5.604439163","5.619150472","5.73414723","5.700984639","5.629821042","5.771905838","5.731520267","5.895786538","5.852393641","5.915536352","5.899342953","5.943558851","6.01724585","6.151842598","6.109557607","6.143533063","6.343893042","6.315187055","6.48383249","6.318664056","6.244631268","6.370468037","6.191326695","6.134616328","6.018638095","5.976595233","5.981437191","6.020586791","6.04729035","5.987790792","6.164484865","6.357036042","6.251148894","6.175209821","6.133956299","6.166776098","5.974537417","5.882691083","5.97331513","5.876083899","5.794935163","5.933588801","5.965274275","6.051125298",
"아파트","전국","지역별 전월세전환율","","8.4","8.4","8.4","8.4","8.4","8.4","8.3","8.2","8.1","8","8","8","8","7.9","7.8","7.8","7.7","7.7","7.7","7.7","7.7","7.6","7.6","7.5","7.5","7.4","7.3","7.2","7.2","7.2","7.2","7.1","7","6.9","6.9","6.8","6.7","6.5","6.5","6.5","6.4","6.4","6.4","6.4","6.4","6.3","6.2","6","6","6","6","5.8","5.7","5.7","5.6","5.6","5.477607145","5.374559239","5.294117647","5.189258795","5.142857143","5.018960064","4.986411713","4.945289738","4.941176471","4.938979437","4.921990822","4.90805841","4.847160689","4.8","4.8","4.714285714","4.682926829","4.633883289","4.6225924","4.620225828","4.64","4.662857143","4.666666667","4.705882353","4.695652174","4.682926829","4.682926829","4.673684211","4.666666667","4.664264297","4.666666667","4.695652174","4.714285714","4.714444207","4.72735776","4.745758053","4.741560496","4.721267538","4.712718064","4.695652174","4.666666667","4.654545455","4.666666667","4.705882353","4.727272727","4.745454545","4.760030079","4.78762435","4.744186047","4.707021454","4.666666667","4.615384615","4.595744681","4.56","4.570026539","4.559779378","4.571428571","4.571428571","4.571818915","4.571428571","4.550511003","4.5","4.498784559","4.472727273","4.471320097","4.5","4.505653574","4.517647059","4.525714286","4.52173913","4.5","4.5","4.457142857","4.472049689","4.47305998","4.48671185","4.5","4.56","4.594237028","4.615384615","4.655172414","4.690909091","4.714285714","4.745741284","4.792156863","4.800375625","4.904347826","4.982698962","5.075880314","5.205786136","5.333333333","5.4","5.428571429","5.433962264","5.429132606","5.4","5.337949956","5.322258784","5.28","5.25","5.217391304","5.212359471","5.206073753","5.217391304","5.217391304","5.233108814","5.227432284","5.217391304","5.202312139","5.205710178","5.217391304","5.2","5.214100466","5.246534988","5.264487495","5.294117647","5.3226526326","5.333333333","5.333333333","5.333333333","5.333333333","5.316455696","5.300629611",
"아파트","수도권","지역별 전월세전환율","","8.1","8.1","8.1","8.1","8.1","8.1","8","8","8","8","7.9","7.8","7.7","7.7","7.6","7.6","7.6","7.5","7.5","7.5","7.5","7.5","7.5","7.4","7.3","7.2","7.2","7.1","7.1","7","7","6.9","6.9","6.8","6.7","6.6","6.5","6.4","6.3","6.2","6.2","6.1","6.1","6.1","6","6","6","6","5.8","5.7","5.6","5.5","5.5","5.4","5.3","5.3","5.189189189","5.090909091","5","4.888888889","4.8","4.754053693","4.701412872","4.670004503","4.666666667","4.650254877","4.646507862","4.61985545","4.605785156","4.562950411","4.5","4.493548695","4.445064308","4.411764706","4.394366197","4.383645886","4.384615385","4.398553043","4.4","4.421052632","4.404948486","4.4","4.4","4.4","4.390243902","4.36799639","4.379925283","4.4","4.430769231","4.433297407","4.435656745","4.453627063","4.444444444","4.422511619","4.408163265","4.4","4.4","4.390243902","4.421052632","4.444444444","4.457227929","4.47083785","4.483476868","4.4810493","4.459126133","4.421052632","4.4","4.338151707","4.32","4.29221484","4.285714286","4.285714286","4.285714286","4.291170666","4.286989443","4.285714286","4.285714286","4.285604533","4.265625","4.266666667","4.285714286","4.315872919","4.32283234","4.32","4.302176697","4.297087037","4.283411572","4.282124181","4.263015769","4.287255477","4.305148099","4.314349628","4.360903011","4.386883837","4.430769231","4.457142857","4.485981308","4.50125195","4.5340737","4.558659218","4.588235294","4.649911094","4.742898579","4.816053512","4.941176471","5.082352941","5.215181648","5.285975017","5.294117647","5.294117619","5.28","5.249366398","5.2","5.142857143","5.114974762","5.066666667","5.04","5.009123439","5","5","5","5","4.989386575","4.971428571","4.975920272","4.991150442","5","5","5.008757667","5.04","5.066666667","5.106030899","5.1325301205","5.14203404","5.142857143","5.142857143","5.142857143","5.138434227","5.142857143",
"아파트","지방","지역별 전월세전환율","","8.8","8.8","8.8","8.8","8.8","8.8","8.7","8.6","8.6","8.5","8.5","8.4","8.3","8.1","8.1","8","8","8","8","8","8","8","8","7.8","7.7","7.7","7.6","7.6","7.5","7.5","7.5","7.4","7.3","7.2","7.2","7.1","7.1","7","7","6.9","6.9","7","6.9","6.9","6.9","6.9","6.8","6.7","6.7","6.5","6.5","6.4","6.3","6.3","6.3","6.3","6.147092009","6.006798303","6","6","6","5.837837838","5.76","5.714285714","5.714285714","5.714285714","5.681830578","5.660377358","5.581395349","5.561207449","5.454545455","5.393258427","5.333333333","5.25","5.265730473","5.28","5.333333333","5.333333333","5.357142857","5.417669751","5.388229531","5.333333333","5.333333333","5.274725275","5.28","5.217391304","5.25","5.285871592","5.263157895","5.278260665","5.305263158","5.333333333","5.333333333","5.303867403","5.28","5.25","5.149087095","5.142857143","5.142857143","5.142857143","5.189062838","5.217391304","5.218263327","5.268047219","5.25","5.204528726","5.142857143","5.07","5.067743529","5.030253903","5","5.004270248","5","5.002203763","5.052631579","5.029563276","5","4.976470588","4.941176471","4.875882403","4.8","4.856918855","4.897959184","4.923076923","4.941176471","4.954290063","4.938271605","4.891084451","4.837215643","4.8","4.8","4.8","4.8","4.801845197","4.862243331","4.888888889","4.909090909","4.96","4.988235294","5","5.008695652","5.052631579","5.138121547","5.181818182","5.25","5.364705882","5.480263158","5.565497682","5.617021277","5.629218364","5.647058824","5.625","5.6","5.6","5.563339065","5.547897214","5.538461538","5.511111111","5.538461538","5.571428571","5.6","5.610601336","5.627670576","5.62977927","5.6","5.589926457","5.571428571","5.538461538","5.538565918","5.571428571","5.6","5.621743944","5.625","5.647058824","5.660377358","5.666666667","5.651362925","5.647058824","5.627244635",
"아파트","5대광역시","지역별 전월세전환율","","7.8","7.8","7.8","7.8","7.8","7.8","7.7","7.6","7.5","7.5","7.4","7.3","7.3","7.2","7.2","7.2","7.1","7.1","7.1","7","7","7","6.9","6.9","6.9","6.9","6.8","6.7","6.7","6.7","6.6","6.5","6.5","6.4","6.4","6.3","6.2","6.2","6.2","6.1","6","6","6","6","6","6","6","6","6","6","6","5.8","5.7","5.6","5.6","5.5","5.454545455","5.4","5.356069063","5.308146793","5.25","5.2","5.142857143","5.1","5.076923077","5.090909091","5.066666667","5.04","5","4.941176471","4.880356383","4.8","4.8","4.770096097","4.743634525","4.8","4.8","4.8","4.8","4.8","4.8","4.8","4.8","4.8","4.798506031","4.729237902","4.77114174","4.8","4.8","4.8","4.8","4.8","4.8","4.8","4.8","4.746172428","4.714285714","4.666666667","4.688407052","4.714285714","4.8","4.8","4.8","4.8","4.8","4.8","4.70437447","4.653486754","4.64516129","4.615384615","4.615384615","4.615384615","4.64516129","4.64499475","4.629195875","4.615384615","4.593140357","4.539451548","4.444444444","4.412832196","4.402212125","4.407859999","4.411214953","4.421052632","4.457142857","4.448076671","4.444444444","4.444444444","4.444323996","4.414118395","4.400630915","4.400511393","4.444444444","4.5","4.502451594","4.551724138","4.574780059","4.615384615","4.650640017","4.69273743","4.727272727","4.798937798","4.818969254","4.909090909","4.970057375","5.076923077","5.147876039","5.248265441","5.294117647","5.333333333","5.333333333","5.294117647","5.294117647","5.28","5.25","5.25","5.239649735","5.219439887","5.25","5.268292683","5.28","5.269235004","5.264516129","5.25","5.242105263","5.249946433","5.25","5.223578634","5.227722772","5.261772166","5.288135593","5.309074957","5.2959508879","5.322745721","5.314285714","5.318709686","5.290330268","5.294117647","5.28",
"아파트","8개도","지역별 전월세전환율","","10","10","10","10","10","10","10","10","10","9.9","9.7","9.6","9.4","9.3","9.3","9","9.1","9.1","9.2","9.2","9","9.1","9","8.9","8.6","8.6","8.6","8.6","8.5","8.6","8.4","8.3","8.2","8","8","8","8","8","8","8","7.9","7.9","7.9","7.8","7.7","7.6","7.5","7.4","7.4","7.2","7.2","7.1","7.1","7.1","7.1","7.2","7.142857143","7.125","7","6.857142857","6.857142857","6.6","6.545454545","6.461538462","6.4","6.375","6.345077844","6.317978108","6.222222222","6.248070141","6.109090909","6","6","6","6","6","6","6","6","6","6","6","6","5.901639344","5.988776234","5.828966258","5.924084813","5.977324263","5.933569142","5.882882126","5.929607997","5.97044335","5.9430953","5.940594059","5.982292527","5.868115942","5.714285714","5.667803726","5.647058824","5.625","5.623156745","5.647058824","5.647058824","5.714285714","5.66121372","5.647058824","5.647058824","5.538461538","5.511508073","5.459110542","5.454545455","5.462876538","5.454545455","5.454545455","5.538903791","5.555555556","5.563039202","5.469075436","5.46349766","5.4","5.424815646","5.454545455","5.454545455","5.481046533","5.536714039","5.490238403","5.454545455","5.393258427","5.333333333","5.268292683","5.233762146","5.236363636","5.196850394","5.217391304","5.236363636","5.25","5.258327165","5.320165099","5.333333333","5.333333333","5.333333333","5.379506641","5.454545455","5.5","5.571428571","5.686814295","5.915709727","6","6","6","6","6","6","6","6","6","6","5.999197779","6","6","6","6","6","6","6","6","6","6","6","6","6","6","6","6","6.038709677","6.060603636","6.063157895","6.055940144","6.024704019",
"아파트","서울","지역별 전월세전환율","","7.4","7.4","7.4","7.4","7.4","7.4","7.3","7.3","7.2","7.2","7.2","7.1","7.1","7.1","7","7","7","6.9","6.9","6.9","6.9","6.9","6.8","6.7","6.7","6.7","6.6","6.6","6.6","6.5","6.5","6.4","6.4","6.3","6.2","6.1","6","6","5.9","5.9","5.8","5.8","5.8","5.8","5.8","5.7","5.6","5.5","5.5","5.4","5.3","5.3","5.2","5.1","5.1","5","4.941176471","4.806263221","4.8","4.695652174","4.615384615","4.551724138","4.5","4.5","4.495501323","4.457142857","4.434782609","4.390243902","4.362593731","4.285714286","4.246153846","4.2","4.181818182","4.153846154","4.136483906","4.128366854","4.125","4.129032258","4.109653275","4.097560976","4.085106383","4.071428571","4.064293295","4.051948052","4.008405894","4.000835204","4.004198536","4.017594571","4.051948052","4.054054054","4.068179147","4.06779661","4.043455004","4.000656023","4","4","4","4","4","4.059361246","4.074810724","4.085106383","4.08","4.05389791","4.026205841","4","4","3.964703255","3.988183161","3.9799077","3.997415135","3.994363272","3.991049759","3.985338829","3.96","3.969250988","3.962591096","3.980099502","3.946365429","3.961483591","3.98503929","4.022316394","4.074680994","4.075616748","4.061206356","4.043294735","4.019266684","4.03960396","4.026845638","4.100646185","4.147710487","4.125","4.15802442","4.18124897","4.2","4.2","4.191135836","4.235294118","4.257592687","4.271758417","4.267266073","4.310844276","4.381706352","4.44","4.508032817","4.615384615","4.769230769","4.8","4.8","4.8","4.8","4.8","4.740740741","4.666666667","4.682926829","4.658823529","4.64516129","4.644969597","4.631598539","4.65","4.624633431","4.628571429","4.615384615","4.595121951","4.586097079","4.567741935","4.575","4.588235294","4.615384615","4.64516129","4.684090909","4.714648751","4.7166532357","4.701030928","4.695652174","4.695652174","4.695652174","4.683472267","4.72232321",
"아파트","강북권역","지역별 전월세전환율","","7.5","7.5","7.5","7.5","7.5","7.5","7.4","7.4","7.4","7.3","7.3","7.2","7.2","7.2","7.2","7.1","7.1","7.1","7","7","7","7","7","6.9","6.9","6.8","6.8","6.8","6.7","6.7","6.6","6.6","6.5","6.4","6.4","6.3","6.2","6","6","6","6","6","6","6","5.9","5.8","5.7","5.7","5.6","5.5","5.5","5.4","5.3","5.3","5.2","5.2","5.10510449","5.010577887","4.939518867","4.820355793","4.8","4.740740741","4.662617313","4.630790657","4.615384615","4.588235294","4.563032505","4.520329917","4.5","4.444444444","4.373239298","4.333333333","4.294635424","4.285714286","4.260633239","4.260752957","4.247002818","4.258967095","4.246051581","4.216216216","4.216216216","4.216216216","4.234389972","4.216265634","4.2","4.204164965","4.201401869","4.2","4.203349979","4.210526316","4.21582724","4.208574466","4.193589765","4.194954931","4.2","4.185975499","4.172982437","4.161220718","4.194174757","4.210526316","4.220609137","4.222341158","4.222728363","4.201684524","4.2","4.173913043","4.153846154","4.090909091","4.119402985","4.114285714","4.106424819","4.114285714","4.125","4.131147541","4.11726438","4.113766562","4.097560976","4.090909091","4.085918123","4.102564103","4.125","4.177777778","4.191181009","4.199569446","4.173913043","4.151229484","4.13264583","4.135455503","4.134531482","4.18954586","4.238297872","4.235294118","4.27826087","4.306799193","4.344674471","4.35","4.32","4.361218488","4.431195959","4.444444444","4.437914109","4.476205279","4.536862004","4.59966611","4.657326075","4.795866682","4.861394689","4.941176471","4.930434783","4.941176471","4.933881579","4.921170963","4.902825278","4.852411762","4.818588371","4.8","4.798290522","4.763209893","4.757842936","4.764705882","4.75862069","4.767123288","4.740740741","4.731411674","4.702829024","4.682926829","4.695652174","4.694867595","4.699732888","4.733219043","4.771238704","4.8","4.8","4.8","4.8","4.785276074","4.8","4.8","4.8",
"아파트","도심권","지역별 전월세전환율","","7.3","7.3","7.3","7.3","7.3","7.3","7.3","7.3","7.3","7.3","7.2","7.1","7.1","7.1","7.1","6.9","7","7","6.9","6.9","6.9","6.9","6.8","6.9","6.8","6.7","6.7","6.7","6.6","6.5","6.5","6.5","6.4","6.2","6.2","6","6","6","5.8","5.9","5.8","5.8","5.8","5.8","5.8","5.7","5.6","5.6","5.6","5.6","5.6","5.5","5.4","5.3","5.2","5.2","5.142857143","5.076923077","4.965517241","4.813504716","4.869565217","4.8","4.796991445","4.756747222","4.765113709","4.757992674","4.695652174","4.628571429","4.572992066","4.533333333","4.483516484","4.398273765","4.333333333","4.340425532","4.294460197","4.297668021","4.287170317","4.32","4.27218552","4.173913043","4.12119444","4.163265306","4.134124306","4.118684149","4.09918594","4.177600693","4.201401869","4.212890107","4.235294118","4.247629564","4.263157895","4.235294118","4.232080261","4.2","4.212708206","4.248121359","4.2","4.2","4.173913043","4.169209492","4.203026692","4.193927494","4.235294118","4.206449162","4.2","4.186487641","4.17305297","4.065628082","4.131147541","4.114285714","4.134033328","4.105263158","4.101265823","4.097560976","4.084229872","4.117647059","4.131465517","4.061677322","4.061677322","4.124200978","4.196884154","4.237918216","4.235786594","4.302521008","4.321622064","4.320630749","4.215079081","4.201660795","4.198501071","4.189090909","4.356818182","4.406654554","4.439461883","4.530987753","4.487379682","4.486310948","4.457142857","4.410090143","4.427680966","4.409133903","4.451904803","4.557412763","4.673027959","4.683870968","4.705882353","4.8","4.952380952","5.021591742","5.1","5.116378767","5.138658045","5.142857143","5.106382979","5.073436091","5.037037037","5","4.965517241","4.925269945","4.941176471","4.945054945","4.966558691","4.906391022","4.908121647","4.911057086","4.870527077","4.92","4.955129197","4.985976818","5.042034469","4.970089286","4.99313052","4.972579561","5","5.02617801","5.032258065","5.04950495","5.055596783","5.096443267","5.082145012",
"아파트","동북권","지역별 전월세전환율","","7.3","7.3","7.3","7.3","7.3","7.3","7.3","7.3","7.2","7.2","7.2","7.1","7.1","7.1","7.1","6.9","6.9","6.9","6.9","6.9","6.9","6.8","6.8","6.7","6.7","6.7","6.7","6.7","6.7","6.6","6.5","6.4","6.4","6.3","6.3","6.3","6.1","6","6","6","5.9","5.9","5.8","5.9","5.9","5.7","5.6","5.6","5.5","5.5","5.4","5.3","5.3","5.2","5.1","5","4.952380952","4.8","4.792047046","4.695652174","4.615384615","4.57094288","4.539519205","4.5","4.5","4.444444444","4.413773147","4.333333333","4.285714286","4.235294118","4.2","4.164100442","4.153846154","4.136753819","4.121292872","4.113671016","4.125","4.114285714","4.090909091","4.108108108","4.061538462","4.034487271","4.051950406","4.051750412","4.036379239","4.00853373","4.017575059","4.019596121","4.056338028","4.006759678","4","4","4","4","4","4","4","4","4","4.048192771","4.03960396","4.063462039","4.045727724","4","4","4","4","4","4","3.949218185","3.940298507","3.926238556","3.926238556","3.9","3.891891892","4.162909091","4.135120216","4.137931034","4.137931034","4.125","4.15635345","4.18230563","4.181501425","4.173913043","4.165401804","4.162709242","4.138189558","4.144485341","4.150969518","4.194842407","4.206426485","4.17564812","4.225408257","4.272997033","4.337349398","4.344520534","4.32","4.372840017","4.452389877","4.477946262","4.455709047","4.488188976","4.541540424","4.60947766","4.654562382","4.774905271","4.828511931","4.909090909","4.897959184","4.938311509","4.934579439","4.91112683","4.897959184","4.866666667","4.850503392","4.8","4.8","4.779876709","4.75862069","4.772727273","4.753247429","4.772446573","4.736842105","4.725914202","4.693631404","4.670381483","4.680507997","4.682926829","4.682926829","4.714024613","4.732394366","4.744266858","4.7441860465","4.762024363","4.75862069","4.74613666","4.785082948","4.787298883","4.8",
"아파트","서북권","지역별 전월세전환율","","7.2","7.2","7.2","7.2","7.2","7.2","7.2","7.2","7.1","7.1","7","6.9","6.9","6.9","6.8","6.8","6.8","6.8","6.8","6.8","6.7","6.7","6.6","6.5","6.4","6.3","6.2","6.2","6.2","6.2","6.2","6.1","6.1","6","6","5.9","5.8","5.6","5.6","5.6","5.5","5.5","5.5","5.6","5.5","5.4","5.3","5.2","5.2","5.1","5.1","5","5","5","4.9","4.8","4.713826602","4.618181818","4.528301887","4.444444444","4.396478242","4.333333333","4.307692308","4.29251388","4.285714286","4.285714286","4.266666667","4.23515814","4.198773009","4.137931034","4.090909091","4.0032842","4","4","4","4","3.999777853","4","3.945205479","3.931034483","3.93442623","3.891891892","3.866756643","3.86504544","3.84","3.831024006","3.84","3.846834393","3.879359956","3.87878722","3.9","3.913043478","3.906976744","3.870967742","3.851851852","3.847328244","3.84","3.860893049","3.845303867","3.876809403","3.9","3.914856513","3.9","3.9","3.882352941","3.849056604","3.843798197","3.750612578","3.770921437","3.783143711","3.8","3.8","3.771092896","3.767611088","3.750057523","3.990898101","3.968503937","3.92912652","3.923076923","3.999036539","4","4.126848444","4.173913043","4.235294118","4.153846154","4","4.03960396","4.04494382","4.06779661","4.181558094","4.285899654","4.32","4.318342884","4.3183391","4.32","4.32","4.244884389","4.291502408","4.357699395","4.363636364","4.363636364","4.409351566","4.462679422","4.540540541","4.648055134","4.8","4.909090909","5","4.923076923","4.864864865","4.812743393","4.800196769","4.8","4.7094789","4.683412598","4.615384615","4.600173461","4.588235294","4.610169492","4.644729967","4.63519938","4.629050791","4.641780454","4.615384615","4.615384615","4.600518135","4.600148901","4.588235294","4.591304348","4.68","4.735045535","4.8","4.8","4.786865314","4.776307821","4.705882353","4.729121072","4.727272727","4.741641337",
"아파트","강남권역","지역별 전월세전환율","","7.2","7.2","7.2","7.2","7.2","7.2","7.2","7.2","7.2","7.1","7.1","7","7","6.9","6.9","6.9","6.9","6.9","6.8","6.8","6.8","6.7","6.7","6.6","6.5","6.5","6.4","6.4","6.4","6.4","6.3","6.3","6.2","6.2","6.1","6","6","5.8","5.8","5.7","5.7","5.7","5.7","5.7","5.6","5.5","5.4","5.4","5.3","5.3","5.2","5.2","5.1","5.1","5","4.9","4.8","4.726703288","4.624861832","4.540540541","4.5","4.42652691","4.4","4.374707475","4.363636364","4.34835978","4.32","4.285714286","4.235294118","4.186046512","4.137931034","4.090401544","4.075471698","4.00071302","4","4","4","4","4","4","4","4","3.976719466","3.970072815","3.936884139","3.923076923","3.927272727","3.951219512","3.996878212","3.976944898","3.990599241","4","3.972255358","3.923076923","3.9","3.899311562","3.9","3.913043478","3.913043478","3.974451797","3.989870779","4","3.98950232","3.960582524","3.923076923","3.896809233","3.905906509","3.84","3.84","3.84","3.847627665","3.84","3.829787234","3.824213856","3.816579698","3.818874312","3.817970141","3.84","3.813213759","3.827566361","3.84","3.918367347","3.980487805","3.974881703","3.943661972","3.958762887","3.939860761","3.9773103","3.952351175","4.013839969","4.071235512","4.033034102","4.06779661","4.067120923","4.075471698","4.06779661","4.082624544","4.113520667","4.125294559","4.122732543","4.134980492","4.186046512","4.26035503","4.323402109","4.408163265","4.490898561","4.649360713","4.754716981","4.709756897","4.6875","4.656538294","4.663995279","4.571428571","4.5","4.533333333","4.533333333","4.540540541","4.56","4.545417508","4.565217391","4.528301887","4.528301887","4.528301887","4.5","4.5","4.481476599","4.49289717","4.514271482","4.56","4.581437762","4.615924481","4.659436261","4.6593616705","4.615384615","4.609496266","4.627138854","4.615384615","4.586277432","4.632139566",
"아파트","서남권","지역별 전월세전환율","","7.5","7.5","7.5","7.5","7.5","7.5","7.5","7.4","7.4","7.4","7.3","7.3","7.2","7.2","7.2","7.2","7.2","7.1","7.1","7.1","7.1","7","7","7","7","6.9","6.9","6.9","6.8","6.7","6.7","6.7","6.6","6.5","6.4","6.3","6.3","6.1","6","6","6","6","6","6","5.9","5.8","5.8","5.7","5.6","5.5","5.5","5.4","5.3","5.3","5.2","5.2","5.091522248","5","4.927920729","4.818025083","4.8","4.740740741","4.666666667","4.648610985","4.617566177","4.609346812","4.571428571","4.540540541","4.5","4.458944198","4.410029911","4.363636364","4.363636364","4.363636364","4.333333333","4.333333333","4.311564826","4.32","4.307692308","4.285714286","4.285714286","4.285714286","4.285714286","4.285714286","4.285714286","4.285714286","4.285714286","4.27446001","4.285714286","4.285714286","4.285714286","4.285714286","4.266666667","4.253426204","4.251287827","4.235294118","4.221153911","4.204155217","4.25","4.269221346","4.280667619","4.285714286","4.285714286","4.269392453","4.258064516","4.229738028","4.217178667","4.170706251","4.178626398","4.197023544","4.173913043","4.165409525","4.176184602","4.19643","4.18245495","3.942857143","3.93442623","3.920273168","3.9","3.927272727","3.93442623","4","4.003341473","3.944772162","3.789473684","3.75","3.693204483","3.719256844","3.700214811","3.870967742","3.987750751","4.022346369","4.097560976","4.086364703","4.094929576","4.061538462","4.11241086","4.145844626","4.145649586","4.2","4.25420749","4.325479626","4.423304641","4.464731249","4.545454545","4.637681159","4.780761523","4.832214765","4.8","4.8","4.795963605","4.721311475","4.650668495","4.586666667","4.540540541","4.562140371","4.545454545","4.56","4.551724138","4.560285036","4.515533211","4.522773368","4.5","4.461538462","4.454416118","4.43688361","4.42967033","4.472287498","4.528301887","4.615384615","4.67096558","4.695652174","4.7323943662","4.633079714","4.618859027","4.596443228","4.571428571","4.587193462","4.599195859",
"아파트","동남권","지역별 전월세전환율","","7.3","7.3","7.3","7.3","7.3","7.3","7.3","7.2","7.2","7.2","7.1","7","7","7","7","6.9","6.9","6.9","6.8","6.8","6.7","6.7","6.7","6.7","6.6","6.6","6.6","6.6","6.5","6.5","6.4","6.3","6.2","6.2","6.2","6.1","6.1","6","6","6","6","6","6","6","5.9","5.9","5.8","5.7","5.5","5.5","5.4","5.3","5.3","5.3","5.2","5.2","5.132463561","5.023255814","4.90212766","4.832242991","4.774152904","4.666666667","4.571428571","4.501772394","4.474576271","4.456531454","4.444444444","4.408163265","4.37966538","4.32","4.235294118","4.196761462","4.114285714","4.125","4.043478261","4","4","4","4","4","4","4","4","4","4","4","4","4","4","4","4","4","3.942979964","3.921463435","3.99781475","3.994732154","3.99450571","4","4","4.050844849","4.06779661","4.06779661","4.048956399","4","4","3.961165049","3.927272727","3.886895686","3.918367347","3.906976744","3.923076923","4","4","4","3.957446809","3.733926564","3.742060752","3.775015027","3.75","3.747894028","3.764705882","3.854482173","3.926153147","4","4.056656459","4.089108639","4.110043139","4.154851451","4.099808703","4.145454545","4.14437574","4.034224655","4.058278904","4.058440245","4.06779661","4.068017199","4.060844419","4.092697857","4.112842472","4.06779661","4.050219796","4.096716341","4.173913043","4.233378562","4.32","4.373334752","4.581745451","4.661188082","4.59845614","4.602827499","4.563668945","4.618629156","4.529482489","4.450038184","4.528301887","4.505660377","4.5375837","4.56","4.539283359","4.568818868","4.533333333","4.532246035","4.550458716","4.506128331","4.507169292","4.5","4.517115696","4.551724138","4.576152395","4.55823734","4.588235294","4.636363636","4.6153846154","4.614548715","4.599947872","4.650556314","4.644092587","4.584983444","4.658823529",
"아파트","종로","지역별 전월세전환율","","7.6","7.6","7.6","7.6","7.6","7.6","7.6","7.4","7.5","7.6","7.5","7.2","6.8","6.8","6.9","6.8","6.9","7.1","7","6.9","6.9","6.8","6.7","6.9","7","6.8","6.9","6.9","6.7","6.5","6.7","6.5","6.5","6.4","6.3","6.2","6","6.3","6.2","6.1","6.4","6.5","6.6","6.2","6.3","6","6","6.3","6","6","6","6","6","6","6.1","6","6.029342271","5.639435054","5.769357181","5.41532272","5.471021957","5.217391304","5.169230769","5.409677419","5.384615385","5.454545455","5.419449652","5.333333333","5.317162277","5.091048422","5.207780643","5.161037478","5.217391304","5.25","4.959063822","4.712130806","4.421052632","4.348484848","4.153846154","3.990425895","4","4.085106383","4.002518275","4.088007737","4.131465517","4.356818182","4.465116279","4.523202289","4.519902601","4.810250303","4.57893409","4.478571429","4.603871888","4.378828168","4.266750948","4.238122668","4.240730666","4.199671466","4.183993959","4.137931034","4.107328377","4.186046512","4.18125934","4.2","4.229466949","4.201737176","4.231176441","4","4.133159147","4.154253428","4.2","4.117904986","4.137931034","4.103321825","4.125","4.476783777","4.173913043","4.061677322","4.061677322","4.061677322","4.18032353","4.204478793","4.235786594","4.534494452","4.584344366","4.435136995","4.428571429","4.3915828","4.20332159","4.189090909","4.24474621","4.417687753","4.439461883","4.399859323","4.258498629","4.363636364","4.32","4.112333071","4.105263158","3.99434135","4.1003861","4.126074499","4.235294118","4.409853965","4.415453298","4.61183421","4.744573322","4.810603654","4.943877038","4.911662448","4.844036697","4.990179998","4.926961427","4.781575425","4.840738401","4.793563445","4.847006369","4.886862934","4.847060218","4.822113856","4.820723062","4.924209137","4.653061224","4.779310345","4.670249781","4.596685286","4.747731397","4.727432762","4.843626583","4.86678959","4.910524045","4.905930433","4.9018080774","5","4.986149584","4.975914703","5.04","5.03254521","4.869565217",
"아파트","중","지역별 전월세전환율","","7.4","7.4","7.4","7.4","7.4","7.4","7.3","7.2","7","7.1","6.9","6.9","7.1","7.2","7.2","7.1","7.1","7.1","6.9","6.9","6.9","6.9","6.9","6.9","6.8","6.8","6.7","6.7","6.6","6.6","6.5","6.4","6.3","6.1","6","6","6","5.8","5.7","5.8","5.8","5.7","5.8","5.7","5.6","5.6","5.5","5.5","5.5","5.5","5.4","5.3","5.2","5.1","5.1","5","4.952380952","4.965517241","4.802171199","4.666205622","4.588235294","4.641418835","4.588235294","4.57518797","4.694210647","4.704292528","4.636363636","4.634844109","4.5","4.477628717","4.273972603","4.235294118","4.232127867","4.212030281","4.221315655","4.153846154","4.242647059","4.283455782","4.158726815","4.102564103","4.080739909","4.093659293","4.101296939","4","4","4.08","4.137931034","4.125788939","4.082553191","4.110224206","4.202051245","4.255246336","4.205263158","4.2","4.2","4.2","4.068924919","4.127371919","4.129743838","4.105263158","4.106426337","4.081807822","4.173913043","4.06779661","4","4.054054054","4","4","4.075471698","4","4.061477184","4","4.075471698","4.075471698","4.043487038","4.05","4.076303","4.075774906","4.010560891","4.142741248","4.188796052","4.216216216","4.2","4.162887379","4.181550554","4.102361775","4.100932758","4.037121105","4.114285714","4.089839264","4.363636364","4.363636364","4.454756381","4.440472441","4.340425532","4.348424026","4.312991994","4.346286856","4.412017021","4.516775596","4.635463226","4.769793175","4.8","4.752126272","4.79779578","4.832354597","5.070422535","5.076954048","5.100638831","5.10155881","5.081127124","5.1","5.081444259","5.077258586","5","4.894408551","4.90770818","4.843619662","4.849970052","4.995888692","5.073277045","4.956826367","4.974001382","4.985374769","4.850559249","4.858299595","4.825171898","5","5.049195138","4.968472906","5.018181818","4.982278481","5.0508370581","5.02617801","5.036129032","5.052631579","5.055596783","5.159657991","5.172496976",
"아파트","용산","지역별 전월세전환율","","7.2","7.2","7.2","7.2","7.2","7.2","7.2","7.4","7.3","7.4","7.4","7.2","7.1","6.9","6.9","6.8","6.9","6.9","6.9","7","7","6.9","6.8","6.8","6.7","6.5","6.5","6.5","6.6","6.4","6.5","6.5","6.4","6.3","6.2","6.2","6","6","5.9","5.9","5.8","5.7","5.6","5.6","5.7","5.6","5.6","5.6","5.6","5.5","5.4","5.4","5.3","5.3","5.2","5.1","5.076923077","5.01358069","4.945436634","4.974449272","5.00401465","4.8","4.70824271","4.633512829","4.595331986","4.546437734","4.571428571","4.482952045","4.457142857","4.444444444","4.383313522","4.334408602","4.285714286","4.275329821","4.235294118","4.285714286","4.285714286","4.337349398","4.380008617","4.363636364","4.338887465","4.285714286","4.265097704","4.21978022","4.137931034","4.177600693","4.177600693","4.16880011","4.173913043","4.181820895","4.235294118","4.19511948","4.214978535","4.174205844","4.212708206","4.294348715","4.285714286","4.272","4.216216216","4.240024411","4.285714286","4.271186441","4.285714286","4.317771883","4.289198606","4.235294118","4.209664957","4.134539288","4.180381201","4.153846154","4.137931034","4.147234438","4.144124032","4.137931034","4.097560976","4.045489826","4","4.008957655","4.138308583","4.186046512","4.210526316","4.249492526","4.246153846","4.249492526","4.298578575","4.422598507","4.292682927","4.225141825","4.226287547","4.200014538","4.377682403","4.445641911","4.441370353","4.6875","4.688557307","4.578422404","4.626506024","4.617692308","4.617692308","4.541865017","4.521409226","4.678934542","4.752475248","4.719297039","4.72035728","4.8","4.965517241","5.077588176","5.163316236","5.236363636","5.277362637","5.302325581","5.209150683","5.168139627","5.174857924","5.154962178","5.083048667","5.047777373","5.090909091","4.968395611","4.940474137","4.888047372","4.945560353","4.941176471","4.941176471","5.019063442","5.142857143","5.111991056","5.142857143","5.076923077","5.025883868","5.031951406","4.9801371627","5.04","5.04385296","5.053257594","5.064220183","5.085307947","5.107958081",
"아파트","성동","지역별 전월세전환율","","7.2","7.2","7.2","7.2","7.2","7.2","7.2","7.2","7.2","7.3","7.2","7.2","7.2","7.1","7.1","7","6.9","7","6.9","7","6.9","6.9","6.9","6.9","6.9","6.8","6.7","6.7","6.6","6.5","6.5","6.3","6.3","6.2","6.1","6.1","6","5.9","5.7","5.7","5.6","5.6","5.5","5.5","5.5","5.5","5.5","5.4","5.4","5.2","5.1","5.1","5.1","5","5","4.9","4.857142857","4.719831693","4.682926829","4.571428571","4.5","4.465116279","4.39206561","4.333333333","4.318602431","4.285714286","4.258064516","4.285714286","4.253164557","4.222222222","4.235294118","4.214655874","4.2","4.173913043","4.132954353","4.114285714","4.114285714","4.071428571","4.137931034","4.082799766","4.084107377","4.127016129","4.137931034","4.114285714","4.08","4.075471698","4.046999641","4.002313219","4.026845638","4.002478551","4.002395885","4.012637643","4.07052452","4.043545553","4.077697681","4.06056678","4.04494382","4.02696059","4.080176392","4.117396265","4.105263158","4.097560976","4.097560976","4.08","4.048029761","4.009752944","4.080463689","4","4","3.997727277","4","4","3.992764311","3.990598707","3.998219949","3.957310031","3.925930889","3.925729941","3.913043478","4","4","4.149140671","4.175604976","4.317721768","4.25","4.176636941","4.265934089","4.270771229","4.335341365","4.274265361","4.248099059","4.182298848","4.211345782","4.235294118","4.341349021","4.41979315","4.422418208","4.450574636","4.487253722","4.470132114","4.444444444","4.42565406","4.573103701","4.655385393","4.8","5.030119124","5.189189189","5.273467973","5.28","5.271655523","5.252858182","5.192706416","5.133870539","5.085872756","5.05405089","4.947877271","4.931506849","4.896348013","4.872924354","4.847887744","4.875598775","4.870961795","4.816053512","4.8","4.842105263","4.8","4.799368727","4.8","4.8","4.801715591","4.948034414","5","5.0388989845","5","5.000994273","5.037727439","5.05431089","5.028571429","5",
"아파트","광진","지역별 전월세전환율","","7.1","7.1","7.1","7.1","7.1","7.1","7","7","6.9","6.7","6.7","6.7","6.7","6.9","6.9","6.8","6.7","6.8","6.7","6.5","6.5","6.4","6.5","6.5","6.5","6.3","6.3","6.3","6.1","6","6","6","6","6","5.8","5.8","5.7","5.6","5.5","5.5","5.4","5.4","5.4","5.4","5.3","5.2","5.2","5.3","5.2","5.1","5","5.1","5","4.8","4.8","4.8","4.712859736","4.675299629","4.677351118","4.79684863","4.64516129","4.615384615","4.477794313","4.394265009","4.32","4.363636364","4.425181951","4.235294118","4.203606798","4.2","4.097560976","4","3.889926625","4","4","4","4","4","4","3.978952643","3.920158103","3.882352941","3.920082313","4","4.003270029","4","3.901038277","3.835422864","3.826092104","3.836329377","3.789473684","3.751143529","3.714285714","3.720892865","3.733727434","3.750933892","3.789473684","3.829090909","3.848571429","3.882352941","3.84","3.84","3.84","3.837831427","3.789473684","3.789473684","3.738393515","3.69122327","3.818181818","3.766073871","3.783625731","3.75","3.84","3.902439024","3.789473684","3.822462493","3.777777778","3.703296703","3.75","3.724598928","3.774603175","3.862689076","4.135386181","4.130477118","4.2","4.321137441","4.145454545","4.070671378","4","4","4.016474284","4.1024264","4.054054054","4.272997033","4.349514563","4.340801836","4.338983051","4.363636364","4.321144041","4.235294118","4.21978022","4.436400027","4.343752518","4.414715719","4.528301887","4.755244755","4.8","4.806032519","4.888888889","4.812330158","4.8","4.792125723","4.744186047","4.625863197","4.701030928","4.705882353","4.695652174","4.754716981","4.8","4.8","4.761904762","4.8","4.830050152","4.8","4.673333333","4.54101442","4.580870121","4.090909091","3.967854394","3.877435557","3.684749232","3.469899666","3.6295385675","4.265780927","4.285714286","4.429933923","4.666666667","4.8","4.793646498",
"아파트","동대문","지역별 전월세전환율","","7.5","7.5","7.5","7.5","7.5","7.5","7.4","7.4","7.2","7.2","7.2","7.1","7.1","7.1","7","7.1","7","6.9","6.9","6.9","7","7","7","6.9","6.9","6.9","6.8","6.8","6.7","6.6","6.5","6.4","6.4","6.5","6.5","6.4","6.3","6.1","6.1","6","6","6","5.8","5.8","5.8","5.6","5.4","5.2","5.1","5.2","5.2","5.2","5.2","5.2","5.1","5.1","5.052631579","5.000689777","4.941176471","4.945439619","4.8","4.705882353","4.64516129","4.68115942","4.615384615","4.593956114","4.571428136","4.438236888","4.364306032","4.363636364","4.285714286","4.21492956","4.263157895","4.363636364","4.363636364","4.430769231","4.363636364","4.421466754","4.210185934","4.109245295","4.05547134","4.069354404","4.003075267","4.109720298","4.105263158","4.173913043","4.184208262","4.2","4.235294118","4.19047619","4.2","4.137931034","4.097560976","4.093593882","4.090909091","4.090909091","4.067417858","4.021465124","4.090909091","4.077735849","4.00028223","4","4","4.06779661","4.000637881","4","3.987529363","3.945205479","4","4","4.101265823","4.118718778","4.122691657","4.151065234","4.105263158","4","4","4.07221869","4","3.942857143","3.925385764","3.925211542","3.865434016","3.840387485","4.055209348","4.10507025","4.188679245","4.187302815","4.357675717","4.285714286","4.199814679","4.105945946","4.144111663","4.333006376","4.349258649","4.379710674","4.276190476","4.389169705","4.579424864","4.540540541","4.546643725","4.616391608","4.628571429","4.622899137","4.616288114","4.722153401","4.809867856","4.984615385","5.063430849","5.072187423","5.049260755","4.971428571","4.975575322","4.974293382","4.948453608","4.892862815","4.800847508","4.8","4.8","4.771084337","4.760330579","4.8","4.8","4.745719397","4.738791423","4.786265439","4.742857143","4.794112892","4.717113522","4.732394366","4.8","4.880976693","4.8648648649","4.8","4.8","4.701103668","4.638203955","4.639405204","4.660311426",
"아파트","중랑","지역별 전월세전환율","","7.7","7.7","7.7","7.7","7.7","7.7","7.7","7.6","7.6","7.6","7.6","7.5","7.5","7.4","7.3","7.2","7.2","7.2","7.2","7.2","7.2","7","7.2","7.1","7.1","7.1","7.2","7.2","7.2","7.3","7.2","7.1","6.9","6.7","6.7","6.5","6.7","6.7","6.7","6.7","6.7","6.7","6.5","6.5","6.5","6.5","6.5","6.5","6.1","6","5.9","5.9","5.8","5.8","5.6","5.6","5.454545455","5.324532779","5.337109765","5.142857143","5.003376724","5.052631579","4.856156379","4.8","4.957596082","4.881944444","5.015909351","5","4.934968413","4.839519503","4.8","4.718032899","4.736285746","4.622035805","4.615384615","4.692547188","4.615384615","4.586966676","4.64516129","4.615384615","4.5","4.5","4.465116279","4.444444444","4.285714286","4.363636364","4.447058824","4.444444444","4.559917592","4.588235294","4.5","4.461009891","4.285714286","4.285714286","4.319494823","4.285714286","4.363636364","4.281430265","4.430769231","4.488554861","4.4","4.363636364","4.360410678","4.287097816","4.342105263","4.288482239","4.358451066","4.285714286","4.220108108","4.333333333","4.377001602","4.350260259","4.363636364","4.386816606","4.317507017","4.276190476","4.241831379","4.285714286","4.259209773","4.292817185","4.32","4.244662989","4.160958904","4.116871023","4.143550069","4.125","4.022120001","3.956043956","3.789473684","3.756521739","4","3.93442623","3.972716911","4.002808989","4.324324324","4.2","4.205968496","4.285904255","4.333333333","4.528301887","4.200631357","4.196552407","4.259209773","4.463021315","4.567930174","4.571428571","4.699703224","4.606838434","4.5","4.659535209","4.691560212","4.722882309","4.736842105","4.643397638","4.633174387","4.715789474","4.666666667","4.595744681","4.567682675","4.616207648","4.615384615","4.615384615","4.666666667","4.83468581","4.649953286","4.476095942","4.547583646","4.487905949","4.5","4.44","4.462795496","4.346127822","4.2881000753","4.349349849","4.285714286","4.328657315","4.299902028","4.271186441","4.285714286",
"아파트","성북","지역별 전월세전환율","","7.4","7.4","7.4","7.4","7.4","7.4","7.3","7.2","7.2","7.2","7.1","7.1","7.1","7","6.9","6.9","6.9","6.8","6.9","6.8","6.7","6.6","6.6","6.7","6.6","6.5","6.5","6.6","6.4","6.5","6.5","6.5","6.3","6.3","6.3","6","6","5.7","5.6","5.6","5.6","5.6","5.6","5.5","5.5","5.4","5.2","5.1","5.1","5","5","5","4.9","4.8","4.8","4.7","4.618855397","4.547368421","4.496213825","4.46655439","4.421052632","4.444444444","4.363636364","4.363636364","4.363636364","4.271186441","4.263157895","4.216976422","4.166666667","4.1","4.06615637","4","4","4","4","4","4","4","3.999468283","3.95313182","3.927272727","3.952941176","3.952941176","3.968086459","4","4","4","3.983383132","3.945205479","3.972364304","4","3.999332974","3.934156689","3.904707884","3.903488372","3.910010111","3.948087498","3.96","4","4","4","4","4","4","3.971255673","3.964251969","3.927259265","3.857142857","3.882352941","3.887865163","3.873945409","3.84","3.820399416","3.818181818","3.789473684","3.763354756","3.743632847","3.730569948","3.706563707","3.75","3.857142857","3.957864188","3.958021978","3.84","3.761958824","3.75","3.75","3.770931677","3.755501222","3.870967742","3.930131341","3.78","3.940298507","3.947368421","3.923076923","3.965217391","3.928031698","4.08","4.075471698","4.203217238","4.272075442","4.277227723","4.375276146","4.438707565","4.53162698","4.725056673","4.8","4.822511804","4.8","4.8","4.774535809","4.747252747","4.679622642","4.651351758","4.62","4.5","4.496387502","4.471166105","4.465440115","4.5","4.490115008","4.5","4.512820513","4.528166848","4.567290982","4.589262599","4.682926829","4.690055927","4.667516757","4.732394366","4.744186047","4.787439819","4.7337278107","4.698112789","4.736842105","4.661271676","4.65","4.682926829","4.725424214",
"아파트","강북","지역별 전월세전환율","","7.5","7.5","7.5","7.5","7.5","7.5","7.5","7.6","7.7","7.7","7.5","7.3","7.4","7.4","7.4","7.3","7.2","7.2","7.1","6.9","6.8","6.9","7.1","7.2","7.2","7.1","7.2","7","6.9","6.8","6.7","6.7","6.5","6.5","6.5","6.2","6","5.8","5.7","5.7","5.6","5.6","5.5","5.5","5.3","5.3","5.4","5.5","5.7","5.7","5.5","5.3","5.2","5","4.9","4.8","4.8","4.657113349","4.647560031","4.5","4.372100944","4.644554179","4.363636364","4.340425532","4.310236369","4.285714286","4.235294118","4.135829689","4.06779661","4","4","3.991219937","4","4.054054054","4.125","4.170415136","4.147447016","4.2","4.090909091","4.114022894","4.109248863","4.07486631","4.038983834","4","4","4","4.03590793","4","4.099548148","4.136583937","4.105263158","4.122946388","4.00259587","4.235294118","4.070012918","4.056338028","4.1","4.135054818","4.129611834","4.202978051","4.297186932","4.327903354","4.289010989","4.285714286","4.296703297","4.112560437","4.06779661","4.125","4.017068521","4","4","4","4","4","4","4","3.969473684","3.894874267","3.903840683","3.891891892","3.866671726","3.727518428","3.924705882","3.991659244","4.097560976","4","4.201359423","4.383152189","4.50616959","4.615384615","4.737669564","4.198414429","4.241026745","4.195310551","4.058823529","4.29180287","4.232804233","4.451775937","4.971751412","4.996721311","5.056433409","5.011540391","5.020425246","5.013308615","4.996427547","5.142857143","5.324293173","5.433101236","5.333333333","5.485714286","5.217391304","5.142857143","5.031188137","4.923076923","5.049308956","4.822671677","4.864864865","4.924034907","5.052631579","5.043798307","5.069711538","5.141127376","5.092372881","5.008257388","4.864864865","4.918032787","4.974044607","5.099740124","5.058029287","5.131403118","5.082812372","5.090909091","5.0766768438","5.112921904","5.106031858","5.142857143","5.410482821","5.176470588","5.004165089",
"아파트","도봉","지역별 전월세전환율","","8","8","8","8","8","8","7.9","7.8","7.7","7.5","7.4","7.5","7.5","7.5","7.4","7.4","7.4","7.4","7.4","7.3","7.3","7.3","7.3","7.2","7.2","7.1","7.1","7","6.9","6.9","6.8","6.9","6.8","6.8","6.7","6.5","6.5","6.4","6.3","6.3","6.3","6.2","6.1","6.2","6.2","6.2","6.1","6.1","6","6","5.8","5.7","5.7","5.7","5.6","5.5","5.4","5.271454206","5.12304975","5.008695652","4.941176471","4.924681996","4.953810897","4.888888889","4.8","4.8","4.68208351","4.667375041","4.615308051","4.546411483","4.5","4.5","4.52173913","4.528703065","4.5","4.5","4.5","4.533333333","4.523493622","4.554594887","4.571428571","4.551724138","4.571428571","4.55083314","4.615384615","4.611202725","4.56","4.528883346","4.628731592","4.615384615","4.571428571","4.554744526","4.5","4.516605586","4.5","4.5","4.559483311","4.595405175","4.615384615","4.571428571","4.642864736","4.639626989","4.615384615","4.575835024","4.571428571","4.552497452","4.475020747","4.5","4.432436018","4.434782609","4.387343428","4.434782609","4.454571104","4.434782609","4.42997689","4.363636364","4.4","4.369546344","4.363636364","4.321599115","4.437718404","4.32","4.251968504","4.201784249","4.2","4.169707255","4.085106383","4.109589041","4.107019146","4.32","4.338227848","4.301035419","4.33125","4.314611995","4.445751634","4.333333333","4.310383694","4.366576819","4.417032681","4.448203409","4.460677829","4.496202532","4.528488896","4.571428571","4.623066017","4.724767174","4.8","4.803589954","4.865306883","4.904105699","4.998877268","4.937129015","4.986515599","4.941176471","4.915810993","4.918335076","4.830286163","4.844319867","4.817224526","4.8","4.8","4.74878076","4.714285714","4.654367564","4.653809508","4.666666667","4.674089172","4.665730447","4.743209273","4.8","4.8","4.875","4.8602689795","4.875","4.861522254","4.830188679","4.871181033","4.924483307","4.972907068",
"아파트","노원","지역별 전월세전환율","","7.6","7.6","7.6","7.6","7.6","7.6","7.6","7.5","7.5","7.4","7.4","7.3","7.3","7.3","7.3","7.3","7.3","7.2","7.2","7.2","7.2","7.2","7.2","7.2","7.2","7.1","7.1","7","6.9","6.9","6.8","6.8","6.7","6.6","6.5","6.4","6.4","6.3","6.2","6.3","6.3","6.2","6.2","6.1","6","6","6","5.9","5.9","5.8","5.7","5.6","5.5","5.5","5.5","5.4","5.28","5.2","5.119609569","4.976883745","4.898911636","4.817518248","4.8","4.8","4.8","4.8","4.8","4.764963504","4.779799499","4.697258848","4.64516129","4.615384615","4.615384615","4.588819595","4.569700245","4.56","4.545454545","4.544333459","4.526829959","4.5","4.5","4.49181874","4.5","4.5","4.5","4.529032258","4.5438872","4.571428571","4.553517081","4.560292326","4.565926852","4.575875486","4.571428571","4.522078828","4.5","4.5","4.451982","4.4458185","4.5","4.521986923","4.570177256","4.575875486","4.573224692","4.571428571","4.55373437","4.501181533","4.5","4.447907391","4.5","4.5","4.471441357","4.444444444","4.444444444","4.459836135","4.44","4.444673943","4.411752149","4.405052572","4.390243902","4.351165803","4.315245948","4.308924963","4.285714286","4.285714286","4.235294118","4.277017739","4.223463687","4.246981643","4.26035503","4.25813597","4.285714286","4.323212533","4.373455289","4.401197605","4.434258145","4.457142857","4.405604803","4.435290394","4.5","4.515186796","4.5","4.54654036","4.634220664","4.658837733","4.661924891","4.702310222","4.756929161","4.8","4.788824938","4.829508987","4.859680515","4.905412929","4.92","4.898058387","4.869876549","4.864864865","4.816790712","4.8","4.748571429","4.8","4.772161618","4.761904762","4.70318972","4.695652174","4.666666667","4.649809312","4.649077536","4.692490036","4.714314389","4.733529476","4.736842105","4.727272727","4.7063149626","4.695219834","4.693126289","4.675324675","4.695652174","4.727272727","4.752475248",
"아파트","은평","지역별 전월세전환율","","7.5","7.5","7.5","7.5","7.5","7.5","7.5","7.2","7.2","7.2","7.1","7.1","7.2","7.3","7.4","7","7","6.9","6.7","6.8","6.7","6.7","6.7","6.7","6.7","6.7","6.7","6.7","6.7","6.7","6.5","6.5","6.5","6.5","6.4","6.2","6.2","6","6","6","6","6","6","6.1","6.1","6.1","6","6","6","6","6","5.9","5.8","5.9","5.7","5.5","5.4930546","5.419366792","5.4","5.382630229","5.313144644","5.068091924","5","4.8881704","4.700587966","4.710532856","4.615384615","4.615384615","4.655035353","4.682926829","4.615384615","4.5","4.271889401","4.488881045","4.34056022","4.389996806","4.349333549","4.247235854","4.348025661","4.185974807","4.287309294","4.258064516","4.333333333","4.436128644","4.45437788","4.426602362","4.4","4.363636364","4.407003114","4.235294118","4.258064516","4.216216216","4.186133955","4.22067992","4.235294118","4.363636364","4.285714286","4.413793103","4.380459043","4.432748538","4.399958683","4.35829066","4.242647059","4.153846154","4.134652113","4.175360456","4.203871083","4.473721871","4.373523823","4.525145541","4.622731614","4.665323899","4.79008845","4.503521127","4.661053022","4.630842369","4.717154981","4.615384615","4.695652174","4.783749471","4.466917977","4.949770091","4.705882353","4.848484848","4.8","4.615384615","4.608605796","4.35409629","4.432849824","4.427029667","4.545454545","4.799674218","4.702856466","4.533333333","4.357569183","4.445070423","4.421052632","4.32066482","4.628743182","4.678962393","4.647347005","4.714285714","4.688090737","4.713352385","4.66875294","4.823464388","5.006539917","5.016725007","4.965517241","5.052631579","4.99928627","4.893424036","4.943658061","4.8","4.736842105","4.515246279","4.533333333","4.536170213","4.5","4.573408977","4.5","4.592675033","4.571428571","4.518668447","4.603695444","4.607370227","4.685676984","4.602739726","4.585176554","4.717987446","4.763637113","4.877419355","4.8280138797","4.87497171","4.852278704","4.8","4.85934298","4.8","4.790943396",
"아파트","서대문","지역별 전월세전환율","","7.2","7.2","7.2","7.2","7.2","7.2","7.2","7.2","7.3","7.2","7.1","7","6.9","7","6.9","6.9","6.9","6.9","6.9","6.9","7","6.9","6.8","6.9","6.7","6.8","6.8","6.8","6.7","6.5","6.5","6.3","6.3","6.3","6.4","6.3","6.2","6","6","6","6","5.9","6","6","5.9","5.9","5.7","5.4","5.4","5.3","5.3","5.3","5.3","5.3","5.2","5.1","4.943131616","4.80941792","4.8","4.705882353","4.548589342","4.555862069","4.383357245","4.415500089","4.376470588","4.430769231","4.413839408","4.363636364","4.430769231","4.26744763","4.112722835","4.08","4.097560976","4.071428571","4","4","4.084931468","4.114285714","4.105263158","4.034133933","4.075471698","4","4","4","3.954811972","3.893973621","3.848324866","3.879260348","3.868553278","3.871571599","3.882352941","3.922849209","3.9","3.838011393","3.885714286","3.857142857","3.84","3.882352941","3.927055703","4.06779661","4.115785538","4.090144919","4.090527005","4.057706988","4","3.886895686","3.857142857","3.715939544","3.837117052","3.762225785","3.818181818","3.882352941","3.857142857","3.878478229","3.857142857","3.813155992","3.772656716","3.84","3.828732337","3.839282856","3.951527924","4","4.048833783","4.090909091","4.042105263","3.876296045","3.862795193","3.822191218","3.692307692","3.746313445","3.837808219","3.891891892","3.969878855","4","4.090917345","4.114285714","4.153846154","4.377575298","4.403669725","4.403669725","4.438996362","4.5","4.549694953","4.661206829","4.8","4.910685805","5","5.126213592","5.031109256","4.937388193","4.874049122","4.812489156","4.8","4.767792955","4.740740741","4.653061224","4.648263385","4.62255302","4.57598591","4.6","4.584","4.597905578","4.648162041","4.656716418","4.633204633","4.588235294","4.533333333","4.552148965","4.545124136","4.657122303","4.702880636","4.742644245","4.8","4.773960217","4.796687984","4.618803419","4.615384615","4.675862069","4.739241721",
"아파트","마포","지역별 전월세전환율","","7.4","7.4","7.4","7.4","7.4","7.4","7.3","7.2","7.1","7.1","7","7","7","6.9","6.9","6.9","6.9","6.8","6.8","6.7","6.7","6.6","6.5","6.6","6.5","6.5","6.4","6.4","6.4","6.3","6.2","6.1","6","6","6","6","6","6","6","6","6","6","5.9","5.7","5.7","5.7","5.6","5.5","5.5","5.5","5.2","5.1","5.1","5.1","5.1","5.1","5.053065975","4.962758621","4.8","4.8","4.661691542","4.568880284","4.5","4.475373127","4.430769231","4.363636364","4.363636364","4.285714286","4.235294118","4.216615152","4.137764673","4.114285714","4.03539823","4","4","3.958762887","3.918367347","3.923076923","3.918367347","3.874241437","3.870967742","3.899268643","3.885714286","3.857142857","3.879298188","3.882506237","3.947368421","3.920722135","3.927272727","3.949192244","3.965288858","3.891891892","3.818181818","3.852933225","3.896670342","3.878676471","3.9","3.927272727","3.918367347","3.998680882","3.988310912","4","3.976315455","3.938058883","3.999497925","3.918367347","3.84","3.829787234","3.80952381","3.818181818","3.818181818","3.891891892","3.873945409","3.857807352","3.818181818","3.84","3.834560861","3.786609481","3.737704918","3.825394076","3.854439358","3.907682583","4.009090909","4.08960088","4","3.893497833","3.956043956","4.03960396","4.076514904","4.235294118","4.356208756","4.363636364","4.32","4.32","4.363636364","4.32","4.21010381","4.232127889","4.235294118","4.209805773","4.202846236","4.186046512","4.257916954","4.366668773","4.5","4.68","4.8","4.897186339","4.810865162","4.8","4.8","4.8","4.75","4.632847891","4.628571429","4.618123186","4.605364681","4.6","4.677966102","4.705421082","4.736842105","4.675324675","4.666666667","4.653205113","4.615723378","4.6","4.595744681","4.606060606","4.611336709","4.678983051","4.759891998","4.8","4.750594231","4.730710331","4.6875","4.673297008","4.714285714","4.714285714","4.727272727",
"아파트","양천","지역별 전월세전환율","","7.3","7.3","7.3","7.3","7.3","7.3","7.5","7.5","7.5","7.5","7.5","7.5","7.3","7.2","7.2","7","6.9","6.9","6.9","7","7","7","6.9","6.8","6.7","6.5","6.5","6.5","6.5","6.5","6.6","6.6","6.7","6.6","6.7","6.6","6.3","6","5.9","5.8","5.8","6","6","6.4","6.3","6","5.8","5.6","5.4","5.3","5.2","5.2","5.1","5","5.1","5","4.916083916","4.8","4.777070064","4.774163774","4.615355003","4.363636364","4.363636364","4.339526088","4.32","4.335626622","4.301886792","4.2","4.084126074","4","4","3.980004356","3.944031311","3.839456501","3.857142857","3.863845233","3.879065211","3.855888586","3.892192471","3.897435897","3.882352941","3.891891892","3.882352941","3.813852814","3.833992095","3.84","3.79349291","3.802281369","3.84","3.826765463","3.818181818","3.84","3.82854741","3.804878049","3.692307692","3.692307692","3.668213646","3.692307692","3.692307692","3.767117988","3.804891625","3.84","3.859340393","3.891891892","3.818181818","3.802184504","3.798949283","3.757894737","3.75","3.73054994","3.714285714","3.692307692","3.637894737","3.692307692","3.689128095","3.813807541","3.879330513","3.9","3.923076923","3.971631206","3.873192","3.970846704","4.060913706","4.080536653","3.947368421","4.06779661","4.210526316","4.363636364","4.4","4.532694611","4.532694611","4.532694611","4.457876046","4.258428574","4.312713472","4.04747191","4.012439828","3.967504449","4.228608752","4.277113513","4.322033898","4.582836118","4.700615557","4.687204202","4.581727153","4.513585764","4.583460527","4.714871696","4.679583037","4.727272727","4.695652174","4.615384615","4.611696176","4.552339129","4.547696301","4.547696301","4.556962025","4.545887975","4.624154317","4.588235294","4.615384615","4.591558442","4.540540541","4.528301887","4.5","4.48","4.501651755","4.50913123","4.626885885","4.678321678","4.715053703","4.712910028","4.7724154026","4.743083004","4.666963315","4.723404255","4.821181755","4.800320911","4.8",
"아파트","강서","지역별 전월세전환율","","7.6","7.6","7.6","7.6","7.6","7.6","7.5","7.4","7.4","7.3","7.2","7.2","7.3","7.2","7.2","7.2","7.2","7.2","7","7","7","7","6.8","6.8","6.8","6.7","6.7","6.7","6.8","6.7","6.6","6.5","6.5","6.4","6.4","6.3","6.3","6","6","6","6","5.8","5.8","5.8","5.8","5.8","5.7","5.9","5.8","5.8","5.7","5.5","5.4","5.1","5.1","5","4.86553323","4.615384615","4.5","4.47272469","4.458711667","4.476164047","4.444444444","4.430769231","4.444444444","4.4","4.334733894","4.285714286","4.235294118","4.211514793","4.223905088","4.173913043","4.216216216","4.173913043","4.173913043","4.153846154","4.153846154","4.183082177","4.137931034","4.153846154","4.163265306","4.044308446","4.034948624","4.090909091","4.122764901","4.093399101","4.006548176","4.026210411","4.022329897","4","4","4","4","4","4","4.013062409","4.035577116","4.0495473","4.137931034","4.16","4.153846154","4.173913043","4.210526316","4.167881377","4.153846154","4.06779661","4.122699387","4.216216216","4.076849429","4","4","4","3.941139015","3.863549253","3.876177658","4","4","4","4","4.031017813","4.153846154","4.210664911","4.220278579","3.839746667","3.157894737","2.943396226","2.865671642","2.6170757","2.4","3.317469205","3.610832303","3.818181818","3.874066677","3.990498812","3.947368421","4.013377926","4.068157017","4.090909091","3.923994697","4.075833789","4.11524126","4.173913043","4.319248826","4.334403717","4.62064825","4.664091735","4.8","4.836428317","4.824953294","4.644319776","4.64516129","4.615384615","4.52941973","4.465116279","4.4","4.580388715","4.5","4.615384615","4.480905416","4.521972089","4.395604396","4.333333333","4.235294118","4.2","4.190356575","4.118343195","4.128440367","4.118918919","4.384615385","4.5","4.583333333","4.593301435","4.5882352941","4.415151515","4.421052632","4.421984759","4.390243902","4.368818182","4.380952381",
"아파트","구로","지역별 전월세전환율","","7.1","7.1","7.1","7.1","7.1","7.1","7.1","7.1","7.2","7.1","7.1","7.1","7.1","7.1","7","6.9","6.9","6.8","6.7","6.7","6.7","6.6","6.4","6.4","6.5","6.6","6.6","6.7","6.6","6.5","6.5","6.1","6","6","6","6","6","5.9","6","5.8","5.8","5.8","5.7","5.9","5.7","5.6","5.6","5.5","5.5","5.3","5.3","5.3","5.3","5.3","5.3","5.1","5.03662183","4.909090909","4.8","4.710084034","4.556195965","4.615384615","4.554744526","4.5","4.517647059","4.524576089","4.501170282","4.333333333","4.363636364","4.363636364","4.363636364","4.394366197","4.363636364","4.338139661","4.2","4.137931034","4.214454592","4.230277186","4.205263158","4.285714286","4.220360543","4.25590892","4.237668531","4.267110846","4.235294118","4.226745383","4.285714286","4.285714286","4.261504492","4.190296966","4.173913043","4.102202327","4.090909091","4.084972639","4.029279811","4","4.000392394","4","4","4.085106383","4.088007737","4.137931034","4.105263158","4.133068746","4.153846154","4.114285714","4.090909091","4.312817733","4.2","4.210526316","4.182910896","4.173913043","4.216216216","4.114285714","4.004121579","4","4","3.998750156","3.901328498","3.995398814","4.06797235","4.097894138","4.092120423","4.06779661","4.060925332","3.931740614","3.827252616","4","4.119357433","4.170158414","4.054054054","4.158481327","4.214876033","4.173913043","4.173913043","4.187680287","4.390243902","4.425531915","4.254361283","4.264560711","4.42804428","4.32","4.363636364","4.396551724","4.495677233","4.596952184","4.634482759","4.900962188","4.8","4.8","4.767742324","4.666666667","4.545478001","4.300111982","4.269806426","4.302788845","4.236059954","4.264506611","4.451680672","4.528550064","4.528798241","4.56","4.596515445","4.504143646","4.476357638","4.485981308","4.444444444","4.5","4.52264179","4.8","4.8","4.741149451","4.7404751233","4.684875491","4.666666667","4.5","4.386593407","4.394529349","4.394366197",
"아파트","금천","지역별 전월세전환율","","7.7","7.7","7.7","7.7","7.7","7.7","7.5","7.5","7.6","7.6","7.5","7.7","7.5","7.3","7.2","7.2","7.1","6.9","6.9","6.9","6.9","7","6.9","6.9","6.9","7","7.1","7","6.7","6.7","6.7","6.6","6.5","6.7","6.7","6.8","6.8","6.7","6.7","6.5","6.3","6","6","6","6","6","6","6","6","6","5.7","5.6","5.6","5.5","5.3","5.1","5.123681855","4.946850394","4.8","4.840598513","4.8","4.88564074","4.935241066","4.941176471","4.897959184","4.705882353","4.736842105","4.801071309","4.937254902","4.8","4.949715112","4.888888889","4.8","4.64516129","4.554470552","4.5","4.5","4.563703025","4.421052632","4.609364095","4.634640717","4.714285714","4.782679548","4.714285714","4.747727273","4.662745098","4.615384615","4.5","4.5","4.5","4.444444444","4.447286794","4.5","4.612955466","4.631578947","4.615384615","4.615384615","4.663557101","4.64981559","4.615384615","4.615384615","4.705932208","4.533853901","4.5","4.421052632","4.430769231","4.46748499","4.508823529","4.585323891","4.549763033","4.5","4.5","4.5","4.469554108","4.363636364","4.302857143","4.306613378","4.4805002","4.484798454","4.5","4.5","4.455678024","4.355029586","4.316546763","4.183694452","3.93442623","3.84","3.882352941","3.857142857","3.891176471","4","4.251968504","4.285714286","4.344855922","4.297353528","4.285714286","4.295398574","4.325346896","4.38410149","4.421918139","4.601042116","4.695652174","4.695982082","4.755165582","4.783362218","5","5.184485388","5.189189189","5.142857143","5.090909091","4.961118998","4.920552507","4.8","4.929675036","4.936314149","4.88663627","4.909090909","4.923076923","4.931969054","4.941176471","4.803488737","4.844886754","4.8","4.873863636","4.892307692","4.978723404","5.008433735","5.083166575","5.142857143","5.142684936","5.108747045","5.114754098","5.2173913043","5.104716147","5.090909091","5.115447979","4.949226804","5.076923077","5.095067283",
"아파트","영등포","지역별 전월세전환율","","7.2","7.2","7.2","7.2","7.2","7.2","7.1","7.2","7.2","7","7.1","6.7","6.7","6.7","6.7","6.7","6.7","6.7","6.7","6.8","6.8","6.9","6.9","7","7.1","7","6.9","6.9","6.9","6.8","6.6","6.6","6.5","6.5","6.5","6.5","6.5","6.5","6.3","6.1","6.2","6","6","6","5.9","5.8","5.8","5.8","5.6","5.5","5.5","5.5","5.5","5.3","5.2","5.2","5.142857143","5","5","4.885983768","4.826672872","4.8","4.74593939","4.670403973","4.571428571","4.465116279","4.446958398","4.421052632","4.303448276","4.258064516","4.257103795","4.26150185","4.247711941","4.180490371","4.227693616","4.183751822","4.2","4.137931034","4.138421402","4.2","4.137931034","4.119601329","4.110032362","4.125","4.005070855","4","4.000314367","4.08","4.090909091","4.08989899","4.056338028","4.01657053","4.101412067","4","3.959509892","4","4.090909091","4.173913043","4.125","4.186956522","4.113429485","4.03960396","4.014774777","4.035327491","4.010957735","4.026060362","4","4.001047998","4","3.9","3.857142857","3.854842785","3.823090672","3.828598366","3.8","3.795918367","3.8","3.808674751","3.726686366","3.73259909","3.75","3.779017555","3.802439024","3.741648107","3.846153846","3.9","3.849238172","3.818181818","3.867379136","3.891891892","3.93442623","3.87893337","3.988814865","4.052027027","4.066666667","4.0521012","4.090909091","4.095070783","4.078064783","4.117527018","4.0921463","4.119402985","4.235294118","4.332654589","4.419926199","4.615384615","4.797658125","4.857142857","4.8","4.802557185","4.8","4.8","4.790486261","4.8","4.8","4.715439854","4.777704048","4.714285714","4.653061224","4.653736068","4.56","4.583946908","4.517279822","4.469941862","4.50455718","4.5","4.5","4.500246076","4.564417178","4.615384615","4.773653094","4.785112982","4.8276776246","4.8","4.8","4.8","4.8","4.798147873","4.8",
"아파트","동작","지역별 전월세전환율","","7.1","7.1","7.1","7.1","7.1","7.1","7.1","7","7","7","6.9","6.9","6.8","6.8","6.7","6.7","6.7","6.6","6.5","6.6","6.5","6.4","6.4","6.5","6.6","6.7","6.8","6.7","6.6","6.7","6.5","6.2","6","6","5.8","5.7","5.6","5.5","5.5","5.5","5.5","5.5","5.5","5.5","5.4","5.2","5.1","5.1","5.1","5.1","5","5","4.9","4.9","4.8","4.8","4.666666667","4.540754407","4.572509534","4.5","4.536936937","4.5","4.5","4.5","4.421052632","4.302528387","4.297976347","4.162852602","4.114285714","3.974183735","3.901494874","3.891891892","3.91297409","4","3.999447469","4","4","4","3.951219512","3.904426625","3.84","3.818181818","3.818181818","3.818181818","3.84","3.860774818","3.870967742","3.878136638","3.926621391","3.853211009","3.84709591","3.857142857","3.746586826","3.681818182","3.62762605","3.636363636","3.642857143","3.701441881","3.771428571","3.852933225","3.852799953","3.906200869","3.852655688","3.789473684","3.72815534","3.692307692","3.731128345","3.667285137","3.692307692","3.681818182","3.703216704","3.666666667","3.666666667","3.661016949","3.656638345","3.614457831","3.6","3.640374462","3.6","3.582089552","3.553907892","3.622641509","3.627906977","3.6","3.642972168","3.724137931","3.605410822","3.604507889","3.605410822","3.6","3.709090909","3.617742988","3.692307692","3.619489559","3.69228132","3.674641148","3.760683761","3.883495146","3.894687248","4","4.055749129","4.114285714","4.09556314","4.137931034","4.319410286","4.465116279","4.640265128","4.748739013","4.8","4.735787516","4.714285714","4.698181659","4.588235294","4.485125627","4.404081633","4.436067235","4.434782609","4.390792291","4.364595332","4.363636364","4.330144579","4.371367543","4.4","4.363636364","4.363636364","4.431953319","4.379932971","4.457216093","4.367248645","4.470588235","4.552603794","4.540144579","4.6344827586","4.530482927","4.545454545","4.477564715","4.489376172","4.5","4.544760628",
"아파트","관악","지역별 전월세전환율","","7.4","7.4","7.4","7.4","7.4","7.4","7.2","7.1","7.1","7.1","7.2","7.2","7.2","7.2","7.2","7.1","7","7","7","6.9","6.9","6.7","6.7","6.7","6.6","6.5","6.6","6.5","6.5","6.5","6.5","6.4","6.3","6.3","6.4","6.2","6","6","6","6","5.8","5.7","5.7","5.6","6","5.5","5.5","5.5","5.5","5.5","5.3","5.3","5.4","5.3","5.2","5.1","5.142857143","5.142857143","4.965517241","4.924781939","4.886479592","4.724292101","4.725619241","4.716117216","4.661691542","4.628571429","4.571428571","4.533333333","4.421052632","4.4","4.363636364","4.363636364","4.356938975","4.369291295","4.317413862","4.363636364","4.337349418","4.31844656","4.284565869","4.15855573","4.137931034","4.2","4.2","4.235294118","4.32","4.363636364","4.336983495","4.285714286","4.266666667","4.258064516","4.235294118","4.217199017","4.222222222","4.258064516","4.2","4.137931034","4.313513514","4.323934426","4.285714286","4.285714286","4.285714286","4.216216216","4.137931034","4.078790934","4","4","3.938673493","4.085106383","4","4","4.08","4.153846154","4.235294118","4.285714286","4.444444444","4.4","4.307692308","4.058056646","4.2","4.250244858","4.114285714","4.209694447","4.166666667","4.276190476","4.123379132","4.105263158","4.09181711","4.06779661","4.114285714","4.112424869","4.230714714","4.054359987","4.041758758","4.105263158","4.285714286","4.3","4.275014672","4.354400803","4.4","4.448941106","4.559417251","4.682926829","4.714285714","4.8","4.8","4.801333704","4.90797546","5.042136398","4.977777778","4.896958787","4.923076923","4.8","4.797651089","4.8","4.75","4.721311475","4.714285714","4.76970547","4.662407184","4.608","4.6","4.615384615","4.675324675","4.560805511","4.615384615","4.441953164","4.463768116","4.544465027","4.450759356","4.50867052","4.506122449","4.6","4.5714285714","4.545454545","4.545454545","4.528370551","4.524559666","4.5","4.601164524",
"아파트","서초","지역별 전월세전환율","","6.9","6.9","6.9","6.9","6.9","6.9","6.9","6.9","6.8","6.8","6.8","6.7","6.7","6.7","6.7","6.7","6.7","6.8","6.7","6.6","6.6","6.5","6.5","6.4","6.3","6.2","6.2","6.2","6.1","6","6","6","6","6","5.9","5.8","5.7","5.6","5.5","5.5","5.5","5.5","5.5","5.4","5.4","5.3","5.2","5.1","5.1","5.1","5.1","5","4.9","4.9","4.8","4.7","4.702533698","4.717897907","4.594372495","4.5","4.5","4.444444444","4.363636364","4.344666019","4.315983085","4.312945801","4.266666667","4.254299995","4.266666667","4.182274635","4.163265306","4.114285714","4.08","4","4","4","3.947378554","3.961118828","3.903614458","3.923076923","3.937056019","3.920305871","4","3.945539306","3.952941176","3.928949264","3.9","3.890569227","3.96944287","3.927272727","3.919949716","3.960101917","3.931034483","3.872950551","3.89039039","3.898569631","3.872035075","3.927272727","3.916666667","3.965217391","4","4","4","4","3.962467747","3.927272727","3.92107456","3.911655977","3.857142857","3.942857143","3.940176751","3.9","3.866700683","3.84757313","3.825568797","3.789806775","3.764705882","3.80952381","3.744","3.65","3.699697363","3.745863187","3.758229423","3.810972184","3.907985607","4.015246353","4","4.137931034","4.072251248","4.032372251","4.061538462","4.05901285","4.137931034","4.137931034","4.119075131","4.06144777","4.07268867","4.097736022","4.06779661","4.013698202","3.990381062","3.992438563","4.079825789","4.110332015","4.184384373","4.226911985","4.320108528","4.5","4.5","4.585987261","4.560359747","4.729190348","4.654390683","4.495518543","4.533333333","4.533333333","4.556962025","4.588235294","4.608","4.615384615","4.600738902","4.588190722","4.615384615","4.6","4.582366377","4.605739424","4.582914573","4.556962025","4.56","4.48612548","4.514946325","4.55714536","4.5521016093","4.593065192","4.638655462","4.698098889","4.758083102","4.663376277","4.666666667",
"아파트","강남","지역별 전월세전환율","","7.5","7.5","7.5","7.5","7.5","7.5","7.5","7.5","7.5","7.5","7.4","7.2","7.2","7.1","7.2","7.2","7.1","7.2","7.1","7.1","7.1","7.2","7.1","7","6.9","6.8","6.6","6.6","6.6","6.5","6.5","6.4","6.4","6.4","6.2","6.1","6","5.9","5.8","5.8","5.8","5.8","5.8","5.9","5.8","5.8","5.7","5.7","5.6","5.5","5.5","5.4","5.3","5.2","5.1","5","4.899090317","4.8","4.765099987","4.615384615","4.5","4.445238361","4.425","4.38321869","4.4","4.378005812","4.4","4.4","4.384615385","4.326725124","4.266666667","4.242943999","4.225352113","4.173913043","4.172298867","4.14","4.145311932","4.153846154","4.114285714","4.099933305","4.08","4.051948052","4","4.0365649","4","3.994004398","4","3.995827176","4","4","4","4.03860305","4.043207989","4.033613445","4","4","4","4","4","4.059918589","4.061538462","4.105263158","4.080418126","4","4","3.974325807","4","3.998044018","3.947725014","4","4","4","4","3.952720588","3.94137507","3.907179091","3.908456409","3.963142074","3.961165049","3.98119985","3.965217391","4.003710847","4.073825849","4.162821929","4.235294118","4.158568762","4.153846154","4.082987552","4.076663077","4.050828298","4.140281598","4","4.072054317","4.215595165","4.210526316","4.2","4.253164557","4.271706736","4.266666667","4.238939811","4.255319149","4.310844276","4.294370109","4.301517129","4.35","4.444444444","4.736842105","4.8","4.8","4.8","4.8","4.768472715","4.65","4.594380508","4.57120973","4.571428571","4.615384615","4.648890291","4.615384615","4.652673439","4.683324834","4.681534979","4.666666667","4.657769974","4.678795038","4.666666667","4.6","4.6","4.629822732","4.628571429","4.682745797","4.714285714","4.753633841","4.782237404","4.8","4.782986144","4.759916493","4.729425647","4.764705882",
"아파트","송파","지역별 전월세전환율","","6.7","6.7","6.7","6.7","6.7","6.7","6.6","6.7","6.6","6.6","6.4","6.4","6.4","6.3","6.3","6.3","6.3","6.3","6.3","6.3","6.2","6.2","6","6","5.8","5.7","5.7","5.6","5.5","5.5","5.5","5.5","5.4","5.4","5.3","5.3","5.2","5.1","5.1","5","5","5.1","5","5","4.9","4.8","4.7","4.6","4.6","4.6","4.5","4.5","4.4","4.4","4.4","4.3","4.285714286","4.2","4.114285714","4","3.996821141","3.983469805","3.963402496","4","4","3.942857143","3.923092998","3.857142857","3.789473684","3.75","3.731226132","3.635573342","3.6","3.6","3.6","3.6","3.6","3.6","3.6","3.633204111","3.638722818","3.564179104","3.52","3.529411765","3.5","3.503772779","3.502808342","3.597839517","3.6","3.6","3.634793126","3.637460465","3.636363636","3.6","3.6","3.6","3.6","3.6","3.595119076","3.6","3.610560612","3.600550737","3.6","3.6","3.605749001","3.6","3.567567568","3.36","3.444135653","3.473684211","3.494353891","3.490909091","3.43559854","3.511551404","3.511639698","3.454912562","3.466666667","3.492537313","3.555012603","3.6","3.673469388","3.871462235","3.989811912","4.019467326","3.991510006","4","4.021197556","3.933294765","3.9","3.862402714","3.875246343","3.830757068","3.841811025","3.814157527","3.854905704","3.871412606","3.765742772","3.865238467","3.881059635","3.84","3.870967742","3.936113344","4.08","4.20059307","4.310970572","4.507439108","4.666666667","4.714285714","4.459141587","4.444444444","4.363636364","4.277926242","4.126056417","4.011235425","4.372180964","4.337349398","4.363636364","4.384615385","4.390243902","4.384615385","4.329004329","4.32","4.32","4.25","4.204980237","4.235294118","4.298507463","4.348446945","4.408163265","4.5","4.541455334","4.622880517","4.4987775061","4.483807672","4.380952381","4.394366197","4.343842365","4.266666667","4.505119454",
"아파트","강동","지역별 전월세전환율","","8","8","8","8","8","8","7.9","7.8","7.7","7.5","7.5","7.4","7.2","7.1","7.1","7.1","7.1","7.1","7.1","7.1","7.1","7.1","7","6.9","6.9","6.8","6.9","6.8","6.9","6.7","6.7","6.7","6.5","6.5","6.5","6.4","6.4","6.4","6.3","6.1","6.2","6.1","6.1","6.1","6","6","5.7","5.7","5.6","5.6","5.8","5.7","5.8","5.8","5.5","5.4","5.189189189","5.135050065","5.030873668","4.850318615","4.918325876","4.876830534","4.8","4.8","4.8","4.840237385","4.754235601","4.722648325","4.7","4.618626708","4.465116279","4.307692308","4.296290264","4.363636364","4.363636364","4.390901351","4.363636364","4.285714286","4.285714286","4.237468768","4.216094991","4.168906861","4.173946465","4.153846154","4.133333333","4.068415681","4.085106383","4.153846154","4.219365982","4.119402985","4.153846154","4.102637389","4.153440958","4","4","4","4","4.051840218","4.111828073","4.205658995","4.285714286","4.401336122","4.251213592","4.225092575","4.235294118","4.090909091","4","3.870967742","3.84","3.75","3.792435974","3.791438868","3.829787234","3.84","3.84","4","4","4","3.775280899","3.666666667","3.583454073","3.591331269","3.794878685","3.764508736","4.183439925","4.233941232","4.350489499","4.684821745","4.636064165","4.741925168","4.6015625","4.421199618","4.38482755","4.075649612","4.06172225","4.311833294","4.08607578","4.052851946","4.178783071","4.235294118","4.038035306","4.06374502","4.285173374","4.359376781","4.5","4.08","4.441245081","4.444444444","4.526962066","4.451263374","4.424780078","4.8","4.788481897","4.794421789","4.767721013","4.732394366","4.71686595","4.729551689","4.683723851","4.736842105","4.602975088","4.605491848","4.742766427","4.660905893","4.621879689","4.588376051","4.724940855","4.8","4.8","4.581818182","4.601512556","4.621548805","4.6803222919","4.6014441","4.615384615","4.792826501","4.68347085","4.651162791","4.705518996",
"아파트","부산","지역별 전월세전환율","","7.5","7.5","7.5","7.5","7.5","7.5","7.4","7.3","7.2","7.2","7.2","7.2","7.1","7","6.9","6.9","6.8","6.8","6.8","6.7","6.7","6.8","6.7","6.7","6.7","6.7","6.5","6.5","6.5","6.4","6.3","6.2","6.2","6.1","6","6","6","6","6","6","6","6","6","6","6","6","6","6","6","6","6","5.8","5.7","5.6","5.5","5.5","5.45199623","5.333333333","5.333333333","5.256964302","5.25","5.236363636","5.145525075","5.142857143","5.103203273","5.13409168","5.058434317","5.003487885","5","4.881845756","4.8","4.787163252","4.722274172","4.666666667","4.666666667","4.695652174","4.719033614","4.714285714","4.765108052","4.796282826","4.714285714","4.666666667","4.666666667","4.666666667","4.666666667","4.666666667","4.685521003","4.730800656","4.736842105","4.79122086","4.73635971","4.733966005","4.666666667","4.651610478","4.66362821","4.660194175","4.660865887","4.653942611","4.666666667","4.714285714","4.727272727","4.714285714","4.682926829","4.695652174","4.666666667","4.615384615","4.615384615","4.588235294","4.588235294","4.574112579","4.597927846","4.595689825","4.589067508","4.573776951","4.554079696","4.533729258","4.5","4.47570671","4.412121196","4.366474756","4.339617516","4.363636364","4.363636364","4.390976842","4.430769231","4.457568945","4.465116279","4.440401977","4.444444444","4.421052632","4.465116279","4.454203491","4.5","4.628825774","4.64516129","4.665669258","4.64778827","4.666666667","4.706457838","4.771929825","4.8","4.846771096","4.888888889","4.956330161","5.007743949","5.091211834","5.152893128","5.22118777","5.25","5.25","5.25","5.204664658","5.2","5.202857479","5.200258022","5.235110977","5.220113365","5.222181003","5.241248817","5.252337548","5.243463111","5.217391304","5.230769231","5.217391304","5.215041324","5.202665348","5.25","5.21795916","5.218638266","5.267098747","5.270494682","5.276758407","5.25","5.253727746","5.25","5.268238558","5.25","5.25","5.250475371",
"아파트","영도","지역별 전월세전환율","","8.4","8.4","8.4","8.4","8.4","8.4","8","8","8","8","7.7","7.7","7.9","8","8","7.8","7.7","7.7","7.6","7.4","7.4","7.4","7.5","7.5","7.6","7.6","7.5","7.3","7.2","7.1","7.2","6.9","6.9","6.9","6.5","6.5","6.4","6.7","6.6","6.8","7","7.1","7.2","7","7.1","6.8","6.8","6.9","6.8","6.8","6.8","6.7","6.7","6.5","6.4","6.4","6.153846154","6.26499083","6.279590793","6.477348558","6.79245283","6.718682161","6.718682161","6.656044377","6.545454545","6.426142429","6.549286093","6.545454545","6.581878089","6.561055084","6.517455139","6.576655623","6.545454545","6.545454545","6.4","6.410325893","6.4","6.075492616","6.08","6","6","5.902197228","5.971781691","6.086956522","6","6","6","6","6","5.764230276","5.793316632","6","6","5.864025989","5.788377561","5.626702997","5.684210526","5.748529412","5.613351499","5.559044712","5.539421455","5.454545455","5.702773246","5.86169348","5.918069637","5.793103448","5.882102375","5.31075868","5.372141372","5.454545455","5.526549998","5.626702997","5.573818603","5.688066329","5.763685282","5.818181818","5.815107344","5.793103448","5.665634675","5.626702997","5.647058824","5.6","5.454545455","5.6","5.582769451","5.56837665","5.465773097","5.604957968","5.510873298","5.28","5.510873298","5.602478984","5.544230769","5.485714286","5.6","5.584456998","5.575398089","5.549718574","5.5","5.58291324","5.476210354","5.281939428","5.333333333","5.333333333","5.485714286","5.333333333","5.446731083","5.538461538","5.583801123","5.692947213","5.693151757","5.675515603","5.647058824","5.647058824","5.647058824","5.6","5.399992437","5.454545455","5.427272727","5.538461538","5.845285618","5.773325395","6","5.725338491","5.749153062","5.894990325","5.6","5.76","5.8737348","5.996877676","6","6.037629398","6","6","6","6","5.952754462","5.788343802","5.91350684",
"아파트","부산진","지역별 전월세전환율","","8","8","8","8","8","8","7.7","7.7","7.8","7.8","7.6","7.5","7.5","7.4","7.4","7.2","7.2","7.5","7.4","7.4","7.5","7.6","7.6","7.3","7.6","8","8","8","8","7.5","7.1","7","7","7.1","7","6.7","6.8","6.7","6.7","6.6","6.6","6.7","6.7","6.7","6.3","6.3","6.3","6.5","6.5","6.5","6.5","6.5","6.6","6.3","6.2","6.1","6.125638854","6.000660285","6","6","6","5.937131085","5.777226905","5.818257762","5.777777778","5.89681018","5.751347448","5.714285714","5.592716465","5.494541025","5.587634069","5.454545455","5.403696233","5.25","5.25","5.28","5.187159956","5.072625698","5.255474453","5.172213619","5.102835812","5.086651446","5.064638126","5.142857143","5.154359531","5.243831152","5.173412667","5.224368222","5.217391304","5.095527333","5.106382979","5.094445483","5.142857143","5.187159956","5.154017346","5.187159956","5.25","5.217391304","5.217391304","5.187159956","5.167910063","5.131100951","5.012551461","5.204120467","5.025166096","4.953901415","4.941176471","4.941176471","4.912672519","4.909090909","4.990020368","5","5.1","5.007158853","5.1","5.053842951","5.078520024","5.142857143","5.034146341","4.937159218","4.856918855","5","4.969642129","4.899294619","5","5.008323259","5.052631579","5.130662673","5.093427958","5.131428571","5.093427958","4.909090909","5.023745966","4.884185523","4.932237027","4.879802345","4.991010184","5.051233762","5.162972621","5.368883148","5.333333333","5.309679761","5.412989438","5.444238526","5.51209903","5.505882353","5.583397387","5.595442058","5.6","5.647058824","5.626087244","5.571428571","5.589090337","5.621821823","5.615676148","5.666485503","5.6","5.6","5.624173478","5.739285359","5.647058824","5.564314924","5.624026155","5.615676148","5.6","5.571428571","5.528854218","5.522484152","5.465475215","5.520867163","5.6","5.6","5.5950008262","5.586559107","5.464033712","5.482032696","5.480763657","5.5","5.464033712",
"아파트","동래","지역별 전월세전환율","","7.7","7.7","7.7","7.7","7.7","7.7","7.5","7.5","7.2","7.2","7.1","6.7","6.7","6.7","6.5","6.5","6.5","6.3","6.3","6.3","6.5","6.5","6.2","6.3","6.3","6.2","6.2","6","6","6","6","6.2","6.2","6.2","6.2","6","6","6","6","6.1","6","6.1","6.1","6","6","6","6","6.1","6","6","6","6","6","5.7","5.7","5.6","5.510014514","5.5418444","5.379310345","5.257145816","5.233695652","5.217391304","5.142857143","5.142857143","5.137484729","5.142857143","5.231840302","5.302080261","5.419354839","5.419354839","5.143660057","4.80932659","4.8","4.8","4.8","4.8","4.8","4.605925704","4.503391108","4.368871181","4.217647059","4.249505535","4.503324665","4.467597272","4.707323569","4.653061224","4.7815056","4.744771974","4.612729327","4.444444444","4.391536301","4.285714286","4.256455162","4.235294118","4.235294118","4.285714286","4.4","4.381818182","4.288026691","4.49783916","4.5","4.317002495","4.22875817","4.198507888","4.17565714","4.154745748","4.148564753","4.145888594","4.184342344","4.157244257","4.137931034","4.182245894","4.083781256","4.105263158","4.2","4.107306133","4.085106383","4.01299514","4.054006075","4.285630723","4.259033009","4.192136172","4.209220623","4.305017796","4.2","4.2","4.149964929","4.082998662","4.235294118","4.19214862","4.207259658","4.125","4.235294118","4.333333333","4.235294118","4.363636364","4.282091749","4.287666024","4.324324324","4.282533918","4.347508363","4.351561078","4.363636364","4.496428274","4.615384615","4.759325991","4.8","4.923488352","4.965517241","4.980575905","5.011155315","4.879327909","4.923599875","4.881620488","4.883576428","4.938673485","4.94355972","4.966834518","5.076923077","5.076923077","4.982549795","4.890779044","4.858446856","4.897959184","4.850715443","4.881448193","4.887647813","5.052631579","5","4.976644448","5","5.076923077","5.0019880058","5.019028214","5","4.996862844","5.015384615","5.08083442","5.092372881",
"아파트","남","지역별 전월세전환율","","7.1","7.1","7.1","7.1","7.1","7.1","6.8","6.8","6.6","6.5","6.5","6.5","6.4","6.4","6.4","6.5","6.4","6.3","6.3","6.1","6.1","6","6","6","6","6","6","6","6","6","5.8","5.6","5.5","5.4","5.4","5.5","5.6","5.5","5.6","5.7","5.8","5.7","5.6","5.7","5.7","5.5","5.5","5.5","5.3","5.3","5.1","5.1","5.1","5.1","5","4.9","4.8","4.8","4.757951797","4.631431904","4.602739726","4.545963458","4.528612263","4.540265619","4.666117518","4.703525985","4.510269133","4.4","4.287278071","4.243542529","4.285714286","4.153846154","4.244529575","4.285714286","4.294920835","4.314594732","4.4","4.6393831","4.5","4.512114284","4.363636364","4.285714286","4.286020245","4.285714286","4.235294118","4.285714286","4.288741633","4.553225455","4.468016828","4.571914772","4.5","4.444444444","4.4","4.32","4.320915427","4.3733613","4.402363836","4.397786839","4.476639902","4.64516129","4.618455682","4.540540541","4.542857143","4.496909814","4.413434608","4.360919597","4.326666667","4.318902232","4.32","4.216514171","4.259076071","4.246302373","4.23692183","4.283276587","4.280419444","4.246195545","4.163333333","4.137931034","4.153846154","4.114285714","4.105263158","4.19047619","4.4","4.551597825","4.5","4.551597825","4.533971418","4.4","4.317303371","4.285714286","4.365819838","4.266666667","4.366277425","4.450110668","4.615384615","4.728345517","4.76860416","4.835404147","4.846569965","4.875","4.834357903","4.875","4.727272727","4.727272727","4.716975643","4.952828622","5.1","5.217391304","5.232304599","5.278844705","5.209752097","5.142857143","5.125199787","5.076923077","5.083326428","5.103121613","5.142857143","5.107769814","5.142857143","5.0625","5.00058298","5.04","5.04","4.966678999","4.994665832","4.96101949","5.049387223","4.983329943","5","5.030516403","5.066225442","5.142857143","5.0526315789","5.193390872","5.25","5.180414626","5.180827133","5.194594595","5.142857143",
"아파트","북","지역별 전월세전환율","","7.2","7.2","7.2","7.2","7.2","7.2","7.3","7.5","7.2","7.3","7.4","7.6","7.5","7.4","7.3","7.5","7.5","7.4","7.2","7.1","7.2","7.2","7","6.8","6.7","6.7","6.7","6.6","6.5","6.4","6.4","6.3","6.3","6.4","6.4","6.3","6.4","6.5","6.6","6.5","6.6","7","6.8","6.6","6","6","5.9","5.8","5.8","5.8","5.7","5.8","6","6","5.7","5.7","5.416390222","5.333333333","5.333333333","5.333333333","5.438080906","5.265113698","5.181407186","5.160693642","5.242754881","5.142857143","5.25","5.4","5.498882014","5.217391304","5","5.08083442","5.02","4.8","4.799034561","4.838709677","4.802646734","4.909090909","4.888343291","4.918032787","4.879900125","4.82073955","4.903525046","5","5","4.971846625","4.881355932","4.886479592","4.8","4.802692765","4.666666667","4.615384615","4.560426809","4.624521271","4.615384615","4.501051133","4.8","4.682926829","4.771907473","4.615384615","4.617692308","4.7808095","4.695652174","4.656716418","4.64516129","4.597167402","4.588235294","4.5","4.5","4.5","4.5","4.5","4.551724138","4.615384615","4.571428571","4.690166976","4.615384615","4.615384615","4.371599204","4.363636364","4.379562044","4.333025522","4.332129964","4.164037855","4.153846154","4.060163603","4.021802023","4","4","4.2","4.114285714","4.266666667","4.465116279","4.571428571","4.450793651","4.333333333","4.406450359","4.442919472","4.421052632","4.430769231","4.484943431","4.5","4.585155543","4.771471048","4.8","4.897959184","5.060827251","5.142857143","5.142857143","4.8","4.75","4.711951133","4.662024656","4.666666667","4.651295277","4.909090909","4.99872928","5.023255814","5.106891469","5.176470588","5.213750967","5.25","5.158920766","5.142857143","5.122124032","5.076858979","5.142857143","5","5","5.018335661","5.023255814","4.988080918","4.9934628736","4.8","4.869565217","4.867215041","4.883428886","4.889696937","4.956521739",
"아파트","해운대","지역별 전월세전환율","","7.1","7.1","7.1","7.1","7.1","7.1","7","7","7","6.9","6.9","6.8","6.9","6.8","6.8","6.7","6.7","6.7","6.5","6.5","6.5","6.5","6.5","6.4","6.5","6.3","6.3","6.3","6.3","6.2","6.1","6.1","6","6","6","6","6","6","6","5.9","5.9","5.9","5.8","5.8","5.7","5.8","5.7","5.6","5.5","5.5","5.4","5.3","5.3","5.2","5.1","5.1","5.059362615","4.948338355","4.909090909","4.8","4.737847804","4.603958279","4.501663141","4.444444444","4.421052632","4.395175426","4.363636364","4.344827586","4.336100579","4.323492197","4.285714286","4.285714286","4.266666667","4.235294118","4.24419125","4.215761555","4.216135768","4.258064516","4.285714286","4.324632504","4.333333333","4.363636364","4.363636364","4.364958604","4.387538559","4.363636364","4.421052632","4.421052632","4.444444444","4.5","4.486956522","4.5","4.442140728","4.391244335","4.400421528","4.384615385","4.363636364","4.34904965","4.363636364","4.4","4.4","4.444444444","4.467018188","4.447058824","4.489468807","4.49723377","4.49723377","4.410533246","4.413954862","4.363636364","4.390017138","4.397856156","4.363636364","4.360699339","4.336128471","4.344391455","4.333333333","4.307692308","4.260658053","4.190460457","4.171911958","4.137475225","4.105263158","4.059181616","4.104464924","4.109011788","4.153846154","4.096460348","4.145660758","4.12526176","4.142857143","4.188020552","4.285714286","4.298551472","4.305116939","4.365410326","4.347922438","4.421052632","4.491620112","4.551724138","4.666666667","4.773129051","4.833993741","4.875","4.912006555","4.957827003","5.040387722","5.070422535","5.09368406","5.111111111","5.142857143","5.080070916","5.066911609","5.092822967","5.1","5.155755562","5.142857143","5.150707148","5.142857143","5.107587468","5.098679648","5.025188443","5.076923077","5.107077139","5.142857143","5.140847229","5.2","5.181818182","5.150779404","5.171556846","5.142857143","5.142857143","5.1428571429","5.121697708","5.142857143","5.172413793","5.149484536","5.149621433","5.158014096",
"아파트","사하","지역별 전월세전환율","","7.3","7.3","7.3","7.3","7.3","7.3","7.4","7","6.9","7.2","7.2","7.2","7.2","7.4","7.5","7.2","7","6.9","6.9","6.9","6.7","7","7","7.2","6.9","6.9","6.9","6.5","6.5","6.4","6.5","6.4","6.3","6.7","6.5","6.4","6.2","6.4","6.5","6","6","6","6","6","5.9","6","6","6","6","6","6","6","5.8","5.5","5.5","5.6","5.617021277","5.6","5.647058824","5.714285714","5.828427954","5.660377358","6","6","6","5.866928876","5.714285714","5.995131073","6","5.538461538","5.538461538","5.538461538","5.4","5.28","5.142857143","5.141469385","5.082100471","5.142857143","5.142857143","5.25","5.28","5.459813186","5.538461538","5.336870362","5.221978022","5.268292683","5.291666667","5.2","5.25","5.261584881","5.333333333","5.333333333","5.109902504","5.052631579","5.142857143","5.142857143","5.052631579","5.065329047","5","5.023255814","5.066776919","5.113023436","5.070422535","5.065193967","4.997271995","4.96961326","4.903525046","4.888888889","5.114344815","5.142857143","5.217391304","5.167033081","5.142857143","5.201005236","5.192248483","5.195307776","5.142857143","4.98287373","5.001251214","5.066489807","4.909090909","4.941176471","4.959088252","5","5.120548267","5.017421603","5.142857143","5.072602927","4.944206009","4.888337277","5","5.140852318","5.142857143","5.140358184","5.05387051","5.063291139","5.142857143","5.142857143","5.13618677","5.191498266","5.236764706","5.090909091","5.15322626","5.25","5.368421053","5.454545455","5.45113144","5.466395112","5.32385035","5.381969587","5.452838447","5.333333333","5.454545455","5.402702703","5.409342561","5.429599558","5.4","5.538461538","5.626170433","5.580141262","5.569996905","5.746666667","5.853658537","5.666045827","5.648202668","5.76136011","5.703068336","5.763116883","5.703068336","5.799655392","5.76","5.799389889","5.7896494331","5.777777778","5.684210526","5.6","5.67","5.706025777","5.714721485",
"아파트","금정","지역별 전월세전환율","","7.7","7.7","7.7","7.7","7.7","7.7","7.5","7.4","7.4","7","7","6.8","6.5","6.4","6.7","6.2","6","6.1","6.1","6.5","6.5","6.5","6","6.8","6.5","6.3","6","6","6","6","6","6","6.2","6.3","6.2","6.4","6.1","6","6","6","6.1","6.5","6.3","6.2","6.1","6","5.9","5.8","5.8","5.9","6","6","6","6","6","6","5.7","5.660377358","5.231463319","5.076180562","5.387755102","5.390750988","5.142857143","5.25","4.917755089","5.353846154","5.142857143","4.630272953","4.369794595","4.276190476","4.260628466","4.235834609","4.235294118","4.363636364","4.557183604","4.704968944","4.690909091","4.682926829","4.881355932","4.695652174","4.686691312","4.666666667","4.599047225","4.8","4.8","4.747312828","4.704788712","4.682926829","4.363636364","4.282599334","4.241540864","4.222910217","4.363636364","4.363393564","4.402484683","4.330893231","4.34635905","4.323866662","4.242914202","4.5","4.483612409","4.32","4.615384615","4.565714286","4.5","4.492482311","4.64516129","4.585286544","4.56","4.444784845","4.363636364","4.369799688","4.285714286","4.222910217","4.077240566","4.164473722","4.214569481","4.2","4.173913043","4.322566659","4.286294953","4.294763865","4.137931034","4.153846154","4.108263541","4.124840681","4.108013232","4.137931034","4.075714286","4","4.031606003","4.004733418","4.167370859","4.268926554","4.26420817","4.369318182","4.385571036","4.363636364","4.363636364","4.352763753","4.32","4.457142857","4.61458664","4.642335766","4.68115942","4.675324675","4.747193535","4.774658842","4.744298694","4.8","4.801899011","4.8","4.909090909","4.8","4.8","4.896348013","4.969872501","5.013675784","5.039736624","5.064777328","4.966930845","4.965517241","4.941176471","4.965517241","5","4.872136284","5","4.979510094","5","5","5","5.010860698","4.9411764706","5","5","5.023880558","4.941176471","4.911761715","4.802877234",
"아파트","연제","지역별 전월세전환율","","8","8","8","8","8","8","7.7","7.7","7.4","7","6.9","7.1","6.9","6.5","6.5","6.3","6.5","6.4","6.3","6.4","6.3","6.4","6.5","6.5","6.5","6.4","6.2","6.2","6.2","6","6","6","6.2","6.3","6.1","6.2","6","6","6","6","6","6","6","6","6","6","5.7","5.8","5.6","5.9","6","6","5.9","5.6","5.3","5.3","5.142857143","5.142857143","5.142857143","5.061527057","5.116883117","5.150749616","5.02865609","4.965938682","4.813505228","4.951675527","4.967102389","4.8","4.799712003","4.645022686","4.615384615","4.5","4.5","4.5","4.498775537","4.5","4.444444444","4.412894746","4.444444444","4.531468531","4.5","4.5","4.563710493","4.595744681","4.565714286","4.54732896","4.548584205","4.615384615","4.680465107","4.590727844","4.695652174","4.714285714","4.8","4.786827809","4.695652174","4.8","4.8","4.723787596","4.8","4.8","4.787569784","4.700392535","4.5","4.5","4.403669725","4.333333333","4.363636364","4.415365567","4.420066198","4.363636364","4.382756184","4.4","4.4","4.348484848","4.235530809","4.235294118","4.225755167","4.145888594","4.153846154","4.235294118","4.209489687","4.208108108","4.22741371","4.260750795","4.285714286","4.371067568","4.217647059","4.130378333","4.184496838","4","3.866171004","3.922282425","3.914105455","4.085454545","4.2","4.286580612","4.363636364","4.4","4.485477225","4.517647059","4.588235294","4.530084692","4.591304348","4.689280496","4.815093497","5.009438227","5.106382979","5.141562963","5.2","5.2","5.200018349","5.188296339","5.082179208","5.142857143","5.174442191","5.105953434","5","5.014625992","5.050868999","5","4.973324658","5","4.981132075","4.922831967","4.864864865","4.805808849","4.897959184","5","5.076063305","5.005940496","5.032258065","5.142857143","5.0442477413","5.019565217","5.018425738","5.0514052","4.963072378","4.897959184","4.965517241",
"아파트","수영","지역별 전월세전환율","","8","8","8","8","8","8","8.2","8","8","7.7","7.7","7.7","8","7.8","7.6","7.5","7.5","7.9","7.5","8","8","8.2","8","7.7","7.5","7.5","7.5","7.1","7.4","7.2","7.3","7.1","6.9","7","6.9","6.9","6.6","6.5","6.6","6.6","6.7","6.6","6.5","6.5","6.3","6.4","6.5","6.5","6.4","6.5","6.5","6","6","6","6","5.7","5.900414938","5.660754758","5.637312348","5.524704471","5.528512206","5.603939834","5.538461538","5.454545455","5.376212738","5.565528905","5.248423457","5.142857143","5.142857143","5.200130158","5.142857143","4.892307692","4.838272066","4.8","4.670882437","4.790502081","5.016333938","4.875","4.753009371","4.80767665","4.8","4.666666667","4.585488114","4.666354141","4.8","4.763636364","4.724006662","4.720330087","4.941176471","4.909090909","4.8","4.8","4.870423805","4.94150756","4.856999049","4.909090909","5","5","5.080677679","5.142857143","5.066666667","5.051659455","4.941176471","5.004807699","4.949585033","4.941176471","4.909090909","4.721429987","4.8","4.703197988","4.666666667","4.666666667","4.608077284","4.63961204","4.487160477","4.493580239","4.515713886","4.532395676","4.659385095","4.659385095","4.64516129","4.769716088","4.680552663","4.641178837","4.67830552","4.5","4.529422369","4.5","4.636559071","4.474400441","4.622005757","4.622005757","4.73351914","4.875","4.86768119","4.824640495","4.864864865","4.8","4.8","4.923304472","4.961130885","5.06356627","5.142857143","5.25","5.189189189","5.217391304","5.189189189","5.379568877","5.408450704","5.384208438","5.333333333","5.366832388","5.437673629","5.475","5.485714286","5.538461538","5.538461538","5.538461538","5.510406143","5.540317322","5.415638287","5.538461538","5.538461538","5.538461538","5.538461538","5.575423513","5.714285714","5.590904071","5.585234697","5.654117865","5.55","5.622825843","5.6098465726","5.571428571","5.54896365","5.594733751","5.535190335","5.530187208","5.566202091",
"아파트","사상","지역별 전월세전환율","","7.2","7.2","7.2","7.2","7.2","7.2","7.2","7.1","7","6.9","7","6.7","6.6","6.5","6.5","6.6","6.5","6.5","6.5","6.3","6.2","6.3","6.2","6.1","6.1","6.4","6.2","6.3","6.2","6.2","6.1","6.3","6.2","6.3","6.3","6.1","6.2","6","6.1","6.1","6","6.7","6.5","6.3","6.3","6.2","6","6","6","5.9","6","5.8","5.8","5.8","6","6","5.915492958","6","5.986228003","6","6","6","5.943129359","5.818181818","5.834812987","5.647058824","5.706684032","5.709258865","5.624261617","5.618293716","5.6","5.6","5.473242392","5.479478339","5.502628459","5.558792185","5.647058824","5.454969473","5.57641196","5.484550085","5.454545455","5.4","5.454545455","5.535470547","5.333333333","5.333333333","5.333333333","5.274181392","5.454545455","5.367586083","5.314285714","5.390773577","5.333333333","5.146255132","5","5","5","5","5","4.965517241","5.180551222","5.142857143","5.132956128","5.206861319","5.333333333","5.329930333","5.2125493","5.333333333","5.19446281","5.066798335","5.16044247","5.232530281","5.236363636","5.124967102","5.029895152","5.018553191","4.819825426","4.790084789","4.8","4.724542196","4.734786593","4.69047619","4.8","5.066798335","5.079822532","5.15801416","5.142857143","5.064777328","5.04","4.917927072","4.858637848","4.839484637","4.909689525","4.842275696","4.897959184","4.8","4.881355932","4.951908775","4.973406092","5.008817876","4.955765595","5.071991687","5.142857143","5.040835848","5.032534356","5.08260636","5.25","5.25","5.294117647","5.340940993","5.333333333","5.28","5.333333333","5.454545455","5.471792767","5.333333333","5.448093869","5.483864968","5.587518647","5.62138833","5.737474516","5.735818596","5.557675045","5.538461538","5.515053294","5.538461538","5.454545455","5.345307499","5.49629594","5.6","5.538461538","5.629577216","5.5446266742","5.538461538","5.538461538","5.677507303","5.76","5.74144284","5.729231557",
"아파트","기장","지역별 전월세전환율","","8","8","8","8","8","8","8","8","7.9","8.4","8.4","8","8.7","7.9","7.2","6.5","6.5","6.5","6.3","6.4","6.3","6.6","6.5","6.5","6.8","6.4","6.4","6.4","6.4","6.4","6","6","6","6","5.9","5.6","5.5","5.5","5.4","5.3","5.3","5.3","5.5","5.5","5.6","5.6","5.5","5.6","5.8","5.7","5.7","5.6","5.6","5.5","5.3","5.2","5.142857143","5.142857143","5.068259973","4.941176471","4.875","4.941176471","4.782090458","4.64516129","4.588419344","4.561576355","4.535207267","4.457142857","4.457142857","4.4","4.377604636","4.388877896","4.391283444","4.4","4.363636364","4.4","4.5","4.433328856","4.510596257","4.615384615","4.65187237","4.588235294","4.5","4.421052632","4.421052632","4.421052632","4.491709548","4.444444444","4.516461362","4.615384615","4.64516129","4.731348853","4.615384615","4.615384615","4.598046169","4.588235294","4.513710169","4.5","4.5","4.702238627","4.682926829","4.707692308","4.655664392","4.708278611","4.769588731","4.651162791","4.714285714","4.615384615","4.631578947","4.664761905","4.714285714","4.615384615","4.6029838","4.56417888","4.5","4.44","4.363636364","4.363636364","4.298507463","4.276131431","4.145888594","4.150292117","4.2","4.235294118","4.125829143","4.183318524","4","4.03721224","4","4","4","4.057125604","4.130588756","4.208108108","4.422413488","4.492307692","4.530888129","4.571428571","4.585882248","4.638393914","4.656363074","4.681463415","4.799993647","4.943129441","5","5.088981674","5.009635883","5.016561735","5.109751182","5.179893387","5.213793103","5.175688971","5.21241651","5.218520309","5.270912459","5.271700957","5.241132638","5.2480626","5.25","5.235262516","5.197513831","5.233076714","5.217634883","5.25","5.294117647","5.230769231","5.257521542","5.25","5.27027027","5.28","5.196925667","5.199190383","5.1818181818","5.2","5.203497622","5.243601667","5.217391304","5.250010423","5.333333333",
"아파트","대구","지역별 전월세전환율","","7.6","7.6","7.6","7.6","7.6","7.6","7.5","7.4","7.4","7.3","7.2","7.1","7.1","7","6.9","6.8","6.8","6.8","6.7","6.7","6.7","6.7","6.6","6.6","6.6","6.5","6.4","6.4","6.4","6.3","6.3","6.2","6.1","6","6","6","6","5.8","5.8","5.8","5.7","5.7","5.6","5.6","5.5","5.5","5.5","5.5","5.4","5.3","5.2","5.2","5.1","5","5","4.9","4.836330413","4.791791801","4.731786861","4.656092029","4.615384615","4.588235294","4.578387396","4.588235294","4.626506024","4.662397387","4.670892653","4.662631125","4.608296404","4.594592432","4.562844357","4.5","4.454998378","4.363636364","4.361278295","4.363636364","4.421052632","4.363636364","4.429056788","4.5","4.50041038","4.50216356","4.5","4.5","4.444444444","4.409898757","4.415575044","4.44444","4.4","4.4","4.385905895","4.408163265","4.5","4.571428571","4.562279342","4.511329779","4.444444444","4.375","4.380136807","4.4","4.51318445","4.571428571","4.554939051","4.609928656","4.638181818","4.571428571","4.408163265","4.412903226","4.363636364","4.32","4.294896577","4.375734044","4.444444444","4.446545536","4.444444444","4.5","4.411214953","4.411214953","4.402212125","4.402212125","4.402212125","4.402212125","4.333333333","4.285714286","4.234736378","4.170635125","4.159035796","4.173913043","4.180326213","4.21378426","4.173913043","4.238567425","4.298507463","4.363636364","4.411764706","4.467265725","4.5","4.552825859","4.615384615","4.657059464","4.711448605","4.744186047","4.819966855","4.90567142","4.965517241","5.052631579","5.199996","5.314285714","5.3688","5.42072114","5.42072114","5.413655192","5.43588638","5.4","5.333336","5.333333333","5.333333333","5.332984718","5.333333333","5.345707657","5.357142857","5.358570093","5.333333333","5.317493806","5.268292683","5.25","5.238394665","5.217391304","5.225210918","5.245077817","5.217391304","5.218656259","5.2173913043","5.231962011","5.231153948","5.217391304","5.217391304","5.210028829","5.193716894",
"아파트","동","지역별 전월세전환율","","7.8","7.8","7.8","7.8","7.8","7.8","7.7","7.5","7.5","7.6","7.4","7.2","7.2","7.2","7.2","7.2","7.1","7.1","7.2","7.1","7","7","6.8","6.9","7","6.8","6.6","6.6","6.5","6.6","6.5","6.5","6.4","6.2","6","6","6","5.8","5.8","5.8","5.8","5.8","5.7","5.7","5.6","5.6","5.5","5.6","5.5","5.3","5.3","5.3","5.2","5.1","5","4.9","4.948849105","4.941176471","4.965517241","4.932126697","4.907536528","4.941176471","4.8","4.8","4.8","4.8","4.705882353","4.52173913","4.444444444","4.444444444","4.513767767","4.5","4.5","4.363636364","4.476712819","4.429891455","4.5","4.444444444","4.444444444","4.421052632","4.58814804","4.598610975","4.607298219","4.615384615","4.615384615","4.5","4.421052632","4.49085834","4.433596299","4.444444444","4.369729177","4.390243902","4.400113685","4.444444444","4.452807074","4.355216329","4.333333333","4.333333333","4.333333333","4.361860932","4.327868852","4.285714286","4.285714286","4.385119028","4.375823838","4.373535708","4.4","4.333333333","4.285714286","4.2","4.280193116","4.333333333","4.357960077","4.363636364","4.4","4.528349749","4.363636364","4.331348132","4.333333333","4.355302819","4.285714286","4.080131733","3.868817204","3.84","4","4","4","4.089612015","4.235294118","4.192788106","4.211574362","4.315172414","4.359163377","4.483720446","4.45741596","4.5","4.482758621","4.5","4.571428571","4.572337267","4.640066943","4.705882353","4.8","4.848484848","4.987012987","5.01594991","5.140253816","5.273633305","5.352910252","5.4","5.463370529","5.532781211","5.5","5.5","5.404113476","5.356033432","5.33299169","5.258308492","5.254927316","5.28","5.332817399","5.25","5.204274936","5.25","5.142857143","5.142857143","5.142857143","5.142857143","5.144660205","5.175162227","5.163700226","5.2","5.1772364186","5.221318514","5.25","5.25","5.297840984","5.217391304","5.172413793",
"아파트","서","지역별 전월세전환율","","8","8","8","8","8","8","8","8","8.3","8.6","8.7","8.4","8.2","7.1","6.8","6.5","6.2","6.2","6.2","6.9","7","7.4","7.4","7.4","8","7.1","7.1","6.7","6.5","6.2","6.3","6.5","6.7","7","6.5","6.5","6.2","6","5.9","5.6","6","5.4","5.5","5.5","5.6","5.7","5.6","5.5","5.3","5.5","5.7","5.5","5.2","5.2","5","4.9","4.698064516","4.666666667","4.666666667","4.661067154","4.603070437","4.628571429","4.677537308","4.736842105","4.900720806","4.8","4.823007385","4.912280702","4.815976575","4.72392323","4.363636364","4.5","4.508231596","4.690099261","5.157509158","5.156641599","5.333333333","5.486567164","5.333333333","4.8","4.8","4.8","5.142857143","5.176470588","5.208695652","4.971428571","4.8","4.8","4.8","4.571428571","4.685537318","4.676101992","4.8","4.735611516","4.785685714","4.645714286","4.8","4.625168626","4.651722391","4.61402027","4.6875","5.036372106","4.8","4.712171053","4.666666667","4.618421053","4.604651163","4.8","4.482053234","4.389824995","4.307692308","4.615384615","4.538961039","5.044000159","4.210526316","4.115294118","4.237540544","4.3725","4.3725","4.115294118","4.29753228","4.237268473","4.359770443","4.166755652","4","3.713828571","3.734439834","3.767822995","3.780451128","4","4.067556952","4.020784093","4.235294118","4.160739687","4.085106383","4.134065934","4.163430507","4.287454654","4.176981047","4.289443862","4.287579074","4.454780362","4.593406593","4.714285714","4.611348038","4.872765025","5.025538375","5.620169853","5.687331536","5.665321462","5.634773421","5.642536817","5.647058824","5.571428571","5.4","5.333333333","5.335218603","5.357142857","5.335218603","5.399222133","5.363070079","5.4","5.368421053","5.163877599","5.077436368","5.142452585","5.217391304","5.181818182","5.189189189","5.274725275","5.217391304","5.198796613","5.1720635255","5.25","5.232994058","5.189090246","5.134174202","5.064194784","4.8",
"아파트","북","지역별 전월세전환율","","7.8","7.8","7.8","7.8","7.8","7.8","7.7","7.7","7.5","7.5","7.3","7.2","7.2","7.1","7","6.9","7","6.9","6.9","6.8","6.8","6.7","6.6","6.7","6.7","6.9","6.7","6.7","6.5","6.5","6.4","6.3","6.2","6","6","6","6","5.8","5.9","5.8","5.8","5.8","5.7","5.6","5.5","5.5","5.5","5.4","5.4","5.4","5.3","5.2","5.2","5.1","5.1","5","4.995107387","4.934205052","4.875","4.679513411","4.685213415","4.661690209","4.629562165","4.615384615","4.615384615","4.64516129","4.643922404","4.615384615","4.581818182","4.576623377","4.571428571","4.571428571","4.5","4.5","4.548252886","4.538097236","4.551925415","4.666666667","4.64516129","4.629812231","4.559636039","4.60817352","4.543584594","4.500422153","4.450078181","4.444162494","4.457142857","4.444215569","4.421052632","4.5","4.514943183","4.551724138","4.56","4.615384615","4.64516129","4.615384615","4.601809955","4.609994519","4.6","4.571428571","4.571428571","4.615384615","4.599209366","4.608882682","4.596235637","4.511825217","4.4","4.5","4.457142857","4.444444444","4.421052632","4.421052632","4.571428571","4.52556797","4.566119041","4.516129032","4.52221546","4.551724138","4.5","4.51767207","4.455253514","4.478975291","4.457142857","4.441196391","4.571428571","4.524704109","4.465116279","4.5","4.363636364","4.493559753","4.421052632","4.422064008","4.462271111","4.5","4.509078475","4.5","4.528301887","4.551160452","4.588083558","4.615384615","4.65","4.666666667","4.714285714","4.8","4.823866223","4.888888889","5.059649123","5.217391304","5.33760403","5.419354839","5.454545455","5.456418266","5.454545455","5.40765717","5.394303612","5.34861733","5.28","5.257592212","5.25","5.297058824","5.269218073","5.294117647","5.333333333","5.25399922","5.217391304","5.217391304","5.158535111","5.2","5.312585377","5.33550471","5.328110071","5.336763084","5.3333333333","5.25","5.215956251","5.174060822","5.16","5.181818182","5.2",
"아파트","수성","지역별 전월세전환율","","7.5","7.5","7.5","7.5","7.5","7.5","7.3","7.2","7.2","7.1","7.1","7.1","6.9","6.9","6.9","6.9","6.8","6.9","6.9","6.7","6.6","6.6","6.6","6.5","6.5","6.3","6.3","6.3","6.2","6.2","6.2","6.1","6","6","6","5.9","5.8","5.7","5.8","5.7","5.7","5.6","5.6","5.6","5.5","5.5","5.4","5.3","5.3","5.1","5.1","5.1","5","5","4.9","4.7","4.581818182","4.490083478","4.441691313","4.390243902","4.357692873","4.369316182","4.368","4.414607948","4.454894966","4.475969324","4.5","4.442486539","4.434782609","4.363636364","4.297368421","4.25","4.216216216","4.16666","4.173913043","4.162967322","4.2","4.2","4.228856142","4.32","4.291682624","4.314929577","4.285714286","4.275704545","4.285714286","4.285714286","4.285714286","4.311746725","4.32","4.35483871","4.362396365","4.421052632","4.421052632","4.421052632","4.420744583","4.363636364","4.323303674","4.248893805","4.275550356","4.324233884","4.330198981","4.363636364","4.374","4.363636364","4.401334273","4.344401415","4.307692308","4.285714286","4.28421198","4.235294118","4.195238095","4.166666667","4.187269282","4.206315789","4.216216216","4.285714286","4.285714286","4.27087044","4.275856552","4.285714286","4.272997033","4.246815471","4.241560907","4.266666667","4.235294118","4.2","4.220256777","4.235294118","4.174417985","4.258064516","4.175766045","4.281286043","4.311265131","4.308151557","4.363636364","4.40279685","4.421052632","4.457142857","4.5","4.588235294","4.573801874","4.551724138","4.588586596","4.675187534","4.727272727","4.838709677","4.97306396","5.127748506","5.189189189","5.213793103","5.250121691","5.263149474","5.319371013","5.256428374","5.288509973","5.294117647","5.284067797","5.294117647","5.333333333","5.302325581","5.28","5.288154732","5.245714922","5.211428571","5.200440327","5.189189189","5.176470588","5.142857143","5.142857143","5.142100241","5.139247843","5.142857143","5.1428571429","5.142857143","5.145353435","5.151317263","5.130401798","5.104472235","5.111111111",
"아파트","달서","지역별 전월세전환율","","7.3","7.3","7.3","7.3","7.3","7.3","7.1","7.1","7","6.9","6.9","6.8","6.8","6.7","6.5","6.5","6.5","6.5","6.4","6.3","6.4","6.3","6.3","6.2","6.3","6.3","6.2","6.2","6.2","6.1","6.1","6","5.9","5.8","5.7","5.8","5.7","5.7","5.6","5.6","5.5","5.5","5.3","5.3","5.4","5.3","5.3","5.3","5.2","5.1","5","5","5","4.9","4.8","4.8","4.778396802","4.666664","4.642983503","4.588961216","4.58333","4.559729763","4.527272727","4.5","4.5","4.615384615","4.666664","4.714285714","4.634624931","4.610993853","4.5","4.363636364","4.285714286","4.149387181","4.17","4.225732393","4.211591899","4.166666667","4.235852695","4.310536119","4.285714286","4.285714286","4.309089091","4.363636364","4.358415871","4.343353096","4.3749975","4.385329951","4.420651531","4.436183893","4.405409638","4.387429644","4.375","4.363636364","4.337493387","4.363636364","4.3749975","4.363636364","4.347824348","4.363636364","4.367470247","4.307691077","4.285714286","4.285714286","4.285714286","4.341561647","4.310874462","4.425009548","4.3749975","4.3749975","4.354755313","4.444444444","4.3749975","4.3749975","4.397750711","4.414913966","4.351468235","4.285714286","4.22922875","4.213371266","4.235294118","4.237040786","4.217199017","4.240226905","4.177352977","4.059037638","4","4.008337459","4.002349136","4.051702403","4.105263158","4.11248628","4.285714286","4.373067994","4.371590158","4.444441538","4.5","4.563857446","4.615969719","4.664122572","4.727269818","4.8","4.907379367","4.941176471","4.999995","5.1","5.1999984","5.219374299","5.217391304","5.25","5.217391304","5.189189189","5.1999936","5.21682017","5.217391304","5.195261655","5.198555957","5.249287498","5.288135593","5.333333333","5.333336","5.357142857","5.379310345","5.357142857","5.334753154","5.333333333","5.25","5.217391304","5.184782168","5.217391304","5.251697058","5.20754717","5.2687860987","5.255681726","5.217391304","5.2","5.194467341","5.199872747","5.189189189",
"아파트","달성","지역별 전월세전환율","","9.1","9.1","9.1","9.1","9.1","9.1","9.1","8.6","8","8.3","8","7.6","7.3","7.1","6.8","6.4","6.3","6.4","6.2","6.2","6.7","7.2","6.9","6.8","6.9","6.3","6.5","6.5","6.5","6.6","6.7","6.9","6.7","6.6","6.5","6.9","7","6.7","6.4","6","6","5.9","5.5","5.7","5.7","5.8","5.9","6","5.6","5.5","5.7","5.6","5.5","5.5","5.5","5.5","5.400251865","5.263157895","5.28","5.333333333","5.052631579","4.926110006","4.955566525","4.926110006","4.925480787","5.052631579","5","5","4.96","4.95","4.93382557","4.8","4.906158358","4.62222899","4.37970546","4.496758367","4.8","4.363636364","4.615384615","4.678279411","4.799171577","4.72556391","4.666666667","4.615384615","4.590621124","4.556962025","4.5","4.536045279","4.363636364","4.289966607","4.175110592","4.321133515","5.143949856","5.248096873","5.248096873","5.248096873","4.655310826","4.444444444","4.414607948","4.474499679","7.35894558","7.2161332","6.244699446","6.892617652","6.937780294","5.596107056","4.7","4.874871965","4.619251369","4.571428571","4.540540541","4.429497919","4.740213523","4.740213523","4.740213523","4.740213523","4.533318215","4.411214953","4.411214953","4.411214953","4.411214953","4.411214953","4.411214953","4.488820821","4.347652332","4.270627949","4.2","4.179705786","4.216725403","4.263157895","4.090909091","4.119642857","4.173913043","4.325384561","4.43267611","4.571428571","4.666666667","4.8","4.87735833","4.902589231","5","5.046290563","5.153237161","5.195876289","5.298479223","5.376427592","5.454545455","5.601508975","5.647058824","5.702577405","5.714255746","5.639653021","5.666666667","5.623643275","5.6","5.61922207","5.644582043","5.625468403","5.712165878","5.83389984","5.740441721","5.739130435","5.624610591","5.647058824","5.69630894","5.723076923","5.681632653","5.691428571","5.656595825","5.571428571","5.538461538","5.567010309","5.5384615385","5.5","5.538461538","5.571428571","5.714285714","5.669250878","5.739130435",
"아파트","인천","지역별 전월세전환율","","8.8","8.8","8.8","8.8","8.8","8.8","8.8","8.8","8.8","8.7","8.7","8.7","8.7","8.6","8.6","8.5","8.5","8.4","8.4","8.4","8.3","8.3","8.3","8.3","8.3","8.3","8.3","8.2","8","8","8","7.8","7.8","7.7","7.5","7.5","7.4","7.2","7.2","7.1","7","7","6.9","6.9","6.9","6.7","6.6","6.5","6.5","6.3","6.2","6","6","6","6","5.8","5.637583893","5.558685446","5.446371719","5.333333333","5.187117174","5.076923077","5.007458322","4.952700253","4.941176471","4.938757753","4.941176471","4.941176471","4.909090909","4.857142857","4.8","4.8","4.782906979","4.714285714","4.714285714","4.724466673","4.750517793","4.78536091","4.8","4.8","4.8","4.8","4.8","4.8","4.8","4.803351851","4.888888889","4.897959184","4.888888889","4.888888889","4.885714286","4.875","4.864864865","4.86749749","4.864747519","4.865765766","4.896322477","4.893639765","4.900277326","4.941176471","4.965517241","4.984615385","4.940198932","4.941176471","4.909944248","4.870836166","4.8","4.764403558","4.777777778","4.753894081","4.714285714","4.726061429","4.736842105","4.781643861","4.714285714","4.725129385","4.749443714","4.736842105","4.755586852","4.736842105","4.714285714","4.651641221","4.620957309","4.608","4.615384615","4.620689655","4.626245945","4.64516129","4.657411765","4.633234153","4.607495729","4.666666667","4.670907682","4.714285714","4.752702801","4.8","4.866421349","4.8","4.615384615","4.571428571","4.615384615","4.698172181","4.8","5.142857143","5.380238132","5.666666667","5.840937698","5.999576982","6","5.996520431","5.907692308","5.793103448","5.73517559","5.666854306","5.622935915","5.598941893","5.544705722","5.5","5.4","5.318839776","5.261031679","5.15063345","5.143487264","5.25","5.333333333","5.4","5.48314662","5.538461538","5.567628139","5.6","5.640936749","5.684210526","5.676450933","5.71228817","5.739130435","5.727425683","5.7","5.693430657","5.684210526",
"아파트","중","지역별 전월세전환율","","9.2","9.2","9.2","9.2","9.2","9.2","9","9.4","9.3","9.2","9.2","9.2","9.4","9","8.5","8.5","8.2","8","8","8.4","8.4","8.7","8.8","8.9","9.3","9.4","9.4","9.2","9.2","9.4","9.4","8.8","8.6","8.3","8.3","8.5","8.8","9","9","9","8.5","8.7","8.5","8.1","8","7.7","7.4","7.1","6.7","6.6","6.4","6.2","6.1","6","6","6","5.767278965","5.748585792","5.45256072","5.25","5","4.787917865","4.726850241","4.647568518","4.672204396","4.649509406","4.647828183","4.69940781","4.686660471","4.666666667","4.732177463","4.741447605","4.714285714","4.727827648","4.8","4.928638675","4.908048987","4.897634454","4.962305851","5.076923077","5.188200039","5.221759395","5.333333333","5.413415767","5.409592264","5.585714286","5.559655632","5.625","5.55873452","5.594063016","5.62472687","5.69924812","5.664765663","5.639615252","5.790947209","5.705216309","5.721240639","5.661348503","5.660640935","5.647058824","5.773886962","5.889039311","5.984216251","5.984239334","5.713649871","5.4","5.28","5.189189189","5.203298446","5.196674841","5.294117647","5.25","5.479918346","5.571428571","5.652173913","5.738272825","5.819457014","5.697457627","5.7","5.571428571","5.142857143","4.882789736","5","5.119074425","5.250802967","5.142857143","5.143736267","5.162792358","5.067558067","5.043032513","4.953642294","5.009978811","5.104539145","5.177595166","5.343530911","5.601324462","5.798922084","5.988838758","6","6","6","6.006181096","6.01875653","6.256454267","6.311150615","6.406151755","6.472752516","6.531753471","6.561873054","6.545454545","6.540427974","6.521336795","6.428571429","6.289928546","6.009708527","5.992024479","5.990184802","6","6","6.24","6.260869565","6.315789474","6.3","6.248344273","6.260869565","6.193548387","6.118438097","6.155308342","6.288334525","6.345621478","6.352941176","6.397867378","6.5454545455","6.445065976","6.4","6.260869565","6.141850918","6","6",
"아파트","동","지역별 전월세전환율","","8.4","8.4","8.4","8.4","8.4","8.4","8.6","8.8","8.3","8.3","8.2","8.4","8.4","8.3","8.1","8.3","8.3","8.1","8","7.8","8","8","8","7.7","7.6","7.6","7.5","7.5","7.7","8","7.6","7.6","7.2","7.2","7.2","7.1","6.8","7.1","7.6","7.5","7","6.9","6.6","6.5","6.2","6.4","6.7","6.8","6.9","6.6","6.7","6.7","6.6","6.7","6.5","7","6.321387556","5.6","5.51659919","5.666089826","5.51894558","5.369175627","6.013262333","6.4","5.812962963","5.524006908","5.427272727","5.333333333","5.021790255","4.888888889","4.8","4.65695475","4.6875","4.743083004","4.8","4.948244316","5","5.076923077","5.096253912","5.052631579","4.965517241","5.032258065","5.420176351","5.105695201","4.8","4.978570633","4.887940889","4.703125957","4.615384615","4.79727291","4.62071128","4.574736654","4.5","4.62331701","5.217812639","5.139864248","5","4.8","4.998673295","5","5.103041906","5.217391304","5.273002723","5.392075831","5.859452326","5.399589426","5.218003614","4.71384098","5.11575526","5.11575526","4.713064738","4.796073658","4.81084405","5.025783223","5","5","5.160997547","5.053363507","5.104485263","5.104485263","5.200250313","4.972150361","5.113847746","5.268228249","5.070422535","5.206193068","5.333333333","5.333333333","5.323744303","5.418352852","5.205463399","5.216085203","4.965517241","4.985992346","4.948520888","4.942783221","4.647856661","4.8","4.759794623","4.859016741","4.982900453","5.053749859","5.019822283","5.335141418","5.421417531","5.3393187","5.538461538","5.62890195","5.647058824","5.647058824","5.600207149","5.6","5.299690402","5.525987526","5.6","5.538461538","5.538461538","5.6","5.615710999","5.4","5.360584061","5.33259181","5.299684543","5.351838755","5.142857143","5.098811245","5.098811245","5.04","5.04","5.04","5.04","4.581818182","4.5818181818","4.038441129","4.038441129","4.038441129","4.038441129","4","4.285714286",
"아파트","미추홀","지역별 전월세전환율","","9","9","9","9","9","9","9","8.9","8.8","8.6","8.6","8.7","8.8","8.8","8.6","8.5","8.3","8.3","8.3","8.2","8.2","8.3","8.3","8.3","8.2","8.1","8.2","8.2","8","8","8","7.8","7.9","8","8.1","7.6","7.7","7.6","7.7","7.7","7.5","7.7","7.3","7.3","7.3","7.3","6.8","6.9","6.8","6.9","6.9","6.9","7.2","7","6.9","6.8","6.77312253","6.545454545","6.391489362","6.315789474","6","6","6.078403906","6.260869565","6.385840708","6.36","6.168409485","5.809981108","5.401568573","5.357969164","5.248610171","5.142857143","5.227645528","5.333333333","5.6","5.426206077","5.57184372","5.345048665","5.333333333","5.438630617","5.186781639","5.225","5.02442357","4.947313798","5.106382979","5.052631579","5.142857143","5.003838004","4.984492689","4.912128444","4.875","5.142857143","5.142857143","5.282142857","5.142857143","5.052631579","5.131771642","5.10741387","5.040596869","4.909090909","5.09847113","5.142857143","5.091478123","5.142857143","5.4","5.580977433","5.528218073","5.25","5.366590446","5.25","4.666666667","4.714285714","4.666666667","4.738802316","3.84","4.249800249","4.444444444","4.529611985","4.675324675","4.728110194","4.876876877","4.721311475","4.8","4.636363636","4.64516129","4.8","4.8","4.725394176","4.707376649","4.825360104","4.909090909","5.142857143","4.96860356","4.965517241","5","4.758511163","4.714285714","4.666666667","4.21875","4.65122985","4.855384615","5.032758472","5.186803678","5.336721728","5.4","5.584549904","5.714285714","5.68234195","5.684210526","5.667209555","5.604457644","5.6","5.571428571","5.635455872","5.647058824","5.637583893","5.571428571","5.575177747","5.586206897","5.508563134","5.454545455","5.523809524","5.268292683","5.333333333","5.454545455","5.504587156","5.62089963","5.508074703","5.6","5.647058824","5.743589744","5.785714286","5.7857142857","5.76","5.767081439","5.647058824","5.625","5.615709606","5.680235848",
"아파트","연수","지역별 전월세전환율","","8.3","8.3","8.3","8.3","8.3","8.3","8.4","8.3","8.3","8.3","8.3","8.3","8.3","8.1","8.2","8","8","8","8","8","8","7.9","7.8","7.8","7.8","7.7","7.7","7.6","7.6","7.5","7.5","7.4","7.2","7","6.9","6.7","6.6","6.5","6.5","6.4","6.3","6.4","6.4","6.3","6.1","6","6","5.9","5.8","5.6","5.6","5.5","5.5","5.3","5.2","5.1","5.142857143","5.042444822","4.971428571","4.855048815","4.763785816","4.716750614","4.696462964","4.624573331","4.660797887","4.64516129","4.695652174","4.727272727","4.679125752","4.64516129","4.595967811","4.571428571","4.509090909","4.475675676","4.465116279","4.457142857","4.457142857","4.5","4.5","4.550653115","4.579209302","4.588235294","4.587405106","4.588235294","4.615384615","4.663945578","4.699177438","4.64516129","4.62880956","4.615384615","4.615384615","4.562737643","4.571428571","4.615384615","4.64516129","4.707956002","4.8","4.848484848","4.853932584","4.888888889","4.888888889","4.909090909","4.815498591","4.818783192","4.8","4.764098451","4.73198098","4.69799388","4.666666667","4.675543891","4.632366284","4.615384615","4.615384615","4.615384615","4.656034888","4.666666667","4.705882353","4.695652174","4.682926829","4.681962609","4.64516129","4.551724138","4.462960643","4.411312287","4.424194484","4.5","4.5","4.555738505","4.600638978","4.615384615","4.633971292","4.6705272","4.680305564","4.767439934","4.736842105","4.8","4.864864865","4.914291537","5.070767374","5.203112961","5.379415743","5.542725173","5.714285714","5.834146967","5.894736842","6","6.122155934","6.217466319","6.169351239","6.101694915","6","6","5.936842105","5.815384615","5.777777778","5.76","5.733035699","5.775","5.783473077","5.76583025","5.767058647","5.767553359","5.740913626","5.777777778","5.786642813","5.734355851","5.739130435","5.742062057","5.76","5.793103448","5.807684405","5.845834871","5.8917802722","5.853658537","5.85626844","5.86086367","5.849406709","5.81558269","5.784013626",
"아파트","남동","지역별 전월세전환율","","8.8","8.8","8.8","8.8","8.8","8.8","8.8","8.8","8.8","8.6","8.6","8.5","8.4","8.3","8.2","8.2","8.3","8.3","8.2","8.1","8.2","8.1","8.1","8","8","7.8","7.7","7.6","7.5","7.3","7.3","7.3","7.2","7.2","7.2","7.4","7.2","7","6.9","6.7","6.7","6.5","6.6","6.5","6.5","6.3","6.4","6.2","6","6","5.9","5.7","5.6","5.5","5.5","5.5","5.333333333","5.336108567","5.232738462","5.199593934","5.127272727","5.014925373","5.028854622","5.023255814","5","4.941176471","4.971428571","5","4.902734072","4.894896068","4.816988065","4.858780615","4.8","4.680487769","4.665317679","4.660194175","4.8","4.682926829","4.708691734","4.8","4.74408377","4.730888267","4.705882353","4.6937777","4.651231353","4.616758905","4.714408534","4.790955918","4.787598819","4.838925477","4.862102267","4.963808697","4.857142857","4.898989899","4.939897909","4.992","5.04","4.941176471","4.865658047","4.941176471","4.941176471","5","4.8","4.885122411","4.933333333","4.8","4.682926829","4.64516129","4.64516129","4.601525966","4.669075145","4.709999412","4.7294301","4.737925386","4.714285714","4.666666667","4.631900781","4.627914102","4.706457838","4.690699419","4.615384615","4.662745098","4.725094608","4.714285714","4.653690347","4.615384615","4.714285714","4.8","4.732075472","4.66669186","4.666666667","4.77225914","4.674320905","4.634009252","4.676018704","4.695837708","4.675700255","4.71267642","4.778193009","4.841936518","4.963417382","5.091770567","5.215770026","5.25","5.333333333","5.478609596","5.617021277","5.759715109","5.793203868","5.853658537","5.799237057","5.76","5.684210526","5.647058824","5.528837938","5.5","5.485714286","5.451362483","5.457416791","5.220471499","5.278223612","5.217391304","5.346679987","5.468831083","5.47112462","5.454545455","5.454545455","5.504003469","5.530235519","5.538461538","5.617021277","5.671757476","5.6470588235","5.605290028","5.648344316","5.643244629","5.556032095","5.558823529","5.596116505",
"아파트","부평","지역별 전월세전환율","","8.6","8.6","8.6","8.6","8.6","8.6","8.5","8.5","8.4","8.4","8.4","8.3","8.3","8.3","8.2","8","8","8.1","8","8","8","8","8","7.9","7.8","7.8","7.8","7.7","7.8","7.7","7.6","7.5","7.4","7.2","7.2","7.2","7.1","7","7","6.8","6.9","6.7","6.7","6.6","6.5","6.5","6.4","6.4","6.3","6","6","5.9","5.9","5.8","5.8","5.7","5.6","5.516854024","5.379310345","5.323511155","5.142857143","5","4.941176471","4.876203564","4.8","4.8","4.8","4.909090909","4.920277247","4.8","4.666666667","4.571428571","4.505021593","4.487163436","4.475848949","4.5","4.537160878","4.551724138","4.551724138","4.5","4.48","4.415095569","4.41715886","4.4","4.421052632","4.465116279","4.5","4.565714286","4.615384615","4.615384615","4.63144124","4.581818182","4.64516129","4.626120847","4.537442869","4.459680248","4.501535382","4.50841315","4.5","4.5","4.571428571","4.571428571","4.516258752","4.571428571","4.561447498","4.521908471","4.497398343","4.504407119","4.490416958","4.5","4.499658688","4.5","4.5","4.499096784","4.498064516","4.461129568","4.465116279","4.421052632","4.388974775","4.35483871","4.362223506","4.320872144","4.311377246","4.341579996","4.285714286","4.307692308","4.254333064","4.236739937","4.173913043","4.153846154","4.166666667","4.17037734","4.184202995","4.265202667","4.363636364","4.307692308","4.421052632","3.800009018","3.774910508","3.861538462","3.848617466","3.848617466","3.848617466","3.895986905","4.219599087","4.906794949","5.333333333","5.454545455","5.513513514","5.505882353","5.538461538","5.454545455","5.333333333","5.25","5.25","5.25","5.052631579","4.643874695","3.667689898","3.89376685","3.532428523","3.5","3.5","3.5","3.487009662","3.512880562","4.339818522","4.62180175","4.724409449","4.8","4.850492238","4.909090909","4.90470291","5.017854484","5.076923077","5.090909091","5.1","5.142857143","5.147601476",
"아파트","계양","지역별 전월세전환율","","9.2","9.2","9.2","9.2","9.2","9.2","9.3","9.3","9.3","9.2","9.2","9.1","9","9","9.1","9","8.8","8.8","8.7","8.7","8.7","8.8","8.8","8.7","8.8","8.8","8.8","8.7","8.6","8.7","8.6","8.6","8.5","8.3","8.3","8.1","8.2","8.1","8","8","8","8","7.8","7.8","7.8","7.8","7.7","7.6","7.5","7.4","7.3","7.2","7.1","6.9","6.9","6.9","6.768614493","6.668104422","6.545454545","6.519619366","6.44892648","6.176311325","6.065168215","6","6","5.819005777","5.818181818","5.714285714","5.714285714","5.670670518","5.571428571","5.462068966","5.367781116","5.335622318","5.333333333","5.268292683","5.271865775","5.217391304","5.231477367","5.142857143","5.20370607","5.262298654","5.214025958","5.213793103","5.217391304","5.254255347","5.273206057","5.333333333","5.4","5.433962264","5.350247849","5.398586757","5.333333333","5.25","5.28","5.251877791","5.346534653","5.22687747","5.176595201","5.25","5.217391304","5.143718846","5.142857143","5.127272727","5.052631579","5.032258065","5.0110057","4.941176471","4.977068167","5","4.947368421","4.923076923","5","5","5","5","5","4.965517241","4.909651346","5","4.916083916","4.941176471","4.892449923","4.812981202","4.8","4.781491003","4.782123624","4.8","4.906637345","4.903306192","4.876228007","4.891353214","4.801920768","4.863466915","4.776040592","4.770424584","4.850366323","4.886854552","4.941176471","4.989446529","4.974395443","5.052631579","5.142857143","5.214550265","5.262931225","5.32872794","5.454545455","5.5","5.521964202","5.505981237","5.498400135","5.454545455","5.454545455","5.457524086","5.459940653","5.473770883","5.469697975","5.5","5.535731113","5.5","5.5","5.5","5.538461538","5.538461538","5.538461538","5.529682841","5.496183206","5.5","5.538461538","5.538461538","5.538461538","5.625","5.6470588235","5.647058824","5.6","5.647058824","5.647058824","5.625","5.540711535",
"아파트","서","지역별 전월세전환율","","9.5","9.5","9.5","9.5","9.5","9.5","9.4","9.3","9.3","9.4","9.2","9.2","9.2","9.2","9.2","9.1","9.2","9.2","9.2","9.2","9.1","9","9.1","9","9","9.2","9","8.7","8.5","8.3","8.3","8.3","8.3","8.3","8.1","8.1","7.8","7.4","7.2","6.9","7","7","6.9","6.9","7","6.9","6.8","6.8","6.7","6.5","6.4","6.2","6","6","6","5.9","5.621010638","5.538461538","5.419354839","5.25","5.217391304","5.095454545","5","4.947692308","4.857365901","4.934845348","4.896879143","4.864637968","4.8","4.8","4.8","4.8","4.79860983","4.727272727","4.701030928","4.779768935","4.8","4.8","4.882481705","4.948338486","4.988772206","4.965517241","4.967401742","4.952380952","4.941176471","4.936931922","5.03175135","5.041481529","5.018253841","5.133333333","5.0877731","5","4.941176471","4.912400691","4.8205143","4.8","4.8","4.79005777","4.8","4.8","4.8","4.826078025","4.872295446","4.861003861","4.808622522","4.8","4.709063083","4.662194746","4.648668241","4.666666667","4.666666667","4.726325556","4.736842105","4.755076434","4.736842105","4.736842105","4.780197903","4.8","4.8","4.8","4.8","4.8","4.714285714","4.786324786","4.830875268","4.909090909","4.636223617","4.610510144","4.563793678","4.5","4.307692308","4.389490791","4.444444444","4.595744681","4.774220601","4.909090909","5","5.106382979","5.132144056","5.236791623","5.333333333","5.4","5.501432665","5.581395349","5.737051793","5.896595499","6","6.023871676","6.045879184","6","6","5.816783217","5.753754261","5.669174023","5.610838726","5.596416763","5.556725146","5.52","5.504506036","5.462950913","5.538461538","5.5","5.507253347","5.473684211","5.538461538","5.580801511","5.589145513","5.647058824","5.706301045","5.791772995","5.819097398","5.893938039","5.7777777778","5.795513698","5.780496049","5.764794883","5.733494783","5.747227463","5.740059142",
"아파트","광주","지역별 전월세전환율","","9","9","9","9","9","9","8.9","8.6","8.4","8.1","8","8","7.9","7.9","7.9","8","8","7.8","7.9","8","8","7.7","7.7","7.6","7.5","7.6","7.6","7.5","7.5","7.5","7.4","7.3","7.2","7.1","7.1","7.1","7.1","7.1","7","6.9","6.8","6.7","6.6","6.5","6.5","6.5","6.5","6.5","6.4","6.4","6.4","6.4","6.3","6.2","6.2","6.1","6","6","6","6","5.99409082","5.838943265","5.647058824","5.55","5.575261028","5.647058824","5.66059939","5.708993026","5.6","5.58152522","5.454545455","5.4","5.333333333","5.333333333","5.217391304","5.236736659","5.257065949","5.255864942","5.333333333","5.4","5.454545455","5.4","5.4","5.322570862","5.228655545","5.179150648","5.217391304","5.222385897","5.189200882","5.316455696","5.333333333","5.340414343","5.344734813","5.333333333","5.312651162","5.260566614","5.173665067","5.076923077","5.071252882","5.142857143","5.162068966","5.25","5.268292683","5.25","5.217391304","5.142857143","5.142857143","4.941176471","4.909090909","4.909090909","4.914285714","4.99998","5.001823227","5.025945894","5.073672806","5.108571429","5.175427493","5.142857143","4.890674844","4.873610805","4.800880161","4.8","4.902202471","4.909090909","4.909090909","4.909090909","4.941176471","5","4.931676601","4.915349939","4.891314972","4.909090909","4.817843515","4.874344151","4.905660377","4.885714286","4.967959094","5","5","5.034965035","5.052631579","5.074643714","5.04","5.076973045","5.13659115","5.200023587","5.217391304","5.2","5.307842827","5.323980576","5.313749676","5.324435381","5.32528659","5.333333333","5.333333333","5.307498836","5.25","5.143497825","5.25065773","5.333333333","5.379310345","5.4","5.387365045","5.340537799","5.355744601","5.4","5.4","5.4","5.342604015","5.4","5.6","5.647058824","5.6150558326","5.647058824","5.667993524","5.684210526","5.6","5.6","5.560297545",
"아파트","서","지역별 전월세전환율","","8.9","8.9","8.9","8.9","8.9","8.9","8.6","8","8","8","7.9","8","7.7","7.6","7.6","7.5","7.4","7.4","7.3","7.4","7.5","7.5","7.4","7.3","7.2","7.6","7.6","7.5","7.4","7.4","7.3","7.1","7.2","7","7.1","6.9","7.1","7.1","7","6.8","6.6","6.6","6.5","6.5","6.4","6.5","6.7","6.5","6.4","6.3","6.3","6","6","6","6","6","5.793103448","5.762401963","5.76","5.890909091","5.732853657","5.542526299","5.5377973","5.397425575","5.4","5.4","5.405943896","5.454545455","5.4","5.28","5.229935464","5.142857143","5.099988838","5.001185896","4.995867763","4.971428571","5","5.031290026","5","5.016105417","5","5.142857143","5.092014593","5.076923077","5.014925373","5.023161888","4.918032787","4.918032787","5","5","4.909090909","4.888888889","4.881256453","4.805975082","4.8","4.8","4.8","4.8","4.790572346","4.8","4.8","4.800922346","4.8","4.8","4.8","4.8","4.8","4.8","4.8","4.8","4.8","4.8","4.8","4.8","4.8","4.710469234","4.706652754","4.61197335","4.615384615","4.61024003","4.557462951","4.551724138","4.551724138","4.641042611","4.657930368","4.615384615","4.571428571","4.661619856","4.698209384","4.664143262","4.666666667","4.769556025","4.799067182","4.714285714","4.7","4.695652174","4.8","4.873096447","4.905660377","4.888888889","4.936708861","4.888888889","4.909090909","4.963072378","4.999599517","5.076923077","5.097755398","5.095454545","5.032258065","5.018181818","5.076923077","5.023255814","5.098494197","5.076923077","5.145816313","5.151154135","5.217391304","5.2","5.332984672","5.3925","5.41679587","5.344721579","5.279705677","5.294117647","5.231580555","5.221763515","5.25","5.296926584","5.276013679","5.350604275","5.437162605","5.373134328","5.365090624","5.283018868","5.32900154","5.333333333","5.251479444","5.325817528","5.334234364",
"아파트","남","지역별 전월세전환율","","9.5","9.5","9.5","9.5","9.5","9.5","9.5","9.4","9","8.8","8.7","8.3","8.1","8","8","8.4","8.4","8.2","8.7","8.1","8.1","8","8.3","8.2","8.2","7.7","8","8","7.8","7.5","7.6","7.4","7.2","7","7.1","7.3","7","8.8","8.4","8.1","8.2","7.7","7.7","7.4","7.2","7.1","6.7","6.4","6","6.1","6.3","6.3","6","6","6.2","6","6","5.953514779","5.833333333","5.561157272","5.333333333","5.454545455","5.47012987","5.333333333","5.45291192","5.563495246","5.6","5.538461538","5.379310345","5.333333333","5.335930182","5.231653513","5.142857143","5.142857143","5.076923077","5.142857143","4.97501602","5.090909091","5","5.014925373","4.8","4.615384615","4.667582274","4.653333333","4.528301887","4.537111264","4.588235294","4.736842105","4.777545405","4.972868415","5.209579798","5.343065138","5.046362893","5.142857143","5.333333333","5.139539101","5","4.941176471","5","4.897959184","4.8","4.895539906","4.885377293","4.811573131","4.588229578","4.666666667","4.615377097","4.434782609","4.333333333","4.137931034","4.277307843","4.49895759","4.571428571","4.682926829","4.681156817","4.8","4.8","4.656664441","4.659680542","4.608095113","4.448685103","4.519790041","4.389620763","4.363636364","4.363636364","4.32","4.478151983","4.5","4.363566176","4.234949167","4.285714286","4.252231923","4.326567626","4.556279253","4.7369632","4.822220007","4.648488201","4.690645788","4.613547094","4.575491642","4.635007901","4.667955205","4.649133211","4.64516129","4.800325248","4.886877828","4.941176471","5","5.0999925","5.023255814","5.092454319","5.04","4.981311372","5.076923077","5.064777328","5","5.02359897","5.000522855","5.076923077","5.042016807","5.149253731","5","5.005714286","4.912047437","4.937210132","4.898531865","4.887373605","5","5.052631579","5.142857143","5.25","5.320005291","5.225962479","5.324356169","5.25","5.159137274","5.142857143","5.16455854","5.152442493",
"아파트","북","지역별 전월세전환율","","9","9","9","9","9","9","9.1","8.6","8.3","8.1","8","8","8.2","8.2","8.4","8.4","8.7","8.4","8.4","8.4","8.3","8.1","8","8","8","7.9","8","7.7","7.6","7.7","7.6","7.6","7.5","7.5","7.4","7.4","7.3","7.2","7","6.7","6.7","6.6","6.2","6","6","6","6.2","6.4","6.3","6.3","6.2","6","6","6","6","6","5.999175484","5.999175484","5.999175484","5.999175484","6","5.998734444","5.76","5.653711357","5.647058824","5.763449288","5.881540546","5.973725656","5.739130435","5.925925926","5.714285714","5.6","5.454545455","5.4","5.372087513","5.430935303","5.498260348","5.538461538","5.73662727","5.99626075","5.99626075","5.79509955","5.707142857","5.454545455","5.333333333","5.217391304","5.25","5.2689681","5.142857143","5.333333333","5.408589762","5.538461538","5.647058824","5.714285714","5.647058824","5.593608295","5.4","5.333333333","5.268292683","5.584618212","5.647058824","5.756712329","5.995643756","5.995643756","5.995643756","5.995643756","5.995643756","5.538461538","5.538461538","5.4","5.4","5.4","5.454545455","5.527272727","5.573697314","5.684210526","5.993250558","5.900611714","5.714285714","5.654378555","5.538461538","5.4","5.454545455","5.454545455","5.40410048","5.465564882","5.504587156","5.538461538","5.625","5.520361574","5.41683777","5.333333333","5.233058488","5.217391304","5.142857143","5.000351283","5.211111111","5.238095238","5.258964143","5.301141181","5.281950991","5.275585908","5.374337538","5.4","5.454545455","5.516908046","5.454545455","5.333333333","5.491328558","5.59223301","5.59223301","5.6","5.621509404","5.620187644","5.557739498","5.569537246","5.381165919","5.423314162","5.381165919","5.454545455","5.538461538","5.647058824","5.665922919","5.647058824","5.684210526","5.684210526","5.670116785","5.707209259","5.55808811","5.572476717","5.658153242","5.647058824","5.7446808511","5.78313253","5.796566893","5.796566893","6","6","6",
"아파트","광산","지역별 전월세전환율","","9","9","9","9","9","9","8.7","8.6","8.3","8","8","7.8","7.6","7.6","7.6","7.8","7.7","7.4","7.5","7.4","7.5","7.4","7.3","7.3","7.2","7.3","7.2","7.1","7.1","7.1","7.1","7","6.8","6.7","6.7","6.7","6.9","6.8","6.9","6.8","6.8","6.9","6.7","6.9","6.9","7","6.7","6.8","6.6","6.5","6.5","6.5","6.4","6.2","6.3","6.2","6.121463695","6.165137615","6","6.139893648","6","6","5.995988063","5.886792453","5.834","5.993719373","5.936002327","6","5.936842105","5.831844104","5.658363769","5.597169848","5.443298969","5.6","5.681293786","5.648221693","5.647058824","5.6","5.727908399","5.801776531","5.965243785","5.68683417","5.64","5.647058824","5.578378378","5.66354774","5.544554455","5.408257152","5.485714286","5.609427191","5.586039321","5.684210526","5.649447074","5.647058824","5.538461538","5.4","5.4","5.25","5.256292005","5.220460358","5.262584011","5.333333333","5.333333333","5.405900304","5.454545455","5.4","5.42244389","5.505737274","5.273229521","5.305453249","5.217391304","5.333333333","5.243095364","5.144882167","5.333333333","5.209759067","5.15001815","5.12","4.646741251","4.666666667","4.732057416","4.775427574","4.909090909","5","4.961986005","4.957244157","5.018181818","5.142857143","5.031016043","5.023255814","5.005895405","5.088339223","5.066666667","5.013905428","5.076923077","5.084745763","5.217359363","5.204192266","5.214066793","5.256420884","5.163297045","5.217391304","5.229463174","5.333333333","5.359592258","5.396647778","5.4","5.454545455","5.647058824","5.647058824","5.674576939","5.646722742","5.662921348","5.647058824","5.59938873","5.568588783","5.49306779","5.149541186","5.4","5.428571429","5.473635629","5.5","5.548218082","5.504112565","5.514545852","5.647650097","5.7","5.581395349","5.6690088","5.67666139","5.728255583","5.737905693","5.7391304348","5.834192655","5.800544037","5.86346139","6","5.958269469","5.751947274",
"아파트","대전","지역별 전월세전환율","","7.6","7.6","7.6","7.6","7.6","7.6","7.4","7.5","7.5","7.4","7.4","7.4","7.3","7.3","7.4","7.3","7.3","7.4","7.4","7.3","7.4","7.2","7.2","7.1","7.1","7","7","6.9","6.9","6.9","6.9","6.7","6.7","6.7","6.6","6.5","6.5","6.3","6.2","6.2","6.2","6.3","6.3","6.4","6.4","6.5","6.4","6.3","6.3","6","6","6","6","6","6","6","5.746788991","5.700754612","5.6","5.56789743","5.533518805","5.4","5.333333333","5.333333333","5.333333333","5.314764355","5.212013347","5.143809107","5.142857143","5.169230769","5.142857143","5.142857143","5.076923077","5.142857143","5.16","5.151970058","5.142857143","5.176367084","5.181818182","5.142857143","5.142857143","5.134502153","5.142857143","5.142857143","5.076923077","5","5.142857143","5.142857143","5.151704858","5.2","5.172413793","5.16","5","4.919933261","4.864864865","4.8","4.8","4.714285714","4.717241379","4.8","4.8","4.837904564","4.897959184","5","5.050641967","5.031533582","5.045376647","4.941176471","5.027407889","4.941176471","4.8","4.8","4.8","4.8","4.784378834","4.615384615","4.615384615","4.557464209","4.5","4.444444444","4.333333333","4.407533399","4.431599444","4.4","4.447469847","4.5","4.463963098","4.408163265","4.434782609","4.333333333","4.328509407","4.285714286","4.333333333","4.288603328","4.294234592","4.379239388","4.460231031","4.5","4.483839442","4.499468387","4.531788991","4.561690141","4.666666667","4.703620649","4.80758185","4.956527271","5.039451411","5.142857143","5.189189189","5.201708547","5.2","5.142857143","5.142857143","5.048886967","5.000004853","5.006508029","4.955781198","4.923076923","4.905938788","4.93869591","4.977777778","4.984219917","5.046396841","5.052631579","5.052631579","5.059987186","5.052631579","5.052631579","5.065963061","5.106108455","5.142857143","5.142857143","5.1440197742","5.157578019","5.142857143","5.174025974","5.138948009","5.158021407","5.142857143",
"아파트","동","지역별 전월세전환율","","9","9","9","9","9","9","8.8","8.6","8.6","8.5","8.5","8.3","8.3","8.5","8.4","8.2","8.5","8.6","8.2","8.2","8.3","8.2","8","7.8","7.8","7.7","7.7","7.7","7.7","7.9","7.7","7.6","7.5","7.3","7.2","6.9","6.7","7.1","7","7.2","7.4","7.2","7.1","7","7.1","7.2","6.9","6.8","6.9","6.5","6.6","6.4","6.7","6.7","6.6","6.6","6.285714286","6.067833954","6","6","6","6","5.938679453","6","6.255924171","6","6.149403297","6.422550593","6.631654157","6.354188528","6.599209788","6.353956835","6.471588116","6.568967597","6","6","6","5.780177758","5.86058259","5.47747285","6.3188075","6","6.040659749","5.866666667","5.62817881","5.581395349","5.922544041","6","6","6.273218056","6.217032522","6.303237963","5.907010973","5.714285714","5.4","4.97245734","4.714285714","4.8","4.971109098","5.304492918","5.472481301","5.226748279","5.395887439","5.647316528","5.427579197","5.427579197","5.898039216","5.327562264","5.533668439","5.40474132","5.313942017","5.313942017","5.142857143","5.315714253","5.311747061","5.451327191","5.419354839","6.281029389","6","5.296148558","4.537587659","4.421052632","4.5","4.332621305","4.363636364","4.235294118","4.28559326","4.421052632","4.666666667","4.521810241","4.521810241","4.571428571","4.24","4.225578537","4.21500288","4.320198237","4.571036329","4.507866323","4.52552611","4.4","4.573501129","4.679410158","4.8","4.8","4.8","4.917725704","4.956521739","5.094197025","5.142857143","5.101502386","5.217444381","5.179856115","5.218301275","5.042710701","5.076923077","5.086804877","5.113191489","5.042444822","5.023161541","4.920327993","4.909090909","4.913561848","4.997634305","5.076923077","5.076923077","5.204157606","5.258395172","5.224071703","5.25","5.199515137","5.17800863","5.194880611","5.1670448395","5.052631579","5","5.052425047","5.000207132","4.979657217","5.022309024",
"아파트","중","지역별 전월세전환율","","8.4","8.4","8.4","8.4","8.4","8.4","8.4","8.4","8.5","8.4","7.9","8","7.9","7.8","7.8","7.6","7.4","7.6","7.6","7.5","7.6","7.4","7.6","7.4","7.3","7.2","8","7.6","7.6","7.6","7.5","7.2","7","7.2","7.2","7.1","7.2","6.9","6.8","6.7","6.8","6.9","7","7","6.9","6.9","7.2","7.2","7.2","7.5","7.4","6.9","6.7","6.7","6.5","6.4","6.353230725","6.237161427","6.000631146","6","6","6","6.086153846","6","6","5.651429324","5.777777778","5.601881967","5.633285509","6.310310444","5.56941552","6.12520892","5.595605086","5.712492923","5.561283535","5.714285714","5.6","5.578136287","5.789035271","5.665634675","5.810482296","5.692105263","5.623083216","5.625508263","5.71933367","5.714802736","5.724381625","5.590697674","5.559928444","5.647058824","5.538461538","5.25","5.142857143","5.333333333","5.28","5.333333333","5.419354839","5.142857143","5.142857143","4.941176471","5.142857143","4.982758621","4.879393256","5.189189189","5.094972067","5.818181818","5.714285714","5.826669533","5.853658537","5.820251015","5.66588785","5.581225681","5.451671332","5.4","5.436234242","5.323625146","5.333333333","4.948294667","5.070422535","4.801131542","4.641025641","5.075927479","5.105801654","5.25","5.117535427","5.2","4.695652174","4.407938382","4.465116279","4.46693497","4.476727082","4.14507772","4.235294118","4.183893113","4.18039184","4.107426099","4.285714286","4.333333333","4.322281381","4.383589577","4.444128372","4.444444444","4.663430421","4.797747802","4.921544578","5.0625","5.198555957","5.297977382","5.142857143","5.21229555","5.194048016","5.12","5.189189189","4.941176471","4.95412844","4.96101949","4.8","4.901762135","4.905182147","5","5","5.052631579","5.142857143","5.139420874","5.087010083","5","5","5","5.04560265","5.220933615","5.263157895","5.280969988","5.2989704286","5.386185243","5.419354839","5.454545455","5.419354839","5.538461538","5.538461538",
"아파트","서","지역별 전월세전환율","","6.9","6.9","6.9","6.9","6.9","6.9","6.9","6.9","7","6.9","7","7","6.9","7","7","7","6.9","6.9","6.9","6.9","7","6.9","6.9","6.8","6.9","6.7","6.6","6.5","6.5","6.5","6.5","6.5","6.4","6.4","6.3","6.3","6.2","6","6","6","6","6","6","6","6.2","6.2","6.1","6.1","6","6","6","5.8","5.6","5.5","5.5","5.5","5.538461538","5.459616502","5.454545455","5.33415072","5.333333333","5.305347673","5.219097486","5.222166539","5.25","5.2","5.142857143","5.076923077","5.048543689","5.020759022","4.965517241","4.875","4.8","4.8","4.824650913","4.85955482","4.888027387","4.923076923","4.963998105","5","4.923076923","4.848392587","4.941176471","4.941176471","4.8","4.8","4.8","4.8","4.759032724","4.700764818","4.732057416","4.727272727","4.709637442","4.6973962","4.571428571","4.588235294","4.604407061","4.512188572","4.477794094","4.520759357","4.615384615","4.64516129","4.711269547","4.8","4.827894502","4.8","4.8","4.8","4.744530971","4.751932877","4.576623377","4.64516129","4.714285714","4.727272727","4.662104558","4.5","4.458971117","4.363636364","4.285938508","4.273972603","4.2","4.235294118","4.272249855","4.2704445","4.217926186","4.253578732","4.258064516","4.168421053","4.229285714","4.2","4.125","4.128265155","4.233420567","4.2","4.194756554","4.285714286","4.363636364","4.374711583","4.421052632","4.444444444","4.461668685","4.5","4.588235294","4.615384615","4.736842105","4.848484848","4.881355932","4.95967021","5","5.006786814","5.022574199","5","4.941176471","4.894990768","4.909090909","4.941176471","4.908644039","4.875","4.817518248","4.858542014","4.909090909","4.933653972","5","4.965517241","4.911939873","4.93151765","4.941176471","4.93487395","4.958677686","5","5.008536552","5.052631579","5.0327680364","5.052631579","5.046821572","5.052631579","5","5","5",
"아파트","유성","지역별 전월세전환율","","7.1","7.1","7.1","7.1","7.1","7.1","7","6.9","6.7","6.7","6.7","6.8","6.8","7","7.3","7.2","7.3","7.4","7.4","7.4","7.1","6.9","7.1","6.9","6.9","6.8","6.7","6.6","6.7","6.5","6.6","6.5","6.5","6.4","6.4","6.4","6.3","6.1","6.1","6.1","6.2","6","6","6","5.9","6","6","6","6","6","6","6","6","6","6","5.7","5.333333333","5.268659751","5.25","5.266982937","5.142857143","4.994871137","4.897959184","4.800060989","4.80012198","4.8","4.798864619","4.705882353","4.682926829","4.614629533","4.615384615","4.615384615","4.705882353","4.971428571","5.169230769","5.248166131","5.066666667","5.169230769","4.965517241","4.860139363","4.8","4.8","4.8","4.8","4.736842105","4.71214816","4.940582808","4.942885354","5.142857143","5.25","5.225592159","5.452919968","4.965517241","4.8","4.8","4.8","4.741953535","4.615384615","4.615384615","4.625916232","4.695652174","4.8","4.8","5.008794866","4.942756636","4.923076923","4.8","4.581226064","4.736842105","4.576594855","4.5","4.287096112","4.235294118","4.285714286","4.215512238","4.210526316","4.212931706","4.2","4.246085966","4.312410451","4.383391277","4.540443808","4.457142857","4.449918203","4.645224784","4.685978915","4.8","4.794282753","4.603118476","4.444444444","4.551724138","4.506965741","4.479331981","4.5","4.571428571","4.58534508","4.582338902","4.615384615","4.595744681","4.586476451","4.608","4.58532701","4.615739672","4.748258756","4.923076923","5.142857143","5.217391304","5.348436584","5.454545455","5.454545455","5.360065962","5.316066418","5.333890032","5.314509675","5.183221442","5.139194999","4.98","4.923076923","4.956521739","5","5.052631579","5.019246862","5.076923077","5.052631579","5.063640293","5.131873832","5.045329632","5.018181818","5.076923077","5.191752329","5.250399216","5.217391304","5.2010614203","5.189189189","5.169263949","5.189189189","5.142857143","5.217391304","5.176102222",
"아파트","대덕","지역별 전월세전환율","","9.2","9.2","9.2","9.2","9.2","9.2","8.7","9","8.6","8.5","8.6","8.4","8.4","8.4","8.5","8.3","8.3","8","8.3","8.6","8.6","8.4","8.6","8.4","8.3","7.9","8","7.8","8","8","8","7.8","7.7","7.6","7.5","7.6","7.5","7.1","7","7","7.1","7","7.2","7.5","7.4","7.3","7.2","7","6.7","6.7","6.7","6.7","6.6","6.7","6.9","7.1","6.75","6.847907507","6.771226415","6.874406815","6.503496503","6.461538462","6.399231262","6.171428571","6.233766234","6.092307692","6","6","6","6.21761658","6.284500112","6.315789474","6.446434085","5.741626794","5.704136205","5.837837838","5.947384978","5.807824319","5.876224748","5.918129726","6","6","6","5.78754521","5.666666667","5.647058824","5.6","5.789090909","5.907692308","6","6","6","6","5.714285714","5.4","5.427272727","5.539527748","5.766492048","5.949795576","6","5.684210526","5.690612596","5.540570311","5.454545455","5.538461538","5.684210526","5.454545455","5.454545455","5.304521224","5.341902314","5.350471294","5.344522429","5.337755544","5.333333333","5.403272727","5.3","5.25","4.8","4.510276835","4.324675325","4.298507463","4.50084463","4.432429658","4.8","5.124620061","5.265881779","4.979537404","4.715151197","4.674530774","4.451843016","4.586092415","4.557823129","4.530932373","4.681987563","4.5","4.630272953","4.615384615","4.8","4.706947362","4.664939551","4.885714286","4.909090909","4.982948807","4.999306631","4.999653316","4.944431956","5.07534195","5.091180602","5.25","5.333333333","5.346960473","5.333333333","5.333333333","5.360587613","5.142857143","5.052631579","5.052631579","5.067708009","4.984525294","4.92","5.052631579","5.142857143","5.06673423","5.217391304","5.368920105","5.353949835","5.322471374","5.263328377","5.244089317","5.305877481","5.333333333","5.275182347","5.3094127112","5.363128492","5.333333333","5.368421053","5.360949201","5.333333333","5.348081743",
"아파트","울산","지역별 전월세전환율","","8.7","8.7","8.7","8.7","8.7","8.7","8.6","8.4","8.4","8.2","8.3","8","8","8","7.8","7.6","7.4","7.5","7.4","7.4","7.5","7.5","7.5","7.4","7.2","7.4","7.3","7.1","7","7.1","7.2","7.2","7.2","7.2","7.2","7.1","6.9","6.8","6.5","6.5","6.5","6.5","6.4","6.4","6.5","6.4","6.4","6.4","6.3","6.3","6.3","6","6","6","6","6","6","6","5.828571429","5.666666667","5.647058824","5.455203974","5.454545455","5.333333333","5.150384193","5.142857143","5.023255814","4.981251647","4.90952461","4.909090909","4.809600084","4.8","4.8","4.729100118","4.8","4.8","4.880802894","4.867926454","4.962407342","4.941176471","4.863958288","5","4.997788747","4.909090909","4.965517241","4.8","4.8","4.8","4.8","4.8","4.8","4.811433385","4.8","4.87225954","4.88372093","4.8","4.8","4.864864865","4.901098914","4.875","4.814163566","4.814268932","4.801354153","4.8","4.8","4.8","4.8","4.684263792","4.695652174","4.615384615","4.628571429","4.615384615","4.658823529","4.615384615","4.655402313","4.68651695","4.648061549","4.615384615","4.563077571","4.5","4.400500365","4.401000731","4.442222222","4.368151495","4.5","4.421052632","4.285714286","4.285714286","4.183982007","4.052003769","4.111356494","4.151518695","4.174560582","4.173913043","4.234878656","4.285714286","4.2","4.2","4.281929051","4.363636364","4.415451695","4.465116279","4.666666667","4.799047677","4.8","5.04","5.142857143","5.25","5.333827371","5.4","5.454545455","5.435294118","5.419354839","5.4","5.358600803","5.333333333","5.333333333","5.333333333","5.333323293","5.333333333","5.333333333","5.333333333","5.385054339","5.4","5.4","5.437362637","5.419354839","5.4","5.393258427","5.6","5.571428571","5.714285714","5.6953677688","5.818181818","5.829270331","5.818181818","5.884047066","5.856241033","5.913550952",
"아파트","중","지역별 전월세전환율","","8.6","8.6","8.6","8.6","8.6","8.6","8.4","8","8.1","8.4","7.8","7.4","7.1","7.8","7.7","7.4","7.1","7.1","7","7.2","7.4","7.5","7","7.5","7.4","7.3","7.2","7.2","7.5","7.2","8","8","7.7","7.3","7.3","7.2","7","6.7","6.5","6.4","6","6.1","6.1","6","6.6","6.6","6.2","6.3","5.8","5.9","5.9","5.8","5.6","6","6","5.5","5.726708075","5.763284166","5.142857143","4.666666667","4.615384615","4.516129032","4.757142857","5.294688833","4.20639641","4.098675828","4","4.101989496","3.999971567","4.864864865","4.8","4.595744681","4.045186309","4.153846154","4.185012166","4.211111111","4.350110464","4.5","4.549865229","4.444444444","4.199522629","4.344069214","4.367850718","4.5","4.372065073","4.299465241","4.410191784","4.47142833","4.369787743","4.706290361","4.393727485","4.363871294","4.550085915","4.571428571","4.550085915","4.675817405","4.335664336","4.374301531","4.246460817","4.235294118","4.285714286","4.267691322","4.399742249","4.517644284","4.370936299","4.176923077","4.198042723","4.312780193","4.077663799","4.307692308","4.5","4.666666667","4.8","4.556412729","4.363636364","4.624933687","4.615384615","4.48","3.727701579","4.036567978","3.894337288","3.999897322","4.242768326","3.612916587","3.692307692","3.882352941","4","4","3.600450338","3.597356828","3.902769362","4.2","4.056278042","4.104201681","4.148148148","4.114285714","3.395550455","3.329845367","3.551837808","3.783894412","3.720060183","3.700647095","4.299983175","4.379468493","4.210526316","4.595744681","4.751192621","5.054756953","5.215059929","5.294688833","5.333333333","5.333333333","5.206004684","5.217391304","5.211486131","5.230769231","5.316670099","5.333333333","5.230658987","5.142857143","5.00045158","5.082352941","4.965517241","5.000294233","4.833333333","4.8","4.875","4.910915386","4.816106963","5.032258065","5.107123453","5.189189189","5.2129747963","5.092046173","5.225806452","4.941176471","5.10989011","5.330574645","5.38317757",
"아파트","남","지역별 전월세전환율","","8","8","8","8","8","8","8","8","7.8","7.4","7.4","7.1","7.3","7.1","7","7","6.9","6.8","6.9","7","7.1","7","7","7","6.7","6.5","6.6","6.5","6.5","6.5","6.7","6.9","6.8","6.7","6.5","6.5","6.2","6.1","6","6","6.1","6","6","6","6","6","6","6","6","6","6","6","6","5.8","5.6","5.6","5.454545455","5.454545455","5.538461538","5.335171923","5.333333333","5.333333333","5.217391304","5.25","5","4.92991453","4.92991453","4.875","4.817872332","4.8","4.666666667","4.703530961","4.730355396","4.651162791","4.727272727","4.8","4.909090909","4.805669738","4.971428571","5","4.84104896","4.82909023","4.8","4.8","4.8","4.757709251","4.788697025","4.720723607","4.695652174","4.695652174","4.64516129","4.714285714","4.674989465","4.666666667","4.615384615","4.755026615","4.8","4.718421053","4.767411844","4.8","4.8","4.686906301","4.542857143","4.571428571","4.615384615","4.64516129","4.615384615","4.447327833","4.528301887","4.406449732","4.564849669","4.5","4.421052632","4.363636364","4.4","4.4","4.363636364","4.363636364","4.281692958","4.32","4.285714286","4.264208802","4.285714286","4.285714286","4.363636364","4.327043792","4.2","4.147119859","4","4.040639809","4.036505867","4","4.195804196","4.142788672","4.215212931","4.173913043","4.221963607","4.293714997","4.330601093","4.469846275","4.5","4.523086637","4.666666667","4.740675614","4.695652174","4.8","4.909090909","5.030829244","5.189189189","5.189189189","5.260273973","5.217391304","5.189189189","5.157506502","5.142857143","5.106382979","5.189189189","5.233566434","5.162236585","5.173326335","5.179641487","5.174238877","5.21440497","5.178684793","5.123560138","5.230054875","5.142857143","5.129190601","5.052631579","5.217391304","5.217391304","5.344129555","5.4","5.538461538","5.571428571","5.454545455","5.485714286","5.396629213","5.381780366",
"아파트","동","지역별 전월세전환율","","7.8","7.8","7.8","7.8","7.8","7.8","7.7","7.6","7.6","7.8","8","7.8","7.8","7.9","7.4","7.4","7.5","7.3","7.2","7.1","7.2","7.2","7.2","7.3","7.4","7.5","7.4","7.2","6.9","7.2","7","7.2","7.3","7.2","7.2","7.2","6.9","7","6.5","6.4","6.3","6","6","6","6","6","6","6","6","6","6","6","5.8","5.8","5.5","5.4","5.379354673","5.333333333","5.333333333","5.147286186","5.333333333","5.238230631","5.059649123","4.984070728","4.986324105","4.906965116","4.666666667","4.658823529","4.636866359","4.8","4.652445952","4.615384615","4.675324675","4.546405163","4.5","4.637155416","4.618642666","4.438356164","4.5","4.637662338","4.623898516","4.497290245","4.660194175","4.592475619","4.675294225","4.592620814","4.285714286","4.442361762","4.42684281","4.285714286","4.361279157","4.675324675","4.8","4.799566082","4.8","4.68520451","4.695652174","4.8","4.784245949","4.727931795","4.714285714","4.8","4.616601416","4.660194175","4.670995671","4.8","4.782276552","4.5","4.819092213","4.738247157","4.611295681","4.5","4.702715533","4.702715533","4.941176471","5.113191489","4.980073931","5.005184791","4.965517241","4.8","4.571428571","4.571428571","4.72118401","4.613604309","4.714285714","4.681178511","4.617013641","4.533333333","4.533333333","4.490736533","4.5","4.5","4.5","4.397066985","4.395317527","4.5","4.615384615","4.8","4.8","4.8","4.704572031","4.8","4.92513369","5.004541543","5.071794872","5.405405405","5.633285509","5.833042734","5.997440066","6","6","6.029023402","6","5.918147783","5.723135426","5.632839081","5.54188448","5.454531453","5.454545455","5.511954632","5.647058824","5.714285714","5.789494812","5.872530529","5.93429112","6.137144696","6.136363636","6.30075188","6.318868933","6.522727273","6.486486586","6.580236474","6.4763965914","6.47277308","6.666666667","6.776914125","6.734693878","6.734693878","7.096774194",
"아파트","북","지역별 전월세전환율","","9","9","9","9","9","9","9","9.2","9","9.3","9.6","9","8.5","8.6","8.1","7.6","7.4","7.6","7.5","7.3","7.2","7.5","7.6","7.2","7.3","7.2","7.2","7.1","7","6.9","6.9","7","6.7","6.7","6.5","6.8","6.5","6.5","6.4","6.3","6.4","6.5","6.5","6.6","6.9","6.7","6.5","6.4","6.5","6.5","6.3","6","6","6","6","5.6","5.714285714","6","5.479304488","5.444154662","5.477272727","5.4","5.538461538","5.291666667","5.28","5.327557481","5.142857143","5.142857143","5.101485927","5","4.800121097","4.8","4.8","4.755894466","4.8","4.8","4.8","4.8","4.933333333","4.883660291","4.903525046","5","5","5.052631579","5.076126434","4.984615385","5.014540063","4.995364322","4.923076923","4.909090909","4.8","4.8","4.615384615","4.8","4.8","4.8","4.864864865","5.102260994","5.091653028","5.106382979","5","4.950406276","4.969739755","4.823202277","4.858406194","4.8","4.8","4.799877017","4.714285714","4.615384615","4.5","4.5","4.5","4.5","4.509512005","4.593915613","4.53494167","4.5","4.648441315","4.408163265","4.333333333","4.5","4.468858897","4.341818182","4.362282546","4.190365863","4","3.818181818","3.724137931","3.626543241","3.659586413","3.75","3.790642105","3.913043478","4.000448301","4.127717447","4.085072634","4.092918526","4.153846154","4.2","4.229058506","4.363520358","4.44682786","4.612721211","4.588235294","4.958677686","5.189189189","5.28","5.333039258","5.330920107","5.333333333","5.333061397","5.379310345","5.4","5.307692308","5.304059822","5.267479675","5.217352869","5.25","5.217352869","5.217391304","5.2","5.230338437","5.25","5.25","5.236691716","5.217391304","5.162495753","5.299088734","5.304059822","5.181818182","5.187667547","5.1428571429","5.431677843","5.320754717","5.506160825","5.6","5.726708075","5.683333333",
"아파트","울주","지역별 전월세전환율","","9.6","9.6","9.6","9.6","9.6","9.6","9.2","9.2","9.3","9","9.1","9","9.2","9.5","9.2","9","8.9","9","8.7","8.8","8.7","9","9.1","8.4","8.7","9.2","8.7","8.6","8.6","8.7","8.6","8.2","8.6","8.3","8.1","8","8","8","8","8","8","8","7.5","7.2","7.4","7.2","7.2","7.4","7.5","7.5","7.7","7.5","7.1","7.2","7","6.9","6.673102494","6.666666667","6.59524098","6.549179247","6.107535367","6.131939633","6","6","6","6","6","5.647058824","5.547588103","5.623529412","5.684210526","5.974276417","6","5.665634675","5.689817122","5.559928444","5.721062493","5.80040056","5.80040056","5.768502619","5.796752004","5.853658537","5.80040056","5.684210526","5.80040056","5.647058824","5.720504862","5.631399317","5.538461538","5.768240945","5.454672408","5.333333333","5.333333333","5.438205197","5.333333333","5.163721601","5.152073733","5.186810648","5.321104482","5.454545455","5.538461538","5.6","5.587161357","5.593575194","5.429519715","5.25","5.352887724","5.142857143","5.142857143","5.322360558","5.175542796","5.159199969","5.25","5.409677419","5.4","5.263837012","5.218693941","5.185200842","5.142857143","5.142857143","4.803588992","4.615384615","4.666666667","4.988521999","5.163680142","5.21493238","4.983529757","5.142857143","5.246404432","5.052631579","5.04","5","4.8","4.8","4.857142857","4.79535215","4.7","4.602739726","4.705882353","4.571428571","4.615384615","4.8","4.8","5.084745763","5.236363636","5.6","5.4","5.40065086","5.52158519","5.538461538","5.64179526","5.538461538","5.63339763","5.704347601","5.812602581","5.76","5.866666667","6","6","5.886650324","5.837837838","5.853658537","5.812602581","5.878464549","5.895507828","6","6.06741573","6.000284471","6.145104895","6.266318538","6.4","6.352941176","6","6","6","6","6.315789474","6.3","6.745786517",
"아파트","세종","지역별 전월세전환율","","","","","","","","","","","","","","","","","","","","8.1","7.7","8","8","8","8","8","8","7.8","7.6","7.2","7","7.2","7.1","7","7.2","7","6.8","6.4","6","6","6","6.1","6.5","6.4","6.4","6.4","6.3","6.2","6.3","6.1","6.2","6","6","5.8","5.3","5.3","5.2","5.113770641","5.052631579","5","4.909090909","4.800198328","4.8","4.909090909","5","5.997797912","5.818181818","5.333333333","5.6","5","4.714285714","4.118623277","4.125","4.125174312","4.186046512","4.2","4.235294118","4.333333333","4.426229508","4.714285714","4.793860452","4.778033808","4.665591233","4.615700445","4.618519726","4.617895985","4.66161401","4.716664144","4.8","4.786785684","4.8","4.909090909","5.028497383","5.142857143","5.077712524","5","4.976401375","4.909090909","4.8","4.705585033","4.661538952","4.710351377","4.799866773","4.8","4.897959184","4.845407446","4.827863954","4.8","4.615384615","4.638675842","4.500602234","4.5","4.450911774","4.444444444","4.5","4.570933505","4.615923612","4.514285208","4.56854742","4.46444732","4.496442743","4.364306553","4.277588854","4.173913043","4.071428571","4","4","4.051847317","4.069787724","4.097560976","4.137931034","4.137931034","4.242771439","4.434782609","4.642331437","4.8","4.860991759","4.941176471","4.911323329","4.923549768","4.923076923","4.888888889","4.923076923","4.941176471","5.032258065","5.2","5.368421053","5.5","5.646061961","5.676358532","5.684210526","5.666876667","5.622773206","5.560345283","5.4","5.333333333","5.333333333","5.363886396","5.4","5.454545455","5.53279616","5.580638159","5.625","5.612967145","5.579203492","5.5","5.455275047","5.4","5.399947584","5.4","5.408605629","5.428571429","5.455950804","5.5090571178","5.524174061","5.454545455","5.454545455","5.449269426","5.388194588","5.341246291",
"아파트","경기","지역별 전월세전환율","","8.7","8.7","8.7","8.7","8.7","8.7","8.6","8.5","8.4","8.4","8.3","8.3","8.2","8","8","8","8","8","8","8","8","8","8","7.8","7.7","7.6","7.5","7.4","7.4","7.3","7.3","7.2","7.2","7.1","7","6.9","6.8","6.6","6.5","6.4","6.4","6.3","6.3","6.3","6.3","6.2","6.1","6","6","5.9","5.7","5.7","5.6","5.5","5.5","5.4","5.333333333","5.202312139","5.106382979","5","4.941176471","4.811444035","4.8","4.8","4.8","4.8","4.8","4.8","4.772727273","4.727497032","4.682267387","4.645571063","4.615384615","4.581818182","4.571428571","4.554744526","4.569995817","4.571428571","4.615384615","4.615988686","4.615384615","4.615384615","4.615384615","4.631578947","4.626029228","4.615384615","4.628571429","4.666666667","4.695652174","4.695652174","4.695652174","4.714285714","4.721311475","4.695652174","4.668702864","4.666666667","4.666666667","4.660102534","4.682926829","4.714285714","4.721311475","4.724409449","4.744186047","4.750672783","4.727272727","4.695078605","4.64516129","4.588745712","4.535032253","4.5","4.5","4.5","4.5","4.5","4.5","4.5","4.490847458","4.444444444","4.428573312","4.444444444","4.452414314","4.494382022","4.498677413","4.465116279","4.457142857","4.444444444","4.422291464","4.399185336","4.363636364","4.382463511","4.36417615","4.4","4.452802441","4.5","4.540540541","4.57433291","4.615384615","4.663252644","4.713888346","4.777947933","4.8","4.875761224","5","5.088339223","5.195043275","5.333333333","5.454545455","5.538461538","5.542569594","5.538461538","5.53537994","5.454547302","5.418373143","5.36494696","5.323386552","5.25","5.217391304","5.215591146","5.203816132","5.217391304","5.219541118","5.242111283","5.217391304","5.2","5.187075995","5.2","5.217391304","5.2","5.215033532","5.25","5.269522811","5.309288635","5.3333333333","5.333333333","5.333333333","5.333333333","5.333333333","5.314285714","5.302325581",
"아파트","수원","지역별 전월세전환율","","8.3","8.3","8.3","8.3","8.3","8.3","8.3","8.1","8","7.9","7.8","7.6","7.6","7.6","7.7","7.6","7.6","7.6","7.6","7.6","7.6","7.5","7.5","7.4","7.4","7.2","7.2","7.2","7","7","7","6.9","6.8","6.6","6.5","6.4","6.3","6.3","6.3","6.3","6.3","6.2","6.1","6","6","6","5.8","5.7","5.7","5.6","5.6","5.5","5.5","5.5","5.3","5.4","5.227740447","5.052631579","4.941176471","4.8","4.740591837","4.724409449","4.8","4.8","4.8","4.846402201","4.8","4.8","4.666666667","4.682926829","4.587320633","4.615384615","4.585365188","4.540540541","4.551724138","4.5","4.5","4.5","4.505132266","4.511913533","4.5","4.512","4.5","4.5","4.575","4.571428571","4.60939389","4.635423197","4.69421261","4.681957246","4.610059991","4.579885698","4.561368821","4.571428571","4.552923751","4.566413888","4.588356751","4.565996603","4.615384615","4.678108078","4.707123278","4.705882353","4.795466415","4.785111414","4.666666667","4.609165369","4.5","4.42355902","4.417422868","4.363636364","4.394941234","4.402358949","4.430769231","4.436735728","4.425910931","4.399090679","4.390390291","4.398535157","4.363636364","4.363636364","4.363636364","4.453271462","4.444444444","4.453584108","4.5","4.422015551","4.363636364","4.161635091","4.150943396","4.255614537","4.309442882","4.399501247","4.44843309","4.559983158","4.571631919","4.533333333","4.5","4.53582848","4.592441339","4.610266265","4.64516129","4.736842105","4.8","4.864864865","4.979728899","5.126109811","5.274725275","5.324820365","5.319702644","5.333333333","5.333333333","5.333333333","5.291928435","5.269985359","5.249783784","5.185272511","5.142857143","5.081767022","5.023255814","5","5","5.00572768","5","4.955091818","4.941176471","4.931506849","4.901776708","4.894826083","4.941176471","4.989473684","5.005518736","5.04","5.0526315789","5.103797468","5.107554301","5.1","5.121934297","5.14384392","5.143941955",
"아파트","장안","지역별 전월세전환율","","8.3","8.3","8.3","8.3","8.3","8.3","8.4","8.3","8","8.2","8","7.8","7.6","7.6","7.7","7.4","7.5","7.4","7.4","7.2","7.2","7.2","7.3","7.3","7.2","7.1","7.2","7.2","7.1","7.1","7.2","7.1","7","6.9","6.5","6.5","6.4","6.3","6.2","6.3","6.4","6.3","6.3","6","6","6","6","5.7","5.8","5.7","5.7","5.6","5.5","5.4","5.3","5.2","5","5.006495314","5.1","5.142857143","5.16508789","5.052631579","4.96101949","4.923076923","5","4.909090909","4.8","4.857142857","4.8","4.8","4.712578593","4.8","4.858951175","4.750189142","4.764522239","4.571428571","4.64516129","4.576271186","4.615384615","4.566596195","4.510869565","4.540540541","4.5","4.567044601","4.571428571","4.51708445","4.5","4.615384615","4.680194439","4.672858931","4.581033009","4.571428571","4.588235294","4.666666667","4.57607567","4.549407526","4.647531961","4.588235294","4.580640694","4.664590476","4.654875883","4.84233095","4.8","4.682926829","4.690738092","4.679125752","4.578173143","4.64516129","4.5","4.478571429","4.441417114","4.441417114","4.5","4.5","4.5","4.462691964","4.52027027","4.421052632","4.421052632","4.405059445","4.406449165","4.497857076","4.465116279","4.405054538","4.403669725","4.2","4.16350688","4.059849961","4.02965301","4.071320198","4.106727643","4.173913043","4.235294118","4.285714286","4.5","4.50696","4.5","4.502814259","4.632282674","4.588713742","4.492206938","4.588235294","4.768974455","4.780211185","4.8","5.050767729","5.140977772","5.188066697","5.217391304","5.217391304","5.283222123","5.319702644","5.243181818","5.274725275","5.272863774","5.293197192","5.300102954","5.254576519","5.190784367","5.217391304","5.217391304","5.186387251","5.149729175","5.076923077","5.04","5.027409673","4.982802542","4.909090909","4.927251999","5.01792829","5.059649123","5.085346082","5.1147540984","5.089344932","5.142857143","5.141874979","5.217391304","5.277362637","5.258821619",
"아파트","권선","지역별 전월세전환율","","8.9","8.9","8.9","8.9","8.9","8.9","8.7","8.6","8.3","8.4","8.4","8","8","8","8","7.9","8","8","8","8","8","8","8","8","8","7.6","7.5","7.6","7.5","7.2","7.4","7.5","7.1","6.9","7.1","7","7","6.9","6.8","6.7","6.7","6.7","6.6","6.5","6.4","6.2","6.1","6.1","6","5.8","5.8","5.9","5.9","5.8","5.7","5.9","5.6","5.419354839","5.217391304","5","4.795595228","4.666666667","4.8","4.8","4.941176471","4.965517241","5","4.981132075","4.840623938","4.862386465","4.8","4.822303327","4.8","4.8","4.8","4.630346004","4.57411956","4.634507251","4.617725095","4.615384615","4.615384615","4.637180575","4.664307525","4.628571429","4.780876494","4.705849703","4.795937543","4.8","4.867877181","4.8","4.799682032","4.710084034","4.714285714","4.658823529","4.663721159","4.64516129","4.615721102","4.642690234","4.708251076","4.8","4.8","4.719101124","4.8","4.875","4.8","4.69352977","4.615384615","4.500102377","4.5","4.444444444","4.444444444","4.461532763","4.421052632","4.438356164","4.437522902","4.235294118","4.173913043","4.103249488","4.00082399","4","4","4.105263158","4.0625","4.06779661","4.186228378","4.174013544","4.251968504","3.913293954","3.842439644","4.24","4.285714286","4.337349398","4.407254962","4.548589342","4.5","4.5","4.5","4.56062106","4.56","4.631787847","4.8","4.893003299","4.906116738","5.030751376","5.142857143","5.2490887","5.333333333","5.388838703","5.410759577","5.44401032","5.463086061","5.45771016","5.333333333","5.330547072","5.28","5.265184792","5.2","5.2","5.144957686","5.142857143","5.126148801","5.132068696","5.099853376","5.028943038","5","5.023255814","5.052631579","5.032258065","5.090909091","5.111768573","5.142857143","5.142857143","5.1031914894","5.2","5.177782638","5.216383308","5.231941566","5.28","5.268446881",
"아파트","팔달","지역별 전월세전환율","","8.5","8.5","8.5","8.5","8.5","8.5","8.4","8","8","7.8","7.7","7.6","7.7","7.5","7.6","7.6","7.3","7.2","7.3","7.5","7.8","7.9","7.9","7.8","7.5","7.5","7.2","7.2","7.2","7.5","7.6","7.4","6.6","6.4","6.6","6.7","6.8","6.9","7","7","7","6.7","6.6","6.7","6.8","6.7","6.6","6.6","6.8","6.5","6.5","6.5","6.6","6.5","6.2","6","5.915405122","5.657142857","5.4","5.4","5.546288935","5.551540237","5.896025662","5.960806381","5.897314483","6","5.645172343","5.543811232","5.428682836","5.538205634","5.642894143","5.595004938","5.684210526","5.565006753","5.475122387","5.250818162","5.256578947","5.149552077","5.3021224","5.142857143","5.013478072","5.27456776","5.005770196","4.828349357","5.034324926","5.333333333","5.418144193","5.333333333","5.434676233","5.538461538","5.420837707","5.354918834","5.272095185","5.270671388","5.384259074","5.569020659","5.589386676","5.349329449","5.578966836","5.56704364","5.58358028","5.399410223","5.480637096","5.379310345","5.36","5.285063883","5.159950304","5.284444529","5.310595414","5.4","5.538461538","5.424941578","5.414127513","5.432261436","5.355974618","5.2275961","5.258117043","5.316801224","5.277486911","5.454545455","5.454400478","5.333333333","5.333333333","5.330903308","5.191997611","5.135025668","4.967637434","4.819687712","4.690177925","4.743801327","4.791297796","4.947521977","4.795648898","5.059288538","5","5.03765843","4.864612512","4.984367419","5.070422535","5.076923077","5.090909091","5.256408048","5.399923457","5.4","5.485714286","5.485714286","5.538461538","5.320815709","5.247961597","5.247961597","5.2","5.195054803","5.147928267","5.294117647","5.356658122","5.246972301","5.307692308","5.22823567","5.239319871","5.2","5.301469541","5.4","5.391804457","5.285728611","5.30010352","5.244088578","5.222138984","5.297058824","5.315960912","5.368421053","5.319265255","5.145102094","5.2176828974","5.28","5.322604871","5.25","5.28702818","5.398320224","5.382573693",
"아파트","영통","지역별 전월세전환율","","7.9","7.9","7.9","7.9","7.9","7.9","7.8","7.4","7.6","7.5","7.4","7.4","7.5","7.5","7.5","7.6","7.5","7.5","7.5","7.5","7.3","7.3","7.2","7.1","7.3","7","6.9","6.9","6.7","6.7","6.6","6.5","6.5","6.3","6","5.8","5.7","5.7","5.7","5.8","5.8","5.7","5.7","5.5","5.4","5.4","5.3","5.2","5.2","5.2","5.2","5.1","5","5","4.9","4.9","4.8","4.658082487","4.571428571","4.433606343","4.336410157","4.36099177","4.405464442","4.390243902","4.363636364","4.458398744","4.365989484","4.285714286","4.285714286","4.285714286","4.235294118","4.177816901","4.173913043","4.124157589","4.180427113","4.180923739","4.2","4.2","4.256352973","4.285714286","4.235294118","4.159554279","4.150972247","4.161862155","4.281998363","4.25108747","4.285714286","4.273505577","4.273505577","4.3125","4.290506295","4.285714286","4.308314073","4.317830359","4.285714286","4.285714286","4.333316264","4.34946284","4.363636364","4.462656096","4.491971915","4.5","4.540883494","4.545104422","4.439522","4.286635923","4.222222222","4.119642857","4.114956627","4.102802419","4.110997912","4.105263158","4.125","4.173913043","4.217361541","4.285714286","4.246776136","4.294736842","4.272626459","4.285714286","4.25","4.281778104","4.30224336","4.4159745","4.394814989","4.3610297","4.26035503","4.130763456","4.147473285","4.235294118","4.311096802","4.421052632","4.536807445","4.559926318","4.5","4.5","4.465108367","4.44525863","4.499497073","4.526218095","4.528301887","4.615384615","4.643299273","4.736842105","4.849309532","5.019101534","5.2","5.301204819","5.333333333","5.333333333","5.333333333","5.314285714","5.281457938","5.217391304","5.142857143","5.066666667","4.989449181","4.941176471","4.838735894","4.8","4.799173539","4.8","4.779492386","4.736842105","4.727272727","4.731164006","4.744186047","4.75","4.8","4.8","4.831678375","4.931709545","4.9690295483","4.988743267","5","5","4.954534557","4.941176471","4.946031674",
"아파트","성남","지역별 전월세전환율","","7.8","7.8","7.8","7.8","7.8","7.8","7.8","7.8","7.6","7.6","7.5","7.4","7.3","7.2","7.1","7.1","7","7","7","7","7","6.9","6.9","6.9","6.8","6.7","6.7","6.6","6.6","6.5","6.5","6.5","6.4","6.4","6.2","6","6","5.7","5.7","5.5","5.5","5.5","5.5","5.5","5.3","5.3","5.3","5.2","5.2","5.1","5","4.9","4.8","4.8","4.7","4.7","4.615384615","4.56","4.5","4.497963245","4.390243902","4.333130004","4.285714286","4.285714286","4.298507463","4.274767184","4.285714286","4.224","4.179459182","4.173913043","4.153846154","4.137931034","4.085106383","4.016931773","4","4","4","4","4","4","4.006323111","4.036602497","4.009950249","4.054054054","4.00879965","4","4","4","4","3.987881083","4","4","4","4","4","4","4","4","4","4","4","4","4","4","4","4","3.998806148","3.978947368","3.839921234","3.857142857","3.852248992","3.840178767","3.857142857","3.854234401","3.9","3.866666667","3.885714286","3.867757571","3.84","3.870967742","3.960960792","4","4.02962963","4.010081656","4.044661401","4.105263158","4.029491518","3.9723423","3.9","3.891891892","3.947368421","3.958762887","4.013575651","4.090568265","4.093777997","4.123207783","4.114285714","4.169750052","4.272354408","4.210526316","4.28178399","4.283021905","4.331042705","4.435905542","4.546645735","4.679665738","4.8","4.8","4.787234043","4.782099802","4.782164957","4.732283667","4.695652174","4.675324675","4.696805445","4.63303485","4.602739726","4.574735211","4.615384615","4.611657384","4.628533378","4.596067652","4.556962025","4.529624092","4.531438368","4.517647059","4.534390723","4.533333333","4.636363636","4.615384615","4.64516129","4.636363636","4.6153846154","4.562737643","4.52559727","4.615384615","4.614327391","4.624438455","4.64516129",
"아파트","수정","지역별 전월세전환율","","9","9","9","9","9","9","9","8.6","8.6","8.7","8.7","8.7","8.7","8.3","8","8.2","8.1","8","8","8","7.9","7.8","8","7.9","7.7","8","8.6","8","8","8.4","8.4","8.4","8","8","7.6","7.6","7.1","6.7","6.9","6.5","6.5","6.7","6.7","7.2","7","7.1","6.7","6.5","6.6","6.3","6","6.2","6.3","6.4","6.4","6.3","6.24","6","5.714285714","5.841754465","5.402637086","5.25","4.988876529","4.888732821","4.941176471","4.829655613","5.047770134","4.8","4.607486631","4.631956962","4.508544622","4.421052632","4.2","4.083861945","4.049918342","4.071619799","4","4","4.2","4.443241131","4.465116279","4.478578657","4.516666667","4.483681244","4.550350246","4.308551606","4.271418244","4.284228158","4.202182639","4.195968884","4.142857143","4.105263158","4.084738538","4","4.108192747","4.102631579","4.218448523","4.289897109","4.242647059","4.42516269","4.402481259","4.409366954","4.390243902","4.363636364","4.285714286","4.236110842","4.169233691","4.186046512","4.097560976","4.116226297","4.118356471","4.2","4.344575018","4.508421756","4.508188756","4.256166434","4.114285714","4","3.909673602","3.906976744","3.907619203","3.960254171","4.06779661","4.363636364","4.562421159","4.615384615","4.615384615","4.495116499","4.543628654","4.438920016","4.168774465","4.272149293","4.434559704","4.608","4.520634841","4.601095829","4.6875","4.744186047","4.781697933","4.781697933","4.752919443","4.620228983","4.683957959","4.698326888","4.837528278","4.937548588","5.1","5.1","5.037338262","5.037338262","5.147034204","5.20754717","5.142857143","5.113534171","5.128205128","4.855599549","4.801565372","4.8","4.80233859","4.909090909","5.023255814","4.977938668","4.942977943","4.800768328","4.8","4.780704401","4.784412607","4.801766971","4.888888889","4.942988107","5","5.033369214","5.0016120604","5.004594265","4.88811808","4.873689364","4.878561707","4.859428118","4.866381154",
"아파트","중원","지역별 전월세전환율","","8.7","8.7","8.7","8.7","8.7","8.7","8.6","8.4","8.2","8.1","8.2","8","8","7.9","7.6","7.6","7.6","7.6","7.5","7.7","7.8","7.6","7.8","7.7","7.7","7.7","7.8","7.7","7.5","7.3","7.2","7.2","6.7","6.7","6.7","6.7","6.7","6.7","6.6","6.5","6.5","6.3","6.2","6.2","6.2","6","6","5.5","5.4","5.5","5.3","5.2","5.4","5.3","5.4","5.5","5.454545455","5.454545455","5.400643777","5","4.911867061","4.714285714","4.615384615","4.615384615","4.615384615","4.615384615","4.626681075","4.703723526","4.729064039","4.631659464","4.722923472","4.5","4.359637244","4.285714286","4.285714286","4.227729101","4.178687543","4.176621112","4.275","4.285714286","4.360907983","4.428197009","4.408163265","4.363636364","4.160022187","4.125","4.124726994","4.125","4.125","4.153846154","4.327868852","4.397654272","4.591989987","4.4","4.5","4.45","4.5","4.363636364","4.347276728","4.140883663","4.163140167","4.237638626","4.285714286","4.285714286","4.285714286","4.235294118","4.235294118","4.198819002","2.053954283","2.053954283","2.06424575","2.341463415","2.07428491","2.753968254","4.472222222","4.363636364","4.240282258","4.169170665","4.230492197","4.083503043","4.101600833","4.214230865","3.945205479","3.74284188","3.613429439","3.628509719","3.57896578","3.568141593","3.6","3.492031399","3.73142852","3.684454754","3.392190208","3.618852672","3.811529933","4.354520132","4.2","4.0625","4.629915334","4.363636364","4.363636364","4.317303371","4.44871019","4.666666667","4.654893076","4.8","4.87","5","4.820805502","4.82821379","4.830362277","4.8","4.8","4.8","4.8","4.8","4.8","4.8","4.86155675","4.772727273","4.571428571","4.606761556","4.597648242","4.57014931","4.571428571","4.571428571","4.61328898","4.702112245","4.799161946","4.890198344","4.975609756","4.90810425","4.8960628431","4.8","4.749201917","4.768211921","4.761904762","4.695652174","4.695652174",
"아파트","분당","지역별 전월세전환율","","7.5","7.5","7.5","7.5","7.5","7.5","7.5","7.5","7.4","7.3","7.3","7.2","7.1","7","6.9","6.9","6.9","6.9","6.9","6.8","6.8","6.8","6.7","6.7","6.6","6.5","6.4","6.3","6.3","6.2","6.2","6.2","6.2","6.2","6","6","5.7","5.6","5.5","5.4","5.3","5.3","5.3","5.3","5.2","5.1","5.1","5.1","5.1","5","4.9","4.8","4.8","4.7","4.6","4.6","4.5","4.434782609","4.363636364","4.365979381","4.288084967","4.235294118","4.2","4.220262597","4.221954485","4.186046512","4.192551946","4.105263158","4.046865053","4.045944937","4.008363223","4.030571761","4.011090791","4","4","4","4","4","4","4","3.958772706","3.999558384","3.948643855","4","3.994568531","4","3.964013765","3.973077454","3.963157321","3.913043478","3.913043478","3.906976744","3.891891892","3.913043478","3.924912708","3.9","3.944511219","3.927272727","3.931034483","3.955158604","3.943443132","3.980952381","3.943745008","3.9","3.906976744","3.85058473","3.891891892","3.866666667","3.857142857","3.866666667","3.861163227","3.83391797","3.835085778","3.818181818","3.789473684","3.751432415","3.796875","3.8","3.784226383","3.830464672","3.955615019","4","4.060880365","4","4.007029877","4.03089705","3.987001964","3.91966685","3.824091778","3.870967742","3.917163088","3.941577825","4.02919708","4.084919473","4.05812407","4.024390244","4","4.072727273","4.096969697","4.075471698","4.136137122","4.157944323","4.261682243","4.328485185","4.435643564","4.579232962","4.682926829","4.6875","4.666666667","4.636363636","4.589543721","4.553334383","4.5","4.486893093","4.472537077","4.5","4.457142857","4.43697479","4.465887624","4.424141981","4.429884731","4.427370342","4.416635996","4.411249245","4.408163265","4.403669725","4.444444444","4.435224706","4.5","4.457142857","4.482032668","4.458504334","4.4541484716","4.4","4.363636364","4.5","4.5","4.539518238","4.581818182",
"아파트","의정부","지역별 전월세전환율","","8.9","8.9","8.9","8.9","8.9","8.9","8.7","8.6","8.3","8.3","8.3","8.3","8.4","8.4","8.4","8.4","8.4","8.4","8.4","8.4","8.3","8.3","8.1","8","8","8","8","7.8","7.7","7.7","7.7","7.6","7.5","7.5","7.6","7.5","7.4","7.3","7.3","7.2","7.3","7.2","7.2","7.1","7.2","7.1","7","7","6.9","6.9","6.7","6.7","6.7","6.5","6.5","6.3","6.139534884","6","5.898545026","5.731343284","5.582818842","5.504098361","5.454545455","5.419354839","5.4","5.332983362","5.31153669","5.282326552","5.268893417","5.25","5.229487444","5.142857143","5.142857143","5.142857143","5.128053926","5.142857143","5.12","5.142857143","5.142857143","5.090909091","5.142857143","5.143846844","5.2","5.189189189","5.142857143","5.181325767","5.22037422","5.189189189","5.217391304","5.25","5.28","5.28","5.277796105","5.25","5.179467312","5.142857143","5.1","5.099629016","5.142857143","5.247867884","5.217391304","5.264133377","5.201084832","5.188477197","5.142857143","5.131034483","5.078372932","5.091010787","5.052631579","4.973324658","4.987012987","4.941176471","5","4.985876777","4.705882353","4.727272727","4.736842105","4.623021249","4.596193986","4.707474985","4.795683338","4.8","4.8","4.909090909","4.95987802","4.909090909","4.923076923","4.875349944","4.791595863","4.653707304","4.571428571","4.705882353","4.8","4.883675538","4.875","4.856190333","5","5.056136786","5.106382979","5.142857143","5.217391304","5.333333333","5.454545455","5.561787019","5.6","5.767599661","5.821712268","5.809379728","5.86572428","5.877193766","5.866666667","5.777777778","5.793103448","5.76","5.697329377","5.647058824","5.569159907","5.541476058","5.538461538","5.500456598","5.517241379","5.538461538","5.538461538","5.538461538","5.538461538","5.5","5.545579337","5.538461538","5.530434783","5.701598083","5.684210526","5.670567381","5.6470588235","5.72257684","5.765765766","5.760170747","5.78313253","5.776174303","5.812316716",
"아파트","안양","지역별 전월세전환율","","7.5","7.5","7.5","7.5","7.5","7.5","7.4","7.3","7.2","7.1","7.1","7.1","7","7.1","7.1","7.1","7","7","7.1","7.1","7.1","7","6.9","6.9","6.7","6.7","6.7","6.6","6.5","6.5","6.5","6.4","6.3","6.1","6.1","6","6","5.8","5.7","5.7","5.6","5.6","5.6","5.5","5.5","5.5","5.5","5.4","5.3","5.3","5.2","5.1","5.1","5","5","4.9","4.8","4.714285714","4.608","4.5","4.435522447","4.38114339","4.363636364","4.35","4.290225564","4.301886792","4.32","4.285714286","4.258064516","4.274131257","4.233444497","4.235294118","4.235294118","4.187919463","4.2","4.165245902","4.146582193","4.137931034","4.114285714","4.114285714","4.114285714","4.119348586","4.125","4.137931034","4.085106383","4.063027295","4.095636972","4.08","4.105263158","4.128","4.125844259","4.16","4.153846154","4.173913043","4.187919463","4.173913043","4.173913043","4.156843711","4.228825326","4.266666667","4.235294118","4.285714286","4.324296899","4.32214845","4.254140074","4.183266932","4.153846154","4.08","4.022181316","4.021279745","4","4","4","4","4","4","4","4.054054054","4.054054054","4.028985026","4","4","4","3.944636678","3.901598048","3.920519591","4","4.076812173","4.153846154","4.153846154","4.155630967","4.211699164","4.166666667","4.138869414","4.145873321","4.148765557","4.140494608","4.137931034","4.160583942","4.172041188","4.181959681","4.243179497","4.320432043","4.423605741","4.5","4.615384615","4.8","4.8","4.8","4.8","4.8","4.8","4.777251185","4.714285714","4.714285714","4.717024863","4.695652174","4.691227838","4.701432045","4.697481168","4.705882353","4.662004662","4.666666667","4.675324675","4.666666667","4.68","4.768211921","4.8","4.8","4.8","4.832607107","4.861773375","4.8681541582","4.859119845","4.85106383","4.8","4.8","4.8","4.8",
"아파트","만안","지역별 전월세전환율","","8","8","8","8","8","8","8","8","7.8","8","8","7.9","7.6","7.6","7.5","7.5","7.5","7.5","7.4","7.3","7.6","7.3","6.9","6.9","7","6.9","7","7.2","6.9","6.8","6.9","6.9","6.7","6.2","6.4","6.3","6.3","6","6.2","6.2","6","6.1","6.2","6","6","6","6","5.8","5.7","5.6","5.5","5.6","5.5","5.2","5.3","5.1","5.077143671","4.943541","4.932563891","4.984615385","4.925187067","4.8","4.869565217","4.8","4.571428571","4.666666667","4.8","4.790891782","4.615384615","4.5","4.444444444","4.5","4.444444444","4.5","4.641025641","4.620024747","4.666666667","4.875","4.8","4.615384615","4.363636364","4.372521269","4.363636364","4.283956139","4.3","4.258064516","4.180798932","4.105263158","4.137931034","4.285714286","4.285714286","4.286449123","4.285714286","4.235294118","4.403190718","4.250778124","4.285714286","4.2","4.344464443","4.27760271","4.125","4.06779661","4.2","4.126090928","4.000169599","4","4","4","3.912839274","4","4.073450135","4.125","4","4","3.998167599","4","4","4.015198806","4","4","4.137500524","4.216216216","4.137931034","4","3.870967742","3.795460105","3.645186681","3.724137931","3.691942985","3.617616391","3.603005008","3.760714286","3.903016312","3.932386364","4","4.06779661","4.070129589","4.119566358","4.21978022","4.285714286","4.318273381","4.285714286","4.309573935","4.36482698","4.426734448","4.615384615","4.682999567","4.736842105","4.718772083","4.8","4.8","4.756446053","4.8","4.615384615","4.666666667","4.61485332","4.609682823","4.659514917","4.640762463","4.696735826","4.77245981","4.807692895","4.8","4.8","4.789984847","4.776119403","4.8","4.8","4.8","4.8","4.8","4.8","4.8681541582","4.875","4.883291379","4.8","4.8","4.8","4.8",
"아파트","동안","지역별 전월세전환율","","7.4","7.4","7.4","7.4","7.4","7.4","7.3","7.2","7.1","7","6.9","6.9","6.9","7","7","7","6.9","6.9","7.1","7","7","6.9","7","6.9","6.7","6.7","6.6","6.5","6.5","6.4","6.4","6.3","6.2","6.1","6","6","6","5.7","5.6","5.6","5.5","5.5","5.5","5.5","5.5","5.4","5.4","5.3","5.2","5.2","5.1","5.1","5","5","4.9","4.9","4.754716981","4.666666667","4.542857143","4.435358859","4.363636364","4.32","4.307692308","4.285714286","4.285714286","4.285714286","4.283901517","4.218026145","4.2","4.2","4.177697189","4.173913043","4.171234142","4.105263158","4.137931034","4.105263158","4.099527788","4.113136954","4.06478741","4.061681959","4.0525488","4.070211744","4.085231447","4.125","4.030201824","4","4.072258065","4.067925366","4.097560976","4.090909091","4.090909091","4.137931034","4.13188241","4.153846154","4.153846154","4.133762058","4.153846154","4.153846154","4.2","4.25834116","4.277694128","4.375054514","4.363636364","4.393461286","4.285714286","4.257111299","4.2","4.137931034","4.097560976","4.033613445","4","4","4","4","4","4","4","4.054054054","4.064516129","4.048079659","4","3.988","3.951972556","3.918367347","3.934592409","3.945205479","4.058188743","4.142052457","4.217142857","4.237647059","4.282053423","4.285714286","4.25202504","4.194141219","4.177878456","4.163052905","4.153846154","4.141392795","4.155666344","4.153846154","4.149855908","4.226569791","4.331051649","4.432717678","4.5","4.615384615","4.8","4.8","4.816053512","4.8","4.812382042","4.8","4.767957276","4.734135338","4.727272727","4.736986731","4.699714263","4.691420781","4.705882353","4.69992278","4.696290257","4.638056976","4.615384615","4.666666667","4.647772063","4.666666667","4.736248367","4.8","4.799842634","4.8","4.841047568","4.864864865","4.8686945501","4.856234313","4.840336134","4.8","4.8","4.8","4.8",
"아파트","부천","지역별 전월세전환율","","8","8","8","8","8","8","8","8","8","8","8","7.8","7.7","7.7","7.7","7.7","7.8","7.8","7.9","7.8","7.8","7.7","7.7","7.6","7.5","7.4","7.3","7.2","7.2","7.1","7.1","7","6.9","6.9","6.8","6.6","6.5","6.2","6.2","6.1","6.1","6","6","6.1","6.2","6.2","6.2","6.1","6","5.8","5.7","5.6","5.5","5.5","5.5","5.5","5.4130962","5.28","5.163368441","5.020147202","5","4.909090909","4.855537721","4.8","4.8","4.8","4.8","4.8","4.8","4.764044944","4.8","4.8","4.735897122","4.644850032","4.692361598","4.615384615","4.584590721","4.615384615","4.615384615","4.634482759","4.624909204","4.615384615","4.631578947","4.615384615","4.677966102","4.674409086","4.666666667","4.721311475","4.714285714","4.73015873","4.73015873","4.714285714","4.666666667","4.615384615","4.644651673","4.571428571","4.615384615","4.551724138","4.588844163","4.567083107","4.588235294","4.615384615","4.57597801","4.528301887","4.615384615","4.490589697","4.426205248","4.444444444","4.385411141","4.363636364","4.363636364","4.4","4.416977929","4.371958228","4.344827586","4.32","4.285714286","4.285714286","4.285714286","4.274475028","4.294455028","4.31665633","4.324324324","4.324125302","4.235294118","4.161269038","4.180327869","4.128916097","4.114285714","4.137931034","4.16521167","4.178771529","4.294998861","4.299674267","4.371584699","4.4","4.395036995","4.482490272","4.443037121","4.5","4.5","4.520078848","4.564617315","4.666666667","4.688149644","4.778133058","4.9712313","5.055921011","5.04","5.076923077","5.097345133","5.06122449","5.02617801","4.961867887","4.974448707","4.946570695","4.875","4.875","4.801407276","4.8","4.792925588","4.8","4.742093023","4.742302427","4.743113879","4.8","4.8","4.808013356","4.8","4.871626149","4.890598291","4.888888889","4.8","4.870634471","4.89016152","4.909090909","4.916299559","4.854967776","4.836641221",
"아파트","원미","지역별 전월세전환율","","7.8","7.8","7.8","7.8","7.8","7.8","7.8","7.9","7.7","7.7","7.7","7.5","7.5","7.5","7.4","7.5","7.6","7.6","7.6","7.5","7.5","7.5","7.4","7.3","7.2","7.1","7.1","6.9","6.9","6.8","6.8","6.8","6.7","6.6","6.5","6.3","6.1","6","6","5.8","5.8","5.8","5.8","5.9","5.9","6","5.9","5.8","5.7","5.5","5.5","5.4","5.3","5.3","5.3","5.2","5.073672806","4.987709497","4.832044934","4.8","4.761507754","4.615384615","4.552669852","4.56","4.615384615","4.615384615","","","","","","","","","","","","","","","","","","","","","","","","","","","","","","","","","","","","","","","","","","","","","","","","","","","","","","","","","","","","","","","","","","","","","","","","","","","","","","","","","","","","","","","","","","","4.813753582","4.823757764","4.8","4.736842105","4.744186047","4.729350649","4.695652174","4.691024012","4.695652174","4.695652174","4.703407407","4.754509255","4.739160691","4.770173938","4.778443114","4.776146344","4.6666666667","4.733727811","4.736842105","4.750770636","4.69273743","4.705882353","4.721520937",
"아파트","소사","지역별 전월세전환율","","8.5","8.5","8.5","8.5","8.5","8.5","8.5","8.2","8.3","8","7.7","7.7","7.7","8","8","8.2","8","8","8.4","8.8","8.8","8.7","8.4","8.3","7.7","7.3","7.2","7.2","7.1","7.3","7.2","7.1","7.2","7.1","7.1","7","6.9","6.8","6.9","6.9","6.8","6.7","6.7","6.6","6.5","6.4","6.5","6.3","6","6","6","6","5.6","5.7","6","6","6","6","5.76101699","5.853658537","5.76","5.37077769","5.333333333","5.4","5.688222751","5.516991616","","","","","","","","","","","","","","","","","","","","","","","","","","","","","","","","","","","","","","","","","","","","","","","","","","","","","","","","","","","","","","","","","","","","","","","","","","","","","","","","","","","","","","","","","","","4.8","4.8","4.8","4.790485062","4.689197362","4.714285714","4.695515011","4.684131983","4.675078026","4.724292101","4.798628441","4.776950269","4.796386536","4.941176471","5.020094266","5.067178503","5.1428571429","5.142857143","5.2","5.2","5.2","5.076923077","4.966752713",
"아파트","오정","지역별 전월세전환율","","10.2","10.2","10.2","10.2","10.2","10.2","10.1","10.5","10.6","10.6","10.6","10.5","10.8","11.3","10.8","10.5","10.4","10","10.1","10.3","10.3","10.3","10.3","10.3","10.5","10.7","10.5","10.4","10.1","9.8","10","9.8","10.1","10.1","10.1","9.8","9.5","9.3","9.4","9.3","9","9.1","9","9","9","9.6","9.1","9.4","9.3","9","8.9","8.7","8.7","8.7","8.6","8.6","8.727272727","8.833426809","8.194285714","8","7.728575607","7.5","7.674609197","7.274763419","7.559599566","7.132939573","","","","","","","","","","","","","","","","","","","","","","","","","","","","","","","","","","","","","","","","","","","","","","","","","","","","","","","","","","","","","","","","","","","","","","","","","","","","","","","","","","","","","","","","","","","5.676348548","5.71396527","5.538461538","5.299033262","5.399560692","5.454545455","5.454545455","5.333333333","5.277159176","5.454545455","5.554945055","5.700332963","5.589706397","5.704955007","5.853658537","5.565056979","5.3833623005","5.376753499","5.69924812","5.714285714","5.697379544","5.735818145","5.538461538",
"아파트","광명","지역별 전월세전환율","","7.4","7.4","7.4","7.4","7.4","7.4","7.2","7.1","6.9","6.9","6.9","6.9","6.9","7","6.9","6.9","6.8","6.9","6.9","6.9","6.9","6.9","6.8","6.8","6.8","6.6","6.5","6.5","6.5","6.4","6.3","6.2","6.2","6","6","5.9","5.8","5.7","5.6","5.5","5.5","5.5","5.4","5.5","5.5","5.5","5.4","5.4","5.4","5.2","5.1","5.1","5","4.9","4.8","4.7","4.615384615","4.522970331","4.422647401","4.360923623","4.305617894","4.258064516","4.285714286","4.296698149","4.31064283","4.322879198","4.299347947","4.285714286","4.285714286","4.285714286","4.278758132","4.214253727","4.212909548","4.22608404","4.235189248","4.2","4.239759382","4.206315789","4.239299849","4.257884269","4.202546998","4.24","4.235294118","4.257206896","4.22963652","4.234467494","4.226383375","4.223743391","4.20281112","4.186046512","4.157517177","4.173913043","4.171869522","4.169314853","4.220925244","4.230107195","4.23547293","4.275807719","4.309565217","4.285714286","4.304838541","4.301627867","4.354528268","4.363636364","4.363636364","4.320941366","4.380997927","4.356752355","4.355593033","4.214845236","4.244536849","4.285714286","4.327669561","4.332992162","4.216265326","4.153846154","4.153846154","4.119987768","4.122397038","4.05","4.044591973","4.074307015","4.139666535","4.003511853","4.022606496","3.97424103","4","4.008350731","4.009111617","4.064516129","4.033146266","4.085118361","4.207692221","4.215581983","4.230758447","4.356369677","4.403669725","4.349065178","4.323094963","4.254545455","4.175290926","4.132152355","4.336633663","4.434475579","4.572652882","4.792384081","4.853241596","4.967298953","4.90579056","4.838630557","4.8","4.8","4.8","4.736842105","4.8","4.8","4.83846696","4.798362604","4.769666585","4.736842105","4.6875","4.666666667","4.659169728","4.583618763","4.5","4.500752433","4.571428571","4.629555414","4.699423669","4.8","4.84935181","4.905151488","4.95","4.908768473","4.875391153","4.882746727","4.864852214","4.857142857","4.859879944",
"아파트","평택","지역별 전월세전환율","","9.7","9.7","9.7","9.7","9.7","9.7","9.6","9.7","9.6","9.3","9","9","9","8.8","8.6","8.6","8.6","8.6","8.5","8.8","8.6","8.4","8.4","8.3","8.3","8.1","8","8","8","8","8","8","8","7.9","7.8","7.7","7.7","7.7","7.5","7.4","7.4","7.3","7.3","7.4","7.3","7.3","7.1","7.2","7","6.8","6.8","6.8","6.7","6.6","6.6","6.5","6.545454545","6.545454545","6.461538462","6.44295302","6.4","6.31258414","6.3","6.139534884","6.193548387","6.117647059","6.171851983","6.148032553","6.23145956","6.200222469","6","6","6","6","5.995998666","5.744680851","5.773029165","6","6","6.007377124","6","6","6.127659574","6.024194326","6","6","6","6","5.871136023","5.840658049","5.795206659","5.806266255","5.6","5.6","5.538461538","5.6","5.633636712","5.66252988","5.747077577","5.815672116","5.784387839","5.71285428","5.672304917","5.697863429","5.647058824","5.538461538","5.333333333","5.057749948","5.052631579","4.961538462","4.961538462","4.941216485","4.968777701","5.142857143","5.268025724","5.331076705","5.352544632","5.390697421","5.34580593","5.333333333","5.231649307","5.195447714","5.364542561","5.316686835","5.339416636","5.4","5.302325581","5.25","5.052631579","4.965498555","4.8","4.800044054","4.8","4.706236617","4.817402314","4.863395614","5","5.075126819","5.176470588","5.297484454","5.372867759","5.538461538","5.877653201","6","6.255411988","6.486486486","6.726688097","6.857142857","6.857142857","6.857142857","6.75","6.600264797","6.5","6.261301993","6.062397889","6","6","6","6","6.206204464","6.260869565","6.273545051","6.260948872","6.195047187","6","6","6","6","5.999853688","6","6","5.977165809","6","6","6","5.995349975","6","5.853658537","5.76872448",
"아파트","동두천","지역별 전월세전환율","","12","12","12","12","12","12","11.6","11.4","10.9","10.7","10","10","10.3","10.1","10.1","10.5","10.7","10.7","10.3","10.1","10","10.1","9.8","9.7","9.8","10.3","10.1","10.4","10","9.7","9.6","9.5","9.4","9.3","9.1","9","8.8","8.8","8.8","8.9","8.7","8.4","8.3","8.1","8","8","7.8","7.6","7.5","7.5","7.3","7.2","7.2","7.2","7.1","6.7","6.666666667","6.52987013","6.45680013","6.112297042","6.05898545","6","6","6","6","6","6","6","5.909491158","6","6","5.79762563","5.604785907","5.665634675","5.590222522","5.5","5.454545455","5.454545455","5.454545455","5.454545455","5.499649224","5.512673052","5.538461538","5.576604975","5.454545455","5.454545455","5.735389574","5.571428571","5.586503948","5.675772444","5.647058824","5.853658537","5.893227122","5.647058824","5.647058824","5.647058824","5.603377346","5.547510984","5.590697674","5.503147965","5.526123937","5.538461538","5.714285714","5.647058824","5.58994033","5.532292738","5.465197474","5.51549114","5.504899182","5.559631912","5.454545455","5.454545455","5.504899182","5.504899182","5.454545455","5.454545455","5.458744508","5.454545455","5.454545455","5.454545455","5.443448259","5.454545455","5.485893417","5.454545455","5.454545455","5.454545455","5.473193473","5.333333333","5.161097835","5.063925655","5","4.960010854","4.991150442","5.005237515","4.982758621","5.072023446","5.121428571","5.130110346","5.099363733","5.190224382","5.25","5.333333333","5.354604975","5.675438596","6","6.029220939","6.180257511","6.458757031","6.125032253","6.136363636","6.014598875","6.113919078","6","6.046637452","6","6","6","6.004371601","6","6","6","6","6","6","6","5.976278484","6","6","6","5.901639344","6","6","6","6.076263206","6.24","6.08821469","6.064494114","6.153846154","6.111111111",
"아파트","안산","지역별 전월세전환율","","8.7","8.7","8.7","8.7","8.7","8.7","8.6","8.5","8.4","8.2","8","8","8","8","8","8","8","7.9","7.9","7.8","7.7","7.7","7.8","7.6","7.5","7.5","7.5","7.5","7.4","7.4","7.3","7.3","7.2","7.1","7.1","7","7","6.8","6.8","6.8","6.7","6.7","6.7","6.8","6.8","6.7","6.7","6.6","6.5","6.2","6","6","5.9","5.7","5.6","5.5","5.481652382","5.446126357","5.368421053","5.267801794","5.295234894","5.194914255","5.148213231","5.076923077","5.052631579","5.011540391","5","5","4.941176471","4.883905813","4.897959184","4.847850231","4.8","4.777251018","4.8","4.8","4.8","4.8","4.8","4.8","4.778606513","4.8","4.8","4.833141542","4.854149393","4.8832344","4.932370081","5","5.052791878","5.142857143","5.142857143","5.142857143","5.2","5.142857143","5.162585477","5.1","5.142857143","5.142857143","5.12717122","5.142857143","5.142857143","5.105024774","5.142857143","5.142857143","5.142857143","5.053568481","5","5","4.95976155","4.965517241","4.945588235","5","4.960914586","4.884717608","4.8","4.8","4.728212689","4.656277827","4.604033448","4.623870917","4.601882029","4.5","4.444444444","4.415103036","4.396998246","4.511788655","4.548104956","4.571428571","4.551724138","4.5","4.409755782","4.285714286","4.258064516","4.285714286","4.332107146","4.425479587","4.38472738","4.46672886","4.5","4.514771116","4.591044315","4.712041885","4.909090909","5.032258065","5.217391304","5.333333333","5.444684782","5.538461538","5.593600515","5.6","5.6","5.508840841","5.454545455","5.4","5.333333333","5.288072422","5.250291574","5.236363636","5.179144385","5.2","5.142857143","5.142857143","5.123397744","5.138315379","5.142857143","5.097446864","5.08990099","5.077808186","5.076923077","5.084358204","5.142857143","5.18512964","5.2459016393","5.25","5.250181463","5.301162791","5.28","5.217391304","5.222567382",
"아파트","상록","지역별 전월세전환율","","8.6","8.6","8.6","8.6","8.6","8.6","8.6","8.5","8.4","8.2","8","8","8","7.9","7.8","8","7.8","7.7","7.7","7.7","7.6","7.5","7.5","7.5","7.4","7.4","7.5","7.5","7.4","7.3","7.2","7.2","7.2","7.2","7.1","7","7","6.9","6.8","6.9","6.7","6.5","6.5","6.6","6.8","6.7","6.7","6.5","6.5","6.3","6","5.8","5.9","5.9","5.7","5.5","5.388455355","5.333333333","5.236363636","5.14995152","5.148213231","5.059080601","5.142857143","5.142857143","5.142857143","5.115643936","5.051598724","5.050565869","5","4.874656908","4.885092042","4.98266405","4.862726911","4.8","4.813055909","4.8","4.818620256","4.8","4.8","4.8","4.8","4.8","4.828571429","4.871401152","4.8","4.884380809","4.849159197","4.887282668","4.97590204","5","5.057160937","5.10989011","5.199657886","5.204820816","5.183403943","5.183403943","5.189189189","5.185862415","5.195136374","5.173750816","5.2","5.163918724","5.2","5.176470588","5.127272727","5","4.9610623","4.909090909","4.941176471","4.925253307","4.934206847","4.906740433","4.857142857","4.8","4.697947002","4.682407133","4.60891418","4.666666667","4.636363636","4.666666667","4.645590269","4.5","4.421052632","4.357565142","4.363636364","4.413905819","4.365078937","4.48636834","4.363636364","4.284698003","4.000915335","4","4","4.025806452","4.279909707","4.35483871","4.285714286","4.329019677","4.363636364","4.467392631","4.430769231","4.682926829","4.909864603","4.948453608","5.26881211","5.28","5.384688922","5.435781939","5.454545455","5.538461538","5.538461538","5.411856859","5.333333333","5.333333333","5.332065666","5.334998776","5.332528637","5.362699277","5.28550755","5.333333333","5.309165703","5.270058966","5.25","5.219660722","5.25","5.2","5.142857143","5.142857143","5.143929912","5.193931676","5.19791533","5.265721255","5.2873445845","5.288125651","5.237226999","5.28","5.295850191","5.260273973","5.326597944",
"아파트","단원","지역별 전월세전환율","","8.7","8.7","8.7","8.7","8.7","8.7","8.7","8.5","8.3","8.2","8.1","8.1","8.2","8.3","8.3","8.1","8","8","8","7.8","7.8","7.9","7.9","7.7","7.6","7.6","7.6","7.5","7.4","7.4","7.3","7.3","7.2","7.1","7.1","7","7","6.8","6.7","6.7","6.7","6.7","6.7","6.8","6.8","6.7","6.6","6.6","6.5","6.2","6","6","5.9","5.6","5.6","5.5","5.6","5.485714286","5.6","5.333333333","5.37309114","5.333333333","5.182869122","5.052631579","4.971375932","4.955758891","4.955758891","4.960879072","4.926281434","4.897959184","4.898203451","4.8","4.785878868","4.714683596","4.711111111","4.754310345","4.778606513","4.8","4.8","4.8","4.736842105","4.8","4.8","4.8","4.869565217","4.875","5","5.08473797","5.1","5.217391304","5.194748532","5.2","5.2","5.0436512","5.142857143","5.070422535","5.1","5.026823135","5.06392172","5.109787828","5.11227582","5.034024841","5.08256569","5.052631579","5.142857143","5.095241129","5.024562282","5","5","4.99856132","4.965517241","5.060074964","5.035060321","4.941176471","4.874613869","4.857142857","4.835087879","4.627265224","4.571428571","4.571428571","4.545504215","4.512075841","4.480887579","4.444444444","4.461442622","4.598634691","4.615384615","4.615384615","4.714285714","4.615384615","4.615384615","4.490659791","4.45927625","4.458766379","4.407488771","4.457142857","4.436326788","4.524356436","4.588235294","4.557664985","4.64902715","4.756096032","4.909090909","5.076923077","5.217391304","5.379310345","5.454545455","5.625201444","5.665874835","5.647058824","5.647058824","5.6","5.5","5.448326944","5.333333333","5.232108151","5.217391304","5.189189189","5.11668601","5.142857143","5.076923077","5.075209018","5.052631579","5.052631579","5.076923077","5.034965035","5.03361155","5.021809458","5","5","5.079242319","5.127386758","5.2","5.217391304","5.28","5.333333333","5.268292683","5.2","5.173335964",
"아파트","고양","지역별 전월세전환율","","8.4","8.4","8.4","8.4","8.4","8.4","8.3","8.3","8.2","8","8","8","8","8","7.9","7.9","7.8","7.7","7.7","7.7","7.6","7.6","7.6","7.6","7.6","7.5","7.4","7.3","7.3","7.2","7.1","7.1","7","6.9","6.9","6.8","6.7","6.5","6.4","6.3","6.3","6.3","6.2","6.2","6.1","6","6","6","5.9","5.7","5.6","5.6","5.5","5.5","5.4","5.3","5.218519824","5.106382979","4.990442484","4.862812179","4.8","4.695652174","4.666666667","4.64516129","4.620919217","4.605147292","4.545454545","4.507162648","4.5","4.498932638","4.455846501","4.444444444","4.437259141","4.430488467","4.431504382","4.419289771","4.443288677","4.444444444","4.5","4.495612051","4.5","4.5","4.5","4.5","4.5","4.5","4.478811502","4.5","4.5","4.5","4.5","4.5","4.5","4.5","4.5","4.5","4.499493072","4.493383521","4.5","4.514678845","4.516450441","4.528301887","4.615384615","4.630815123","4.615384615","4.615384615","4.596478646","4.5","4.444444444","4.438881657","4.421052632","4.390243902","4.4","4.4","4.396946565","4.363636364","4.363636364","4.390243902","4.372469636","4.363636364","4.333333333","4.355004115","4.363636364","4.343891403","4.343891403","4.349856459","4.380611715","4.369369827","4.356859668","4.39576342","4.363636364","4.390243902","4.444444444","4.5","4.580814797","4.615384615","4.552845528","4.533707468","4.590107241","4.655172414","4.667888056","4.777184866","4.889043233","4.980773303","5.060485442","5.225976753","5.279560037","5.333333333","5.38317757","5.379310345","5.333333333","5.217391304","5.161290323","5.142857143","5.106382979","5.095289751","5.052631579","5.052631579","5.052631579","4.999629995","5","4.999467339","4.977101489","4.974907266","4.941176471","4.965517241","4.976225306","5","5.066666667","5.1","5.139106184","5.170077994","5.1711654635","5.2","5.207847308","5.217391304","5.2","5.183588093","5.21550163",
"아파트","덕양","지역별 전월세전환율","","8.1","8.1","8.1","8.1","8.1","8.1","8.1","8","7.8","7.7","7.7","7.7","7.6","7.6","7.6","7.6","7.5","7.5","7.5","7.4","7.4","7.4","7.4","7.3","7.3","7.3","7.3","7.2","7.1","7.1","7.1","7","7","6.9","6.8","6.6","6.5","6.5","6.4","6.3","6.2","6.1","6.1","6","6","6","6","6","5.9","5.8","5.7","5.6","5.6","5.5","5.4","5.2","5.142857143","4.965517241","4.8","4.69966469","4.615384615","4.604651163","4.61380967","4.588235294","4.564964165","4.580620006","4.5","4.496698569","4.444444444","4.434782609","4.408163265","4.384615385","4.363636364","4.378171199","4.4","4.394366197","4.382592644","4.4","4.459459459","4.437621382","4.5","4.551724138","4.509090909","4.528301887","4.5","4.5","4.421052632","4.540540541","4.544079193","4.5","4.5","4.5","4.430021485","4.39191829","4.4","4.3416652","4.363636364","4.363636364","4.386861442","4.425522465","4.42023797","4.465116279","4.647572954","4.696950664","4.713644918","4.714285714","4.669694226","4.528301887","4.285714286","4.285714286","4.266666667","4.258064516","4.258064516","4.266666667","4.266666667","4.285714286","4.285714286","4.288847392","4.285714286","4.285714286","4.300155521","4.285714286","4.255319149","4.247358042","4.280533692","4.285714286","4.265676009","4.251533742","4.274061403","4.237728901","4.22796419","4.256967758","4.320193081","4.307692308","4.4","4.504545455","4.479384231","4.495989305","4.580729827","4.675324675","4.635537306","4.64516129","4.810126582","4.931207372","5.017921147","5.182002208","5.25","5.333333333","5.333333333","5.333333333","5.303225806","5.142857143","5.076923077","5.066666667","5.010989011","4.926393647","4.881355932","4.858037389","4.875","4.809453582","4.812387681","4.8","4.800861986","4.8","4.75","4.8","4.764577864","4.78125","4.8","4.857142857","4.905760611","4.981132075","5.0310990921","5.052631579","5.099575071","5.10735527","5.093632959","5.081265309","5.065963061",
"아파트","일산동","지역별 전월세전환율","","8.7","8.7","8.7","8.7","8.7","8.7","8.8","8.6","8.5","8.3","8.4","8.5","8.4","8.3","8.3","8.3","8","7.9","7.9","8","7.9","7.9","8","8","8","7.6","7.5","7.5","7.4","7.4","7.3","7.3","7.2","7.1","7","7","6.8","6.6","6.4","6.3","6.3","6.3","6.4","6.3","6.1","6","6","5.8","5.8","5.7","5.6","5.6","5.5","5.5","5.4","5.3","5.218519824","5.142857143","5","4.909090909","4.849476227","4.8","4.8","4.769805122","4.714285714","4.656716418","4.606316134","4.532442074","4.547368421","4.5","4.444444444","4.421052632","4.437807653","4.4","4.403055792","4.4","4.434782609","4.43277592","4.453608247","4.421052632","4.363636364","4.363636364","4.363636364","4.387301352","4.356548727","4.383438281","4.363636364","4.363636364","4.450036699","4.464165769","4.460395658","4.484150687","4.536319375","4.515992069","4.421052632","4.439266441","4.423290943","4.4","4.417422868","4.421052632","4.396117074","4.38361204","4.384615385","4.394223283","4.408420914","4.382608696","4.363636364","4.285714286","4.330249594","4.344216512","4.285714286","4.258526465","4.235294118","4.285714286","4.263157895","4.2","4.2","4.285714286","4.263481491","4.262051285","4.245022971","4.285714286","4.285714286","4.267750091","4.284038444","4.290973906","4.323321173","4.43570657","4.389906507","4.470841239","4.390243902","4.5","4.6481612","4.611290521","4.741438465","4.8","4.580353859","4.576271186","4.515860997","4.633106692","4.64516129","4.65","4.8","4.842262201","4.95","5.263074211","5.264368033","5.308305648","5.333333333","5.329416278","5.238819225","5.142857143","5.14170381","5.142857143","5.106382979","5.106547681","5.1325874","5.149766785","5.142857143","5.142857143","5.1","5.106382979","5.086048348","5.052631579","5.078717228","5.052631579","5.1","5.1","5.290068909","5.223099935","5.25","5.26238761","5.1894294229","5.230769231","5.183129738","5.186283344","5.2","5.189189189","5.242003558",
"아파트","일산서","지역별 전월세전환율","","8.6","8.6","8.6","8.6","8.6","8.6","8.4","8.4","8.3","8.3","8.2","8.2","8","8","8","8","7.9","7.8","7.8","7.8","7.8","7.8","7.8","7.8","7.7","7.5","7.5","7.4","7.3","7.2","7.1","7.1","7","7","7","6.9","6.9","6.6","6.5","6.4","6.4","6.3","6.3","6.3","6.2","6.1","6","6","5.9","5.7","5.7","5.6","5.5","5.5","5.5","5.4","5.333333333","5.217391304","5.086446291","5","4.909090909","4.751015174","4.695652174","4.654288441","4.666666667","4.588235294","4.551724138","4.565853659","4.565853659","4.533333333","4.5","4.5","4.5","4.5","4.479046377","4.457142857","4.5","4.5","4.517647059","4.548210995","4.556962025","4.555862069","4.582332285","4.571428571","4.571428571","4.540540541","4.588235294","4.540540541","4.5","4.5","4.527992365","4.547368421","4.598650452","4.615384615","4.640762463","4.695652174","4.682926829","4.666666667","4.682926829","4.705882353","4.705882353","4.688311688","4.64516129","4.682926829","4.666666667","4.661691542","4.64516129","4.615384615","4.64516129","4.615384615","4.622876443","4.615384615","4.615384615","4.588235294","4.578461538","4.532008553","4.528301887","4.542586751","4.51074245","4.5","4.430769231","4.472627718","4.485469559","4.42915601","4.444444444","4.421052632","4.486499304","4.485981308","4.387079031","4.465502538","4.421052632","4.444444444","4.437801564","4.623422112","4.702702703","4.673157163","4.641421225","4.587447819","4.631578947","4.631578947","4.735655289","4.907753254","5.094339623","5.071796633","5.160034529","5.28468124","5.318957635","5.379310345","5.485714286","5.454545455","5.419354839","5.368421053","5.328","5.25","5.2","5.268292683","5.25","5.25","5.217391304","5.142857143","5.190932392","5.181818182","5.142857143","5.142857143","5.142857143","5.186615448","5.2","5.177888375","5.207634544","5.28","5.288135593","5.29112662","5.2941176471","5.333333333","5.355412621","5.383536952","5.368421053","5.333333333","5.333333333",
"아파트","과천","지역별 전월세전환율","","7.5","7.5","7.5","7.5","7.5","7.5","7.5","8","7.6","7.2","7","7.2","6.9","7","6.9","6.8","7.2","7.3","7.3","7.7","7.4","7.1","6.7","6.7","6.8","6.5","6.7","6.7","6.6","6.7","6.5","6.5","6.4","6.5","6.3","6","6","6","6","5.9","5.9","6","5.8","5.4","5.5","5","4.8","4.8","4.7","4.6","4.9","4.9","4.8","4.8","4.7","4.7","4.699300699","4.8","4.8","4.660311483","4.409443271","4.445101133","4.321983938","4.390243902","4.363636364","4.413300434","4.422694746","4.267790945","4","3.789593406","4","3.857142857","3.692307692","3.789473684","3.724137931","3.755","3.687309828","3.684210526","4","4","3.891176471","3.9","3.829787234","3.75","3.676955884","3.692097698","3.730625799","3.72","3.719705096","3.783372573","3.808747253","3.84","3.684210526","3.656862745","3.656862745","3.711688312","3.663710273","3.651178778","3.634543932","3.636363636","3.617017715","3.605135777","3.666118906","3.639194695","3.652173913","3.636363636","3.545607882","3.79821147","3.6","3.502916642","3.48844884","3.507287363","3.538312594","3.577777778","3.540983607","3.44516129","3.476381334","3.490909091","3.519981092","3.501933617","3.3","3.380479359","3.285714286","3.191489362","3.209302326","3.2","3.296703297","3.211787649","3.1832081","3.2","3.205965603","3.310344828","3.363995161","3.384615385","3.428571429","3.48649096","3.489910776","3.428571429","3.454545455","3.586485792","3.590441609","3.624844029","3.829166667","3.93442623","4.186609749","4.310953733","4.399093728","4.387605348","4.505965181","4.56","4.615384615","4.492155905","4.4","4.363636364","4.20111219","4.20111219","4.284676663","4.318400471","4.29898783","4.273119405","4.25","4.181139347","4.159371049","4.083917672","4.056370215","4","4.076609833","4.206312365","4.14169279","4.203944031","4.258064516","4.246153846","4.3008779627","4.548780544","4.458204334","4.153846154","4.095527902","4.444444444","4.556962025",
"아파트","구리","지역별 전월세전환율","","8.3","8.3","8.3","8.3","8.3","8.3","8.2","8","8","8","8","8","8","7.7","7.7","7.7","7.6","7.6","7.5","7.6","7.5","7.5","7.5","7.5","7.3","7.2","7.1","7.1","7.1","7","7","7","6.8","6.8","6.7","6.5","6.4","6","6","6","6","6","6","6","6","6","5.9","5.8","5.8","5.7","5.6","5.5","5.4","5.4","5.3","5.3","5.106382979","5","4.840355538","4.726217426","4.623938738","4.571428571","4.571428571","4.571428571","4.571428571","4.425910931","4.427084655","4.389447788","4.335146899","4.363636364","4.342259152","4.314278693","4.321716223","4.367248645","4.306220535","4.363636364","4.363636364","4.363636364","4.333333333","4.345833892","4.364033262","4.285714286","4.235294118","4.363636364","4.363636364","4.470588235","4.5","4.5","4.6","4.614538332","4.615384615","4.581818182","4.5","4.509090909","4.521202908","4.510906153","4.478110292","4.5","4.538095238","4.621591007","4.571706221","4.59600581","4.615384615","4.571428571","4.540429724","4.444444444","4.413969597","4.5","4.432418929","4.384615385","4.393336333","4.394497638","4.496613995","4.480160471","4.392623238","4.363636364","4.393125024","4.299090865","4.357931157","4.363636364","4.409316038","4.363636364","4.285714286","4.050632911","3.982544496","3.892612613","3.984375","3.983835456","4","4.024472198","4.219311428","4.290439641","4.294736842","4.338602905","4.470588235","4.495520397","4.5","4.425910931","4.479004666","4.5205612","4.588235294","4.571428571","4.682273749","4.829100422","4.900199304","5.038488453","5.096525097","4.333236719","4.49469642","4.462115423","5","4.933333333","4.858299595","4.909090909","4.800069927","4.732394366","4.727272727","4.69702218","4.630683269","4.618204032","4.666666667","4.654737601","4.666666667","4.615384615","4.615384615","4.56","4.421052632","4.426177716","4.163265306","4.2","4.114285714","4.232934643","4.4910813764","4.435327486","4.778553392","4.680829303","4.699783778","4.615384615","4.628217846",
"아파트","남양주","지역별 전월세전환율","","10","10","10","10","10","10","10","10","9.8","9.8","9.8","9.6","9.6","9.6","9.5","9.4","9.4","9.4","9.6","9.5","9.3","9.3","9.4","9.3","9.1","9","9","8.7","8.6","8.5","8.4","8.3","8.3","8.3","8","8","7.8","7.6","7.6","7.5","7.3","7.2","7.1","7.2","7.2","7.2","7.2","7.1","6.8","6.6","6.4","6.4","6.2","6.2","6.2","6","6","5.828571429","5.680473373","5.617021277","5.538461538","5.454545455","5.419354839","5.45368662","5.538461538","5.504415187","5.513513514","5.333333333","5.333333333","5.331671572","5.404841053","5.345416892","5.334519606","5.268292683","5.198555957","5.142857143","5.054764826","5.142857143","5.076923077","5.052631579","5","5","5","4.991659716","4.995828197","5","5.130188443","5.090909091","5.086631016","5.089454545","5.052631579","5","5","5","5","5","5","5","5.052631579","5.090909091","5.102663307","5.142857143","5.116236298","5.052631579","5.04","5.058724092","5.076923077","5.023255814","4.941176471","4.924128168","4.888888889","4.8","4.8","4.8","4.8","4.8","4.8","4.8","4.875","4.805291177","4.8","4.783313328","4.688388557","4.665442566","4.511953338","4.392580783","4.320142332","4.246459154","4.240490032","4.285714286","4.327486388","4.384021367","4.5","4.588235294","4.633174493","4.741293418","4.794312796","4.8","4.846641672","4.857046934","4.844188726","4.965517241","5.163808415","5.170556553","5.333333333","5.485374867","5.6","5.597713921","5.647058824","5.647058824","5.571428571","5.501432665","5.454545455","5.423795302","5.454545455","5.419354839","5.419354839","5.419354839","5.454214697","5.454545455","5.428571429","5.454545455","5.433962264","5.387755102","5.376601999","5.379310345","5.5","5.454545455","5.437787604","5.481987578","5.489639243","5.538461538","5.5210274459","5.571428571","5.571428571","5.585830751","5.602730131","5.637583893","5.580695113",
"아파트","오산","지역별 전월세전환율","","9.1","9.1","9.1","9.1","9.1","9.1","8.9","8.6","8.4","8","7.9","7.8","8","7.8","7.9","8","8","7.9","7.9","8","7.8","7.7","7.7","7.7","7.7","7.7","7.6","7.6","7.5","7.7","7.7","7.7","7.7","7.4","7.4","7.1","6.9","6.8","6.8","8","7.9","7.9","7.4","7","6.8","6.8","6.6","6.6","6.6","6.5","6.5","6.5","6.3","6.4","6.5","6","6.000351903","6","6.000193691","6.035770985","5.998646429","6","6","6.020905923","5.98608981","5.83469279","5.950413223","5.790354236","5.677588885","5.678530882","5.703703704","5.695958948","5.681252788","5.681252788","5.793103448","5.767342953","5.739130435","5.714285714","5.787460815","5.608710214","5.6","5.714285714","5.454545455","5.647058824","5.647058824","5.647114728","5.521890772","5.499641256","5.6","5.424469519","5.538461538","5.5","5.538461538","5.454545455","5.426982223","5.369875317","5.405405405","5.538461538","5.479628872","5.495098039","5.652396757","5.538461538","5.410899845","5.393120216","5.373134328","5.171428571","5.142857143","5.182953078","5.6","5.690254955","5.366513973","5.25","5.277446681","5.44","5.411255342","5.2","5.333333333","5.538461538","5.666666667","5.274663211","5.286238458","5.236363636","5.000097144","4.990408183","5.000097144","4.911627907","4.868143949","5.134140436","5.154760823","5.286602212","5.018637623","4.959684247","4.8","4.615384615","4.666666667","4.595744681","4.704786035","4.779249144","4.773572334","4.85180606","4.922775382","5.052631579","5.319278954","5.4","5.581395349","5.638554217","5.777777778","5.892961532","5.979367508","5.885356056","5.924463096","5.872276358","5.846483462","5.714285714","5.70905647","5.721237994","5.754384411","5.714285714","5.76","5.886792453","5.862971009","5.889652045","6","5.982122894","5.909090909","5.793103448","5.722349774","5.714285714","5.660018434","5.689373297","5.680566777","5.666666667","5.6666666667","5.647058824","5.666666667","5.659190263","5.660905794","5.684034663","5.695740365",
"아파트","시흥","지역별 전월세전환율","","9.6","9.6","9.6","9.6","9.6","9.6","9.6","9.3","9.2","9.2","9","9","8.9","8.7","8.7","8.6","8.5","8.5","8.5","8.4","8.4","8.3","8.2","8.2","8.2","8.1","8","8","8","8","8","8","8","7.8","7.6","7.5","7.4","7.3","7.3","7.1","7.1","7.1","7","6.9","6.9","6.8","6.8","6.8","6.7","6.6","6.5","6.5","6.4","6.3","6.3","6.3","6.050805958","6","5.899300699","5.886171604","5.778617836","5.6125","5.581395349","5.538461538","5.529933908","5.512367491","5.534313411","5.538461538","5.538461538","5.364705882","5.347541039","5.333333333","5.333333333","5.230161815","5.25","5.300095137","5.333333333","5.4","5.333333333","5.333333333","5.333333333","5.333333333","5.333333333","5.333333333","5.333333333","5.333333333","5.354034051","5.422073437","5.370864286","5.333333333","5.319281614","5.368421053","5.28","5.25","5.268292683","5.30821409","5.313372061","5.266367142","5.229850746","5.25","5.25","5.191906194","5.14520398","5.142857143","5.102962218","5","5","5","5.027756939","5.007738795","5.002984096","5.076923077","5.100290229","5.100290229","5.090218181","5.084745763","5.052631579","5","5","4.951447765","4.89009632","4.881944444","4.825661013","4.8","4.8","4.864864865","4.914150616","4.909090909","4.827586207","4.874021876","4.843622137","4.811165237","4.8","4.662857143","4.714285714","4.726605325","4.740740741","4.8","4.819277108","4.962406015","5","5.2","5.4","5.520501479","5.647058824","5.821407657","5.970149254","6","6","6","5.992353468","5.777071171","5.714285714","5.672807979","5.647058824","5.401793189","5.419354839","5.368421053","5.373773909","5.396081964","5.385365854","5.419354839","5.369127517","5.333333333","5.333333333","5.4","5.4","5.454545455","5.454501113","5.45282318","5.431266846","5.538461538","5.6","5.606291868","5.571428571","5.595993222","5.626557465","5.578296294","5.6",
"아파트","군포","지역별 전월세전환율","","7.4","7.4","7.4","7.4","7.4","7.4","7.3","7.2","7.1","7","7","7","6.8","6.9","7","7","6.9","6.9","6.9","6.9","6.8","6.8","6.7","6.7","6.6","6.4","6.4","6.4","6.4","6.3","6.3","6.3","6.2","6.1","6","5.9","5.9","5.7","5.7","5.7","5.7","5.7","5.7","5.6","5.6","5.5","5.4","5.3","5.3","5.3","5.1","5.1","5","5","4.9","4.8","4.68","4.583836512","4.474316381","4.5","4.439613527","4.394033492","4.363636364","4.384615385","4.364380504","4.366072675","4.3125","4.285714286","4.266666667","4.285714286","4.2","4.173913043","4.200393936","4.210526316","4.252886704","4.236401963","4.259843501","4.285714286","4.253638254","4.258064516","4.260525369","4.258064516","4.285714286","4.283605027","4.285714286","4.307223506","4.386206897","4.396698331","4.378483726","4.4","4.36748634","4.39349086","4.410200191","4.363636364","4.321979204","4.30005066","4.32","4.307692308","4.343204015","4.5","4.534574682","4.615384615","4.613225926","4.615384615","4.617653126","4.588235294","4.502897256","4.366061615","4.363636364","4.322945877","4.279899926","4.259467041","4.261275904","4.284329951","4.262627453","4.239869495","4.285714286","4.27522116","4.267931103","4.275208087","4.217252396","4.254689016","4.325107019","4.289414609","4.25","4.306803093","4.337401292","4.258490136","4.242335548","4.233034778","4.235294118","4.285714286","4.334230849","4.402531646","4.408683264","4.390243902","4.4","4.409388846","4.421052632","4.433300256","4.411088988","4.503609945","4.594594595","4.687853124","4.728813559","4.8","4.864864865","4.917685682","4.980077898","5.037814976","5.020042467","5.076923077","5.073596019","5.04","5.056379822","4.982317737","4.973268076","5","5.002784167","5","4.984520124","4.976060264","4.924449948","4.925101777","4.924628342","4.93695762","4.984615385","4.920257864","4.909090909","4.941176471","4.943751555","5","5.0544929041","5.076923077","5.071975028","5.083373631","5.057873497","5.053649081","4.993624754",
"아파트","의왕","지역별 전월세전환율","","7.7","7.7","7.7","7.7","7.7","7.7","7.9","8","7.9","8","8","7.7","7.7","7.4","7.3","7.3","7.2","7.2","7.1","7.1","7","6.9","7","6.9","7","7","6.9","7.1","7","6.6","6.5","6.4","6.3","6.2","6.4","6.1","6","5.6","5.5","5.4","5.3","5.4","5.3","5.4","5.4","5.4","5.3","5.3","5.1","5","5","5","4.9","4.9","4.8","4.8","4.715475588","4.64516129","4.565714286","4.571428571","4.465116279","4.363636364","4.321583547","4.24036662","4.190064322","4.178512105","4.090909091","4.114285714","4.137931034","4.144272138","4.136521239","4.127809098","4.186956522","4.075714286","4","4","4.040689334","4.033617202","4","4","4.114285714","4.114285714","4.103789308","4.083626775","4","4.018821435","4","4","4","4","4","3.941114701","4","4.058823529","4","4.006260705","4.023316762","4.047559823","4.069411765","4.124906972","4.150997151","4.205263158","4.250984252","4.285714286","4.173913043","4.107074742","4","3.857142857","3.912252204","3.789473684","3.851801029","4","3.92794117","3.999875281","3.887122417","3.928652789","3.849056604","3.951219512","3.964975297","4.112528773","4.017280166","4.137931034","4.09556314","4","4.126108374","3.882352941","3.789473684","3.885836181","4","3.923914761","4.064762876","4.282448252","4.5","4.582539321","4.780349063","4.8","4.529126131","4.314297579","4.289995138","4.243920544","4.32","4.245122511","4.312859792","4.46143933","4.669623919","4.8","4.961612346","4.970098289","4.909090909","4.947782848","4.864864865","4.874186551","4.916362879","4.881944444","4.790702408","4.8","4.8","4.8","4.777060454","4.8","4.8","4.8","4.747774481","4.758517155","4.779288177","4.787465384","4.79773242","4.770642202","4.8","4.802522398","4.865007495","4.857142857","4.829565108","4.86664673","4.856661046","4.85150905","4.809546337","4.884503526","4.8",
"아파트","하남","지역별 전월세전환율","","8","8","8","8","8","8","8","7.8","7.8","7.9","8","7.7","7.7","7.6","7.4","7.5","7.4","7.4","7.3","7.2","7.2","7.3","7.2","7.1","7","6.9","6.9","7","6.9","6.9","6.8","6.9","6.9","6.8","6.8","6.5","6.5","6.3","6.3","6.2","6.1","6","6","6","6","5.9","5.7","5.7","5.5","5.3","5.3","5.4","5.4","5.3","5.2","5","4.8","4.666666667","4.657915812","4.551724138","4.449117535","4.426299376","4.4","4.303846154","4.285714286","4.285714286","4.285714286","4.339257849","4.314943412","4.352227972","4.411607557","4.449409372","4.551724138","4.490830443","4.432973179","4.373035564","4.261465552","4.32","4.316621277","4.324275162","4.258064516","4.158422707","4.137931034","4.137931034","4.134222309","4.125","4.114373275","4.104788514","4.2","4.214566549","4.173913043","4.285714286","4.307692308","4.319815487","4.137931034","4.137931034","4.152249135","4.174693666","4.236867626","4.444444444","4.470021926","4.444444444","4.440805224","4.389042966","4.421052632","4.444444444","4.1756973","4","3.991432796","3.937815126","3.997981609","3.96037478","4.007553405","4.101213354","4.079933693",".440771885",".44153479",".44153479",".468393136","3.36","3.712145656","3.952941176","3.996369396","3.998933733","4.125","4.012156484","3.789473684","3.789473684","3.711636737","3.771428571","3.727479582","3.767644447","3.914730422","3.99976663","3.902548705","4.047544571","4.243859641","4.319996442","4.404076246","4.42832303","4.423312061","4.593835379","4.625084367","4.598207014","4.681996607","4.860759494","5.167354229","5.290426933","5.25","5.181818182","5.142857143","5.119174802","5.065477853","4.965517241","4.8","4.8","4.866579807","4.864864865","4.800971807","4.846153846","4.874062408","4.899229871","4.877096676","4.857142857","4.908077053","4.843988908","4.8","4.8","4.7957991","4.8","4.8","4.916493647","4.9192262732","4.903129503","4.87622149","4.800327665","4.76196741","4.741788411","4.676561343",
"아파트","용인","지역별 전월세전환율","","8.3","8.3","8.3","8.3","8.3","8.3","8.2","8","8","8","8","8","7.9","7.7","7.7","7.6","7.6","7.6","7.6","7.6","7.6","7.6","7.5","7.4","7.4","7.2","7.2","7.2","7.1","7","6.9","6.8","6.7","6.7","6.6","6.5","6.3","6","6","5.9","5.8","5.8","5.8","5.8","5.7","5.7","5.7","5.6","5.5","5.4","5.3","5.3","5.2","5.1","5.1","5","4.909090909","4.8","4.8","4.744085801","4.666666667","4.615384615","4.571428571","4.551724138","4.5","4.495677233","4.44653129","4.40176832","4.37560516","4.363636364","4.386206897","4.363636364","4.34474784","4.333333333","4.291991209","4.327868852","4.307692308","4.308483801","4.344827586","4.384615385","4.363636364","4.342966004","4.333746119","4.32","4.333333333","4.307692308","4.311418341","4.333333333","4.378378378","4.38967448","4.4","4.432212951","4.5","4.484848485","4.485981308","4.5","4.5","4.5","4.551782885","4.533333333","4.528301887","4.5","4.518868341","4.576576212","4.524677312","4.551724138","4.5","4.445006189","4.421052632","4.363636364","4.363636364","4.361360099","4.363402985","4.32","4.323799571","4.333333333","4.363636364","4.358974359","4.363767083","4.391785023","4.5","4.498353643","4.494382022","4.386536187","4.363636364","4.30669149","4.28625369","4.29916694","4.26733397","4.287269116","4.298181818","4.359673025","4.457142857","4.532381422","4.588036508","4.56","4.571428571","4.547368421","4.583783784","4.638513518","4.654060393","4.762954796","4.8","4.915662651","4.978962466","5.102580867","5.210753965","5.264601438","5.288135593","5.275720274","5.267586856","5.25","5.225806452","5.2","5.142857143","5.142857143","5.090909091","5.1","5.090909091","5.054545455","5.059947155","5.053588517","5.023255814","5.039879148","5.052631579","5.055052977","5.090909091","5.1","5.09110521","5.142857143","5.161290323","5.210381077","5.2470450897","5.268292683","5.25","5.213190303","5.181818182","5.185185185","5.185185185",
"아파트","처인","지역별 전월세전환율","","10.5","10.5","10.5","10.5","10.5","10.5","10.2","9.9","9.8","9.6","9.6","9.4","9.4","9.5","9.6","9.4","9","9","9","9.1","9","9","9","9","9.3","9","9","8.9","8.7","8.6","8.6","8.6","8.4","8.3","8.2","8.1","8","8","8","8","8","8","7.8","8","8","8","8","8","7.7","7.7","7.4","7.3","7.2","7.2","7.1","7.1","7.090909091","6.857142857","7.036282314","7.058823529","7.09333799","7.07486631","6.545454545","6.72","6.5","6.342857143","6.545454545","6.210001595","6.002977325","6.271032186","6.405502113","6.166541635","6","6","6.193372364","6","5.805694778","5.996497957","5.825516403","6.005055743","6","6.027398654","6.288329519","6","6.218181818","6","5.647058824","5.666666667","5.6","6","5.793103448","5.893486089","6","6.225345622","6","6","6","6","6","5.994888245","5.876829268","5.714285714","5.783625731","5.5","5.4","5.185324138","5.052631579","5.18378015","5.076923077","4.934680965","5","5.074491869","5.08261994","4.988999505","4.839695923","4.862937149","4.941176471","5.033966649","5.052631579","5.160337787","5.217391304","5.032258065","5.224940127","5.1372912","5.24376097","5.233695652","5.052631579","4.875","4.484688169","4.528095568","4.444444444","4.5","4.492759009","4.492759009","4.645199387","4.628778249","4.623019383","4.665634549","4.912474446","4.999896325","5.134901708","5.319281854","5.425457266","5.680998805","5.718242518","5.974905135","6.054092815","6.309745799","6.341463415","6.334199387","6.178037457","6.173405318","6.039279995","6","5.86563666","5.7","5.728503882","5.769916832","5.840599784","5.91446983","6","6","6","6","6","6","5.879886359","5.934382774","5.932776614","6","5.957322145","5.970198543","5.8980308501","5.846357474","5.898305085","5.85539085","5.904142966","5.906646588","5.968668334",
"아파트","기흥","지역별 전월세전환율","","8.5","8.5","8.5","8.5","8.5","8.5","8.4","8.3","8","8","8","8","8","7.9","7.9","7.9","7.9","7.8","7.8","7.8","7.7","7.7","7.7","7.6","7.5","7.4","7.3","7.2","7.1","7.1","7.1","6.9","6.9","6.9","6.7","6.7","6.5","6.3","6","6","6","6","5.9","5.9","5.8","5.8","5.7","5.7","5.7","5.6","5.4","5.3","5.2","5.2","5.1","5.1","5.032258065","4.909090909","4.853932584","4.811782165","4.8","4.8","4.785300374","4.714285714","4.695652174","4.676127218","4.656934678","4.626559911","4.615384615","4.615384615","4.615384615","4.572583517","4.56","4.544864724","4.513720919","4.533333333","4.540532335","4.52173913","4.571428571","4.596959555","4.576896383","4.615384615","4.588235294","4.615384615","4.602739726","4.596532963","4.612114925","4.596532963","4.615384615","4.64516129","4.736842105","4.713639944","4.749051301","4.786229179","4.8","4.8","4.745400835","4.8","4.8","4.8","4.806355543","4.8","4.8","4.8","4.666666667","4.666666667","4.666666667","4.666666667","4.571428571","4.58877551","4.615384615","4.614737147","4.571428571","4.551724138","4.54637465","4.540540541","4.528301887","4.479413047","4.446597366","4.444444444","4.515529899","4.445751634","4.4525841","4.423963134","4.371584699","4.405882353","4.34147179","4.417348849","4.347826087","4.32","4.277498239","4.275735421","4.45","4.477582749","4.505672495","4.528301887","4.591304348","4.595744681","4.615384615","4.702717887","4.781756812","4.794948853","4.869565217","5","5.045344099","5.18978066","5.288723831","5.373379749","5.44","5.419354839","5.419354839","5.4","5.399821258","5.333333333","5.28","5.294117647","5.222557038","5.217230534","5.199674948","5.164344046","5.142857143","5.142857143","5.128089767","5.106382979","5.090909091","5.087594473","5.076923077","5.076923077","5.061483636","5.108747045","5.142857143","5.156274212","5.2348993289","5.295504538","5.28","5.217391304","5.217391304","5.217391304","5.24",
"아파트","수지","지역별 전월세전환율","","7.9","7.9","7.9","7.9","7.9","7.9","7.8","7.7","7.6","7.6","7.5","7.5","7.5","7.4","7.3","7.2","7.2","7.2","7.2","7.2","7.2","7.3","7.2","7.2","7.1","7","6.9","6.9","6.8","6.7","6.6","6.5","6.4","6.3","6.3","6.1","6","5.7","5.6","5.6","5.5","5.5","5.5","5.5","5.5","5.4","5.4","5.3","5.3","5.2","5.1","5.1","5","4.9","4.9","4.8","4.6875","4.615384615","4.51590239","4.452786125","4.403745364","4.357602261","4.285714286","4.285714286","4.258064516","4.235294118","4.235294118","4.186046512","4.145454545","4.090909091","4.095292116","4.077047264","4.071428571","4.078356164","4","4.061538462","4.056338028","4.064516129","4.071428571","4.097560976","4.114285714","4.071428571","4.114285714","4.105263158","4.085106383","4.070662173","4.06779661","4.061538462","4.071428571","4.08","4.088007737","4.125","4.125","4.147899428","4.172670807","4.173913043","4.2","4.21875","4.235294118","4.235294118","4.212623892","4.235294118","4.258559216","4.266666667","4.258064516","4.25987338","4.253867847","4.173913043","4.18265221","4.155013149","4.090909091","4.038247039","4","4","4","4","4.07239819","4.08","4.114285714","4.173913043","4.203152364","4.293703715","4.285714286","4.249878057","4.119642857","4.028903226","4.063348741","4.034128392","4.180459677","4.203463713","4.285714286","4.420664854","4.457142857","4.615384615","4.65","4.604651163","4.528301887","4.453433938","4.444444444","4.494825037","4.428865979","4.549546279","4.59831635","4.682926829","4.727272727","4.809866393","4.97791102","5","5","4.973533119","4.909090909","4.864864865","4.833333333","4.8","4.8","4.765217391","4.8","4.8","4.791050157","4.769230769","4.752475248","4.75862069","4.719101124","4.727272727","4.714285714","4.715865216","4.757740966","4.8","4.8","4.8","4.859568111","4.917073171","4.8979591837","4.908120616","4.897959184","4.844444444","4.8","4.8","4.776119403",
"아파트","파주","지역별 전월세전환율","","9.6","9.6","9.6","9.6","9.6","9.6","9.6","9.6","9.6","9.5","9.3","9.3","9.2","9","9","9","9","8.9","8.8","8.8","8.7","8.6","8.6","8.6","8.6","8.5","8.4","8.3","8","7.9","7.8","7.8","7.8","7.7","7.5","7.3","7.3","7.1","7","7","6.9","6.9","6.8","6.7","7","6.9","6.7","6.7","6.4","6.2","6","6","6","6","6","5.8","5.818181818","5.647058824","5.484475078","5.330975211","5.192307692","5","5.023255814","5.032258065","4.972583406","4.857142857","4.814472639","4.8","4.789166504","4.729261301","4.714285714","4.714285714","4.672235351","4.662190156","4.617310833","4.615384615","4.64516129","4.74145476","4.751025099","4.8","4.824120603","4.8","4.8","4.8","4.867215041","4.8","4.844720497","4.8","5","4.974785491","4.909090909","5","5","4.971428571","4.843049327","4.8","4.785178625","4.669049209","4.615384615","4.534064261","4.592682516","4.615384615","4.618321372","4.695652174","4.714285714","4.695652174","4.666666667","4.615384615","4.575230745","4.60046687","4.632572897","4.641506613","4.64516129","4.669049209","4.669049209","4.909090909","4.713056962","4.258064516","3.870967742","3.870967742","4.226180998","4.4","4.403669725","4.470588235","4.5","4.384615385","4.451612903","4.470588235","4.324324324","4.569686508","4.5","4.595338692","4.636756558","4.831412311","4.93634166","4.851908946","4.833778902","4.888888889","4.970431778","5.045992116","5.161290323","5.308434422","5.492285168","5.547008547","5.607476636","5.666185855","5.647058824","5.697195253","5.689039306","5.714285714","5.684210526","5.580098309","5.517878531","5.454545455","5.437125723","5.404702607","5.454256176","5.508196721","5.53920179","5.6","5.647058824","5.698895377","5.570687997","5.571428571","5.539896745","5.499770852","5.505924853","5.494243125","5.497630332","5.52198977","5.518980553","5.575452306","5.6165971743","5.586076358","5.594659339","5.610981355","5.615429558","5.599101419","5.557525255",
"아파트","이천","지역별 전월세전환율","","10.6","10.6","10.6","10.6","10.6","10.6","10.7","10.9","10.9","10.7","10.5","10.7","10.8","10.5","10.1","9.7","9.3","9.8","10.1","9.7","9.7","9.6","10","9.5","9.1","8.7","8.6","8.6","8.6","8.6","8.6","8.6","8.3","8.4","8.3","8.1","8.1","8.3","8.4","8.1","8","8","8","7.7","7.9","7.8","8.3","8.2","8.3","8.3","8","7.8","7.8","7.7","7.7","7.5","7.486016186","7.264960426","6.857142857","6.928571429","6.666666667","6.315789474","6.6","6.083201268","6.315789474","6.021505376","6","6","6.046046806","6.360637216","6.430318608","6.609838397","6.3731919","6.352941176","6.222222222","6.089168005","6.075949367","6.000167383","6.127659574","6","6","5.991553261","5.939345402","5.538461538","5.76","6","6.318034668","6.182488479","6.207885305","6.279842992","6.153846154","6","6","6","5.865604778","5.978011763","5.925925926","6","6","6","6","6","6","5.877511962","5.684210526","5.69924812","5.739130435","5.739130435","5.837837838","5.726999229","5.793103448","5.954198473","5.822362205","6","6","6.250434783","6.352941176","6.420462137","6.545454545","6.258532047","6.352941176","6","6.171428571","6.119237143","6","5.853658537","5.793103448","5.994454713","5.732484076","5.76","5.617802174","5.76","5.625644968","5.538461538","5.647058824","5.76","5.777777778","5.699208443","5.625","5.571428571","5.571428571","5.454545455","5.793103448","5.949203459","6","6","6.222222222","6.186473598","6","6.050420168","6","6","5.968692086","5.861408704","6","6","6","6","6.273291925","6.260869565","6.222222222","6.090099427","6.30075188","6.315241877","6.002626555","6.378137796","6.29883681","6.29883681","6.303030303","6.316578619","6.373340708","6.428571429","6.4","6.473581808","6.423023698","6.4","6.4","6.428571429","6.451341929",
"아파트","안성","지역별 전월세전환율","","11.5","11.5","11.5","11.5","11.5","11.5","11.5","11.9","11.3","11.1","11.4","11.1","10.9","10.6","10.5","10","9.9","9.6","9.6","9.4","9.4","9.3","8.9","8.8","8.8","8.6","8.6","8.7","8.8","8.8","8.8","8.8","8.7","8.5","8.4","8.4","8.4","8.3","8.3","8.1","7.8","7.7","7.7","7.7","7.7","7.7","7.7","7.7","7.6","7.6","7.6","7.6","7.6","7.4","7.4","7.2","7.2","7.208518043","7.090570169","7.2","7","7.2","7.14893617","7.152182163","7.038712581","7.2","7.088892176","7.2","7.07486631","6.961779945","6.88","6.956521739","6.975396463","7.074696849","7.055298357","7.090570169","7.058823529","7.058823529","7","6.857142857","7","7","7","6.961538462","7","6.857142857","6.857142857","6.986026476","6.986026476","6.975018968","7.058823529","6.857142857","6.631578947","6.315789474","6","6","6","6","6","6.525552549","6.461538462","6.666666667","6.6","6.461538462","6.461538462","6.494239259","6.402142618","6.486486486","6.301494253","6.433670915","6.461538462","6.486486486","6.666666667","6.554216867","6.352941176","6.352941176","6.411267606","6.466032924","6.545454545","6.193548387","6.233766234","6.134346754","6.025647473","6.25","6.352941176","6.268656716","6.382978723","6.581730316","6.510323676","6.210831541","6","5.454545455","5.373134328","5.142857143","5.2","5.218997211","5.230769231","5.217391304","5.25","5.31305044","5.393803282","5.497012082","5.853658537","6","6.260869565","6.47914346","6.670911077","6.782608696","6.764321979","6.857142857","6.857142857","6.8","6.75","6.737629869","6.697674419","6.666666667","6.712540398","6.857142857","6.857142857","6.857142857","6.857142857","6.857142857","6.857142857","6.75","6.582908216","6.5","6.4","6.371681416","6.230233574","6.315789474","6.285714286","6.287836877","6.393442623","6.470588235","6.545454545","6.5","6.5","6.352941176","6.334334179",
"아파트","김포","지역별 전월세전환율","","9","9","9","9","9","9","9","9","9","9","9","9","9","9","9","8.7","8.8","8.7","8.6","8.4","8.4","8.4","8.4","8.4","8.4","8.4","8.2","8","7.7","7.5","7.7","7.6","7.6","7.7","7.6","7.5","7.4","6.9","6.8","6.7","6.6","6.5","6.5","6.7","6.7","6.6","6.5","6.5","6.4","6.3","6","6","5.9","5.8","5.6","5.5","5.407156151","5.25","5.052784819","5","4.993333333","4.878039419","4.765520295","4.714285714","4.8","4.838122072","5.52036877","5.684210526","5.215585257","5","4.740633109","4.744186047","4.729040441","4.714285714","4.747872794","4.79476064","4.8","4.8","4.8","4.8","4.8","4.8","4.8","4.795311946","4.676792756","4.615384615","4.625125463","4.666666667","4.695652174","4.695652174","4.721602483","4.768789107","4.736842105","4.666666667","4.615384615","4.590396093","4.614778784","4.614778784","4.588235294","4.646363896","4.629929118","4.609454105","4.576644219","4.54686367","4.570849139","4.625191074","4.636363636","4.588235294","4.571428571","4.542177634","4.588235294","4.530225121","4.571428571","4.56","4.615384615","4.565488321","4.5","4.5","4.445068742","4.444860305","4.368833584","4.363636364","4.32","4.444444444","4.444896726","4.49197363","4.468085106","4.443402738","4.430275216","4.457142857","4.457622406","4.444021466","4.457142857","4.588235294","4.67132121","4.666666667","4.628571429","4.803771592","5.037651668","5.210197202","5.331764507","5.403168357","5.49945904","5.5","5.538461538","5.617021277","5.666666667","5.7","5.68684518","5.581395349","5.541125541","5.538461538","5.473382212","5.413403523","5.396419828","5.433962264","5.4","5.313689746","5.295741144","5.401981057","5.386277363","5.357142857","5.348266105","5.323861783","5.325100786","5.302340676","5.333333333","5.34861487","5.4","5.468845071","5.452328523","5.612005107","5.5802165644","5.593566794","5.571428571","5.520662562","5.538461538","5.505201709","5.538490097",
"아파트","화성","지역별 전월세전환율","","8.3","8.3","8.3","8.3","8.3","8.3","8","7.8","7.8","7.7","7.7","7.5","7.6","7.6","7.6","7.4","7.4","7.4","7.4","7.3","7.5","7.5","7.5","7.4","7.2","7.1","6.9","6.7","6.7","6.6","6.5","6.5","6.5","6.6","6.6","6.5","6.3","6","6","6","6","6","6.1","6.2","6.1","6.1","6","6","5.9","5.7","5.6","5.6","5.6","5.4","5.4","5.3","5.142857143","5.089624157","5.133971306","5.032258065","5","4.941535697","4.909090909","4.889528427","4.864864865","4.864864865","4.888888889","4.96101949","5.076923077","5.202126724","5.16","5.142857143","5.142857143","4.941176471","4.665866116","4.615384615","4.588235294","4.615384615","4.637489317","4.748848305","4.661151633","4.666666667","4.666666667","4.684936601","4.674629446","4.652350452","4.688605446","4.665807286","4.66658077","4.666821098","4.738006929","4.741463415","4.731809631","4.741463415","4.965517241","4.965517241","4.965517241","4.965517241","4.965517241","4.965517241","4.965517241","4.965517241","4.965517241","4.965517241","4.919398345","4.795029605","4.741463415","4.644960839","4.615384615","4.561645318","4.615384615","4.523377511","4.523377511","4.5","4.609791063","4.571428571","4.36417615","4.36417615","4.36417615","4.36417615","4.36417615","4.678094193","4.736842105","4.736842105","4.666666667","4.662395383","4.502581862","4.440193478","4.425131129","4.367793292","4.391121165","4.400598483","4.5","4.572651182","4.658610015","4.702948003","4.727272727","4.788029925","4.8","4.829019066","4.881195264","4.807507729","4.932963073","5.0625","5.322409639","5.599078341","5.804078481","6","6","6","5.87755102","5.739130435","5.571428571","5.468975236","5.390808494","5.357142857","5.311407984","5.307042005","5.294825397","5.25","5.29442452","5.294117647","5.291249073","5.25","5.274725275","5.25","5.217391304","5.2","5.184","5.28","5.352020033","5.443895796","5.5143987895","5.397611771","5.333333333","5.28","5.217391304","5.186670227","5.169230769",
"아파트","광주","지역별 전월세전환율","","10","10","10","10","10","10","10.1","10","9.6","9.6","9.6","9.6","9.5","9.3","9.1","9.2","9.1","9","9","9.2","9","9","8.7","8.6","8.6","8.6","8.6","8.4","8.4","8.3","8.2","8","8","8.2","8","8","8","8","8","7.8","7.6","7.6","7.5","7.4","7.4","7.4","7.5","7.5","7.5","7.1","6.7","6.7","6.5","6.5","6.5","6.4","6","6","5.989416578","5.6","5.538461538","5.538461538","5.565217391","5.647058824","5.647058824","5.585714286","5.538461538","5.436950147","5.274146341","5.142857143","5.016129032","4.941176471","4.941176471","4.923076923","4.941176471","5","5.032258065","5.061988307","5.059649123","5.114754098","5.106382979","5.138095238","5.071770335","5.1","5.038518519","5","5","5.027492034","5.076923077","4.98103618","5","4.941176471","4.909090909","4.857142857","4.8","4.736842105","4.714285714","4.606075584","4.738791423","4.8","4.791527191","4.8","4.8","4.941176471","4.982758621","5.086631016","4.999018414","4.712699062","4.689289502","4.682926829","4.677966102","4.615384615","4.615384615","4.666666667","4.656716418","4.571428571","4.5","4.656716418","4.695652174","4.732394366","4.8","4.82868662","4.614454413","4.363636364","4.258064516","4.005097166","4","4.137190941","4.110102591","4.32","4.337349398","4.363636364","4.5","4.5","4.571428571","4.615384615","4.699324677","4.8","4.848484848","4.8","4.909090909","5.050961287","5.076923077","5.217391304","5.252826439","5.454545455","5.473684211","5.6","5.682441473","5.684210526","5.6784689","5.640798226","5.6","5.571428571","5.527834861","5.538461538","5.49522796","5.454545455","5.508196721","5.454545455","5.485714286","5.5","5.487116366","5.456024083","5.471614577","5.507616476","5.5125","5.548298689","5.538461538","5.571428571","5.55910219","5.538461538","5.5376703952","5.538461538","5.538461538","5.504547016","5.454545455","5.454545455","5.475930841",
"아파트","양주","지역별 전월세전환율","","11.2","11.2","11.2","11.2","11.2","11.2","11.1","11.1","10.8","10.7","10.3","10.2","10.2","10.2","10.3","10.2","10.2","10","10.1","10","9.8","9.8","9.8","9.6","9.6","9.6","9.6","9.6","9.3","9.2","9.2","9.3","9.1","9","9","9","9","8.7","8.6","8.4","8.3","8.3","8.3","8.3","8.2","8","8","7.8","7.7","7.7","7.5","7.5","7.3","7.2","7.1","6.9","6.666666667","6.545454545","6.461538462","6.315789474","6.310921725","6","6","5.830284602","5.81791856","5.787460815","5.965871147","5.974083039","5.76","5.760009487","5.602786657","5.571428571","5.538461538","5.538461538","5.538279716","5.479699248","5.454545455","5.39659282","5.454545455","5.353846154","5.4","5.333333333","5.4","5.454545455","5.4","5.4","5.333333333","5.4","5.4","5.454545455","5.475635659","5.571258731","5.538461538","5.5","5.455386803","5.333333333","5.333333333","5.25","5.333333333","5.328225116","5.333333333","5.383837503","5.333333333","5.387573263","5.4","5.309327629","5.260231728","5.217391304","5.2","5.189259939","5.142857143","5.076923077","5.075424189","5.142857143","5.142857143","5.142857143","5.142857143","5.142857143","5.226788467","5.059997853","5.032258065","4.909090909","4.714285714","4.8","4.704968944","4.8","4.8","4.721311475","4.636019799","4.571428571","4.467852257","4.285714286","4.285714286","4.498023277","4.718380974","4.924696356","5.183767903","5.427129277","5.538461538","5.665926939","5.744930036","6","6.162162162","6.236536435","6","6.091370558","6.169349277","6.02286385","6","6","6","5.992216587","5.739130435","5.739130435","5.648595439","5.5","5.454545455","5.418088402","5.653207458","5.6555788","5.714285714","5.837837838","5.664977386","5.566242648","5.53470096","5.88","5.970727046","5.878190547","5.910006716","5.73862069","5.818253106","5.787307279","5.8775510204","5.76","5.860465116","5.855835713","5.748289535","5.797107393","5.731066575",
"아파트","포천","지역별 전월세전환율","","12","12","12","12","12","12","12","11.5","11.1","11.1","11.2","11.5","11.4","11.5","11.4","10.9","11","11.3","12","11.4","10.9","10.9","10.7","10.5","10.3","10.3","10.3","10.4","10.9","10.6","11","11","10.8","10.3","10.4","10.5","10.3","10.3","10.3","10.3","10.7","10.2","9.8","10","9.9","9.3","9","9.2","9.5","9.4","9.5","9.5","9.6","9.3","9.3","8.8","8.745762712","8.571428571","9.062387296","9.282051282","9.411162838","9.019886012","8.423744136","8.235824519","7.714285714","7.714285714","7.714285714","8.25","8.268131868","8.544872645","8.43956044","8.307692308","8","7.886964687","8.103136804","7.446268955","7.738445125","7.636363636","8","7.792207792","7.636363636","7.412199327","7","6.75","6.75","6.666666667","6.75","6.666666667","6.75","7.023522947","7.304347826","8","7.578947368","7.933884298","8","7.949599084","8.474799542","7.949599084","7.68","7.68","7.392537911","7.058823529","7.185714286","7.1","6.857142857","7.224712309","7.147458016","6.545454545","7.072793332","7.344481605","7.304347826","6.792799612","6.875","7.137064786","7.137064786","6.675","6.77228603","6.85623173","6.855320603","6.857142857","7.067823528","6.921546768","7.2","6.315789474","6.315789474","6.666666667","6.315789474","6.695013646","6.629281751","6.471428571","6.4","6.070588235","6.130434783","6","6","5.409019588","5.484505882","5.388878037","5.634300448","5.832579165","6","6.044693561","6.299029986","6.515970516","6.315789474","6.294581698","6.352941176","6.320945766","6.260869565","6.222222222","6.347494446","6.39862787","6.5","6.461538462","6.307894737","6.545454545","6.306493506","6.356768889","6.352941176","6.477615384","6.477615384","6.506024096","6.508028492","6.461538462","6.444771943","6.478781372","6.522727273","6.315789474","6.4","6.582954298","6.557377049","6.461538462","6.4615384615","6.352941176","6.461456369","6.461538462","6.6","6.375","7.127398528",
"아파트","강원","지역별 전월세전환율","","11.9","11.9","11.9","11.9","11.9","11.9","11.8","11.5","11.5","11.4","11.4","11","10.4","10","9.9","9.7","9.9","9.9","9.9","10","10","10","10","9.9","9.9","9.8","9.8","10","9.6","9.6","9.5","9.4","9.4","9.2","9.2","9.3","9.3","9","9.2","9.2","9.3","9.3","9","9","8.8","8.7","8.7","8.7","8.7","8.3","8.4","8.4","8.3","8.2","8.1","8","7.905430898","7.902439024","7.894736842","7.902439024","7.860410281","7.618921396","7.384615385","7.379009275","7.325203252","7.372382539","7.30931677","7.314845274","7.384615385","7.568488598","7.422680412","7.2","7.105917978","6.857142857","6.595441624","6.48","6.5","6.75","6.835026341","6.857142857","6.857142857","6.908575101","6.857142857","6.666666667","6.981818182","6.75","6.639524672","6.545454545","6.545454545","6.4","6.4","6.4","6.421487083","6.44295302","6.374769104","6.072324543","6.034391434","6","6","6","6","6","6","6.545454545","6.461538462","6.316544892","6.238842997","6","6","6","5.538461538","5.76","5.6","5.789472983","5.733333333","5.825242718","6","6","5.907692308","5.855072464","5.746024959","5.754911173","5.925539623","5.998555881","6","5.853658537","5.890265487","5.837837838","5.685707159","5.565758755","5.333333333","5.5","5.294224246","5.25","5.263157895","5.33023006","5.36474325","5.348834233","5.368373951","5.333333333","5.422098848","5.454545455","5.548575373","5.550049487","5.645798109","5.793103448","6","6","6.005605822","6","6.084167141","6.069274088","6.12244898","6","6.001777873","6","6","6","6","6","6","6.139534884","6.24","6.260869565","6.189977933","6.218646191","6","6.000770243","6","6.026150955","6.031835153","6.133342098","6.1779354766","6.279839693","6.279839693","6.268656716","6.171166583","6.063157895","6.070550815",
"아파트","춘천","지역별 전월세전환율","","8.7","8.7","8.7","8.7","8.7","8.7","9","8.6","8.7","9","8.6","8.4","8","7.9","7.8","7.7","7.7","7.7","7.7","7.7","7.6","7.6","7.5","7.5","7.3","7.4","7.3","7.2","7.2","7.1","7.1","7.1","7","7.2","7.2","7.1","7.1","7.1","6.9","6.8","6.8","6.8","6.8","6.9","6.9","6.7","6.6","6.5","6.4","6.3","6.4","6.2","6.4","6.4","6.2","6.4","6.486486486","6.229889966","6.315789474","6.233766234","6.260869565","6","5.871551672","5.641637738","5.5","5.251215559","5.142857143","5.170735162","5.142857143","5","5","4.821428571","4.798491879","4.666666667","4.666666667","4.615384615","4.608506596","4.615384615","4.571428571","4.532107781","4.580939012","4.615384615","4.615384615","4.615384615","4.989355041","5.142857143","5.02544513","4.965517241","4.965517241","5","4.79951977","4.8","4.8","4.8","4.8","4.8","4.8","4.899951215","4.909090909","4.882905761","4.909090909","4.916687338","5","5.066666667","5.11326618","5.311635076","5.410159669","5.454545455","5.684210526","5.538461538","5.4","5.647058824","5.504163144","5.5","5.217391304","5.261508619","5.217391304","5","4.965186316","5","4.918872758","4.8","4.8","4.8","4.889696111","4.885526022","5","5.010360994","4.820991788","4.733907147","4.738495076","4.724409449","4.666666667","4.64341321","4.67936992","4.760152725","4.67936992","4.662696741","4.661323116","4.662696741","4.666666667","4.675324675","4.8","4.959741701","5.052631579","5.142857143","5.2","5.310875042","5.302291994","5.368421053","5.364757763","5.390157676","5.353157606","5.151184954","5.245901639","5.26645768","5.29326396","5.328813218","5.334676678","5.362446008","5.422720898","5.454545455","5.483825101","5.615840164","5.625","5.563492063","5.571428571","5.634520949","5.617132293","5.617021277","5.728064138","5.793103448","5.7777777778","5.7","5.76","5.775281487","5.6","5.596116505","5.641025641",
"아파트","원주","지역별 전월세전환율","","11.9","11.9","11.9","11.9","11.9","11.9","11.8","11.3","11.3","11.3","11.4","11.3","11.3","11.2","10.7","10.5","10.5","10.1","10","10","10","10","9.8","9.9","9.8","9.8","9.8","10","9.8","9.6","9.5","9","9.1","8.7","8.7","8.7","8.7","8.7","8.6","8.3","8.3","8.3","8","8","8","8","8","8","8","8","8","8","7.7","7.6","7.6","7.9","7.5","7.4","7.384615385","7.384615385","7.2","6.857142857","6.75","6.72","6.66800917","6.682263674","6.679002852","6.857142857","6.942349756","6.857142857","6.857142857","6.857142857","6.620689655","6.345037006","6.352941176","6.296504081","6.232197301","6.260869565","6.461538462","6.52712317","6.497680891","6.666666667","6.666666667","6.620689655","6.603949317","6.5625","6.411556633","6.315789474","6.450093638","6.4","6.352941176","6.666666667","6.652706523","6.545454545","6.461538462","6.545454545","6.545454545","6.393724611","6.268897254","6","6","6","6","6","6","5.91341736","5.917910448","5.729935068","5.470954994","5.454545455","4.992","4.992","4.992","4.992","4.992","5","5.076923077","5.15170042","5.330525457","5.142857143","5.307692308","5.25","5.511111111","5.485714286","5.4","5.25","5.253571429","5.185503686","5.052631579","4.976470588","4.956521739","5.052631579","5.052631579","5.028667287","5.004791657","5.052631579","5.052631579","5.052631579","5.073672806","5.142857143","5.384001795","5.505882353","5.618691589","5.66777811","5.775162365","5.783127275","6","6","6","6","6","6.000122615","6.000785063","6","5.952506596","5.994460658","5.789072757","5.7","5.708108108","5.793103448","5.806451613","5.914097573","5.998705702","6","5.954895439","6","5.980091684","5.916997694","5.842956704","5.91717861","5.830509039","5.806451613","5.818657718","6","6","6.000107871","6","6","6",
"아파트","속초","지역별 전월세전환율","","12","12","12","12","12","12","12","11.7","11.8","11.3","11","10.7","10.3","10","9.7","10.1","9.8","10","10.3","10.1","10.4","10.3","10.7","10.5","10.7","12","12","12","10.7","10.7","10.5","10.3","10.1","9.9","10.1","10.1","10","9.8","10.4","10.6","10.3","10.4","10.2","10.1","10","10","10.1","10.3","9.6","9.7","10.3","10.8","10.4","10","9.6","10","9.496786528","9.813346651","9.407291958","9","9.299525638","9.283261803","8.727272727","7.9957645","7.697142857","7.719449225","7.376499882","6.448309672","6.320465362","6.4","6.4","6.049712929","6","6","6","6.338430982","6.572449821","6.486268987","6.4","6.4","6.454913369","6","5.879762411","6.155435732","6.545454545","6.153846154","6","6","6","6","5.818181818","5.777777778","5.985283441","6","6","6.006037432","6.153846154","6.242774566","6.242558988","6.334365325","6.352941176","6","6","6.019425858","6","6","6","5.979676327","6","5.979676327","6","6.047838409","6","6","6","6","6","6","6","5.939905005","5.647058824","6","5.997332118","6","6","5.746943261","5.976167064","5.890778084","5.995794346","6","5.849970544","5.831775701","5.647058824","5.714285714","5.647058824","5.647058824","5.647058824","5.683655432","5.571428571","5.538461538","5.76","5.822144725","6","6","6.153846154","6.277185501","6.392432974","6.315789474","6.375116715","6.352941176","6.438756872","6.4","6.545454545","6.674004982","6.616144676","6.6","6.395329108","6.406836669","6.36","6.260869565","6.299955203","6.263590547","6.315789474","6.328744306","6.523005488","6.352941176","6.333186276","6.348276756","6.4","6.545454545","6.477148609","6.471332925","6.6","6.55379574","6.664815329","6.546599256","6.686763294","6.69063144","6.674164861",
"아파트","충북","지역별 전월세전환율","","11","11","11","11","11","11","10.8","10.8","10.9","10.7","9.9","9.6","9.6","9.6","10.3","10.3","10.4","10.3","10.3","10.1","9.2","9","8.5","8.7","7.9","8.2","9.2","9.6","9.5","9.5","9","9","8.9","8.1","8.1","8.2","8.2","8.4","8.7","8.9","9.2","9.1","9.3","9.3","8.8","9","8.2","8","8","7.6","7.3","7.3","7.2","7.4","7.3","7","7.131102048","7.2","7.04271438","6.857142857","6.896551724","6.941195404","6.857142857","6.857142857","6.781180795","6.772850679","6.666666667","6.516853305","6","6","6","6","5.967349843","6","6.136116269","6.260869565","6.24","6.17369727","6","6.176470588","6.052823518","6.066231133","6.317469205","6.033388181","6","6","6.126352263","6.399753391","6.189088255","6.067074718","6","6","6","6","5.920022709","5.739130435","5.731343284","5.726473098","5.660377358","5.669289152","5.755836293","5.76","5.793103448","5.76","5.863222645","5.868458381","5.926925153","5.6","5.718358675","5.818181818","5.851262405","5.93630758","5.806451613","5.944954128","5.882887551","5.76","5.76","5.588792089","5.63923556","5.538461538","5.637983239","5.714285714","5.818181818","5.788048813","5.880747035","5.850752928","5.668521357","5.6","5.563303015","5.454545455","5.359897028","5.217391304","5.142857143","5.18068167","5.2421187","5.230324988","5.217391304","5.217391304","5.236363636","5.28","5.333333333","5.334093549","5.5","5.625","5.643923729","5.76","5.915492958","6","6","6","6","6","6","6","6","6","6","6","6","6","6","6","6","6","6","6","6","6","6","6.007257367","6.171975091","6.222222222","6","6","6.153846154","6.087371871","6.017106614","6.09375","6.222041486",
"아파트","청주","지역별 전월세전환율","","10.4","10.4","10.4","10.4","10.4","10.4","10","10","9.6","8.6","7.9","7.6","7.6","7.5","8.8","8.8","8.3","8","7.8","7.8","7.2","6.9","6.9","7.1","6.5","6.6","7.2","7.5","7.5","7.5","7.3","7.2","7.3","6.9","6.8","6.9","6.8","6.9","7","7.4","7.7","7.6","7.7","7.4","7","6.9","6.5","6.5","6.6","6.5","6.7","6.7","6.7","6.7","6.7","6.7","6.666666667","6.633182655","6.461538462","6.4","6.315789474","6.136941831","6","6","6","6","5.800221284","5.76","5.294117647","5.255474453","5.333333333","5.5","5.327903679","5.360936831","5.535896248","5.676435817","5.714285714","5.684210526","5.749462806","5.618596217","5.67392782","5.647058824","5.714285714","5.684210526","5.714285714","5.76","5.969209237","6","5.907357464","5.936842105","5.969209237","5.853658537","5.824237241","5.6","5.6","5.56880598","5.569714286","5.5","5.454545455","5.399495295","5.4","5.39899059","5.433962264","5.5","5.538461538","5.538461538","5.56003206","5.287806838","5.390642713","5.413289425","5.333333333","5.454545455","5.438081041","5.454545455","5.454545455","5.454545455","5.454545455","5.177378755","5.263157895","5.217391304","5.38388698","5.454545455","5.562950381","5.684210526","5.717871901","5.714285714","5.454545455","5.393258427","5.28","5.162740385","5.093564582","4.99047619","4.99047619","4.99047619","4.99047619","5","4.99047619","5","5.0451613","5.142857143","5.187750264","5.259686685","5.423497355","5.475558714","5.55984556","5.684210526","5.777777778","5.828993266","5.792648418","5.806451613","5.853658537","5.802584717","5.76","5.76","5.780902043","5.76","5.731318383","5.7","5.712869467","5.699485015","5.714347186","5.71431645","5.76","5.731343284","5.744814883","5.828571429","5.778525936","5.778525936","5.896860586","5.91665104","6","6","6","6","6","6","6","6","6.14899143",
"아파트","흥덕","지역별 전월세전환율","","9.2","9.2","9.2","9.2","9.2","9.2","8.6","8.4","8.1","7.8","7.6","7.5","7.5","7.4","7.4","7.3","7.3","7.4","7.2","7.3","7.3","7.1","7","7","7.1","7.1","7","6.9","7.1","7.1","7.1","7","6.9","6.9","6.9","6.9","6.9","7","7","6.8","6.6","6.7","6.7","6.8","6.4","6.7","6.7","6.7","7","6.8","6.9","6.4","6.4","6.7","6.2","6.1","6","6.08","6.233766234","6.091098808","6","6","5.721974654","5.420633379","5.28969435","5.333333333","5.309764898","5.376","5.513157895","5.6","5.923062628","5.969924875","6","6","6","6","6","6","6","5.454545455","5.485714286","5.568563543","5.795384716","5.72500114","5.76365158","6","6","6.193548387","6","6.06263814","6.101724727","5.979768559","5.714285714","5.5","5.601121016","5.56961196","5.50313059","5.333333333","5.280713349","5.333333333","5.333333333","5.333333333","5.333333333","5.499271223","5.5","5.64571964","5.5","5.107306795","5.344129555","5.333333333","5.4","5.454545455","5.498509734","5.67774116","5.67774116","5.67774116","5.714285714","5.559604625","5.640453582","5.732149129","5.817881034","5.961605971","6","6","6.01292043","6","5.743049939","5.714285714","5.454545455","5.387230359","5.142857143","5.060336634","5.124620061","5.217391304","5.217391304","5.339813458","5.332676471","5.471914702","5.457991156","5.490196078","5.450404693","5.492004676","5.678654938","5.647058824","5.6","5.760317125","5.858111425","5.994842762","5.831478319","5.847477799","5.934019965","5.838794233","5.781132859","5.739130435","5.793103448","5.972293492","5.837618766","5.777777778","5.818181818","6","6.084507042","6","6","5.991191798","5.818181818","5.751794872","5.873703422","5.999383598","5.850358866","5.917808219","6.171428571","6.31991263","6.2481889212","6.260869565","6.339489472","6.26697326","6.25","6.245","6.293706294",
"아파트","충주","지역별 전월세전환율","","10.9","10.9","10.9","10.9","10.9","10.9","11.6","10.5","11.4","11.2","10.9","10.6","11","10.3","9","8.7","8.7","8.9","8.7","8.7","9","8.5","8.5","8.3","8.5","8.3","8.4","9","8.9","9","9.1","9.3","9.1","8.6","8.9","9.6","9.6","8.7","8.8","8.6","8","8","7.9","8","8","8.1","8","7.9","7.5","7.5","7.4","7.5","7.9","7.6","7.7","7.7","7.49118969","7.630057803","7.5","7.415894913","7.435704754","7.342332099","7.287851692","7.715308516","7.396665292","7.302046094","7.174818884","6.915287725","7.00810477","6.785891002","6.4164408","6.36954269","6.4082204","6.4","6.72","6.72","6.736411043","6.72","6.561750682","6.367344868","6.158068806","6.148857707","6.341557547","6.152606618","6.313178761","6.277145229","6.4","6.461538462","6.11552761","6.070826307","6.00932444","6","5.92","6","5.731343284","5.697642251","5.590062112","5.6","5.68027694","5.722431636","5.730964009","5.730964009","5.538461538","5.569230769","5.6","5.684210526","5.982936099","5.94559778","5.982936099","5.76","6.011068636","6.134672785","6","6.162819591","6","5.993864591","5.836358453","6.218592029","6.313178761","6.213768116","6.170601829","6.313635419","6.461538462","6.311481364","6.080545014","6.352941176","6.230024174","6.03832812","6","5.761229314","5.702599877","5.6","5.538461538","5.463628712","5.333333333","5.277942405","5.27588481","5.27588481","5.217391304","5.169233288","5.333333333","5.284943509","5.419240583","5.571428571","5.571428571","5.647058824","5.781818182","6","6.118747751","6","6.064202653","6.248366013","6.276923077","6.461758853","6.461979245","6.461538462","6.461538462","6.461538462","6.461538462","6.352941176","6.298717285","6.251302355","6.291527452","6.545454545","6.303348654","6.104764543","6.388043706","6.5","6.489943553","6.303348654","6.545454545","6.672553358","6.6206896552","6.285714286","6.464455573","6.428571429","6.352941176","6.285714286","6.251302355",
"아파트","충남","지역별 전월세전환율","","10.9","10.9","10.9","10.9","10.9","10.9","11.1","11.4","10.8","10.7","10.5","10.3","10.1","10.1","10","9.7","9.6","9.6","9.4","9.5","9.3","9.4","9.3","9.4","9.4","9.2","9","8.9","8.6","8.6","8.6","8.6","8.6","8.6","8.6","8.4","8.6","8","8","7.7","7.6","7.6","7.5","7.5","7.5","7.5","7.5","7.4","7.4","7.2","7.2","7.2","7.2","7.1","7","7","6.857142857","7","7","6.75","6.666666667","6.620689655","6.545454545","6.4","6.343898289","6.260869565","6.315789474","6.315789474","6.24","6.268656716","6.109090909","6.166577387","6.177253763","6.266666667","6.228992564","6","6.000457723","6","6","6","6","6","6","6","6","6","6","6","6","6","6","6","6","6","6","6","6","5.806451613","5.769230769","5.806451613","5.970375997","6","6","6","6","6","6","6","5.907692308","6","6","6","6","6","6.339622642","6.24","6.206941512","6","5.777777778","5.757047495","5.907692308","6","6","6","6","6","6","6","5.991596771","5.866666667","5.907692308","5.76","5.714285714","5.702815311","5.714285714","5.818181818","5.953370341","6","6","6","6.007070337","6.127659574","6.255924171","6.352941176","6.260869565","6.352941176","6.64803324","6.704101011","6.75","6.788218437","6.857142857","6.857142857","6.793150642","6.769230769","6.782608696","6.72","6.620689655","6.582857143","6.583015872","6.629626486","6.670542895","6.713286713","6.75","6.72","6.666666667","6.592459605","6.568131934","6.545454545","6.545454545","6.545068062","6.616287637","6.703910615","6.84","6.857142857","6.896551724","6.947368421","6.947368421","6.923076923","6.75",
"아파트","천안","지역별 전월세전환율","","9.6","9.6","9.6","9.6","9.6","9.6","9.4","9.8","9.9","9.8","9.5","9.2","9","8.9","8.9","8.6","8.7","8.4","8.4","8.4","8.4","8.4","8.4","8.1","8.2","8.3","8.1","7.9","7.9","8","8","8","8","8","7.7","7.6","7.6","7.4","7.5","7.3","7","7.2","7","7","7","7.1","6.9","6.8","7","6.8","6.7","6.7","6.7","6.7","6.5","6.7","6.666666667","6.736842105","6.666666667","6.276923077","6.260869565","6.315789474","6.315789474","6.018285031","6","6","6","6","6","6","6","6.106402081","6.119720869","6.287421916","6.315789474","6.153846154","6.260869565","6.097297297","6","6","5.89982262","5.916368377","5.828571429","5.714285714","5.936182264","6","6","6","6","6","6","6","6","5.823819797","5.75937435","5.714285714","5.799777531","5.76","5.769230769","5.975060153","6","6","6","5.889339939","5.785462808","5.853658537","5.769230769","5.684210526","5.647058824","5.714285714","5.777777778","5.777777778","5.777777778","5.78313253","5.770713561","5.625","5.538461538","5.526062256","5.485714286","5.512915129","5.679943101","5.739976703","5.873273583","5.95620438","6","5.933839834","5.886306215","5.767506417","5.714285714","5.672727273","5.647058824","5.571428571","5.55","5.489361702","5.508684864","5.533355532","5.6","5.679939895","5.818181818","5.818181818","5.842943299","5.907214793","6","6","6","6.231111111","6.393234672","6.436292917","6.461538462","6.583122279","6.62576906","6.6","6.666666667","6.620689655","6.5625","6.546752336","6.545454545","6.545454545","6.545454545","6.6","6.6","6.6","6.6","6.569651028","6.545381737","6.4","6.4","6.375","6.37611839","6.428571429","6.511627907","6.582572232","6.6666666667","6.666666667","6.666666667","6.72","6.666666667","6.610169492","6.6",
"아파트","동남","지역별 전월세전환율","","10.5","10.5","10.5","10.5","10.5","10.5","10.5","11.1","10.5","10.3","9.8","9.7","9.3","9.3","9.1","9","9","8.9","8.9","8.9","8.9","8.9","9","8.7","9","9","9","8.5","8.5","8.8","8.6","8.4","8.3","8.3","8.1","7.9","8","7.6","7.8","7.6","7.2","7.5","7.2","7.2","7.2","7.2","7.2","7","7.1","6.8","6.8","6.7","6.6","6.5","6.5","6.6","6.539595205","6.545454545","6.461538462","6.276923077","6.1875","6.260869565","6.315789474","6.283044059","6.109090909","6.24","6.285714286","6.184581414","6","6","6","6","6.166666667","6.545454545","6.588791052","6.545454545","6.545454545","6.545454545","6.545454545","6.4","6.223448276","6.077732794","6","6","6","6","6.206896552","6.315789474","6.545454545","6.545454545","6.315789474","6.092010586","6","6","5.752111909","5.616901408","5.669868759","5.6","5.739130435","5.991899635","6","6","6","6","6","6","5.77844223","5.769230769","5.769230769","6","6","6","6","6","5.777777778","5.672293942","5.650682958","5.547008547","5.684210526","5.669291339","6","6","6.24","6.252890228","6.315789474","6.318561989","6.273291925","6","6","5.739130435","5.828431373","5.724393139","5.815384615","5.714285714","5.813218391","6","5.992264719","5.984549356","6","6","6","6.021489034","6.008668387","6.19029872","6.315789474","6.461538462","6.601965194","6.623777663","6.708875881","6.784322289","6.857142857","6.805970149","6.849720895","6.793993558","6.807617965","6.857142857","6.857142857","6.857142857","6.930288462","6.990291262","6.88172043","6.75","6.666666667","6.6","6.543779762","6.317217894","6.3","6.4","6.438269236","6.437525423","6.666666667","6.775917125","6.75","6.782608696","6.75","6.687705089","6.614173228","6.666666667","6.555830812",
"아파트","서북","지역별 전월세전환율","","9","9","9","9","9","9","8.6","8.7","8.8","8.5","8.5","8.3","8","8","8","7.8","7.8","7.8","7.8","7.6","7.5","7.5","7.4","7.3","7.2","7.4","7.2","7","7","7","7.2","7.3","7.4","7.4","7.4","7.2","7.2","6.9","6.9","6.8","6.9","6.8","6.8","6.8","6.9","6.9","6.8","6.7","6.8","6.7","6.5","6.8","6.8","6.8","6.6","6.7","6.75","6.857142857","6.858382366","6.273617911","6.378747356","6.439257053","6.315789474","6","6","6","6","6","6","6","6","6.207885305","6.068804033","6.068804033","6","6","6","6","5.931222761","5.869565217","5.793103448","5.76","5.694915254","5.647058824","5.730114093","5.873295568","6","5.87755102","5.855725248","5.866446095","5.809943887","5.853658537","5.793103448","5.76","5.75937435","5.75937435","6","5.904804717","5.892222632","5.915492958","5.976579526","5.999384902","5.890909091","5.725747163","5.647058824","5.76","5.707142857","5.6","5.538461538","5.571428571","5.730661028","5.714285714","5.714285714","5.76","5.76","5.6","5.513513514","5.513513514","5.394780846","5.421686747","5.538461538","5.666666667","5.7","5.714285714","5.85250462","5.669291339","5.714285714","5.684210526","5.647058824","5.6","5.578243087","5.538461538","5.454545455","5.408450704","5.454545455","5.454545455","5.499425119","5.6","5.739130435","5.736231884","5.730387147","5.786736421","5.951422064","6","6","6.055418878","6.315789474","6.319899596","6.371681416","6.461538462","6.514285714","6.537679378","6.580645161","6.545454545","6.454545455","6.362446585","6.369223694","6.351202452","6.4","6.428571429","6.426563128","6.448267573","6.5","6.545454545","6.545418141","6.4","6.43902439","6.367346939","6.339261286","6.420405626","6.486486486","6.513587905","6.6","6.6","6.666666667","6.72","6.693892109","6.6","6.6",
"아파트","공주","지역별 전월세전환율","","11.9","11.9","11.9","11.9","11.9","11.9","11.7","12","12","11","11.3","11.4","11.5","10.7","10.7","10.8","11.3","11","10.7","11.2","10.9","10.9","10.7","10.7","10.3","10.3","10.3","9.9","10.3","9.4","9.7","9","9.3","9.1","9.4","9.9","10.1","9.5","10.3","10","10","9.4","9.1","8.8","8.3","8.4","9","9.1","9","8.9","9","8.8","8.4","8.4","8.5","8.6","7.962264151","7.817836435","7.960693578","7.70477186","7.770933906","7.91917287","7.701626712","7.384615385","8","8.347826087","8","8.4","8.64","8.275862069","8.708334587","8.108108108","8","8.307692308","8.741052632","8.433945729","8.313485678","8","8","8","7.435498951","7.435498951","7.425641026","6.857142857","7.111111111","7.2","7.5","7.229465697","7.938461538","8","7.55","6.931655705","7.135783946","6.857142857","7","6.988788505","7.055555556","7.155555556","7.058999525","6.857142857","6.675089407","6.857142857","6.857142857","7.192307692","7.340913343","7.863001155","8.368715953","8.322562107","8.368715953","7.811031292","7.69498933","7.079982773","6.857142857","6.857142857","7.662802561","7.354278628","7.369447006","7.427139314","8","8","7.579299367","7.2","7.426949133","7.424532225","6.575342466","6.647671233","7","6.461538462","6.461538462","6.72","7.266568591","7.474313652","6.461538462","6.692307692","6.923076923","7.310664486","6.445244216","6.633333333","6","6.857142857","5.955223881","5.762189498","6","6.857142857","6.725502827","6.545454545","6.605504587","6.545454545","6.88138083","6.857142857","6.666666667","7.356611672","7.578947368","7.334707904","7.058823529","7.336082474","6.486486486","6.666666667","6.545454545","6.857142857","6.672843759","6.412717103","6.830769231","6.514843349","6.461538462","6.613071927","7.238149221","8.036931094","8","7.636363636","7.906976744","8","7.648109948","7.636363636","7.5","7.378021978","7.175071778","7.870264785","8.307692308",
"아파트","아산","지역별 전월세전환율","","12","12","12","12","12","12","12","12","12","11.7","11.8","11.8","12","12","11.6","11.3","10.8","10.5","10.5","10.3","9.8","9.3","9.1","9.3","9.3","9","8.7","9","8.4","8.5","8.2","8","8.2","8","8.1","8","8","7.8","7.3","7.2","7.1","7.1","7.1","7.1","7.2","7.2","7","7.2","7.2","7","7","7","7.1","6.9","6.9","6.8","6.793157076","6.666666667","6.666666667","6.666666667","6.315789474","6.043165468","6.011689291","6","6","6","6.097779653","6.092307692","6.137537479","6.113732279","6.145150862","6.203391899","6.137537479","6.132956132","6.001263083","6","5.76","5.733333333","5.632866179","5.76","5.58248462","5.538461538","5.625","5.726302731","5.679822278","5.6","5.672727273","5.714285714","5.672727273","5.76","6","6.091965373","6.4","6.266588037","6.339622642","6.315789474","6","5.746666667","5.714285714","5.818181818","5.787841191","5.769230769","6","6","6.03373538","6","6.255434783","6.4","6","6.153846154","6.009741314","6.206896552","6.315789474","6.315789474","6.315789474","6.334365325","6.315789474","6.101694915","6.315789474","6.011787819","6.171428571","6.171428571","6.01693315","6.118375242","6.098739807","6.352941176","6.315789474","6.315789474","6.190729909","6.240088103","6.101694915","5.987551867","5.700540136","5.766233766","5.852092744","6","6.427305546","6.45","6.461538462","6.45","6.472358315","6.598926395","6.75","6.493064342","6.596858639","6.538293504","6.666666667","6.92999128","6.944105637","7.370525439","7.333333333","7.5","7.764705882","7.764705882","7.636493365","7.297483415","7.164179104","6.882123516","6.75","6.683544304","6.857142857","7.003412965","7.058823529","6.956521739","6.947368421","7.094821306","7.004364831","6.976639413","6.857142857","6.671735838","6.818181818","7.058823529","7.2786697645","7.331383061","7.384615385","7.428571429","7.384615385","7.2","7.052960192",
"아파트","전북","지역별 전월세전환율","","9.7","9.7","9.7","9.7","9.7","9.7","9.6","9.9","9.5","9.6","9.3","9.2","9.3","9.4","9.2","9","9","9.3","9.4","9.4","9.2","9.2","9.2","8","7.9","8","7.7","7.8","7.6","8","8","7.4","7.4","7.2","7.2","7.1","7.3","7.7","7.6","7.6","7.5","7.6","7.6","7.6","7.6","7.6","7.4","7.4","7.4","6.9","6.7","6.6","6.9","7","7.1","7.4","7.446921672","7.446921672","7.446921672","7.439455958","7.354997943","6.666666667","6.545454545","6.461538462","6.398778928","6.428571429","6.406515413","6.545454545","6.248070141","6.248070141","6.248070141","6.068612067","6","6","6","6","6","6","6.153846154","6.273385446","6.302991927","6.128735632","6.193548387","6.074991704","6","6","6","6","6","5.97067807","6.4","6.461538462","6.545454545","6.461538462","6.666666667","6.666666667","6","6","6","6","6","6","6","6","6","5.997280145","5.999319959","6.109090909","6","6.202632525","6.214036719","6.10666837","6.124914055","6.008838932","6.05783237","6","6","5.538461538","5.600608828","5.908645343","6","6","6.075294118","6.029947664","6.233766234","6.22564438","6.216006216","6","5.819523576","5.744680851","5.714285714","5.684210526","5.764815132","5.867513144","5.790884718","5.853658537","5.83090379","5.882412828","5.691219069","5.669291339","5.657142857","5.657142857","5.684210526","5.756574487","5.976558937","6","6.034063747","6.03035656","6.193548387","6.18369453","6.212137924","6.130584557","6.03677639","6.074279424","6.097941084","6.095238095","6.158357771","6.127659574","6.196246649","6.335647863","6.4","6.4","6.428571429","6.461538462","6.461538462","6.545454545","6.594803406","6.666666667","6.615429573","6.604568798","6.494974699","6.545454545","6.4864864865","6.461538462","6.545454545","6.666666667","6.773562936","6.724137931","6.699558924",
"아파트","전주","지역별 전월세전환율","","9","9","9","9","9","9","8.6","8.6","8.5","8.5","8.4","8","8.2","8.3","8.1","8","8","8","8","8","8.2","8.3","8.4","8.2","8.1","8","8","8","7.7","7.5","7.5","7.4","7.4","7.3","7.2","7.1","7.1","7.1","7","7","6.9","7","6.9","6.9","6.9","6.9","6.5","6.4","6.2","6.1","6.1","6.1","6.1","6.4","6.3","6.3","6.4","6.4","6.260869565","6.077974684","6","6","6","6","6","6","6","6","6.009551264","6.017854486","6","5.7","5.62414966","5.62414966","5.612248956","5.62414966","5.62414966","5.62414966","5.714285714","5.92774846","5.825907043","5.825907043","6","5.760131008","5.7","5.623156745","5.623156745","5.6","5.538461538","5.538461538","5.6","5.581395349","5.623156745","5.623156745","5.623156745","5.623156745","5.623156745","5.623156745","5.623156745","5.617195456","5.580222056","5.486342459","5.538461538","5.6","5.538461538","5.487081177","5.454545455","5.538461538","5.603561636","5.485714286","5.386863509","5.333333333","5.433962264","5.409677419","5.454545455","5.337690551","5.4","5.333333333","5.4","5.454545455","5.571428571","5.473933649","5.508607002","5.455736772","5.596610169","5.6","5.454545455","5.454545455","5.4","5.4","5.333333333","5.172413793","5.161290323","5.142857143","5.052631579","5.053199521","5.217391304","5.217391304","5.217391304","5.217391304","5.319587629","5.333333333","5.333333333","5.419354839","5.5","5.513358779","5.59137632","5.581395349","5.6","5.585183749","5.596610169","5.714285714","5.707142857","5.714285714","5.76","5.726900618","5.669291339","5.64383202","5.714285714","6","5.925925926","5.818181818","5.859179967","6","6","5.973441324","6","6","6.075949367","6","5.954741401","5.994321962","5.9708141081","6","6","6.132090632","6.169826435","6.054480475","6.099455762",
"아파트","완산","지역별 전월세전환율","","8.8","8.8","8.8","8.8","8.8","8.8","8.4","8.1","8","8","8","8","8","8","8","7.6","7.5","7.5","7.5","7.7","8","8","8","8","8","8","8","8","7.7","7.8","7.5","7.2","7.2","7.1","7","6.9","6.9","7","7","6.9","6.8","6.9","6.8","6.8","6.7","6.7","6.7","6.7","6.6","6.5","6.4","6.5","6.5","6.5","6.5","6.4","6.4","6.329323308","6.274509804","6.085206571","6","6","5.853658537","6","6","6","6","6","6","6","6","5.707142857","5.538461538","5.454545455","5.485714286","5.59945116","5.5","5.450052528","5.6","5.716751101","5.647058824","5.538461538","5.647058824","5.647058824","5.538461538","5.436950147","5.454545455","5.454545455","5.538461538","5.538461538","5.647058824","5.686110647","5.731178821","5.684210526","5.6","5.609143499","5.563361697","5.563361697","5.647058824","5.544358854","5.614280967","5.523317549","5.6","5.594507771","5.647058824","5.6","5.607123271","5.686549708","5.78121891","5.601551581","5.538461538","5.433962264","5.454545455","5.433962264","5.487330315","5.333333333","5.4","5.426086957","5.454545455","5.562931301","5.548109244","5.473933649","5.454545455","5.454545455","5.454545455","5.4","5.333333333","5.367828818","5.36483498","5.4","5.301832199","5.142857143","5.161290323","5.140235911","5","5.066666667","5.12392341","5.18790666","5.212134961","5.164404223","5.201462149","5.179856115","5.333333333","5.448922212","5.538461538","5.538461538","5.647058824","5.625","5.613705443","5.6","5.6","5.717172445","5.694583629","5.73504115","5.76","5.76","5.769230769","5.797101449","5.911330049","6","6","5.820822878","5.76","5.794792072","5.815384615","5.856792041","5.989127163","5.974282413","6.020960324","6.050787643","6.050787643","6.065322486","6","6.054054054","6.121414303","6.147789219","6.293849853","6.35903154","6.602513387",
"아파트","덕진","지역별 전월세전환율","","9.4","9.4","9.4","9.4","9.4","9.4","9.4","9.1","9.6","9.4","9","9","9","9","8.5","8.6","8.6","8.6","9","9","9","9","8.7","8.4","8.4","8.3","8","8","7.8","7.4","7.5","7.5","7.5","7.4","7.4","7.4","7.3","7.2","7.1","7","7","7.2","7.2","7.1","7.1","7.3","6.3","6.1","6.1","6.1","6.1","6.1","6.1","6.1","6.1","6.1","6.27561641","6.414285714","6.246765084","6.075949367","6","6.041661387","6.075949367","6.152380952","6","6.038709677","6","6.25791214","6.334365325","6.315789474","6","5.62414966","5.647058824","5.62414966","5.62414966","5.62414966","5.723076923","5.629011503","5.806451613","6","6","6.173587168","6.173587168","6.001419705","6","6","5.684210526","5.623156745","5.623156745","5.5","5.522984802","5.499995","5.599367279","5.6","5.623156745","5.623156745","5.623156745","5.647058824","5.623156745","5.623156745","5.55280935","5.467926463","5.525901461","5.6","5.454545455","5.333333333","5.333333333","5.358337506","5.52","5.37990933","5.250215889","5.198352729","5.338009909","5.350318471","5.454545455","5.485714286","5.433642154","5.294117647","5.333333333","5.333333333","5.647058824","5.478464045","5.537556531","5.538461538","5.770880343","6","5.800190926","5.676892323","5.4","5.421830115","5.484808157","5.313597446","5.151300468","5.142857143","5.090909091","5.05291555","5.301113896","5.224080268","5.217391304","5.333333333","5.435897436","5.473212292","5.333333333","5.4","5.418692131","5.443365239","5.545611234","5.538461538","5.574153657","5.539214709","5.581395349","5.684210526","5.714285714","5.647058824","5.714285714","5.684210526","5.555555556","5.485714286","5.561282932","5.76","5.76","5.818181818","6","6.073519401","6.031576829","6","6","6.12244898","6.260869565","6","5.675675676","5.680473373","5.7333333333","5.764615385","5.806451613","6.12244898","6.02492296","5.776337544","5.832583258",
"아파트","군산","지역별 전월세전환율","","8.9","8.9","8.9","8.9","8.9","8.9","9.3","9.2","9","9","8.7","8.7","8.6","8.6","8.9","8.7","8.5","8.7","8.4","8.4","8.1","8.2","8","6","6","6","6","6","6","7.3","7.2","6.9","6.9","6.9","6.9","6.9","7.1","7.1","7.2","7.2","7.2","7.3","7.3","7.6","7.5","7.6","7.5","7.4","7.4","6.7","6.7","6.6","6.7","6.6","7","7.4","7.446921672","7.446921672","7.446921672","7.446921672","7.446921672","6.451612903","6.45551275","6.308378315","6","6","6","5.974849358","5.793103448","6","6","6","6","6","6","6","6","6","6","6.4","6.501794123","6.4","6.4","6.503504043","6.52610776","6.08","6","6.131386861","6","5.538461538","6.666666667","6.666666667","6.666666667","6.666666667","6.671618289","6.727140851","6","5.647058824","5.818181818","5.76","5.764615385","5.847311828","5.929411765","5.833333333","5.686923846","5.793103448","5.924705882","7.648970748","7.051497039","10.21276596","10.22727273","9.016786571","9.962785446","8.676544727","7.555555556","6.512963385","6.222222222","6.084575252","6.067180358","6.308711113","6.339622642","8.947350974","8.927227685","8.4","8.303378864","7.9321201","7.925544728","6.178214585","6.4","6.206896552","6.095238095","6.092631579","6.313935596","6.573879147","6.312081719","6.351919697","6.070588235","6.070588235","6","6","6","6","6","6.315789474","6.620689655","6.687749363","6.788181274","6.72","6.823780325","6.67184482","6.701298701","6.474672738","6.461538462","6.581571816","6.557377049","6.545454545","6.557423529","6.666666667","6.666666667","6.786032317","6.98670675","7.304347826","7.397260274","7.364860239","7.365757955","7.2","7.218603213","7.444940441","7.594936709","7.578947368","7.558553779","7.957894737","8","7.786070679","7.826086957","7.792207792","7.894736842","7.594936709","7.52",
"아파트","익산","지역별 전월세전환율","","9.2","9.2","9.2","9.2","9.2","9.2","8.7","8.9","8.6","8.7","8.7","8.7","8.7","8.5","8.6","8.2","8.3","8.6","8.6","8.5","8.6","8.7","8.6","8.6","8.4","8.7","8.3","8.4","8.4","8","7.9","8","8","8","8","8","8.4","8","8.1","8","8.2","8","7.6","7.6","7.4","7.4","7.2","7.2","7","7","7.2","6.9","7","7.2","7.2","7.5","7.475627269","7.2","7.2","7.058823529","7.112195122","6.963870968","6.810019519","6.666666667","6.857142857","6.857142857","6.776470588","7.5","5.806451613","5.97821153","6","6","6","6","6","6","6","6","6","6","6","6","6","6","6","6","6","6","6","6","6","6","6","6","6","6","6","6","6","6","6","6","6","6.222222222","6.127807363","6","6.315789474","6.247933884","6","6","6","6","6","6","5.99965998","5.997280145","6","4.235294118","4.204603581","5.642688679","5.999326675","5.999663337","5.999326675","6","6","5.997307002","5.997307002","5.915492958","5.675675676","5.415417171","5.537015163","5.684815037","5.994750656","5.998031281","6","6","5.994750656","5.994750656","5.749565217","5.80435553","5.823217087","5.790274542","5.998062224","5.998062224","6.009945277","6.428571429","6.6","6.735","6.75","6.59115132","6.666666667","6.545454545","6.477366255","6.409302326","6.4","6.414285714","6.536626166","6.45","6.547868006","6.524492277","6.545454545","6.470588235","6.480769231","6.58035416","6.592797784","6.857142857","6.848260143","6.857142857","6.857142857","6.875895415","6.590265572","6.352941176","6.1784977909","6.044781379","6.315789474","6.315789474","6.680739808","6.962056304","6.923076923",
"아파트","전남","지역별 전월세전환율","","12.1","12.1","12.1","12.1","12.1","12.1","12","12","12","11.9","12","12","12","12","12","12","11.9","12","11.9","11.1","11.2","11.7","10.8","10.5","10.4","10.5","10","10.4","10.8","11.2","11.1","10.2","10.1","9.6","9.6","9.6","9.7","9.9","10","10.2","10.1","9.5","9.2","8.5","8","7.7","7.6","7.6","7.8","7.8","8.3","8.1","8","7.9","7.9","7.8","7.636363636","7.51674327","7.384615385","7.223838929","7.384615385","7.2","7.250544628","7.5","6.951699893","7","7.451886201","7.622093023","7.636363636","7.873754153","7.636363636","7.5","7.304347826","6.923076923","7.017973118","6.934140214","7.058823529","7.384615385","7.259813084","7.507425743","7.589473684","7.5","7.507425743","7.43114164","7.294382022","7.058823529","7.157095827","7.36066533","7.2","7.272727273","7.507425743","7.507281553","7.404255319","7.379447435","7.181672932","6.226495726","6","6","6","6.250434783","6.315789474","6.4","6.461538462","6.461538462","6.328204098","6.127659574","6.076132931","6.857142857","6.76056338","6.654654168","6.857142857","6.918489066","6.9375","6.352941176","6.352941176","6.352941176","6","6","6.076132931","6.744031408","6.578828604","6.468083523","6.339622642","6.358424459","6.352941176","6.113183665","6.351877712","6.263757958","6.585365854","6.43661785","6.666666667","6.545454545","6.496255291","6.461538462","6.279516965","6.309093031","6.06741573","6","5.988636364","5.714285714","5.28285274","5.2","5.091002202","5.082345821","5.333333333","5.695897023","6","6","6.03412067","6","6.001939076","6.087452142","6.180474032","6.268656716","6.065354713","6.413131959","6.417112299","6.346378667","6.316429099","6.315789474","6.295081967","6.354219318","6.428714927","6.626030284","6.6","6.666666667","6.666666667","6.545454545","6.486486486","6.5","6.315789474","6.266434036","6.4098777372","6.461538462","6.545454545","6.620689655","6.734070203","6.75","6.666666667",
"아파트","목포","지역별 전월세전환율","","12.2","12.2","12.2","12.2","12.2","12.2","12.8","11.9","11.1","10.4","10","9.7","9.4","9.2","9.2","8.6","9","9.2","9.6","9.9","9.6","9.7","9.7","9.4","9.1","9","8.7","8.9","9.3","9.4","9.4","10.4","9.4","8.8","8.6","8.7","9.1","9","8.9","9","10.4","8.5","8.7","8.3","8.4","8.3","8.7","8.3","8.6","8.9","8.9","8.9","8.9","8.9","9","9","8.881128274","8.927789934","8.620689655","8.571428571","8.4","8.347826087","8","8.275347636","8","7.905882353","8","8","7.868852459","8.235294118","8.523177354","8.135096046","8","7.636363636","8","8.266357677","8.439808145","8.4","8.032341527","8.454810496","7.636363636","7.636363636","7.391008596","7.636363636","7.813953488","7.503371869","7.387031568","7.578947368","7.532899428","7.384615385","7.181102362","7.384615385","7.236363636","6.88","6.88","7.196159488","7.20108412","7.196159488","6.666666667","7.444196861","7.601812232","7.384615385","7","7.015384615","6.963611694","6.666666667","6.461538462","6.697674419","6.914990266","6.886808511","6.874124512","6.891106166","7.067014342","7.190822713","7.2","6.812345737","6.624230783","6.620689655","6.501849838","6.352941176","6.55215262","6.644454665","6.32118121","6.4","6.334365325","6.401707862","6.317473477","6.131283213","6.132758254","6","6.082931564","6.117904014","6.06741573","6.315789474","6.052173913","6.315789474","6.115182445","6.431593794","5.714285714","3.328408774","3.243243243","3.243243243","3.243243243","3.243243243","3.243243243","3.243243243","6.153846154","6.320166351","6.545454545","5.651298004","5.793103448","5.853658537","5.995345403","5.879280671","6","7.115074799","6.857142857","7.082668989","7.058823529","7.021276596","6.967741935","6.947368421","7.050845974","6.857142857","6.871071626","7.001227207","7.111111111","7.2","7.182089552","7.328516987","7.100591716","6.857142857","6.8915921484","7.341176471","7.304347826","7.262737263","7.310710498","7.20384269","7.299270402",
"아파트","광양","지역별 전월세전환율","","12","12","12","12","12","12","12","12","11.4","11.2","11.1","10.9","10.9","11.1","11.1","11.1","11.2","10.8","10.7","10.8","10.8","10.9","10.6","10.3","10","9.6","9.3","9.5","9.3","9.3","8.7","8.4","8","8","7.5","7.5","8","8","8","8","7.7","8.5","7.5","7.6","7.6","7.6","7.6","7.6","7.5","7.4","7.6","7.3","7.5","7.4","7.6","7.6","7.622754491","7.51674327","7.51674327","7.51674327","7.51674327","7.51674327","7.263157895","7.588932806","7.622754491","7.636363636","8","7.622093023","7.622093023","7.622093023","7.510516252","7.510516252","7.292307692","6.182488479","6.43147848","6","6","6.666666667","6.741573034","7.104802449","7.2","7.2","6.79245283","6.731707317","6.588235294","5.841176471","6.179248134","6.435240008","6.512727273","6.315789474","6.545454545","7.2","7.5","7.507281553","7.507281553","7.621771218","7.621771218","7.988032909","7.507281553","7.541236972","6.824797844","6.857142857","7.507281553","7.507281553","7.507281553","7.507281553","7.507281553","7.507281553","7.61370251","7.62099872","7.442307692","7.636363636","7.517289395","7.517289395","7.403703704","7.407407407","7.111501317","6.99","7.04","8.029850746","7.714285714","8.108108108","7.72589113","7.889006318","8.8","8.73015873","8.571428571","8.307692308","8.552380952","8","7.638397018","7.616734143","7.46442577","7.862068966","7.5","7.988321168","7.783783784","7.555923778","7.596934548","7.5","7.466150965","7.5","7.5","7.710353866","7.941176471","8","8","8.066321745","8.055640244","8","7.619047619","7.96189939","8","8","7.894736842","7.92","8.421052632","7.930588235","8.358073118","8.842105263","8.727272727","8.727272727","8.727272727","9.156918347","8.920622026","9.056603774","8.823529412","8.571428571","8.571428571","8.64","8.727272727","8.571428571","8.5714285714","8.571428571","8.571428571","8.658441996","8.75","9.125475285","9.384244926",
"아파트","경북","지역별 전월세전환율","","10.3","10.3","10.3","10.3","10.3","10.3","10.7","10.9","10.5","10.7","10.3","10.2","10.2","9.7","10","10.1","10.4","10.8","10.9","10.6","9.2","9.3","9.6","9.9","10","10.4","10.3","10.3","10.3","10.3","10","9.7","9.8","9.3","9.3","9.7","9.9","9.2","8.8","8.6","8.6","8.5","8.6","8.7","8.7","8.5","8.4","8.4","8","8","7.5","7.4","7.2","7.3","7.1","7.1","6.970954357","6.857142857","6.486486486","6.268287279","6.313349282","6.147306007","6.148351648","6","6.306493506","6.241249187","6.352941176","6","5.957198076","5.882352941","5.714285714","5.656348798","5.865604778","5.6","5.714285714","5.714285714","5.948829017","6","6","6","6","5.916267258","5.76","5.538461538","5.569469192","5.538461538","5.702500297","5.715058057","5.793103448","5.9697736","5.825242718","5.962732919","5.825242718","5.908566151","5.796933603","5.658760108","5.652173913","5.584607053","5.553706851","5.538461538","5.538461538","5.569273654","5.516877323","5.276935355","5.25","5.211119459","5.260143198","5.142857143","5.204819277","5.211119459","5.260143198","5.245463626","5.169230769","5.169230769","5.142857143","5.142857143","5.142857143","5.213420644","5.052631579","5.175125392","5.260143198","5.236363636","5.25","5.260143198","5.217391304","5.255071599","5.16444939","5.142857143","5.169230769","5.076923077","5.142857143","5.192707861","5.157446809","5.260143198","5.263149474","5.260143198","5.149239788","5.217391304","5.204395604","5.2","5.254658385","5.301282549","5.51313847","5.571428571","5.607476636","5.715614816","5.793103448","5.78862048","5.794142037","5.907692308","5.998866127","6","6","6","6","6","6","6","6","6","6","6","6","6","6","6","6","5.996182397","5.878962536","5.806451613","5.853658537","5.828571429","5.8536585366","5.856146524","5.955019439","5.907692308","5.99612981","5.965852146","6",
"아파트","포항","지역별 전월세전환율","","8","8","8","8","8","8","8","8","8","8","8","8","8","8","8","8","8","8.1","8.1","8.4","8.4","8","8","8","8","8.3","8","8","8","8","8.1","8.1","8.2","8","8","8","8","8","8","7.8","8","8","8.6","8.7","8.8","8.7","8","8","8","8","7.7","8","8","8","8","8","7.995612832","7.995612832","7.993421053","7.993421053","7.993421053","7.993421053","7.443037975","7.986842105","7.983289817","7.994776704","7.697882328","7.990602976","7.994776704","7.990602976","7.987460815","7.904688387","7.846153846","7.770547774","7.44772118","7.659574468","7.609756098","7.836120401","7.994029851","8.571428571","8","7.988068606","7.986062718","7.978120338","7.8","7.789411765","7.846153846","7.846153846","7.978120338","7.846153846","7.677038182","7.283826306","6.629407107","7.142857143","7.240744705","6.24","6.085884017","6.187683284","6","6","6","6","6","5.276935355","5.23864023","5.161714004","5.260143198","5.25","5.260143198","5.260143198","5.260143198","5.328473642","5.260143198","5.260143198","5.211119459","5.142857143","5.211119459","5.142857143","4.965517241","5.260143198","5.260143198","5.260143198","5.260143198","5.276935355","5.260143198","5.260143198","5.260143198","5.260143198","5.260143198","5.21263608","5.260143198","5.260143198","5.260143198","5.276935355","5.393774964","5.409196515","5.25008305","5.254658385","5.254658385","5.254658385","5.258327165","5.26692607","5.438277952","5.569620253","5.628759303","5.793103448","6","5.782021166","5.808373021","6","6","5.992919419","6","6","6.043005957","6","6.146341463","6.222222222","6.240922396","6.161879896","6","6","6","6","6","6","6","6","6","5.998285221","5.996547078","5.853658537","5.8536585366","5.818181818","5.73914794","5.777777778","5.84","6","5.907188353",
"아파트","북","지역별 전월세전환율","","8.6","8.6","8.6","8.6","8.6","8.6","8.6","8.6","8.3","8.4","8.3","8.1","7.7","7.6","7.2","7.5","7.4","7.5","7.5","7.5","7.5","7.2","7.2","7.2","6.9","7.1","7","6.9","7.2","7.1","7.2","7.2","7.4","7","6.9","6.8","6.8","6.5","6.4","6.5","6.3","6.4","6.4","6.1","6.3","6.3","6.1","6.1","6.1","6.2","6","6.2","6","6.1","6","5.7","5.61987231","5.624602523","5.454545455","5.306068251","5.37604234","5.333333333","5.333333333","5.477839844","5.619512195","5.55","5.369973327","5.142857143","4.930788849","4.89966986","4.8","4.852400213","5.217391304","4.973655667","5.25","5.364705882","5.169230769","5.142857143","5.19859885","5.217391304","5.142857143","5.114754098","5.301092601","5.333333333","5.454545455","5.333333333","5.290873114","5.327402795","5.201220193","5","4.909090909","4.909090909","4.992365059","5.307380547","5.496503497","5","4.974362608","5.066666667","5.03762317","5.05345422","5.076923077","5.142857143","4.909090909","4.797435041","4.72334004","4.8","5.142857143","5.220460358","5.224238424","5.142857143","5","4.898989899","4.8","4.8","4.8","4.797177042","4.8","4.888888889","4.8","5.115732369","5.538461538","5.645063122","5.383672107","5.333333333","5.303867403","5.138880484","4.896562358","4.89742237","4.914800462","4.838709677","4.8","4.963624888","5.142857143","5.397099689","5.477272727","5.333333333","5.2","5.25","5.217391304","5.312966836","5.288135593","5.446060587","5.6","5.709953949","5.800418098","5.87755102","6","6","6","6.260869565","6.268656716","6.352941176","6.4","6.495117927","6.896551724","6.666666667","6.595480965","6.666666667","6.6","6.439702382","6.256998256","6.24","6.24","6.153846154","6.029507864","6.17369727","6.260869565","6.198286684","6.162637363","6","6","6","6","6","6","6","6.210182789","6.335076194","6",
"아파트","구미","지역별 전월세전환율","","11.3","11.3","11.3","11.3","11.3","11.3","11.2","10.6","10","9.7","9.6","9.6","9.3","9.6","9.6","10.4","10.5","10.2","9.5","9","8.5","8.5","10","10.2","10.9","11.7","10.8","10.7","9.5","9","8.7","8.7","8.4","8","8.3","8.8","9","8.3","8","8","7.9","7.6","7.5","7","7.2","7","8.2","9","8.4","8","6.6","6.3","6.1","6","6","6.1","6.206896552","5.978723404","5.538461538","5.5","5.581059333","5.550045101","5.515801957","5.466471921","5.4","5.25","5.042016807","5.158745491","5.144121101","5.296564439","5.419354839","5.514840931","5.605593378","5.552532073","5.555469536","5.454545455","5.375784023","5.363812944","5.4","5.333333333","5.249690633","5.217712759","5.087845254","5.142857143","5.142857143","5.142857143","5.443062201","5.333333333","5.4","5.459668787","5.4","5.55","5.52606911","5.694915254","5.552777778","5.672293942","5.652173913","5.538461538","5.454545455","5.258426966","5.333333333","5.333333333","5.251207532","5.276738004","5.142857143","5.146971386","5.033923588","5","4.88372093","4.862604912","4.964094729","4.991267345","5.086092715","5.106382979","5.043417809","5.142871139","5.152080731","5.25","5.217391304","5.193311037","5.457586542","5.4","5.268292683","5.371428571","5.227481565","5.333333333","5.271578947","5.142857143","5.36092437","5.364705882","5.351634325","5.4","5.538461538","5.379310345","5.169230769","5.142857143","5.142857143","5.142857143","5.052631579","5.142857143","5.384615385","5.454545455","5.75364801","5.837333333","5.934732314","6","6","6","6","6","6.001401041","6.225","6.243521755","6.407989656","6.545454545","6.574610133","6.459468782","6.461538462","6.428571429","6.342857143","6.315789474","6.336","6.304878556","6.257668712","6.243953403","6.084776119","6.3","6.346281909","6.262658347","6.19047619","6.136363636","6.222018583","6.2972015873","6.363461765","6.342005581","6.3","6.285714286","6.330709018","6.315789474",
"아파트","경남","지역별 전월세전환율","","8.5","8.5","8.5","8.5","8.5","8.5","8.4","8.4","8.3","8.3","8.4","8.3","8.1","8","8","7.9","8","8","8","8","8","8","7.9","7.8","7.5","7.5","7.3","7.3","7.3","7.2","7.3","7.3","7.2","7.2","7.2","7.1","7","7","7","7","6.9","6.9","6.9","6.8","6.7","6.7","6.6","6.5","6.4","6.3","6.2","6","6.1","6.1","6","6","6","6","6","6","6","6","5.979522184","5.990692208","5.806451613","5.76","5.684210526","5.538461538","5.541731551","5.6","5.469690205","5.333333333","5.333333333","5.247686769","5.25","5.194061443","5.189446142","5.217391304","5.25","5.333333333","5.247977754","5.24921558","5.184280174","5.142857143","5.153788447","5.140878403","5.12","5.054035574","5.070094766","5.076923077","5.052631579","5.034415131","5.04","5.042639213","5.033593598","5.001181425","5","5","5","5","5","5.001397629","5","5","5","5","5","4.9875","4.976470588","4.909090909","4.9402524","4.909090909","4.909090909","4.906796308","4.909090909","4.989528936","4.92972973","4.96","4.95","4.806135099","4.8","4.8","4.8","4.8","4.8","4.8","4.702365162","4.65562424","4.598748908","4.5","4.5","4.534408157","4.539177833","4.571428571","4.588235294","4.615384615","4.615384615","4.679200742","4.732394366","4.794949141","4.736063044","4.8","4.874648697","4.84147537","4.892886615","5.052569507","5.144216907","5.236322637","5.309734513","5.333333333","5.333333333","5.333333333","5.333333333","5.3329366","5.333333333","5.333333333","5.333333333","5.333333333","5.38106652","5.376517003","5.4","5.433962264","5.454545455","5.391403133","5.291873878","5.25","5.242718447","5.2","5.199881636","5.25","5.333333333","5.370148851","5.4193548387","5.4375","5.466666667","5.47826087","5.454545455","5.454545455","5.450714062",
"아파트","창원","지역별 전월세전환율","","8","8","8","8","8","8","7.9","7.7","7.6","7.6","7.5","7.4","7.3","7.2","7.2","7.1","7.1","7.2","7.2","7.2","7.2","7","7","6.9","6.9","6.8","6.7","6.8","6.8","6.7","6.7","6.7","6.6","6.6","6.7","6.5","6.6","6.6","6.6","6.4","6.3","6.3","6.3","6.2","6.1","6","6","6","6","6","6","6","5.8","5.7","5.8","5.7","5.538461538","5.647058824","5.538461538","5.565217391","5.485714286","5.399242476","5.398484952","5.333333333","5.324742493","5.317688643","5.333333333","5.25","5.239471885","5.248134488","5.144328509","5.142857143","5.142857143","5.1","5.142857143","5.122168541","5.097634908","5.120931358","5.142857143","5.17159823","5.217391304","5.182528492","5.151565766","5.143131531","5.142857143","5.052631579","5.022613065","4.971844396","4.941176471","4.952380952","4.941176471","4.965517241","4.941176471","4.941176471","4.897959184","4.897959184","4.923410715","4.933333333","4.929426843","4.98017375","4.976470588","4.957652342","4.976470588","4.976470588","4.941176471","4.981818182","4.981818182","4.897959184","4.894436715","4.8","4.8","4.8","4.8","4.8","4.8","4.8","4.772529467","4.720925117","4.650818394","4.588235294","4.652677632","4.668500794","4.666666667","4.714285714","4.74","4.702774108","4.615384615","4.5","4.363636364","4.333333333","4.408135259","4.363636364","4.333333333","4.390329426","4.4","4.376688195","4.3871508","4.38391337","4.430769231","4.4","4.345390948","4.363636364","4.412865941","4.450240526","4.571428571","4.694247088","4.875","4.948979592","5.011761862","5.014925373","5.052631579","5.029253521","5.031570129","5","4.999748047","4.972394366","4.975549316","4.975320085","4.999590332","5","5","5.079365079","5.217391304","5.143282507","4.997220377","4.967507178","4.946973252","4.937788444","4.897959184","4.946973252","5.018238507","5.081595714","5.1428571429","5.142857143","5.20430042","5.268292683","5.142857143","5.142857143","5.135392761",
"아파트","의창","지역별 전월세전환율","","8.3","8.3","8.3","8.3","8.3","8.3","8.6","8.4","8.1","8.4","8.3","8.2","8","7.7","7.9","7.5","7.6","7.6","7.7","7.6","7.6","7.5","7.4","7.5","7.2","6.9","7","7.3","7.3","6.9","6.9","6.9","7","6.9","7.1","6.9","7.1","7","6.9","6.6","6.2","6","6","6","6","5.6","5.8","6","5.7","5.5","5.6","5.6","5.6","5.6","5.7","5.8","5.535350043","5.6","5.6411666","5.6","5.523835315","5.368066225","5.263705719","5.15613512","5.176051295","5.271047586","5.485714286","5.321510481","5.47012987","5.333333333","4.941176471","4.836229589","4.797477126","4.8","4.8","4.8","4.8","5","5.076923077","5.239263485","5.333333333","5.333333333","5.333333333","5.142857143","5","4.8","4.8","4.8","4.794054942","4.735294118","4.735294118","4.8","4.8","4.787514173","4.8","4.8","4.8","4.941176471","5.142857143","4.885547204","4.835269624","4.8","4.8","4.695652174","4.615290384","4.666666667","4.615384615","4.589208294","4.430222222","4.465199504","4.472222222","4.363636364","4.363636364","4.32","4.285714286","4.163265306","4.148143712","4.153846154","4.077669903","3.855234799","3.906236827","4.086143265","4.125","4.070730911","4.151745604","4.131574722","4.054396811","3.991577916","3.818181818","3.690055775","3.610282736","3.616438356","3.692307692","3.916284242","4","4.016542064","4.189990671","4.333333333","4.377321267","4.434782609","4.530202593","4.615384615","4.64453798","4.695492921","4.702734775","4.8","5","5","5.013927577","5.00399011","4.941176471","4.844592366","4.8","4.8","4.8","4.732057416","4.718574069","4.702702703","4.695770591","4.750256839","4.8","4.941176471","5.014925373","5.062431023","5.052631579","5","5","5","4.894450197","5.032258065","5.023255814","5.063941427","5.0526315789","5.052631579","5.106272568","5.118810648","5.023255814","5.015223285","5",
"아파트","성산","지역별 전월세전환율","","7.7","7.7","7.7","7.7","7.7","7.7","7.4","7.4","7.5","7.4","7.3","7.2","7.2","6.9","7","7","7.2","7.2","7.2","7.2","7.1","7","6.8","6.6","6.7","6.4","6.3","6.4","6.5","6.5","6.3","6.4","6.4","6.3","6.3","6.1","6.1","6","6","6","6","6","6","6","6","6","6","6","6","5.8","5.7","5.7","5.5","5.5","5.6","5.5","5.381319912","5.403847969","5.333333333","5.357142857","5.237084218","5","5.142857143","5.020079896","5","4.994070352","5","4.941176471","4.911688312","5.042016807","4.962547754","4.896304118","4.965517241","4.8","4.8","4.796949296","4.864338727","4.8","4.801413927","4.875945884","4.8","4.8","4.8","4.84417563","4.8","4.794160935","4.8","4.8","4.8","4.8","4.819322363","4.848403332","4.644674105","4.648505447","4.579418288","4.574117647","4.714285714","4.661678371","4.6664346","4.8","4.714285714","4.8","4.8","4.8","4.8","4.8","4.903556622","4.666147946","4.696180635","4.571428571","4.615384615","4.666147946","4.5","4.571428571","4.5","4.571428571","4.571428571","4.5","4.5","4.5","4.363636364","4.337349398","4.235294118","4.285714286","4.35349511","4.247787611","4.28033234","4.212676056","4.191243562","4","4","4","4","4","4.08","4.090876176","4.096812705","4","4.046392768","4.043465656","4.054054054","4.173913043","4.278795395","4.335485887","4.415560692","4.494723963","4.6","4.587692869","4.75862069","4.783277979","4.83627204","4.8","4.8","4.8","4.743083004","4.675324675","4.675606581","4.709839127","4.8","4.8","4.8","4.8","4.815268666","4.864864865","4.848484848","4.838543774","4.897959184","4.826383716","4.920735938","4.931506849","5","5.071465033","5.0769230769","5.067228016","5.11627907","5.142857143","5.046728972","5","4.919760649",
"아파트","마산합포","지역별 전월세전환율","","9","9","9","9","9","9","9.1","9.6","8.2","8","8","8","7.9","7.5","8","7.4","7.2","7.5","7.9","7.5","7.5","7.6","7.4","6.6","6.9","7.4","7.2","6.9","6.9","7.2","8","7.8","7.8","8","7.8","7.4","7.4","6.9","7.4","7","7","7.8","7.2","6.6","6.7","6.9","6.5","6.6","6.3","6","6.2","6.2","6","6","6","6","6.458357628","7.177485515","6.666666667","6.406245818","6.277824453","6","6","5.979522184","6","6","5.936346911","6","6","6","5.554945055","5.538461538","5.55","5.545867631","5.77805412","5.998255131","6","5.766274221","5.853658537","5.454529117","5.333333333","5.454545455","5.433736034","5.382742443","5.25","5.28","5.180124224","5","4.991634543","5.026315789","5.000042492","4.965517241","4.877757248","4.892045455","4.8","4.976470588","4.97868372","5","5","5","5","5","5","5.043415653","5.142857143","4.9875","4.976470588","4.976470588","4.9875","4.9875","5","4.9875","5","5","5","4.988477599","5.089239617","5.068019923","5.017169002","5.122215533","5.142857143","5.052631579","5.052631579","5.052631579","5.142857143","4.999651203","4.89152412","4.8","4.786007368","4.8","4.8","4.8","4.8","4.785728794","4.672348116","4.551444404","4.749198086","4.465116279","4.50056058","4.589254495","4.805255709","4.974595843","4.999569596","5.130431181","5.454545455","5.529953917","5.561993048","5.58399867","5.684210526","5.650188797","5.668658293","5.513513514","5.427855879","5.580109481","5.406122025","5.284649816","5.27654326","5.294117647","5.272906896","5.237443587","5.217391304","5.295055999","5.492857143","5.451237641","5.454545455","5.454545455","5.383350818","5.294117647","5.333333333","5.333333333","5.334659391","5.333333333","5.3711195305","5.257653061","5.268292683","5.301632145","5.25","5.364705882","5.259170632",
"아파트","마산회원","지역별 전월세전환율","","7.5","7.5","7.5","7.5","7.5","7.5","7.3","7.2","7.4","7.5","7.5","8","7.5","7.2","7.2","6.9","6.9","7.2","7.1","6.9","7.2","7.2","7.2","7.3","7.3","7.4","7.4","7.1","6.9","7","6.9","6.9","6.6","6.9","6.9","6.9","7.2","7","7.2","7.1","7.2","7.2","7.2","7.2","7.1","7","6.7","6.6","6.3","6.5","6.2","6","6","6","6","6","6.032300996","6.545454545","6","6","6","6","6","5.76","5.454988865","5.319048323","5.362157314","5.142857143","5.142857143","5.304459346","5.568909872","6","6","5.713987039","5.696886963","6","5.538461538","5.538461538","5.351895498","5.411400168","5.538461538","5.836233545","5.739130435","6","6","5.611336032","5.496355427","5.456531634","5.332831408","5.333333333","5.333333333","5.142857143","5.413533835","5.5","5.454545455","5.143151061","5.225","5.174420752","5.142857143","5.25","5.333333333","5.356585725","5.333333333","5.395759077","5.535115036","5.75339952","5.538461538","6","5.953846154","5.688158614","5.562422523","5.538461538","5.538461538","5.516856345","5.538461538","5.538461538","5.6","5.675636896","5.651273792","5.485714286","5.538461538","5.500265252","5","5.142857143","5.393526133","5.535115036","5.242749221","5.242749221","5.343360038","4.927291886","5.072804133","4.97125897","4.914666391","4.801180093","4.666666667","4.666666667","4.8","4.705882353","4.695652174","3.84","2.21374288","1.750175449","1.860923053","1.807812566","2.019416124","2.107380983","3.428571429","4.615384615","4.736180905","4.764705882","4.764612954","4.8","4.909090909","4.925183809","5.052631579","4.79321608","4.845331119","4.628592758","4.666666667","4.680493409","4.692987862","4.705639863","4.8","4","1.773723638","1.771228203","1.749131985","1.773723638","1.773723638","1.799363083","4.129097348","4.631669377","4.8","4.800960384","4.8","5.270509978","4.794430841","4.87394571","5.143633161",
"아파트","진해","지역별 전월세전환율","","7.5","7.5","7.5","7.5","7.5","7.5","7.4","7.4","7.4","7.2","7.2","6.9","6.9","7.1","6.9","6.9","6.9","6.8","6.8","6.7","6.7","6.7","6.7","6.9","6.8","6.7","6.9","6.9","6.9","6.4","6.3","6.5","6.4","6.4","6.4","6.2","6.2","6.4","6.4","6.5","6.4","6.5","6.5","6.5","6.5","5.6","5.9","6","6","6","6","6","6","6","5.6","5.5","5.538461538","5.454545455","5.331996444","5.25","5.336967447","5.333333333","5.379310345","5.454545455","5.42","5.4","5.39816389","5.429677419","5.333333333","5.271578947","5.287058824","5.25","5.309295402","5.234572596","5.333333333","5.25","5.25","5.279881998","5.142857143","5.217391304","5.153301043","5.143131531","5.143131531","5.143131531","5.333333333","5.333333333","5.333333333","5.142857143","5.142857143","4.965517241","4.965517241","4.972119494","4.972119494","4.965517241","4.965517241","4.967799905","4.981132075","4.897959184","4.8","4.981818182","4.959870938","4.801856774","5","5","5","5","5","5","5.001438007","4.994411144","5","5","4.978565405","5.051736118","5.142857143","5.079452055","5","4.981818182","4.966262315","4.941176471","4.941176471","4.903525046","4.965517241","4.989473684","4.980766276","4.989473684","4.979714371","4.939231038","4.939758039","4.95","4.95","4.95","4.8","4.8","4.8","4.8","4.731545602","4.8","4.800253961","4.948979592","4.909090909","4.9487166","4.954132296","4.954132296","5.042444822","5.144836739","5.208695652","5.255474453","5.294117647","5.265108378","5.289199441","5.294117647","5.333333333","5.226480836","5.294266091","5.294266091","5.433962264","5.486759582","5.587960512","5.684210526","5.625","5.694915254","5.714285714","5.662658844","5.625","5.647058824","5.6","5.574903475","5.477272727","5.436435747","5.333333333","5.333333333","5.3567234815","5.441421529","5.554306959","5.571428571","5.571428571","5.568","5.569697433",
"아파트","진주","지역별 전월세전환율","","10.2","10.2","10.2","10.2","10.2","10.2","10.3","9.9","10.3","9.2","9.6","9","8.8","8.2","8","8","8","8.4","8.4","8.4","8.5","8.3","8.3","8","8","7.8","7.7","8","8","7.8","8","7.8","7.8","7.4","7.3","7.4","7.4","7.1","7","7.2","7.2","7.4","7.4","7.6","7.5","7.4","7.2","7.1","6.9","6.7","6.5","6.5","6","6","6","6","6","6","6.314282601","6.403507578","6","5.534691231","5.454545455","5.454545455","5.398711596","5.329455738","5.258512858","5.300111758","5.359075571","5.713337125","5.415473556","5.334321665","5.312862884","4.995761439","5.153374233","5.064723657","5.141387615","5.217391304","5.142857143","5.070403733","5","5.142857143","4.982758621","4.8","4.757205105","4.795665681","4.879335613","4.893060989","4.8","4.822906095","4.836957183","4.941176471","5.052631579","5.142857143","5.380400309","5.419354839","5.333333333","5.1","5.142857143","5.269003422","5.333333333","5.274600418","5.44152444","5.453151773","5.374790077","5.278691194","5.126232995","5.142857143","4.8","4.8","4.8","4.8","4.8","4.8","4.776424814","4.8","4.8","4.775722082","4.666666667","4.5","4.363636364","4.266160527","4.285714286","4.249803998","4.214812067","4.280791879","4.247830151","4.247830151","4.247830151","4.247830151","4.247830151","4.247830151","4.247830151","4.258967104","4.31869215","4.32","4.31550053","4.266666667","4.247417355","4.247417355","4.25","4.350241365","4.45757279","4.615179853","4.845378895","5.059636423","5.142857143","5.247492625","5.25","5.219193569","5.142857143","5.1","5.094498292","4.979669378","4.88730691","5","5","5.123278238","5.142857143","5.218773087","5.333333333","5.333333333","5.262745715","5.142857143","5.076923077","5.04","4.947099877","4.967303084","4.949628275","5","5","5.063577303","5.0961582156","5.005688282","5","5.017266608","5.127596439","4.958654987","4.941176471",
"아파트","통영","지역별 전월세전환율","","10.2","10.2","10.2","10.2","10.2","10.2","10.5","10.1","9.4","9.4","9.4","9.3","9.6","9.6","9","9.2","8.5","9.1","9","8.7","8.7","9.1","9","9","9.3","9","8.4","8.9","8.4","8.4","8.5","8.4","8.4","8.5","8.6","8.8","8.2","8.4","8.4","8.4","8","7.7","7.2","7.2","7.6","7.4","7.2","7.2","7.5","7.2","7.4","7.4","7.5","7.5","7","7.2","7.2","6.803571429","6.701298701","6.342857143","6.545454545","6","6.145325251","6.857142857","6.928571429","6.833333333","6","6.666666667","6.730781426","6.730219755","6","6.17361704","6.157894737","6.582226387","6.904256019","6.091350176","6.138374838","6.548913043","6.388663968","6.485247926","6.664050543","6.549667216","6.004946181","6.6","6.389019058","6","5.296528685","5.25974208","5.302455648","5.142857143","5.142857143","5.142857143","4.801191302","5.142857143","5.142857143","5.236363636","5.25","5.409536309","5.452874619","5.328377796","5.250152874","5.250152874","5.143004113","5.252086861","5.25104343","5.25104343","5.142857143","5.333333333","5.567010309","5.799777531","5.647645559","5.674889074","5.592760181","5.454545455","5.559928444","5.647058824","5.352192303","5.427272727","5.333333333","5.142857143","5.056436271","4.8","5.142857143","5.301988142","5.454545455","5.454545455","5.621217013","5.738072688","5.993647059","6","6.4","6.260869565","6.461538462","6.059719558","6.002296617","6.018553561","6.206896552","6.40030026","6.315789474","6.37774717","6.241190565","6.324110672","6.055045872","6.854804228","7.058823529","6.334365325","6.857142857","7","6.780109027","6.650912719","6.514285714","6.565350131","6.6646265","7","7.813953488","7.637835344","8","7.2","7.090909091","7","6.824073873","6.708333333","6.544193365","6.75","6.48500027","6.542932671","6.604645056","7","6.666666667","6.770526448","6.929718663","6.706005815","6.4498749827","6.49933049","6.260869565","6.29012294","6.002428367","6.285714286","6.285714286",
"아파트","사천","지역별 전월세전환율","","9.4","9.4","9.4","9.4","9.4","9.4","9.4","10.3","9.6","9.7","9.6","9.2","9","9","9.4","8.8","9.1","8.8","9","8.9","8.9","8.8","8","8","7.5","7.6","8","8.6","9","8","8","8","8","8","8","8.1","8.3","8.1","8.1","8.1","8.1","8.8","8.7","8.7","8.1","8","8.1","7.6","6.8","7","7.9","7.9","7.5","7.9","7.9","8.3","7.636363636","7.339676145","7.384615385","6.997976182","7","7.183593759","6.929105088","7.150285819","6.584370202","7.039645255","6.857142857","6.545454545","6.334765853","6.106773488","6.428571429","5.790164764","5.950051962","5.602929666","5.891996143","5.734948378","5.665569763","6","5.714285714","6","6","6","6","6","6.236934874","6.111149228","6.343708077","6.545454545","6.619708354","6.425","6","6.250434783","5.454545455","5.569230769","5.335024068","5.454545455","5.217391304","5.647058824","5.730664181","5.6","5.647886868","5.69924812","5.772365027","5.454545455","5.714285714","5.538461538","6","6.113783217","6","6","6","6.245","6.155522511","5.783225806","5.993054911","5.856118836","5.354282434","5.333333333","5.333333333","5.189189189","5.142857143","4.8","4.854545455","4.683880232","4.832432432","4.936446842","5.076923077","5.142857143","5.203290247","5.377112736","5.633802817","5.76","5.714285714","6","6","5.71734658","5.720410727","5.754813942","5.833333333","5.25","4.981345879","5.333333333","5.114754098","5.25","5.25","5.611510791","5.739293197","5.88551333","6","6.069681021","6.222222222","6.560398506","6.48618762","6.674400619","6.06741573","6.063399759","5.971632999","5.837746499","5.971632999","5.996064143","6.196825397","6.153846154","6.315789474","6.666666667","6.333333333","6.441468708","6.357501233","6.389006997","6.72","6.268656716","6.654613484","6.401697219","6.2969344277","6.17797132","6","6","6","6","5.871559633",
"아파트","김해","지역별 전월세전환율","","8.3","8.3","8.3","8.3","8.3","8.3","8.4","8.5","8.4","8.6","8.7","8.6","8.5","8.2","8","8","8","8.1","8.1","8.3","8.6","8.5","8","8","7.3","7.3","7.2","7","7.2","7.2","7.2","7.1","7.1","7","7","7","6.7","6.9","6.8","6.8","6.8","6.6","6.7","6.6","6.5","6.6","6.4","6.3","6.1","6.1","6.1","6","6","6","6","6","5.850007601","5.657479052","5.647058824","5.498443753","5.425174374","5.429488763","5.333333333","5.261538462","5.1763941","5.142857143","5.142857143","5.076923077","5.142857143","5.037482517","5.000015902","4.965517241","4.99909574","4.909090909","4.886339725","4.826207476","4.821463307","4.888888889","5","5.043315666","5","5.000212235","5","5","5.142857143","5.079572985","5.161290323","5.222128378","5.148322795","5.2","5.2","5.142857143","5.25","5.333333333","5.333333333","5.25","5.25","5.217391304","5.217391304","5.142857143","5.138273813","5.142857143","5.07207136","5.142857143","5.142857143","5.142857143","5.142857143","5","5.142857143","5","5.041668587","4.979142243","4.948500858","5","5.063678098","5.246414479","5.333333333","5.333333333","5.4","5.052631579","5","5","4.909090909","4.915679089","4.941176471","4.841217438","4.8","4.666666667","4.61289602","4.481927711","4.446508942","4.587527237","4.56","4.586427326","4.666666667","4.734801417","4.628959701","4.962758621","5.076923077","5.142857143","5.120217316","5.217391304","5.333333333","5.088","5.076923077","5.14301459","5.294117647","5.33407717","5.379310345","5.414821541","5.432682104","5.44490678","5.433962264","5.4","5.436229374","5.399576178","5.426492438","5.454545455","5.454545455","5.463529412","5.454545455","5.538461538","5.547008547","5.509200401","5.538461538","5.454545455","5.454545455","5.454545455","5.470264729","5.538461538","5.5","5.5","5.5465591468","5.538461538","5.5","5.454545455","5.454545455","5.454545455","5.454545455",
"아파트","거제","지역별 전월세전환율","","9.7","9.7","9.7","9.7","9.7","9.7","9.4","9.5","9.4","9.7","9.4","9.1","8.8","9","8.9","8.8","9","9","9.2","8.9","9.2","9.8","9.6","9.7","9.2","9.1","9.4","9","9","8.7","9","9.2","9.2","9","9.4","9.4","9.6","9.6","9.6","9.6","9.1","8.6","9","8.4","8.2","8.4","8.3","8.3","8.1","7.6","8.5","8.2","8","8","8","7.7","7.575338842","7.481797614","7.406593407","7.300429185","7.272727273","7.447393944","7.2","7.747890819","7.403151066","7.2","6.75","6.801607535","6.602113552","6.4","6.260869565","6.360235033","6.473771099","6.580916479","6.631578947","6.4","6.312878133","5.969085602","5.57641196","5.581395349","5.499341049","5.506799608","5.378332771","5.204819277","5.345644204","5.333333333","5.35502174","5.267744937","5.142857143","5.142857143","5.165082109","5.139954871","5.052631579","4.806358175","4.93414101","4.957371962","4.797703287","4.75862069","4.668801704","4.71877065","4.736305444","4.733727811","4.8","4.8","4.8","4.697384629","4.699117085","4.8","4.8","4.8","4.8","4.965517241","5.053811704","5.051705507","5.33877051","5.468389479","5.044831189","4.941176471","4.8","4.804380525","4.792852306","4.615384615","4.660419984","4.638986079","4.64516129","4.675324675","4.671511494","4.642580645","4.666666667","4.522974473","4.545987907","4.695652174","4.80304129","4.885122411","4.909090909","4.90296557","4.924852539","4.904991811","4.909090909","4.939584769","4.930534995","5.052631579","5.052631579","5.076923077","5.026157904","5.142857143","5.052575256","5.076067235","5.219098411","5.28","5.333333333","5.325104146","5.333333333","5.350107531","5.458295033","5.459854703","5.454545455","5.538461538","5.530434783","5.454545455","5.453075074","5.454545455","5.393258427","5.241547895","5.199975733","5.157128113","5.216200353","5.320358735","5.36344723","5.5","5.6","5.660377358","5.7142857143","5.996253095","6","6","6.00000003","6.100618583","6.231578947",
"아파트","양산","지역별 전월세전환율","","8","8","8","8","8","8","8","8","8","8","8","8","8","8","8","7.8","7.7","7.8","7.7","7.9","7.6","7.7","7.7","7.6","7.6","7.7","7.5","7.6","7.5","7.5","7.5","7.5","7.3","7.2","7.1","7","7.1","7.1","7.1","7.1","7.1","7.2","7.2","7","6.9","6.9","6.9","7","6.8","6.7","6.7","6.7","6.5","6.5","6.6","6.5","6.4","6.206896552","6.282193344","6.237620212","6","6","6","6","6","6","5.889570552","6","6","6","6","5.454545455","5.432458755","5.419354839","5.333333333","5.25","5.322362784","5.339306214","5.454545455","5.454545455","5.33378723","5.333333333","5.25","5.130820986","5.142857143","5.076923077","4.975816259","4.886495469","4.900516274","5.06478113","4.965517241","4.998249875","5.142857143","5","5","5","5.003605069","5","4.909090909","4.8","4.800333709","4.8643129","4.8","4.8","4.906393112","4.847978214","4.822013117","4.834620802","4.74439461","4.732057416","4.8","4.650723841","4.666666667","4.615384615","4.570071376","4.6","4.615384615","4.8","4.909090909","5","5.019172093","5","4.8915055","4.956440958","4.952380952","4.8","4.8","4.941176471","4.8","4.715231518","4.701455005","4.666666667","4.610372485","4.556962025","4.61294462","4.64516129","4.64516129","4.616417743","4.666666667","4.7362003","4.761755001","4.8","4.984615385","5.019011407","5.142857143","5.38317757","5.485714286","5.571428571","5.571428571","5.571428571","5.6","5.626391758","5.62618344","5.607230532","5.570115721","5.572824815","5.538461538","5.454727512","5.562447094","5.538461538","5.571341559","5.526794258","5.605820749","5.6","5.472","5.531370038","5.538461538","5.333333333","5.300279217","5.333333333","5.377186481","5.4","5.4255793073","5.485714286","5.538461538","5.538461538","5.491199336","5.52857922","5.454545455",
"아파트","제주","지역별 전월세전환율","","9.1","9.1","9.1","9.1","9.1","9.1","7.9","8.2","8.7","7.8","7.3","7.5","7.9","7.9","8.3","8.1","8.1","7.9","8","8.2","7.8","7.5","7.9","7.8","8","7.8","7.8","7.7","7.9","7.8","8.1","8.1","7.6","7.5","7.5","7.5","7.2","7.1","6.9","6.7","6.8","6.6","6.7","8.2","7.1","7.2","7.2","7.1","7.2","7.2","7.2","7.2","7.2","7.2","7.2","7.1","7.125","7.125","7.238095238","7.238095238","6.656026902","6.137741406","5.789469474","5.585996736","5.544632041","5.289152485","5.172413793","5.185182222","5.172413793","5.245714286","5.333333333","5.027015247","5.29395","4.999999","4.823425423","4.761902857","4.815317616","4.75804208","4.745454545","4.740165119","4.745454545","4.705913474","4.749473684","4.995139802","4.736842105","4.797125615","4.727275636","4.762285714","4.745454545","4.745454545","4.745454545","4.745454545","4.745454545","4.741721854","4.741721854","4.842101053","4.766547648","4.785550685","4.813019361","4.777484113","4.76114176","4.782605217","4.745454545","4.745454545","4.745454545","4.743860469","4.741721854","4.81151068","4.90565434","4.88167","4.864864865","4.747565982","4.827583448","4.745454545","4.741721854","4.741721854","4.741721854","4.741721854","4.741721854","4.827583448","4.962655976","4.962655976","4.826357841","4.839096774","4.839096774","4.751736074","4.726964267","4.724592133","4.705881176","4.6531583","4.6875","4.741721854","4.8","4.791305217","4.767193359","4.736842105","4.719101124","4.699768183","4.736842105","4.8","4.827583448","4.999992","5.263157053","5.350983842","5.517235862","5.588276296","5.670808677","5.666664","5.69010887","5.63714992","5.666664","5.625","5.51724","5.573767869","5.538461538","5.5999968","5.555555556","5.555553333","5.55284248","5.589763903","5.555555556","5.506273949","5.405402317","5.316455696","5.316455696","5.357142857","5.384615385","5.4166625","5.555553333","5.625","5.540041218","5.483868387","5.477190034","5.480703357","5.504587156","5.312038737","5.32483587","5.31033931","5.263156421",
"아파트","제주","지역별 전월세전환율","","8.9","8.9","8.9","8.9","8.9","8.9","7.8","8.2","8.6","7.8","7.3","7.4","7.7","7.9","8","7.9","8","7.6","7.5","7.8","7.5","7.5","7.5","7.7","7.9","7.5","7.5","7.3","7.6","7.4","7.3","7","7","6.9","7.4","7.4","7.1","7.2","7.1","7.2","7.2","7.1","7.2","7.1","6.8","7.2","7.2","7.1","7.2","7.2","7.2","7.2","7.2","7.2","7.2","7.1","7.125","7.186678742","7.238095238","7.347143414","7.238095238","6.510808626","6.083478261","5.86180374","5.6","5.256311832","5.156027115","5.185182222","5.185182222","5.054504261","5","5","5.647691618","5","4.999997571","4.984727039","4.999988571","4.999997143","4.838035611","4.864992946","4.998171818","4.897667905","4.995139802","4.995139802","4.770140288","4.785711429","4.6875","4.827587586","4.6875","4.833148632","4.887452718","4.741721854","4.741721854","4.741721854","4.793617021","4.761897143","4.766547648","4.794248077","4.8","4.785548872","4.77356147","4.791665","4.751839752","4.751811948","4.751811948","4.769605578","4.741721854","4.864864865","4.999997143","4.996146088","4.88167","4.7958325","4.986033908","4.864864865","4.741721854","4.741721854","4.770860927","4.741721854","4.741721854","4.999996","5.092591111","5","4.999995395","4.959032418","4.899507605","4.741721854","4.601803982","4.682838196","4.595622986","4.444444444","4.529851338","4.632538257","4.666664","4.642855714","4.666664","4.575160784","4.561402105","4.473682105","4.473682105","4.568527919","4.568527919","4.705881176","4.898942136","5.060314868","5.226480836","5.238356525","5.341350328","5.49351157","5.51724","5.499996","5.51724","5.51724","5.381288469","5.412050787","5.333328","5.405383784","5.454545455","5.454545455","5.472940755","5.51724","5.499997895","5.380473896","5.234134547","5.206425479","5.209348396","5.217391304","5.207433798","5.230769231","5.340679782","5.502291578","5.420295372","5.410169492","5.4101694915","5.410169492","5.405403243","5.263156842","5.263156842","5.248863043","5.248602158",
"연립다세대","전국","지역별 전월세전환율","","10.2","10.2","10.2","10.2","10.2","10.2","10.2","10","10","9.9","9.8","9.8","9.8","9.8","9.7","9.7","9.7","9.7","9.6","9.6","9.7","9.6","9.6","9.5","9.4","9.4","9.4","9.4","9.3","9.3","9.3","9.2","9.1","9.1","9","8.9","8.9","9","9","8.9","8.9","8.8","8.7","8.4","8.3","8.3","8.2","8.1","8.1","8.2","8.3","8.2","8.1","8.1","8","7.8","7.624221669","7.532830208","7.5","7.361599743","7.33203941","7.398960972","7.365994682","7.322588785","7.278156427","7.189817847","7.086395233","6.95800557","6.823891947","6.760110816","6.664019983","6.566647717","6.545585965","6.583877139","6.601872305","6.580909211","6.555347462","6.531696414","6.505966675","6.400496487","6.323249776","6.255016969","6.156373659","6.134267247","6.139279313","6.177348817","6.200808269","6.211740247","6.212109719","6.15842144","6.112295375","5.978354519","5.856858805","5.765068192","5.747918409","5.697512796","5.706973597","5.790843611","5.851087976","5.866219614","5.84088263","5.8093165","5.758307367","5.644663872","5.519593335","5.468138902","5.425406208","5.331196558","5.342825769","5.371574636","5.402372018","5.373515936","5.330524864","5.300390081","5.230401495","5.121228735","5.026251123","4.9902583","4.947854785","4.909949644","4.889580348","4.983030935","4.979021878","4.987580247","4.967592921","4.951286776","4.927749449","4.852298138","4.79418742","4.774481358","4.793296089","4.790069728","4.808722741","4.903503702","4.939586013","4.970069778","5.090433271","5.090158622","5.103569451","5.07010377","5.103978857","5.127182437","5.11521863","5.165101531","5.304014614","5.498828064","5.590567516","5.647691761","5.732439353","5.801983976","5.828338438","5.808252716","5.783507226","5.793558782","5.774292057","5.752405571","5.782978723","5.836985865","5.967594711","5.998187207","5.996424896","6.034544978","6.062002297","6.009651345","5.989351051","5.977759464","5.997528497","5.99251538","5.998259757","6.092995423","6.135971089","6.159132818","6.1505065756","6.16948843","6.17758014","6.151229935","6.187358522","6.164619349","6.204637427",
"연립다세대","수도권","지역별 전월세전환율","","9.9","9.9","9.9","9.9","9.9","9.9","9.9","9.8","9.8","9.7","9.7","9.6","9.6","9.6","9.4","9.5","9.5","9.4","9.4","9.4","9.4","9.4","9.3","9.2","9.1","9.1","9.1","9","9","9","8.9","8.9","8.9","8.8","8.7","8.6","8.6","8.5","8.5","8.4","8.4","8.3","8.3","8.1","8","8","7.9","7.8","7.7","7.8","7.8","7.7","7.6","7.6","7.5","7.4","7.257883016","7.187470759","7.129011946","7.018090861","6.931759498","6.919971678","6.855781075","6.795544377","6.752169423","6.677678757","6.625193973","6.589452854","6.481065756","6.438530163","6.350891956","6.281082237","6.223745601","6.161679521","6.154064545","6.093841413","6.058336213","6.038265104","6.028874587","6","5.969362162","5.917068063","5.819825813","5.786546537","5.770792107","5.754061961","5.757924445","5.782854157","5.759854181","5.734454605","5.669534994","5.614213198","5.541794984","5.448587535","5.447369254","5.371058486","5.360873797","5.384692741","5.43586845","5.450534299","5.434350864","5.4","5.37659784","5.33271658","5.232238976","5.167888806","5.115427759","5.012319072","4.989364011","4.941557165","4.968233799","4.956286554","4.902025905","4.914348042","4.884819967","4.817333954","4.753724579","4.714900291","4.676307445","4.618306385","4.592402001","4.626443381","4.612557045","4.608500012","4.588235294","4.588562069","4.588956744","4.567042057","4.505870066","4.494595935","4.509415981","4.504245018","4.504144729","4.520945461","4.552648825","4.591953254","4.740439418","4.745284644","4.781715664","4.8","4.831340434","4.861568671","4.846682147","4.916223161","5.011868173","5.157539373","5.244476154","5.314925343","5.398106489","5.482561362","5.544968325","5.578367023","5.570256123","5.592014063","5.576822988","5.553964938","5.570218272","5.596356161","5.683750809","5.704526517","5.717776506","5.739839129","5.76455471","5.736215728","5.719911133","5.723240711","5.726750861","5.730559908","5.753629592","5.794963681","5.84169166","5.874770978","5.9018540942","5.930288248","5.941652268","5.971084097","5.996433202","5.981198934","6.00267181",
"연립다세대","지방","지역별 전월세전환율","","11.6","11.6","11.6","11.6","11.6","11.6","11.5","11.4","11.2","11.2","11.1","10.9","11.1","11.1","11.3","11.1","10.9","11","11","11","11.1","10.8","10.9","11","11","11.1","11.1","11.1","11.1","11","10.9","10.8","10.8","10.7","10.6","10.6","10.8","11.1","11.3","11.1","11","10.8","10.5","10.2","10","10.1","10","10.2","10.4","10.6","10.7","10.6","10.5","10.4","10.5","10.1","9.863385569","9.857816414","9.852026038","9.786483067","9.943653313","10.15540414","10.14335047","10.06977073","10.10419026","10.09365728","9.905362452","9.671044244","9.41669087","9.22040684","9.24116316","9.101900696","9.026140124","9.19038497","9.430967021","9.510927835","9.50334905","9.51435281","9.595805662","9.422743909","9.174557491","9.090242292","9.017053474","8.895176906","8.809481646","9.053320628","9.163028333","9.093016463","9.039318755","9.085862367","9.110560772","8.643233643","8.486834198","8.438749815","8.218040123","8.167473914","8.248923585","8.568481632","8.571428571","8.639590531","8.563178973","8.548813714","8.498427144","8.124360602","8.005010445","7.956628814","7.951653307","8.035207723","8.258197602","8.500981976","8.435356481","8.295050585","8.181000659","8.073490091","7.860764283","7.336553394","7.179980505","7.190174503","7.121326962","7.255319549","7.392533619","7.592785887","7.613414072","7.570274523","7.460256671","7.329008637","7.145981022","6.899284228","6.732572279","6.779450755","6.60472879","6.569938363","6.665018541","6.948324993","7.02635305","6.986557088","6.97749775","6.949792092","6.862185068","6.649973047","6.596212804","6.683870487","6.751295681","6.737890802","7.02356703","7.14700233","7.20038837","7.276577675","7.319662822","7.203441127","7.188343227","7.08723692","7.024529302","6.923076923","6.933904552","6.943414671","6.97097833","7.186882797","7.352929412","7.312437537","7.284107402","7.422229486","7.303747873","7.135562985","7.118658809","7.135345923","7.233444937","7.247820504","7.123341976","7.347740939","7.373913043","7.373913043","7.2843183051","7.312177163","7.235805466","7.12478272","7.125174649","7.109415477","7.216456788",
"연립다세대","5대광역시","지역별 전월세전환율","","11.6","11.6","11.6","11.6","11.6","11.6","11.5","11.4","11.2","11.2","11.1","10.9","11.1","11.2","11.3","11.2","11","11","10.9","11.1","11.1","10.8","11","11.1","11.1","11.1","11.1","11.1","11.1","11","10.9","10.8","10.8","10.7","10.5","10.6","10.9","11.2","11.4","11.1","11","10.8","10.5","10.2","10","10.2","10.1","10.2","10.5","10.8","10.9","10.8","10.6","10.5","10.6","10.2","9.943765442","9.944440238","9.987568737","9.978358227","10.15329265","10.38066728","10.36768772","10.31753454","10.34065573","10.33586377","10.25725166","10.03173475","9.864130341","9.643039791","9.658325055","9.5153087","9.423963754","9.555152395","9.677392747","9.695854921","9.615601608","9.635495365","9.691535716","9.478491861","9.26081339","9.294070482","9.193244998","9.162114416","9.043531894","9.353465095","9.542168675","9.4472689","9.415780319","9.396251213","9.350087224","8.921281902","8.759609121","8.737490002","8.509363444","8.501477965","8.602843841","8.871918913","8.881091431","8.949801071","8.852300744","8.857697309","8.752723145","8.400980659","8.277482174","8.275001018","8.304677348","8.30252116","8.603536573","8.876904911","8.787889354","8.557887829","8.359425631","8.253702022","8.036273292","7.427198191","7.250962186","7.257341961","7.153081493","7.473593627","7.603833149","7.738951696","7.803849647","7.734933087","7.658480493","7.496899959","7.320345074","7.021906068","6.843479822","6.895980996","6.807411775","6.756353774","6.857142857","7.176738154","7.185843492","7.254518346","7.159549895","7.122690772","7.016829746","6.695350361","6.595694827","6.685714286","6.665742794","6.628348414","6.984256733","7.08751477","7.164008772","7.249207666","7.284895422","7.146414995","7.098159405","6.916271967","6.841689678","6.722089737","6.744157792","6.850136352","6.907949122","7.211799877","7.395238115","7.317907635","7.288855393","7.445015866","7.290711633","7.066453025","7.131947276","7.085523644","7.182893441","7.242809954","7.122548226","7.331397649","7.384615385","7.392148733","7.3646445367","7.437571153","7.279568569","7.176451023","7.157198972","7.096878958","7.202881152",
"연립다세대","8개도","지역별 전월세전환율","","11.7","11.7","11.7","11.7","11.7","11.7","11.6","11.6","11.1","11.1","10.8","10.7","10.9","10.8","11.1","10.7","10.7","11","11","10.9","10.9","10.8","10.9","11","10.7","10.8","10.9","11.1","10.9","11","10.8","11","10.7","10.5","10.6","10.7","10.4","10.6","11","10.9","10.9","10.8","10.4","10.2","10.1","9.8","9.6","9.8","9.8","9.6","9.6","9.8","9.9","9.9","10.1","9.8","9.587377947","9.457731347","9.17205861","8.903106736","8.934930288","9.2070201","9.257013267","9.216606626","9.265258434","9","8.782748805","8.671236774","8.248512144","8.106931778","7.998204175","7.714285714","7.797899114","8.077363942","8.61386006","8.837912681","9","8.883557673","9.298892989","9.28677191","8.722039451","8.295901562","8.284586151","7.9113093","7.832528858","7.982608696","7.755401324","7.768387232","7.769784173","7.783876994","7.926720169","7.514970272","7.316697418","7.260406583","7.474489067","7.243036548","7.108061337","7.431357291","7.467462977","7.435094997","7.559792161","7.625907649","7.529903839","7.2","7.030054739","6.90368288","6.857142857","6.858552072","6.899810384","7.038795283","7.018525975","7.2058468","7.375473317","7.551426731","7.203804182","6.964077571","6.990973963","6.985998573","6.865239776","6.636213357","6.785829278","7.100531236","7.061906581","7.048271749","6.801893524","6.796397559","6.718726753","6.614845952","6.547327062","6.487926962","6.214024538","6.169965508","6.27823376","6.247556259","6.642437095","6.366911557","6.627319713","6.669262564","6.666666667","6.570426926","6.650164407","6.729394352","7.028998188","6.967986163","7.138579565","7.366332934","7.384411557","7.40492347","7.475010584","7.420895123","7.340109801","7.354968217","7.386276516","7.375992883","7.402570044","7.289010098","7.178272323","7.208786834","7.2","7.2","7.150377696","7.287562335","7.223229482","7.21884318","6.993222562","7.190638273","7.346751407","7.276697314","7.177980591","7.429938189","7.384615385","7.340186248","7.0865655826","7.036945869","7.036442706","6.857814553","6.950277252","6.998393366","7.14647044",
"연립다세대","서울","지역별 전월세전환율","","8.5","8.5","8.5","8.5","8.5","8.5","8.5","8.3","8.3","8.2","8.2","8.3","8.3","8.3","8.2","8.2","8.2","8.2","8.1","8","8","7.9","7.9","7.9","7.8","7.8","7.8","7.8","7.8","7.7","7.7","7.6","7.6","7.5","7.4","7.5","7.4","7.4","7.3","7.2","7.2","7.1","7.1","6.9","6.8","6.7","6.6","6.6","6.6","6.7","6.7","6.6","6.5","6.4","6.3","6.2","6.033604309","5.947982661","5.895598772","5.81951349","5.755126909","5.796728583","5.756884432","5.689604106","5.666666667","5.597199965","5.560171148","5.474339036","5.382223956","5.356430944","5.289179104","5.252275379","5.218130353","5.203431134","5.1937046","5.113524959","5.075966636","5.061876986","5.012923507","4.950160841","4.886806369","4.843404127","4.788869245","4.732411089","4.757835348","4.807084099","4.843490718","4.83442623","4.811998893","4.808841783","4.761618062","4.685204942","4.646813191","4.563667024","4.545992932","4.502738025","4.498374014","4.563432175","4.62413542","4.657332171","4.599139617","4.556091952","4.520246093","4.484478298","4.407159975","4.344341464","4.321825629","4.231129271","4.251945429","4.24733975","4.266443337","4.257631783","4.214041957","4.220066936","4.16564138","4.098340108","4.018108024","3.977182468","3.959752113","3.92834544","3.946225062","3.992862452","4.043301051","4.037470732","4.004884549","4.003045356","3.963797154","3.928152277","3.833574757","3.817735402","3.807684881","3.824252895","3.858621502","3.890326741","3.931839895","3.944989425","4.003327676","3.994852209","3.980865197","3.982273044","3.978279369","3.987903838","4.032673036","4.125933065","4.246539566","4.396070308","4.509477613","4.576103767","4.646475686","4.703737361","4.720924259","4.725109984","4.694384699","4.681875561","4.681417491","4.667339402","4.680243298","4.727167754","4.778792342","4.76560167","4.737054124","4.711213752","4.683605","4.593718258","4.580170126","4.558833155","4.590609398","4.605305192","4.636757188","4.704789978","4.806188225","4.865521313","4.8442460604","4.819634633","4.808333005","4.792751894","4.768059424","4.740092545","4.747464466",
"연립다세대","강북권역","지역별 전월세전환율","","8.4","8.4","8.4","8.4","8.4","8.4","8.5","8.4","8.4","8.3","8.3","8.4","8.4","8.4","8.4","8.4","8.4","8.3","8.3","8.2","8.2","8.1","8.1","8","8","8","8","8","8","8","7.9","7.9","7.8","7.8","7.7","7.7","7.7","7.8","7.7","7.6","7.5","7.6","7.5","7.2","7.2","7.1","6.9","6.9","6.9","7.2","7.1","7.1","7.1","7","6.8","6.7","6.458157847","6.375545852","6.361822347","6.223182325","6.161306518","6.285981776","6.289979531","6.224241736","6.249301531","6.178687306","6.045576846","5.995654566","5.8718409","5.86535009","5.780574268","5.767382133","5.670706289","5.714553534","5.72615514","5.672464394","5.634816541","5.572773353","5.497024476","5.376868741","5.303459708","5.238842973","5.147479685","5.11496117","5.164060056","5.205116","5.253966263","5.267136708","5.266749997","5.239888195","5.158268869","5.029461756","4.973527953","4.829367014","4.856230576","4.855472556","4.856706434","4.96151335","4.986893462","5.026096308","4.921268159","4.903542149","4.861986583","4.788155566","4.700418365","4.599567217","4.570895318","4.564805466","4.530424202","4.530797783","4.570121135","4.557147919","4.478477561","4.457172229","4.440948921","4.309675035","4.199131249","4.158015031","4.157098929","4.138564463","4.16057128","4.245247578","4.311002921","4.327210634","4.286268374","4.252350354","4.198561227","4.202412572","4.109037252","4.084084665","4.056267059","4.078262483","4.166947722","4.227579153","4.261553679","4.308102031","4.349972749","4.34186958","4.346874929","4.336186538","4.300893582","4.28536905","4.287200426","4.431244541","4.55483913","4.762572936","4.85972878","4.959268579","5.061209299","5.121133431","5.140214203","5.086430159","5.095197084","5.02774409","5.017816406","4.98544085","5.027309947","5.106022196","5.122032147","5.094708459","5.052602256","5.019611155","5.001414777","4.923410401","4.869712296","4.855647458","4.907839053","4.93294568","4.950207999","5.124768138","5.246031589","5.281452043","5.1963302219","5.179660565","5.196215835","5.095283172","5.078439141","5.036837234","5.056967701",
"연립다세대","도심권","지역별 전월세전환율","","9.2","9.2","9.2","9.2","9.2","9.2","9.7","9.1","9.3","9","9.2","9.2","8.9","9.6","9.2","9.1","9","8.7","8.4","8.4","8.3","8.4","8.5","7.9","8.4","8.1","8.3","8.2","8.2","8.2","8.2","8.3","8.1","8","7.9","7.9","8","8.3","8.1","8.2","8.3","8.3","7.9","7.3","7.2","7.2","7","7","7","7.3","7.1","6.9","7.2","6.9","6.8","6.7","6.567023003","6.340847712","6.270815983","6.380664653","6.119873179","6.299442358","6.233186735","6.270721807","6.341856224","6.152244741","6.128625473","6.284573296","6.025799323","5.983746185","5.716935871","5.768464954","5.657528654","5.686809197","5.771727416","5.964742134","5.9103761","5.853092778","5.756653992","5.578079126","5.567805829","5.403084929","5.360486936","5.327272498","5.479172469","5.630913444","5.723961668","5.682957032","5.632445423","5.445648716","5.488271453","5.30083166","5.27545216","5.066463544","5.227022386","5.157450248","5.230775988","5.244194229","5.338789586","5.295760898","5.272905308","5.265171504","5.203554169","5.09026982","5.123687399","5.005766458","4.9576935","4.750965966","4.806509307","4.939821294","4.885661631","5.026982651","5.084502428","5.05332104","5.015609711","4.935107973","4.806645712","4.584223742","4.515896194","4.468733475","4.597436267","4.644807105","4.710001402","4.708209921","4.659508905","4.774627184","4.713227528","4.699958585","4.601854053","4.556954344","4.570722217","4.463372314","4.654171087","4.664229729","4.706921476","4.687245911","4.712133646","4.812732351","4.742080683","4.706179067","4.651982379","4.656229978","4.67950504","4.649760781","4.835210017","5.192762573","5.168036167","5.308711409","5.320275591","5.324143588","5.355374863","5.164589207","5.104425711","5.047454702","5.068993743","5.030155386","5.049917884","5.125246028","5.08045456","5.151642558","5.06377124","5.123361769","5.095595226","5.066289679","5.036071193","5.005537247","5.086705961","5.047473529","5.177814029","5.278910605","5.347500996","5.493408755","5.1519210434","5.226403615","5.21419697","5.123126088","5.129900131","5.12227231","5.12913875",
"연립다세대","동북권","지역별 전월세전환율","","8.6","8.6","8.6","8.6","8.6","8.6","8.6","8.5","8.4","8.3","8.2","8.2","8.3","8.2","8","8","7.9","7.9","7.8","7.7","7.7","7.8","7.7","7.8","7.9","8.1","7.9","8","8","7.9","7.9","7.8","7.8","7.6","7.4","7.4","7.3","7.3","7.2","7.2","7.2","7.2","7.1","7","6.9","6.8","6.8","6.7","6.7","6.7","6.7","6.7","6.6","6.5","6.4","6.3","6.1399336","6.015793602","5.96232573","5.982207109","5.974254171","5.983951856","5.977632235","5.939566336","5.846071788","5.714011976","5.673075501","5.592195216","5.51150646","5.466163659","5.441193485","5.437784498","5.446042304","5.445351039","5.411871066","5.327469521","5.31874145","5.266161391","5.268883323","5.217401144","5.173588614","5.095611193","5.0602366","5.008401823","4.943602165","4.978295222","4.945340323","4.995403198","4.908059923","4.878985084","4.810810811","4.788778595","4.76012352","4.688044549","4.756121525","4.667962023","4.701404536","4.722079355","4.752061721","4.776261937","4.727485716","4.688678159","4.63088533","4.555133625","4.473390868","4.436918806","4.418580871","4.290184049","4.305325249","4.275109857","4.252713693","4.225409439","4.20970959","4.194952364","4.116200399","4.092357724","3.980048429","3.931390033","3.916745255","3.903297315","3.895225257","4.047880951","4.162325021","4.183868774","4.147388233","4.108824555","4.067964616","4.039782688","3.85582194","3.796506401","3.83939202","3.858620108","3.97419704","4.07073102","4.132623823","4.214143878","4.283540081","4.295510943","4.34192902","4.298185104","4.290252708","4.285381701","4.251158368","4.418874018","4.52362809","4.783819306","4.847301445","4.877803132","5.05583378","5.131153434","5.143251232","5.09593906","5.139932002","5.048627417","4.947102451","4.9282713","4.986461371","5.016713697","5.119733426","5.095507585","5.015283387","4.96993007","4.982453481","4.932202046","4.90482106","4.881561765","4.875059533","4.931357592","4.896427432","5.124768138","5.195041553","5.209398286","5.1775449906","5.119401081","5.087103886","4.985565557","5.013220785","5.018648985","5.071730492",
"연립다세대","서북권","지역별 전월세전환율","","8.5","8.5","8.5","8.5","8.5","8.5","8.4","8.2","8.1","8.1","8","8.1","8.2","8.2","8.2","8.2","8.1","8.1","8.1","7.9","8","7.9","7.8","7.7","7.7","7.5","7.5","7.4","7.4","7.3","7.3","7.3","7.2","7.2","7.2","7.2","7.1","7","7","6.9","6.8","6.7","6.7","6.5","6.4","6.4","6.2","6.2","6.2","6.2","6.2","6","6","5.9","5.8","5.7","5.633612438","5.549054969","5.512640356","5.377774563","5.292872283","5.252353183","5.168637932","5.055560326","5.023135804","5.045898552","5.01343169","4.943827898","4.847926122","4.795697883","4.689271192","4.643428851","4.629482072","4.564589155","4.502080817","4.489023217","4.459390086","4.514888445","4.44725953","4.43580504","4.388468954","4.348543156","4.31654729","4.298113028","4.320703591","4.366888373","4.398778789","4.402563378","4.40050373","4.425630257","4.398715974","4.369618147","4.35841545","4.272880384","4.214269371","4.159256891","4.137031858","4.182123633","4.240454453","4.298881588","4.236374583","4.182829216","4.136880377","4.132152522","4.120501839","4.065489381","4.039228478","3.902314817","3.985204469","3.9325365","3.951935447","3.931652845","3.919856479","3.996242714","3.941189422","4.425276414","4.291144408","4.285586309","4.289755057","4.276619438","4.328418365","4.333878365","4.349584391","4.344181988","4.328973253","4.283285362","4.199177053","4.257841429","4.257557724","4.281000299","4.194042431","4.277799633","4.277676608","4.309482821","4.308458921","4.308426238","4.316723109","4.246896311","4.230193181","4.25415766","4.206446864","4.171315658","4.235347504","4.378542937","4.529102312","4.671861324","4.825089161","4.958831947","4.977534456","5.016773601","5.077739959","5.027294384","5.042660736","5.001948627","5.063749871","5.038402147","5.04856976","5.188729212","5.131946912","5.074398007","5.125985485","5.018969606","4.99176109","4.841142516","4.784602223","4.803504847","4.89425311","4.862230759","4.930900145","5.082646462","5.295189113","5.285234064","5.2555609398","5.236660026","5.302755945","5.230952734","5.121607908","5.017653851","5.000675497",
"연립다세대","강남권역","지역별 전월세전환율","","8.5","8.5","8.5","8.5","8.5","8.5","8.5","8.3","8.3","8.2","8.1","8.2","8.2","8.2","8.1","8.1","8","8","8","7.8","7.9","7.8","7.8","7.8","7.8","7.7","7.6","7.6","7.6","7.6","7.5","7.4","7.4","7.4","7.3","7.3","7.2","7.1","7.1","7","7","6.9","6.9","6.7","6.6","6.5","6.4","6.4","6.4","6.4","6.4","6.3","6.2","6.1","6","6","5.811718817","5.732041847","5.662311783","5.592674139","5.525972624","5.513513514","5.461321433","5.402575541","5.361599478","5.303645659","5.263808229","5.205797137","5.129928226","5.071272699","5.002263887","4.969421819","4.957627119","4.923859515","4.870692059","4.836545629","4.8","4.819396269","4.784180608","4.749226182","4.681489465","4.639271112","4.577318543","4.533511869","4.542138381","4.580789587","4.585631957","4.611047042","4.590869043","4.605541822","4.551939394","4.509144328","4.490430309","4.426266417","4.416479489","4.331739885","4.312001077","4.368905122","4.435543066","4.468670982","4.425917924","4.396897902","4.335753749","4.302055197","4.271282414","4.202077816","4.191006305","4.044648369","4.100002721","4.061711843","4.056668595","4.052076467","4.05056394","4.069232263","4.005467334","3.977969019","3.920958007","3.865682225","3.86773853","3.819840176","3.819357679","3.861873026","3.889054751","3.875601784","3.839646183","3.844910334","3.829591458","3.778106611","3.692586168","3.688500511","3.677864703","3.691145753","3.683136024","3.711499049","3.743528755","3.74977632","3.818756502","3.810177958","3.794246994","3.795961151","3.789049677","3.822467743","3.860395358","3.957422797","4.066703121","4.184045533","4.304472843","4.353682075","4.39835804","4.474576271","4.492667545","4.528191444","4.497752706","4.499557394","4.498383566","4.478032876","4.468982176","4.496707316","4.551559736","4.539632405","4.539446107","4.547649303","4.497789785","4.409162475","4.423023072","4.408521405","4.420589859","4.429824113","4.47976803","4.487046694","4.557415849","4.641842555","4.6407924533","4.607648737","4.595700991","4.611268717","4.589174032","4.559790027","4.569521292",
"연립다세대","서남권","지역별 전월세전환율","","8.2","8.2","8.2","8.2","8.2","8.2","8.3","8.2","8.2","8.1","8","8.1","8.2","8.1","8.2","8.3","8.4","8.2","8.2","8","8","7.8","7.9","8","7.9","8","8","8","8","8","7.9","7.8","7.8","7.7","7.7","7.6","7.6","7.7","7.6","7.4","7.3","7.4","7.3","7","7","7","6.8","6.8","6.8","7.2","7.2","7.2","7.2","7","6.8","6.5","6.33294882","6.270547491","6.242133089","6.100758061","6.147933285","6.295214222","6.322593031","6.235328691","6.272869988","6.201304355","6.057692308","5.941685628","5.783310592","5.770328004","5.744191621","5.699913477","5.695627575","5.769030199","5.741012564","5.646188553","5.600460184","5.578038248","5.507269695","5.39566698","5.241996228","5.09993445","5.044905725","4.97826334","4.975992411","5.079135772","5.150028561","5.173020311","5.142857143","5.126521483","5.005364977","4.83954726","4.783575862","4.684267347","4.673747984","4.726843804","4.718535637","4.78608345","4.801587818","4.914754006","4.793335851","4.706682715","4.651597235","4.604981262","4.490781387","4.330444632","4.285813798","4.384688529","4.334604027","4.379042977","4.470479045","4.477979004","4.314514077","4.278648077","4.242162162","4.07108006","4.03862263","3.994325255","4.015666432","3.987550348","3.971862994","3.963202035","4","3.991736898","3.995419631","3.955418636","3.94539787","3.892617643","3.794321138","3.789010893","3.778717488","3.803016023","3.817721686","3.88857641","3.869534763","3.908255051","4.055986439","4.07613587","4.068651463","4.077681838","4.093949664","4.13075226","4.143102142","4.278819472","4.36129797","4.497247875","4.674729536","4.735996532","4.812477392","4.904271779","4.920502092","4.974773559","4.903668809","4.9254869","4.994268519","4.962692271","4.978336381","4.998339571","5.031625965","5.052044029","4.993766454","5.033275741","4.992660211","4.932555596","4.875463843","4.831814806","4.765834329","4.760074118","4.780211517","4.833677476","4.899569635","5.034972367","5.0783632095","5.095529575","5.07839102","5.103306015","5.069513234","5.111544227","5.165493635",
"연립다세대","동남권","지역별 전월세전환율","","8.4","8.4","8.4","8.4","8.4","8.4","8.5","8.3","8.3","8.3","8.4","8.5","8.4","8.5","8.5","8.4","8.4","8.4","8.3","8.5","8.5","8.4","8.2","8.1","8.1","8","7.9","8","8","7.9","7.9","7.9","7.8","7.7","7.7","7.7","7.7","7.8","7.6","7.5","7.5","7.5","7.5","7.3","7.4","7.3","7.1","6.9","7","7.2","7.1","7.1","7","7.1","6.9","6.8","6.555399129","6.534774341","6.52089498","6.298856503","6.202225549","6.273622749","6.273859536","6.176195145","6.217584747","6.151429435","6.02218359","5.973776166","5.879102709","5.896257779","5.872156013","5.840431816","5.659989019","5.662247598","5.659582517","5.584912781","5.587275821","5.476088209","5.404629922","5.308183972","5.316130651","5.309595036","5.14902557","5.133194898","5.18773611","5.182341653","5.232403089","5.22010946","5.27391014","5.282680593","5.220812301","5.134079121","5.053298592","4.930774059","4.976877766","4.960946419","4.899030814","5.059440214","5.063057413","5.110926943","4.981652736","4.978060769","4.997060312","4.94171914","4.83501675","4.755328063","4.788730339","4.763160029","4.620864591","4.613668764","4.62882846","4.570526367","4.497654153","4.538090548","4.517942813","3.92428805","3.854457829","3.790363833","3.781772078","3.726681091","3.730064778","3.801518392","3.818903401","3.813479378","3.769179297","3.799665062","3.757233237","3.717440251","3.639189775","3.6209147","3.608668114","3.614927011","3.611814536","3.624824791","3.684922096","3.674339524","3.715609347","3.69401872","3.693572467","3.68204589","3.653272001","3.674740099","3.711562211","3.782992105","3.900284688","4.004717898","4.092269491","4.147921007","4.157885443","4.216944335","4.249631937","4.280934848","4.235431181","4.240109141","4.223680713","4.197381653","4.176202176","4.173207107","4.252513598","4.213426314","4.216167778","4.22916197","4.179406452","4.105651578","4.121912832","4.139838273","4.167352743","4.206482999","4.243919785","4.26280162","4.318583192","4.386350664","4.376387269","4.332606825","4.338271494","4.351593958","4.298984495","4.230148089","4.209786052",
"연립다세대","부산","지역별 전월세전환율","","11.7","11.7","11.7","11.7","11.7","11.7","11.6","11.4","11.1","11.1","11","10.9","11.2","11.2","11.4","11.3","11.1","11.1","11","11.1","11.1","10.9","11.1","11.2","11.2","11.2","11.2","11.1","11.1","11","11","10.8","10.8","10.9","10.6","10.7","11","11.3","11.5","11.2","11.1","10.9","10.7","10.3","10.1","10.3","10.3","10.5","10.6","10.9","11.1","11","10.9","10.7","10.8","10.5","10.25987338","10.21197557","10.19770686","10.15692556","10.33393969","10.52872263","10.51502732","10.47577477","10.48649227","10.50860421","10.43445546","10.38049451","10.22054504","9.929056499","10.01516834","9.79296036","9.655001767","9.785829915","9.877636908","9.924010925","9.829116945","9.877235379","9.99686116","9.789277639","9.591356174","9.487144878","9.391937162","9.317135031","9.323177813","9.475387095","9.655315271","9.627535721","9.663138232","9.648646219","9.55496826","9.108820802","9.017795441","8.98538349","8.748289731","8.767882811","8.824145927","9.033242507","9.026530258","9.119794138","9.027046432","9.02107503","8.934571648","8.599452686","8.46758126","8.506558354","8.551379763","8.526465476","8.889512102","9.084125265","8.958964213","8.665814379","8.499222115","8.391055222","8.167104093","7.52837711","7.304466011","7.318108497","7.16142352","7.544307607","7.69663827","7.875252093","7.924276398","7.846876576","7.818568715","7.689641123","7.522534501","7.169955607","7.011916435","6.999972629","6.958773424","6.855708407","6.942043067","7.319868524","7.372656026","7.371590455","7.272727273","7.246384298","7.097793018","6.83778198","6.639017137","6.709090703","6.695820456","6.642187701","7.01161586","7.080283865","7.216090262","7.297517875","7.350753915","7.168112312","7.145951598","6.956391004","6.894538478","6.771307122","6.750614717","6.895566502","6.954746369","7.266013986","7.443439372","7.365986822","7.35703733","7.516874157","7.305672257","7.041283427","7.085158151","6.990903194","7.107777589","7.171105436","7.055382805","7.288262508","7.316972382","7.343294216","7.2908390364","7.366478589","7.219856716","7.048102058","7.056448675","6.970605068","7.079842764",
"연립다세대","대구","지역별 전월세전환율","","9.8","9.8","9.8","9.8","9.8","9.8","10","10.5","10.9","11.1","11.2","10.9","10.8","11.2","11.2","10.9","10.7","11.2","11.1","10.6","10.9","11","10.4","10.1","10.9","11","9.7","9.5","9.6","9.1","9.2","9.3","9.2","9.1","10","9.3","9.4","8.8","10","10.8","11.2","10.8","9.6","8.7","7.9","7.7","8","7.3","8","7.4","7.9","7.9","7.4","7.3","6.9","6.9","7.202147693","7.721913112","8.007649402","8.773109244","9.107841646","9.06705038","8.450385736","8.149347273","8.134326429","7.51540571","7.636605953","7.804728142","7.684864021","8","7.858183132","7.552925108","7.22365541","7.545680483","7.269554843","7.334839837","7.636363636","7.444135631","7.568181818","7.364207105","7.488849132","7.691063217","7.48869508","7.210494146","7.357940038","7.74739355","8.080395871","7.563436213","6.724561691","7.521181597","7.426772629","7.167856139","7.286355393","6.904997087","6.960952776","6.760825158","7","6.83297307","6.83297307","6.309391374","6.60485871","6.349738437","6.449631636","6.406461535","6.609728787","6.486541265","6.474492323","6.717899805","6.455714371","6.670349557","7.16003281","6.857142857","6.5786248","6.410213338","6.80780226","6.451050913","6.613274133","6.452101825","6.80780226","6.80952232","6.696024048","5.828567936","5.647058824","5.657147906","5.544209215","5.709674984","5.708060652","5.62532437","5.702331735","5.849005547","5.773356049","5.853689924","6.15705993","6.302960271","5.97630227","5.959938891","5.712149792","5.960935572","6.080377823","5.898145359","5.897154105","5.910896254","6.329738488","6.346862756","6.432640163","6.694381261","6.156651949","6.381822167","6.465523456","6.44663792","6.132888242","6.479537176","6.421758772","6.663118333","6.334103408","6","5.846207261","5.809868091","5.963601929","5.827436816","5.806451613","5.970256872","6.480707633","6.569347203","6.828719918","6.737743655","6.985773355","7.044382871","7.2","7.162783256","7.345840784","7.112946034","7.1129460336","7.260334726","7.004667046","6.874412154","6.854218418","6.854218418","6.639500301",
"연립다세대","인천","지역별 전월세전환율","","12.1","12.1","12.1","12.1","12.1","12.1","12.1","12","12.1","12","11.9","12","12.1","12.1","11.8","12.1","11.9","11.8","11.7","11.8","11.8","11.8","11.7","11.7","11.5","11.4","11.4","11.6","11.7","11.6","11.7","11.5","11.5","11.2","11.2","11","10.9","10.9","10.8","10.8","10.8","11.1","10.8","10.8","10.6","10.5","10.4","10.1","10.1","10.3","10.4","10.2","10.1","9.9","9.8","9.8","9.879469929","9.736269336","9.643841927","9.432117557","9.557025326","9.515255868","9.402555677","9.424913172","9.48713484","9.267557272","9.145760559","9.077674755","9.056603774","8.888662332","8.726874945","8.752435706","8.877921177","8.645884962","8.710682836","8.697611619","8.660488512","8.507063659","8.451763133","8.450704225","8.350818059","8.286962098","8.303910859","8.43324703","8.358224328","8.178673001","8.111202042","8.120215986","8.199037883","8.127638488","8.097449424","8.131408917","7.956495607","7.809215845","7.683706383","7.717941966","7.581191411","7.527954034","7.419292075","7.438126128","7.554746573","7.332804829","7.335369442","7.335999417","7.307637197","7.151771112","7.128483678","6.925313163","6.9513803","6.846738659","6.857212102","6.790540541","6.715310065","6.672731237","6.623291788","6.454600698","6.318838072","6.260866568","6.18926745","6.130883204","6.112773764","6.023579683","5.934637514","5.930284749","5.941931599","6.006010837","6.00302365","6.088196769","6.138493042","6.103766228","6.182104674","6.191060322","6.127003972","6.169502024","6.190013366","6.167947788","6.257115115","6.224237171","6.284565207","6.295748552","6.389809752","6.443651584","6.453277836","6.53888929","6.698513658","6.802664667","6.832406281","6.887022472","7.006276017","7.090978535","7.106773176","7.107110711","7.16019926","7.310782409","7.404787446","7.463600676","7.609574316","7.604142694","7.670147641","7.737744022","7.796152838","7.861923697","7.881817687","7.965147214","7.968892261","8.000826391","7.984934549","7.997844713","7.995689655","8.024330172","8.12100421","8.17402747","8.2447425418","8.300544161","8.374134043","8.407185629","8.435255038","8.420790354","8.531621353",
"연립다세대","광주","지역별 전월세전환율","","12","12","12","12","12","12","11.9","12.4","13.9","14.7","15","12.8","12.8","12.8","12.2","16.2","12","12.6","11.2","12","15.5","11.3","9.6","14.9","14.4","10.4","10.3","13.2","12.3","9.5","10.3","11.5","11","10.8","10.6","10.6","9.3","9.3","9.3","9.4","9.7","9.7","10","10.5","10.7","10.6","9.4","9.3","9.6","10.1","9.7","9.6","9.3","9.3","9.3","9.6","9.066015507","9","8.901232895","7.412867664","8.036661204","8.899671633","8.337362203","8.533333333","9.468846596","10.12230234","10.0949858","9.72972973","8","8.037171272","7.478596849","7.5","7.320274181","7.104903498","7.125","7.636247711","7.677612656","7.296","7.730516581","7.714285714","7.714285714","7.860526601","7.798131225","8.685983119","7.84438063","8.48565712","8.556300964","7.947719337","7.381370826","7.384615385","7.67656566","6.857142857","6.857142857","6.754260796","6.824797844","6.512019231","6.5625","6.483161452","6.590453241","6.858452066","6.858452066","7.021355711","7.002547042","6.738886587","6.304043436","6.315789474","5.995423476","6.643762928","6.517620292","7.384615385","7.384615385","7.445955056","7.261472259","7.00311046","6.857142857","6.674242287","6.995513196","7.35884616","7.407407407","7.407407407","7.5","7.866112325","7.244132799","7.699254181","7.469970255","5.705818371","5.598939973","5.884940028","5.829849118","5.870181117","5.59800461","5.746401754","6.075949367","5.772897384","5.922077922","5.962290804","6.352458299","6.57991524","6.581580159","5.926103773","5.7","6.209853671","5.998791866","5.795485007","6.182470242","6.029812495","6.026919207","6.038516419","5.837476963","6.322673627","6","6.4","6.369996294","6.637486994","6.784717832","6.573796958","6.857142857","7.181053533","7.699670965","7.271176427","7.055045826","7.05630116","7.04327362","7.45250438","7.085451502","7.816805852","7.2","7.049237312","7.273595205","7.343888433","7.113646862","7.036635297","7.9654918425","7.710283921","7.306495865","7.249355366","6.974913247","6.974241332","6.753457542",
"연립다세대","대전","지역별 전월세전환율","","10.9","10.9","10.9","10.9","10.9","10.9","10.6","10.7","11.5","11.5","11.4","10.8","10.6","10.7","10.3","10.3","10.5","10.4","10.2","10.5","10.7","9.6","9.6","10.5","10.5","10","10.3","10.3","10.4","10.5","10.9","10.9","10.6","10.8","10.5","10.6","10.7","10.8","11.1","11","10.8","10.4","9.4","9.4","9.4","10.6","10.4","9.7","9.7","9.7","9.8","9.5","9.6","9.6","9.5","9.2","9.029793525","9.183664609","9.427024282","9.229654662","9.777182599","10.24523026","10.13333333","9.813546771","9.124904544","9.308111263","8.867033747","8.612575493","8.664832141","8.626234133","8.941677762","8.348064197","8.94510226","8.543000814","8.639703899","9.351271607","9.493093649","9.030791789","8.440797186","8.64","8.593926446","8.593926446","8.73242953","8.301851418","8.579964385","8.896417521","8.361504529","8.082331069","8.12551104","7.614101475","8.672075029","8.532523787","8.584148755","8.354415843","8.310866341","8.181524205","8.44030947","8.418358671","8.606497578","8.491569394","8.799299592","9.147444909","8.729585336","8.846829461","8.775169843","8.603093974","8.46284049","7.752865517","8.071449716","8.267375522","8.186307201","8.201635286","7.636363636","7.265711039","7.461021759","7.439601789","7.988024576","7.569353238","7.803305591","7.84828976","7.668192515","7.598377027","7.714285714","7.540237063","7.2","6.74886563","6.606681514","6.833844858","6.870386266","7.012445759","7.127329193","7.156303341","7.127628484","6.979348131","6.70258575","6.972743954","6.727907957","7","6.693483582","6.67313191","7.056023602","7.163815905","7.158756137","7.34714469","7.313316311","7.731280425","7.698645736","7.739600523","7.2","7.55782397","7.503124908","7.261831993","6.797772192","6.323288352","6.681312254","6.676568349","6.809188737","7.009859139","7.231344078","7.634331066","7.701064058","7.549184822","7.794958026","7.825869193","8.168428318","8.434648191","8.530093429","8.636887515","8.470588235","8.370147612","8.454363891","7.91751003","7.9212114646","7.961969203","7.764745514","7.709583683","8.052139593","8.169420334","8.089863945",
"연립다세대","울산","지역별 전월세전환율","","12.1","12.1","12.1","12.1","12.1","12.1","11.7","12","11.7","12","11.2","11","11.6","12","11.2","11","10.1","10.6","10.8","10.3","10.7","11","10.4","10.6","10.3","11.3","11.8","11.9","11.8","12","11.8","11.2","9.8","9.8","9.8","9.4","8.8","9.7","10.7","10.4","10.3","10.4","9.8","9.8","9.7","9.6","9.4","9.4","10.1","10.5","9.7","9.8","9.2","9.1","9","8.8","8.300402672","8.072727273","8.237601457","8.977767499","8.89745673","9.377203676","9.278704771","8.950755089","9.040540541","8.714309292","8.416735313","7.908868366","7.551026384","7.014240047","7.108044522","7.668260843","7.960268958","7.87014536","7.93507268","8.156192807","7.986412684","8","7.168405254","6.541660292","6.876143202","8.099826008","7.272478665","7.2989529","7.330635117","7.363175097","8.035927599","7.561655826","6.888943584","6.871575962","7.563632007","7.500049536","7.597810899","6.856431535","6.526548773","6.012382116","5.970737478","6.4758798","6.713200275","6.986719385","7.274279487","7.909308299","8.027605098","7.561986454","7.561986454","6.934858041","7.105575679","6.990937338","7.323092829","7.328870093","7.551736657","7.554962223","7.855309991","7.550925537","7.355728892","6.984319921","6.548032511","6.339172835","6.446904405","5.84842097","5.980162043","5.850078251","6.587368807","6.668699005","6.646737821","6.272514922","6.244886532","5.763261061","5.556123461","5.538947328","5.737459744","6.023083561","6.04962508","6.04962508","6.547968539","6.841712663","6.605976648","6.422158022","6.725509315","6.568211921","7.133845934","7.094475101","7.419750866","7.220453929","7.595791164","8.194348529","7.551219512","7.376157591","7.391873456","7.592549778","7.2","6.734962627","6.733301493","6.543539803","6.935982369","7.456846951","7.560724546","7.377271881","7.538378824","7.026578088","6.835416924","6.80347561","7.408254786","7.276036034","7.696240292","8.005866493","8.170185641","8.102142199","8.078429481","8.189773763","8.515726299","8.432680739","8.5613267703","8.696468405","8.851323144","9.45","8.871912309","8.831044738","9.252187992",
"연립다세대","세종","지역별 전월세전환율","","","","","","","","","","","","","","","","","","","","","","","","","10.2","8.3","8","8.3","9.9","9.2","10.6","11.4","12","9.8","13","13.6","13.5","12.6","12.4","13.5","13.9","13.7","13.4","12.2","14.8","12.9","16.3","5.7","9.7","10.9","9.9","10.2","11.4","9.9","9.6","9","9","8.905674369","8.973888273","8.077356897","9.660349477","11.51323688","8.706941834","10.18626557","10.30846171","9.272482107","9.213127813","8.968771049","8.827924659","9.978443312","10.34958682","9.580961916","9.250644883","9.580961916","8.964164678","8.951955143","8.81899857","8.964164678","10.62660509","6","6.05867029","7.879999727","9.932111818","10.63151963","10.46761954","12.36980633","14.53750083","11.12353823","9.5157265","10.46663123","8.330240034","11.43832325","10.49936281","12.47014577","12.45340362","11.8513508","10.32213477","10.43232285","9.196261682","9.196261682","11.85978874","11.3339442","10.50465907","11.82454034","8.794270431","7.944415456","7.480179012","7.922959789","10.78797082","9.117194786","13.63794598","5.925925926","5.78313253","5.80472416","5.826315789","5.826315789","6.325714286","6.857142857","7.121343016","7.408816447","6.525213714","6.585365854","6.200508069","6.51219925","6.292682927","5.747377586","5.704832875","5.853658537","5.714285714","5.607476636","5.607476636","5.607476636","5.607476636","5.607476636","5.623738318","6.105527913","6.24751001","6.259509519","6.33524124","6.310098487","6.441245465","6.339931848","6.339931848","6.446002645","6.628813035","6.746173981","6.564689865","6.891046897","6.816030602","7.115127074","7.055258331","7.19706221","7.177377669","6.940175977","6.804123711","6.111111111","6.111111111","6.226415094","6.478915463","7.652173913","8.328286075","8.855903178","9.103448276","8.882909242","8.676337271","8.842603685","7.904191617","9.230769231","6.947368421","6.694736842","6.989010989","7.188850327","7.13277511","7.0261509015","7.505797708","8.088607595","8.450704225","9.13695781","9.216922776","9.050011278",
"연립다세대","경기","지역별 전월세전환율","","10.9","10.9","10.9","10.9","10.9","10.9","10.8","10.7","10.7","10.7","10.6","10.5","10.4","10.4","10.5","10.5","10.4","10.4","10.4","10.3","10.4","10.4","10.3","10.3","10.3","10.2","10.2","10.2","10","10","10","10","9.9","9.8","9.8","9.7","9.7","9.8","9.8","9.8","9.7","9.6","9.6","9.4","9.3","9.3","9.2","9.1","9","9.1","9.2","9.1","9.1","9.1","9","8.9","8.825159011","8.809263077","8.804304098","8.604768104","8.45045045","8.355448098","8.310106164","8.307692308","8.260038241","8.201418507","8.176231306","8.140127389","8.043336065","7.955109423","7.792276029","7.684543492","7.628932483","7.672890623","7.726682921","7.701647305","7.681962416","7.747834167","7.714411751","7.645499024","7.5","7.471733781","7.399748568","7.405888735","7.337077501","7.289057868","7.308831505","7.268578468","7.263184525","7.221571091","7.234015844","7.142191523","7.104182511","7.012518778","6.985722517","6.901259994","6.911350209","6.98655445","6.954691845","6.899547697","6.904351482","6.880848183","6.901847844","6.811484889","6.733904063","6.716481746","6.594547645","6.56014116","6.450926488","6.442639204","6.385021015","6.354306274","6.309807232","6.285097692","6.201149332","6.171792185","6.095707536","6.025617191","6","5.960767975","5.894576006","5.947587736","5.947441734","5.94087482","5.906625728","5.902782618","5.877382741","5.842210815","5.872471313","5.859051649","5.869315265","5.883649185","5.901380599","5.964576499","5.993685061","6.140168598","6.223894609","6.199155143","6.190998902","6.175517699","6.220017607","6.217583494","6.155281443","6.232245833","6.326751085","6.568043807","6.64071682","6.725228111","6.80727469","6.92566381","6.986621977","6.983964355","7.005341591","6.99259013","6.982081813","7.009762331","7.03654485","7.061767399","7.230077311","7.29109197","7.271304716","7.349553396","7.34","7.380482301","7.295166364","7.306439349","7.363918593","7.359595631","7.442646643","7.474658534","7.50106042","7.473357016","7.4958459557","7.574333336","7.572499218","7.574446634","7.636363636","7.707938599","7.783503372",
"연립다세대","강원","지역별 전월세전환율","","12.8","12.8","12.8","12.8","12.8","12.8","14","14.4","14.3","15.7","15.7","17.9","14.3","14.2","13","12","12.9","12","11.8","12.4","12.8","12.1","11.9","13.8","13.1","12","12","12","11.6","11.8","11","13.4","12","11.9","12.4","12","11.8","10.6","12","11.2","11.2","11.4","10.7","10.9","9.3","9.5","9.3","9.9","10.8","10.4","10.7","10.5","10.1","10.1","10.6","9.6","9.357595708","10.6853544","11.04592902","11.04592902","10.84745853","11.31616548","10.39769752","9.674979839","9.230769231","9.884986012","9.674979839","9.771055968","9","8.864710401","9.099750401","8.571428571","9.499734466","8.952496401","9.580806463","9.462165642","9.895897524","9.686469912","10.87513731","10.61563377","9.251623976","8.571428571","9.30496683","9.333333333","8.863636364","8.500452157","8.4","7.682855849","7.731127323","8.629098138","9.299048961","7.018959258","6.788571429","6.857142857","8.352968471","8.108108108","8.758273492","8.567189165","9.355509356","9.318270646","8.798841982","8.884238335","8.494275221","8.322580645","7.344987228","7.990459353","7.665375656","8.275862069","8.864075313","7.881112658","7.558103621","7.384615385","7.079239327","7.482521086","6.486016664","6.05568967","7.077966102","8","7.659574468","7.697368421","7.947368421","8.318630643","8.803944692","8","7.163003974","7.996879875","7.491268513","6.678019349","6.618175512","6.465166621","6.352941176","7.538383582","8.207543416","8.105617374","8.075668925","7.340280414","8.25477707","7.563291758","7.345808509","6.857142857","6.857142857","7.278820867","7.270974505","6.966659497","7.808661292","7.952377027","8.002771523","8.08988764","8.033151552","7.659574468","8.158611955","7.81837531","7.648668992","7.434596837","7.927795722","8","7.687809093","7.354673859","8.099978494","8.099978494","7.207433091","7.278820867","6.857814553","7.087745209","6.857142857","7.061212313","6.76056338","7.036537779","7.514705882","7.619793947","8.145156024","7.791269304","7.9055926116","7.890432533","7.594936709","7.660648013","7.885645742","7.297297297","7.797383945",
"연립다세대","충북","지역별 전월세전환율","","11.1","11.1","11.1","11.1","11.1","11.1","11.9","11.7","12.6","10.5","10.6","10.3","9.7","10.4","10.9","10.7","10.3","10.3","10.3","10.3","10.2","10","10.3","10.7","12.6","12.7","12","12","12","12","11.9","11","10.5","10.7","12.7","12.3","11.7","12.2","12.3","13.1","13.7","13","13.6","11.2","10.7","11.4","10.5","11","11.4","12.1","11.6","11.7","12","10.6","11","11","10.63879916","10.07837455","10.09591616","9.847621467","9.831489699","10.6528569","10.11850517","10.87521706","9.666859608","10.2679134","9.729496374","9.729496374","10.28496152","9.590870766","11.35242927","10.98126777","10.83826422","11.03034367","10.02561417","10.57834654","11.26702522","11.86546053","11.62786985","11.34780758","11.34780758","10.63736093","10.41322314","10.4758108","10.5445398","10.86950164","10.66666667","10.30692385","10.04584992","10.59587261","10.59005783","9.086744971","9.029055083","10.5","10.88030547","10.64143004","10.81144555","10.46024322","10.09319875","10.06555843","10.37215447","10.15166732","10.79020478","10.44298152","11.68046718","11.01931649","10.23405504","11.12896167","10.11331445","9.881445557","9.92933163","9.173514984","8.906908946","10.282667","10.26284987","9.734065827","9.734065827","9.909109948","9.743684468","9.134718686","9.214415499","9.734065827","9.731897778","9.533521136","9.999258097","10.22596138","9.862257809","9.262508805","9.164649829","9.233722805","9.381818182","9.800064816","9.909561799","10.16931115","10.27832176","10.71988467","11.02660172","10.69020652","10.30511823","9.513624082","9.887629431","9.640573186","9.842527292","9.833385014","10.33934524","10.09650282","10.27012513","10.43130065","10.11299554","10.41075696","10.44368601","10.06276309","9.782166864","10.23659534","9.747412974","8.460431655","8.849243854","9.58855667","10.11830065","10.2584493","11.28583933","10.93101926","10.40452964","10.5219883","10.45340656","10.23331478","10.65651761","10.79639664","10.26940454","10.35456034","11.02775578","11.16775856","11.1025113844","11.18634875","11.85411234","11.98236859","11.36868081","11.57461341","11.23359272",
"연립다세대","충남","지역별 전월세전환율","","12","12","12","12","12","12","12","13.8","12.9","13.2","13.5","13.1","12.3","12.3","12.8","12.4","12.1","12.1","12","12","12.1","12","12","12","12","12.1","12.2","12","11.8","12.1","12","11.8","11.6","12","11.6","11.2","11.3","11.8","11.7","11.5","11.4","11.1","10.9","11.1","10.9","11.1","10.9","10.7","10.7","10.4","10.3","10.4","10.6","10.7","10.8","10.6","11.01846727","11.04555596","10.22457108","9.886826093","9.971826656","10.40121581","10.72378798","10.31057106","10.27055453","10.08099158","9.943858106","9.633035769","9.389110177","9.557133185","9.603921569","9.549331792","9.573480663","9.752639849","10.14779379","10.24941176","10.28955138","10.02480007","10.17524025","10.44875276","10.18158167","10.0234014","10.08582993","9.677975123","9.690381862","9.74912075","9.63324672","9.896907216","9.745455413","9.745455413","9.745455413","9.691478632","9.434423055","9.290731265","9.219750407","9.173289242","8.512549312","9.009986438","8.410365388","8.459282332","8.654519572","9.16876353","8.915065082","9.067348283","9.137435073","9.130434783","9.076898883","9","9.398754624","8.993565219","8.846920277","8.919512509","9.091729679","9.14707641","9.14707641","8.989333642","9.120034722","9.105243894","9.014233704","8.99370838","9.237456804","9.216199319","8.971797683","9.055536932","8.596823024","9.098467202","9.183250096","8.849436303","9.024534358","8.651241098","7.047805345","7.038112574","7.096632733","7.579163225","9.112428973","8.19017224","9.368953232","9.305553583","9.159398336","9.194562068","8.962189116","9.272534339","9.448826147","9.707821785","10.24228361","10.32408921","10.56613152","10.11521351","9.90833145","9.894433228","9.946331249","9.988736697","9.98188909","9.80407276","9.740339349","9.708605698","9.824126214","10.0661157","9.994853787","9.902157642","9.868020305","9.911167081","9.727047146","9.669320794","9.466753976","9.230769231","9.068010076","9.273390478","9.100578035","9.626033117","10.26790468","10.26790468","10.2202575075","10.08","9.981331674","9.97929246","9.792769981","9.525855388","9.472087402",
"연립다세대","전북","지역별 전월세전환율","","15.3","15.3","15.3","15.3","15.3","15.3","15.2","15","13.6","13.7","14.3","13.6","12.8","12.8","12.8","12.4","11.3","11.6","12","11.4","12.1","12","13.1","13.4","12.9","12.7","12","12","12.5","12","11.9","12.4","11.5","11.2","10.5","10.3","10.2","10.2","10.6","11.3","12","12.3","12","12","12","10.7","11.5","11.6","12.1","10.8","10.9","11.3","10.8","11.3","11.1","10.3","9.169590519","10.66912838","10.27842043","8.686004545","9.06089177","9.097117505","9.588751082","10.45513654","10.24361921","9.571172346","9.93812986","9.836274134","9.757908807","9.02192391","9.02192391","8.860078065","8.105933925","8","10.28571429","10.60876309","10.60876309","10.36246552","10.20858004","10.14356699","9.712221456","8.770026891","9.085308232","8.965517241","9.966842509","9.813854795","8.793693036","8.835760466","8.663673472","8.028927193","8.602513428","8.516723043","8.717033716","8.717033716","8.450703495","8.696948522","8.62320417","8.211668754","8.533972402","9.376486316","9.376486316","9.582494741","9.544236859","8","8","7.52389517","7.381087768","7.562566336","7.5","7.956006506","8.404739894","8.404739894","8.979647654","8.877244355","7.691879787","7.66947386","7.579106929","7.044629552","6.777675392","6.63258636","7.680194418","7.030526043","6.947713282","6.947713282","6.666666667","7.2","6.939728586","6.922226465","8.140389137","7.09257923","7.127679598","7.327414894","8.7","7.949734288","8.007716253","8.041231282","8.651901331","8.510356255","8.510356255","8.445280036","8.163733055","8.125826258","8.469073721","8.555586571","7.973642141","7.563542317","7.235874901","7.058823529","7.198251528","7.536453378","7.173040888","7.300578035","7.301715947","7.34758852","7.304347826","7.354773775","7.740363509","8.435260327","8.923114701","8.649003148","8.649003148","8.770381305","8.571428571","9.274295921","8.255693625","8.947856125","9.293426851","9.217841341","9","10.05435029","9.59231846","9.196969669","8.7711791044","8.694811348","7.954137931","7.997713419","7.494762241","7.714769776","7.182329652",
"연립다세대","전남","지역별 전월세전환율","","13.6","13.6","13.6","13.6","13.6","13.6","11","13.6","12.6","12.2","12.2","9.2","9.2","9","9.3","9.1","9.1","9.7","10.9","13.5","15.4","15.4","14.6","15.9","13.4","13","13.6","13.7","13.6","12.6","13.9","12.3","11.7","10.9","11.9","12.1","12.7","12.2","12.6","12.5","12.3","12.6","11.7","12","12.2","10.5","10.5","10.4","11.7","11.5","11.1","10.4","11.4","12","11.5","11.1","9.31944653","9.6","9.6","9.6","10.43478261","9.614557579","8.359603427","8.961770536","8.913793103","10.13896962","8.577118183","9","9","10","10.13896962","9.3","10.78345228","10.88005073","10.39728189","10.44245111","10.8302677","12","10.29818069","9.151678474","9.68262488","9.224287558","8.766995199","8.909431827","9.402254572","9.004774536","9.365853659","8.829456067","8.923534296","9.361435966","8.666880859","6.692949033","6.484349473","8.812630918","9.642045518","9.554361306","9.554361306","9.884957024","9.689270479","9.940193679","10.22858121","10.17728483","9.884957024","9.65463328","9.747350771","9.567198178","9.228606505","9.498105145","9.230769231","9.157757497","9.05982906","9.230769231","8.888888889","9.234049531","8.987521891","8.851403359","8.987521891","9.6","9.780704732","8.046702002","7.813109573","7.872195475","8.584342991","9.267027662","8.813112582","9.33075265","8.683588622","8.816930783","8.377858133","8.463027266","8.215436108","8.235294118","8.466870654","8.361158031","8.051962722","8.076577924","7.832487432","7.344592079","6.928674781","6.54321007","6.713515933","6.848137277","7.2","7.319792739","7.831519726","7.613953046","7.604376681","7.748633711","7.872540897","7.853482827","7.715319144","8.43992554","8.103448276","8.309206161","7.879318735","6.857142857","8.209119504","8.787421496","8.746820096","7.688838224","9.263281911","9.20003601","8.224181482","8.449573011","7.92805088","8.4010469","8.28975265","8.731003798","7.912914931","7.92359372","7.92359372","8.047359697","8.0627361403","8.34382046","8.75","8.722918224","8.392897","8.296556346","7.637906648",
"연립다세대","경북","지역별 전월세전환율","","13.4","13.4","13.4","13.4","13.4","13.4","12.8","12","12.1","11.5","11.1","10.5","11.1","11","10.7","10.4","11.4","11.3","11.8","11.1","10.8","10.1","10.8","10.6","10.3","10","9.8","10.5","11.3","11.3","11.1","11.1","11.5","11","10.7","11.1","10.9","10.4","10.8","10.9","10.5","10.3","9.3","9.3","8.8","8.9","8.7","9.4","9.3","9.3","9.5","9.4","9.4","10","11","11.3","10.44736466","10.42265062","10.60687282","10.5","10.08106018","10.37850838","10.17249212","9.67856234","9.770106056","10.02520985","9.816340892","9.677406128","9.233710285","8.571428571","7.485779011","6.777225356","7.487044832","7.984375","8.9998183","9.606702051","10.41184496","9.946285042","10.28409817","10.22992126","9.280010987","9.254884636","9.19762201","8.066913309","8.771659728","8.639687501","8.668934491","8.462902091","8.01051709","8.770841924","9.322397431","9.302823468","7.922450001","8.058619635","7.884255319","7.754616905","7.398989682","7.581043944","7.662236727","7.909715606","8.108108108","8.211282523","8.170760569","7.542857143","7.2","6.857142857","6.855494505","7.544149929","6.847794357","7.127209252","7.384135472","7.676350916","7.714285714","7.771621965","7.56367965","7.596681827","7.184845006","6.894989637","7.149015655","7.106523066","7.401146338","7.695241042","7.659574468","7.762070618","7.758937625","7.618181818","7.568914231","7.385857687","7.526543839","7.716072647","7.946705768","8.025428743","7.743318983","7.399769554","7.659574468","7.668798273","7.784104547","7.826605928","7.76210342","7.911501355","8.325076197","9.014749263","8.759582613","8.570062049","8.594628548","8.861752418","8.498519533","8.292536317","7.940128507","8","7.918544837","7.877474069","8.01470016","7.678548883","7.902828413","8","8","8.727272727","8.715965692","8.694873659","8.435589343","8.533872797","8.908763324","8.865620664","8.828912505","8.994888252","9","8.8","8.676721773","8.372093023","8.823529412","9.333333333","8.6656164985","8.496423354","8.383850779","8.571428571","8.328114109","8.383850779","8.459517094",
"연립다세대","경남","지역별 전월세전환율","","9","9","9","9","9","9","9","9.2","8.7","8.8","8.8","9.2","9.2","8.6","9.1","9.2","9","9.4","9.4","9.8","9.6","9.5","9.6","9.2","9","9.6","9.5","9.3","9.3","9","9.1","8.7","8.7","8.9","8.8","9.5","9","9.3","9.5","9.2","9.5","9.1","8.8","8.9","9.1","9","8.7","8.4","8.2","8.3","8","8.3","8.5","8.3","8.1","8","7.888019895","7.725674091","7.689140584","7.606079702","7.606079702","7.76148159","7.770742444","8.247652417","8.394257022","7.778821119","7.646797811","7.732508568","6.998910136","7.134111293","6.946358797","7.152153153","7.331699419","7.236829975","7.299076816","7.634098773","7.671478577","7.497807195","7.854760306","8.054305972","7.92266557","7.79739508","7.521676659","7.008448401","6.724371309","6.559014842","6.659033791","6.989834482","7.103923641","7.20351714","7.34744516","6.75195296","6.315789474","6.392004823","6.225729717","6.331439025","6.336960561","6.26384533","6.327606977","6.000357387","6.418201517","6.785084858","6.678132136","6.89104911","6.981104311","6.996745663","6.631457699","6.544022906","6.961954845","7.374447023","7.025576084","7.197316414","6.964309933","6.772496869","6.935975275","6.453461052","6.453186534","6.40006689","6.581762186","6.636213357","6.545454545","7.209674819","7.283104107","7.615294674","7.349859546","6.553881373","6.422210589","6.298902024","6","5.59588159","6.004069333","6","6.237275986","6.295928598","6.208670175","6.18866193","6.234664477","6.308308559","6.572962931","6.73283553","6.456077056","6.343402761","6.775709164","6.453936231","6.726131295","7.384615385","7.673325071","7.779927722","7.866304654","7.950247789","7.578495253","6.862053869","7.070788242","7.646725664","7.161742818","7.314535528","7.582446989","7.546116002","7.556646555","7.486730974","7.27032857","7.438899714","7.184798581","6.858891224","6.495976735","6.826392749","6.843922146","6.943876135","6.931155193","8.413492642","8.145672544","8","8.0094458152","7.999685373","7.488914208","7.385625248","7.470024732","7.50943795","7.750873281",
"연립다세대","제주","지역별 전월세전환율","","12.7","12.7","12.7","12.7","12.7","12.7","12.1","7.7","6.7","3.9","5.8","6.5","8","10.8","11.1","10.5","10.6","11.9","11","11.3","10.5","8.9","9.4","8.7","7.9","7.6","8.1","8.6","8.6","8.7","9.1","9.8","9","8.4","8.1","8.1","8.1","8.9","9.1","10.1","9.2","9.1","8.5","9.2","9.4","8.6","9","10.2","8.5","8.4","9","8","8.2","8.7","8.7","8.1","7.448483249","6.357508913","5.724840774","5.866495889","6.043950463","5.929411765","5.98522897","5.848214994","6.296293333","5.669474871","5.119094104","5.339403141","5.41116437","5.263155789","5.306120816","5.171356279","5.417142857","5.548742679","5.697410915","5.766557338","5.660377358","5.316044409","5.43335057","5.024991117","5.16540095","5.185182222","5.245151189","5.245151189","5.322261334","5.566668939","5.219017345","5.319216861","5.130799166","5.195704267","5.244688118","5.056036302","5.232011932","5.179636515","5.12139868","5.224093084","5.344895928","5.587852249","5.563775394","5.096638885","5.04215147","5.043531799","4.854544687","4.880606136","4.937826293","4.997923301","5.06604734","5.135134054","5.083452611","5.02032413","5","5.004242791","4.999998","4.958416772","4.861381527","4.798081535","4.912626783","4.766088398","4.820472229","4.820472229","4.761946019","5.142942292","5.162327313","5.085032288","5.084745763","4.999999909","5.034173953","5.270742161","5.309679259","5.291068755","5.354992388","5.187978323","5.25090857","5.459301687","5.3554345","5.366346486","5.460646251","5.6154313","5.615028034","5.544240885","5.642633229","5.522110176","5.600512894","5.730490683","5.772476417","5.949351706","6.004319001","6.193628363","6.474960799","6.297312024","6.330507859","6.531142012","6.606911449","6.508634046","6.506708299","6.3999968","6.215157967","6.122490978","6.102824581","6.280925153","6.274185757","6.34646975","6.414783063","6.223194182","6.057363058","6.101529712","6.359189239","6.153843381","6.14596351","6.159273371","6.213690778","6.090344856","5.8792185818","5.924364849","5.897871092","5.870905392","5.952621411","6.125361933","6.379808204",
"단독주택","전국","지역별 전월세전환율","","10.5","10.5","10.5","10.5","10.5","10.5","10.4","10.3","10.1","10","10","9.9","10","10","10","10","10","9.9","9.9","9.8","9.8","9.7","9.6","9.7","9.8","9.9","9.9","9.9","9.9","9.8","9.7","9.6","9.6","9.5","9.4","9.4","9.5","9.6","9.6","9.6","9.5","9.5","9.3","9.2","9.1","9.1","9.1","9.1","9.1","9.2","9.2","9.2","9.1","9.1","8.9","8.8","8.67546019","8.633051114","8.559802256","8.545133756","8.549390594","8.664210369","8.658139358","8.644549763","8.617594255","8.581211047","8.54676259","8.440987487","8.336497919","8.287769784","8.218867925","8.193103448","8.181818182","8.265060241","8.265374088","8.241509434","8.2","8.181818182","8.108108108","8","7.902534814","7.851870926","7.800036932","7.810305165","7.771084337","7.807388348","7.869214042","7.870149863","7.867613017","7.813817104","7.784902415","7.69421067","7.659574468","7.578947368","7.542857143","7.528230866","7.529215664","7.636363636","7.660449182","7.727272727","7.703823829","7.700616143","7.68683274","7.562850356","7.5","7.448202481","7.358606557","7.282758621","7.269177538","7.346938776","7.363593404","7.333333333","7.323239521","7.27409843","7.246014706","7.117499196","7.058823529","7.020280811","6.955498993","6.953642384","6.923076923","6.99322427","7.015384615","7.020408089","7.000285959","7.005677244","6.996500673","6.933989329","6.879321498","6.830769231","6.809885334","6.774617068","6.744983419","6.837516144","6.872830038","6.921696494","7.032650345","7.044869417","7.063641382","7.005405405","6.989169675","7.013597178","6.940846196","6.980358302","6.983435234","7.009979759","7.004291845","6.979228487","6.99422976","6.94214876","6.89652617","6.958486975","7.006018917","7.126732148","7.196094616","7.304347826","7.414634146","7.372013652","7.393037347","7.346938776","7.3522018","7.229113422","7.128626692","7.212885504","7.208480565","7.213559322","7.235865897","7.278177091","7.28744759","7.454674391","7.537088242","7.593014427","7.6232818598","7.667532468","7.704654896","7.684889172","7.690008859","7.717012253","7.792207792",
"단독주택","수도권","지역별 전월세전환율","","9.8","9.8","9.8","9.8","9.8","9.8","9.7","9.6","9.5","9.4","9.4","9.3","9.4","9.3","9.3","9.3","9.3","9.2","9.2","9.2","9.2","9.1","9","9.1","9.1","9.1","9.1","9.1","9.1","9.1","9","9","8.9","8.8","8.7","8.7","8.8","8.8","8.8","8.8","8.7","8.7","8.7","8.6","8.5","8.5","8.5","8.5","8.4","8.4","8.4","8.4","8.3","8.3","8.2","8.1","8.058599597","8","7.913043478","7.876452024","7.814889388","7.867794481","7.853403141","7.858803146","7.831827053","7.819462304","7.803468208","7.742563548","7.659574468","7.578947368","7.502948575","7.475409836","7.443084942","7.448275862","7.448275862","7.422680412","7.405426692","7.401292241","7.330505206","7.260769484","7.1648533","7.100884093","7.035501361","7.043478261","7.000366435","7","7.024677705","7.010796404","7.050447582","7.017498069","7.028901734","6.961531077","6.958813839","6.906976744","6.859254535","6.843719844","6.817083244","6.830769231","6.844277674","6.857142857","6.836941769","6.827231267","6.824959929","6.774277728","6.705285991","6.657770892","6.622954374","6.545454545","6.5","6.496073427","6.476356541","6.461538462","6.461538462","6.449357326","6.44295302","6.374953583","6.352941176","6.318584071","6.265777486","6.226548395","6.171428571","6.185127079","6.180769954","6.192","6.1875","6.208141143","6.233766234","6.221598405","6.201172842","6.148760331","6.12371134","6.08","6.028708134","6.08503937","6.118095067","6.173208507","6.321287989","6.356033453","6.406067678","6.4157644","6.418880371","6.430042688","6.332119446","6.362639227","6.364768223","6.422599057","6.441519083","6.457399103","6.528189911","6.530433824","6.521256932","6.56166419","6.597251145","6.650727458","6.676578241","6.715231788","6.785137318","6.775819807","6.786163692","6.744159801","6.774193548","6.723413425","6.694300296","6.730280207","6.746426615","6.734693878","6.739726027","6.756583795","6.75","6.894267516","6.950330728","7.024390244","7.0567796288","7.128139086","7.158875912","7.190147565","7.2","7.192331767","7.27886695",
"단독주택","지방","지역별 전월세전환율","","12","12","12","12","12","12","12","11.9","11.6","11.4","11.4","11.3","11.4","11.3","11.4","11.3","11.3","11.3","11.1","11.1","11","10.9","10.9","10.9","11.1","11.1","11.2","11.2","11.2","11.1","11.1","11","10.8","10.8","10.7","10.7","10.7","10.8","10.8","10.8","10.8","10.7","10.6","10.4","10.4","10.3","10.3","10.3","10.3","10.4","10.4","10.5","10.4","10.3","10.2","10","9.959654179","9.963501913","9.850909091","9.89394556","9.966442953","10.04651163","10.03238686","10","10","10","9.940067281","9.843672982","9.771492395","9.754451452","9.701104972","9.720441944","9.707733524","9.801980198","9.757970982","9.759159304","9.732776618","9.72972973","9.728993187","9.597737907","9.568778682","9.530866593","9.521937794","9.452928432","9.464581067","9.464788732","9.553591251","9.6","9.5887617","9.523809524","9.473684211","9.390683312","9.350276684","9.228567923","9.168421053","9.090909091","9.152542373","9.333333333","9.350050906","9.473684211","9.46290396","9.473087819","9.455587393","9.285954141","9.236739974","9.211818149","9.044232437","8.900662252","8.964330726","9.090909091","9.121095075","9.113205576","9.057303328","9.052631579","9","8.862250263","8.763810847","8.670520231","8.709677419","8.661198125","8.645979048","8.727272727","8.798329534","8.776117721","8.732988418","8.746478873","8.670520231","8.513841746","8.404856319","8.372093023","8.350413102","8.289050336","8.257125079","8.327483511","8.35883905","8.387096774","8.442371752","8.4","8.372486195","8.195809363","8.161383285","8.187272086","8.142452055","8.134172041","8.125021373","8.112676056","8.093023256","8.014224423","7.967945049","7.861491953","7.733333333","7.833476062","7.902439024","8.129032258","8.229893568","8.428093645","8.525891238","8.443471424","8.526315789","8.456456456","8.421052632","8.221062274","8.084210526","8.301416431","8.238557559","8.232624433","8.254205607","8.287769784","8.28056872","8.355232216","8.491847656","8.5156712","8.5433950223","8.527918782","8.571428571","8.560311284","8.566310283","8.717762441","8.781134368",
"단독주택","5대광역시","지역별 전월세전환율","","11.3","11.3","11.3","11.3","11.3","11.3","11.2","11.1","10.9","10.8","10.8","10.7","10.8","10.9","11","10.9","10.9","10.8","10.7","10.7","10.5","10.3","10.3","10.4","10.5","10.6","10.7","10.7","10.8","10.7","10.6","10.4","10.2","10","9.9","10","10.1","10.1","10.2","10.1","10.1","10.1","10","9.8","9.7","9.6","9.6","9.6","9.6","9.7","9.7","9.7","9.7","9.5","9.4","9.2","9.17991459","9.218126577","9.040091018","9.135105082","9.1371486","9.279254752","9.248418107","9.316760786","9.282296651","9.282296651","9.186602871","9.161292933","9.062937063","9.029777474","9.056603774","9.04979241","9.032294702","9.204502348","9.103448276","9.142857143","9.048966268","9.1125","9.032242345","8.972790843","8.8782351","8.823529412","8.804451938","8.780487805","8.668188438","8.76029344","8.869565217","8.89981456","8.842105263","8.8","8.82884535","8.736401674","8.727272727","8.578557982","8.53837269","8.426966292","8.53717462","8.689655172","8.674322143","8.809795834","8.8","8.780487805","8.754496964","8.533333333","8.457496418","8.373831776","8.170212766","8.093228656","8.181818182","8.299711816","8.37583997","8.4","8.315185112","8.336632096","8.285621697","8.137624965","8.080198722","7.988175862","7.94825729","7.839686764","7.782725576","7.861575179","7.885788401","7.894181713","7.826344351","7.882302034","7.783667023","7.65323026","7.506416467","7.453738414","7.422845314","7.411466184","7.368421053","7.487184013","7.541286539","7.551076001","7.539267016","7.525622006","7.484879032","7.35163773","7.247415638","7.270142577","7.273153576","7.298657718","7.322666578","7.295079199","7.317073171","7.324645458","7.256651395","7.232876712","7.165251225","7.146888963","7.196853298","7.384615385","7.529203904","7.636363636","7.704260652","7.726181659","7.8","7.755076496","7.748802004","7.600767754","7.423461418","7.384615385","7.272423737","7.322033898","7.33495094","7.418181818","7.474545818","7.578947368","7.74319107","7.83919598","7.8361223312","7.843054385","7.855786968","7.84","7.850411829","7.924528302","8.040340139",
"단독주택","8개도","지역별 전월세전환율","","12.5","12.5","12.5","12.5","12.5","12.5","12.4","12.2","12","12","12","11.9","11.9","11.7","11.6","11.7","11.7","11.7","11.6","11.5","11.4","11.4","11.5","11.4","11.5","11.5","11.6","11.5","11.5","11.5","11.5","11.5","11.4","11.5","11.4","11.3","11.3","11.3","11.3","11.3","11.3","11.2","11.1","11","10.9","10.9","10.8","10.8","10.9","11","11","11","11","10.9","10.8","10.7","10.60038536","10.58823529","10.56347565","10.48925402","10.60331088","10.65539426","10.65131344","10.54684163","10.5","10.51600588","10.47619048","10.35029532","10.28571429","10.28571429","10.16949153","10.22656832","10.2253658","10.28571429","10.23881023","10.27074236","10.24786584","10.18181818","10.21641191","10.0721022","10.0409894","10.00539084","10.00926967","9.957446809","10.00521105","9.991836735","10.08433735","10.10809814","10.08290388","10.03802281","9.957225291","9.853898609","9.842315372","9.697922566","9.704811969","9.601450081","9.639228598","9.866666667","9.902267003","10","9.971547848","9.993103448","10","9.863395471","9.85676107","9.837580062","9.759036145","9.656716195","9.67424539","9.749788499","9.72972973","9.706822617","9.634849455","9.61656932","9.574468085","9.442622951","9.33492297","9.292398192","9.375","9.338869966","9.350649351","9.393283524","9.535692371","9.485992692","9.438029831","9.418499999","9.333333333","9.216","9.149040574","9.075297606","9.087378641","9","8.941176471","9","9","9.051428571","9.097888906","9","8.994062019","8.81305638","8.780487805","8.795969471","8.756756757","8.74703354","8.740342912","8.727272727","8.652083588","8.507765024","8.490566038","8.307692308","8.130285318","8.307692308","8.426332288","8.675497219","8.730846585","8.978257118","9.095957734","8.941176471","9.007459918","8.948161276","8.933367657","8.708423326","8.615384615","8.990730113","8.982026078","8.883752549","8.914285714","8.944558522","8.874598071","8.936170213","9","8.968833791","9.0054281136","8.979467681","9","9.017973691","9.020277603","9.237508082","9.230769231",
"단독주택","서울","지역별 전월세전환율","","9.1","9.1","9.1","9.1","9.1","9.1","9","8.9","8.8","8.7","8.6","8.6","8.7","8.6","8.7","8.6","8.6","8.5","8.5","8.4","8.4","8.4","8.3","8.4","8.4","8.5","8.5","8.4","8.4","8.4","8.3","8.2","8.1","8","8","8","8","8.1","8.2","8.1","8","8","8","7.9","7.8","7.8","7.8","7.8","7.8","7.8","7.8","7.7","7.7","7.7","7.6","7.5","7.48507259","7.416473867","7.304347826","7.269349595","7.230857294","7.346770507","7.322483052","7.343382258","7.308489192","7.309746547","7.297691373","7.200702628","7.118644068","7.019121305","6.943162966","6.961325967","6.932747729","6.931407942","6.924610993","6.916561364","6.893692784","6.845070423","6.766917293","6.690425486","6.55868952","6.496304351","6.417202873","6.374195954","6.37038806","6.415208993","6.460143722","6.421020656","6.471910112","6.46830604","6.468372516","6.377704325","6.35894657","6.315789474","6.269387755","6.25593882","6.240542025","6.249083611","6.248260297","6.255066606","6.213913989","6.218846428","6.206896552","6.118875538","6.079372706","6.016779357","5.992390615","5.946902655","5.882352941","5.896386634","5.88","5.886133193","5.907748507","5.901639344","5.882352941","5.796771411","5.768240343","5.727962725","5.643153527","5.558067838","5.508218857","5.509167087","5.546111568","5.550622444","5.547706567","5.552511416","5.533957076","5.516600882","5.485714286","5.44507371","5.41184885","5.397609529","5.374547005","5.424162177","5.448071217","5.498195784","5.524543627","5.544325729","5.577857488","5.567010309","5.555635063","5.553753475","5.507771222","5.526315789","5.558660897","5.663716814","5.7","5.738255034","5.81443299","5.86397725","5.878611273","5.843867302","5.855940921","5.873722189","5.86496473","5.886923822","5.985003259","6.006349206","6.05782979","6.08539206","6.171316122","6.151088392","6.087682396","6.006230666","6.039993089","5.992212504","6","6.025952369","6.047433854","6.18585497","6.283371909","6.363446309","6.3593667245","6.378178185","6.342326404","6.332843961","6.331214746","6.33431085","6.432111225",
"단독주택","강북권역","지역별 전월세전환율","","9.3","9.3","9.3","9.3","9.3","9.3","9.3","9.1","9","9","8.8","8.8","8.8","8.8","8.8","8.8","8.7","8.7","8.7","8.5","8.5","8.4","8.3","8.5","8.4","8.6","8.6","8.6","8.6","8.5","8.4","8.3","8.1","8","8","8","8","8.2","8.3","8.2","8.2","8.1","8.1","7.9","7.9","7.8","7.8","7.9","7.9","7.9","8","7.8","7.9","7.8","7.7","7.6","7.494753672","7.443478261","7.304347826","7.317359273","7.305690181","7.453416149","7.430533004","7.435659122","7.409459727","7.377649985","7.330027384","7.2","7.119936458","7.058823529","6.976218507","7.000672425","6.978847117","7.015476527","7.058823529","7.045175035","7.096551769","6.989919612","6.929334573","6.813488671","6.656299562","6.563593932","6.468085106","6.43902439","6.463225436","6.52173913","6.602923288","6.554414784","6.624621234","6.622790981","6.588118812","6.469932532","6.419771626","6.372539588","6.309977654","6.345771422","6.382978723","6.397588402","6.427618244","6.467788391","6.390041494","6.392301477","6.316293826","6.2223592","6.209858057","6.144233437","6.098085007","6.059880066","6.000753372","6.037197523","6.040219907","6.067864271","6.097340999","6.11401556","6.076039009","5.975858799","5.864040415","5.828771112","5.739230522","5.671137836","5.594226471","5.634754426","5.697523408","5.709384638","5.730084361","5.749171337","5.7692704","5.758990504","5.70881433","5.643614887","5.635159165","5.631284916","5.593410744","5.691916167","5.755102041","5.804879101","5.829457364","5.88546375","5.938303342","5.913565702","5.884145105","5.853658537","5.779689053","5.797563261","5.828144458","5.985048714","6.025542337","6.071641657","6.165335248","6.233766234","6.242068474","6.167037402","6.139534884","6.114462983","6.159371992","6.165118498","6.222202174","6.306530241","6.373206487","6.444676118","6.494642467","6.480849149","6.453554257","6.321548784","6.339533622","6.28040482","6.261859583","6.315789474","6.365808961","6.550687356","6.680914368","6.731023083","6.7338402557","6.760469717","6.693112862","6.656789999","6.638797364","6.647482014","6.790298119",
"단독주택","도심권","지역별 전월세전환율","","9.8","9.8","9.8","9.8","9.8","9.8","9.7","9.6","9.4","9.5","9.6","9.2","9","9","8.9","8.9","8.8","8.7","8.7","8.7","8.7","8.9","8.7","8.7","8.8","8.9","9","8.8","8.9","8.8","8.9","8.7","8.3","8.2","8.4","8.5","8.4","8.4","8.6","8.7","8.5","8.6","8.5","8.4","8.4","8.5","8.5","8.5","8.4","8.4","8.4","8.3","8.3","8.3","8","8.1","7.929896531","7.565558737","7.42292918","7.309203","7.377265931","7.471579533","7.425499575","7.711138311","7.412965646","7.568685824","7.512309496","7.411764706","7.638858854","7.43413568","7.423892275","7.384816593","7.564604542","7.491959684","7.131931706","7.315771159","7.256390048","7.190712009","7.224812506","7.049078424","7.09518477","7.046859747","7.038347044","7.037725429","6.824472924","6.991747379","6.97847549","6.994448318","7.2","7.129261947","7.428446389","6.877120305","6.71567136","6.486486486","6.150953445","6.022516688","6.121429672","6.502969849","6.455516299","6.617067834","6.724072301","6.728971963","6.752574599","6.625744781","6.659906225","6.577807414","6.525947068","6.605100282","6.059665937","6.216719271","6.256775661","6.215084633","6.269674113","6.137889355","6.143244707","6.021094342","5.8566144","5.823378842","5.681155717","5.641630953","5.744223355","5.765510963","5.884168361","5.678479283","5.732588967","5.620277157","5.652382673","5.812068966","5.831232595","5.745381702","5.835834603","5.957159173","5.862526582","5.885309892","5.857474815","5.859929078","5.727380213","5.860499199","5.913978495","5.86391594","5.863877045","5.876343635","5.804852919","5.937167374","5.952526046","6.008757454","6.0961549","6.037620571","6.171573176","6.273511385","6.025930372","6.102468539","5.865723471","5.870886679","5.890010291","6.14798095","6.305804625","6.477922361","6.621048495","6.752861083","6.906691437","6.47658009","6.208453472","6.071006684","6.193548387","6.113138092","6.148409894","6.141695339","6.142627034","6.264561786","6.327257589","6.409979783","6.3673469388","6.472586266","6.528663713","6.640529091","6.559399253","6.342855093","6.486683225",
"단독주택","동북권","지역별 전월세전환율","","9.1","9.1","9.1","9.1","9.1","9.1","9","8.9","8.7","8.6","8.7","8.8","8.7","8.7","8.8","8.7","8.6","8.6","8.6","8.6","8.5","8.6","8.5","8.5","8.5","8.7","8.7","8.6","8.7","8.6","8.6","8.5","8.4","8.3","8.3","8.3","8.3","8.4","8.5","8.3","8.2","8.2","8.1","8.1","8.1","8.1","8.2","8.1","8.2","8.1","8.1","8.1","8","8","8","8","7.870416707","7.813953488","7.702005731","7.635197415","7.62845428","7.657472087","7.733034646","7.781659389","7.731875144","7.766122975","7.763578275","7.724206097","7.56016525","7.381454099","7.3167352","7.238570342","7.249473311","7.224496881","7.195188218","7.175881242","7.070029466","7.09822914","6.976948414","6.924741765","6.798198012","6.733750941","6.666666667","6.66","6.5709149","6.595419847","6.591776758","6.546113178","6.564361422","6.572312912","6.582689963","6.529247333","6.549824531","6.514285714","6.451151991","6.421454314","6.315711653","6.321372032","6.276923077","6.257336343","6.237645987","6.251162791","6.326050431","6.260869565","6.208695652","6.139344522","6.111491058","6.091603053","6","5.970600794","5.93102093","5.941185433","5.925633317","5.890630864","5.882352941","5.923425598","5.809128631","5.782105751","5.684210526","5.6","5.508425334","5.556154421","5.623776728","5.662587636","5.684210526","5.72816109","5.749159416","5.741007524","5.675675676","5.622269074","5.614242332","5.556021203","5.551416","5.640423032","5.713372602","5.814422877","5.845766075","5.929332497","6","5.950353903","5.880739331","5.83747503","5.76","5.714285714","5.762375001","5.974462112","6.017598175","6.074352243","6.127659574","6.201203448","6.239390281","6.151033867","6.149700599","6.120494339","6.136796608","6.162950933","6.196264188","6.284300338","6.333354171","6.364779874","6.484988453","6.455415416","6.444419767","6.279942985","6.322578757","6.236940528","6.233766234","6.351272937","6.423269528","6.614290926","6.75","6.75","6.7415730337","6.668486967","6.545454545","6.530246186","6.500604595","6.545454545","6.727796985",
"단독주택","서북권","지역별 전월세전환율","","8.4","8.4","8.4","8.4","8.4","8.4","8.3","8.3","8.1","8","8","8","8","8","8","8","8","8","8","8","8","7.9","7.9","7.9","7.9","7.8","7.8","7.7","7.6","7.6","7.4","7.5","7.3","7.2","7.2","7.3","7.3","7.2","7.4","7.3","7.2","7.2","7.3","7.3","7.3","7.2","7","7.1","7","6.9","7","6.9","6.8","6.8","6.7","6.7","6.692031998","6.613850709","6.648972783","6.562995663","6.442066954","6.421955403","6.285714286","6.304447501","6.318367347","6.275842807","6.360650891","6.292306226","6.280607428","6.092847888","6.040878509","6.11682243","6.049915674","5.951044132","5.922059336","5.918188879","5.909868383","5.874125874","5.860749137","5.923802457","5.815881009","5.848171184","5.78778135","5.641672196","5.70548096","5.697972807","5.714285714","5.728396113","5.7","5.76168045","5.774783446","5.772594752","5.734960767","5.743090649","5.781289638","5.678967415","5.699745547","5.704093196","5.6266422","5.606797185","5.643657178","5.64375","5.625","5.541690962","5.497748899","5.454545455","5.364537774","5.267682961","5.251133726","5.268292683","5.242330383","5.249803539","5.290179186","5.282387166","5.306802116","6.102094241","6.014244263","5.933288361","5.925278899","5.908594793","5.806451613","5.81996322","5.854749098","5.870954577","5.879579036","5.87837255","5.878642785","5.788612284","5.784550036","5.663841599","5.630060965","5.684210526","5.620840238","5.779848557","5.863552866","5.752606332","5.824305054","5.799600608","5.796706145","5.827338129","5.905092804","5.890782584","5.825190873","5.997494781","5.921520583","5.99696762","6.001236773","6.078177076","6.259442091","6.322444859","6.298657585","6.239614148","6.243356643","6.189246739","6.332430236","6.176681538","6.301559792","6.304615385","6.397396698","6.563535912","6.395271027","6.564120897","6.603763113","6.509725552","6.456161864","6.444263629","6.371220338","6.282151518","6.286494304","6.516806993","6.647087145","6.812590677","6.8989547038","7.121100776","7.190894233","6.976705157","7.058823529","7.05675628","7.078117186",
"단독주택","강남권역","지역별 전월세전환율","","8.8","8.8","8.8","8.8","8.8","8.8","8.7","8.7","8.5","8.4","8.4","8.5","8.5","8.4","8.5","8.4","8.4","8.3","8.3","8.3","8.3","8.3","8.3","8.3","8.3","8.4","8.4","8.3","8.3","8.3","8.2","8.2","8","8","7.9","7.9","8","8","8","8","7.9","7.9","7.9","7.9","7.8","7.8","7.8","7.8","7.7","7.7","7.7","7.7","7.6","7.6","7.5","7.5","7.475348387","7.384615385","7.304546208","7.203098532","7.163873555","7.20608237","7.190661479","7.232876712","7.2","7.232163973","7.271617127","7.211102995","7.116518894","6.982006904","6.905566313","6.908823387","6.880292001","6.857142857","6.807880623","6.775702187","6.689557215","6.671194393","6.590843974","6.56776097","6.471433056","6.434316354","6.366551698","6.315789474","6.272655956","6.307393852","6.315789474","6.294848702","6.30308975","6.337864078","6.350217656","6.294111831","6.297376093","6.269927621","6.236220472","6.179533252","6.119262114","6.121556624","6.072289157","6.057518538","6.055457313","6.060606061","6.10213216","6.012532994","5.976119403","5.931071933","5.887988648","5.808457348","5.750881369","5.746707615","5.701446128","5.693430657","5.719133499","5.694201615","5.684210526","5.644550135","5.668537689","5.647058824","5.540714299","5.456044161","5.419560522","5.384862136","5.38604132","5.387755102","5.36746988","5.373134328","5.31670696","5.288135593","5.284050294","5.267584506","5.230994618","5.2","5.169230769","5.176266782","5.152778221","5.219426292","5.258950745","5.262573695","5.267972066","5.286284205","5.31147541","5.308417201","5.271129601","5.291417011","5.31131599","5.374671761","5.4","5.454545455","5.5","5.533707554","5.551615535","5.567010309","5.585893626","5.650224215","5.615763547","5.64181794","5.7392791","5.73236859","5.764726661","5.733898474","5.806451613","5.751149299","5.715374317","5.753649924","5.811203615","5.76","5.78313253","5.791817421","5.791004145","5.874852212","5.906373378","6.006569686","6.0004880597","6","6.014090154","6.044583496","6.046156577","6.029316527","6.085173473",
"단독주택","서남권","지역별 전월세전환율","","9.2","9.2","9.2","9.2","9.2","9.2","9.1","8.8","8.8","8.7","8.6","8.6","8.6","8.6","8.6","8.6","8.5","8.5","8.5","8.3","8.3","8.1","8.1","8.2","8.2","8.4","8.4","8.4","8.4","8.4","8.2","8.1","8","8","7.8","7.8","7.9","8","8.1","8","8","8","7.9","7.8","7.7","7.7","7.6","7.7","7.7","7.8","7.8","7.7","7.7","7.7","7.6","7.5","7.341282841","7.314290947","7.209871375","7.277628032","7.272727273","7.428063706","7.400462986","7.363435428","7.333976898","7.296889855","7.267370903","7.058823529","6.955314352","6.890970125","6.826722338","6.864150954","6.862486363","6.891898866","6.973412914","6.977695511","7.073286052","6.972972973","6.867924528","6.792758323","6.609696195","6.547077082","6.417202873","6.311065801","6.355217227","6.36106709","6.451612903","6.428571429","6.510549466","6.456286925","6.438864411","6.323755917","6.312216645","6.250896794","6.209497732","6.258853155","6.283636364","6.286577679","6.355351352","6.339093126","6.307167235","6.30408885","6.252019386","6.13950904","6.068556252","6.024722662","5.937467631","5.947682423","5.884155685","5.912025892","5.95202885","5.95311907","5.983492257","6.029568131","6","5.806642747","5.894736842","5.880760742","5.833458639","5.734513274","5.66610476","5.584397424","5.546690148","5.515176114","5.506117909","5.467800729","5.42975164","5.390581717","5.381818182","5.381476129","5.320961959","5.288822497","5.274981216","5.295500023","5.302306801","5.369894982","5.393899346","5.375804878","5.376047314","5.378565196","5.37823388","5.348143577","5.354247767","5.366063756","5.389882942","5.447093754","5.47077577","5.536609829","5.562854296","5.581686627","5.605547775","5.631845858","5.645584426","5.739130435","5.724611493","5.778559878","5.890039841","5.882352941","5.93814433","5.895148704","6","5.998917944","5.928211033","5.901639344","5.913716814","5.897539522","5.941648048","5.943925234","5.937301227","6.051214708","6.109311843","6.217763707","6.2068965517","6.226993028","6.225394267","6.238267148","6.237115405","6.250986582","6.343612335",
"단독주택","동남권","지역별 전월세전환율","","9.5","9.5","9.5","9.5","9.5","9.5","9.5","9.6","9.5","9.3","9.1","9.2","9.2","9.1","9.2","9.2","9.2","9.2","9.2","9","9","8.9","8.8","8.9","8.8","8.9","8.8","8.8","8.9","8.8","8.6","8.4","8.3","8.2","8.1","8.3","8.3","8.5","8.5","8.4","8.5","8.3","8.4","8.3","8.3","8.2","8.1","8.2","8.2","8.2","8.2","8","8","7.9","7.8","7.7","7.660699479","7.643878273","7.517879289","7.384504855","7.355238652","7.490125872","7.476323036","7.49923468","7.556885417","7.492199229","7.39367617","7.469590385","7.346938776","7.291376282","7.2","7.2","7.096774194","7.164179104","7.176592978","7.11229213","7.116662847","6.941984507","6.948049135","6.733232038","6.626140214","6.441151838","6.439153034","6.621843645","6.65111538","6.83717658","6.895441712","6.74088659","6.764797996","6.803268039","6.740784084","6.703969318","6.622844828","6.635467236","6.645809891","6.649805781","6.674759408","6.589087419","6.562561623","6.67898957","6.531204644","6.48494787","6.386633114","6.308772286","6.426239466","6.293018682","6.359585817","6.289317818","6.288849182","6.319849489","6.302012628","6.420293268","6.419971197","6.301748543","6.242371103","5.291338583","5.266187125","5.151849232","5.009413117","4.982883159","4.954059682","5.010218978","5.090909091","5.142857143","5.07157745","5.14514102","5.070422535","5.05850224","5.065620349","5.028316419","5.023255814","5.022866764","4.937362703","4.9006697","4.83220431","4.918032787","4.992248646","5.027229224","5.057701957","5.077653623","5.118483412","5.17210627","5.051432701","5.084729064","5.094553804","5.147454215","5.199807415","5.172836187","5.32295875","5.397129025","5.390502856","5.361663846","5.407402178","5.386371735","5.338371826","5.283522348","5.336800694","5.399856838","5.343020239","5.325976411","5.317102108","5.235019436","5.245667309","5.402531723","5.491039184","5.366459627","5.424722752","5.435989703","5.425938542","5.379310345","5.383157446","5.456927352","5.4368290862","5.420142421","5.494984736","5.573459716","5.56532093","5.530538363","5.494276795",
"단독주택","부산","지역별 전월세전환율","","10.1","10.1","10.1","10.1","10.1","10.1","10","9.9","9.5","9.2","9.1","9.2","9","9.2","9.1","9.1","9.2","9","9","8.9","8.7","8.7","8.5","8.6","8.4","8.5","8.9","9","9.1","9","8.9","8.6","8.4","8.2","8.1","8","8.2","8.4","8.5","8.6","8.6","8.6","8.6","8.5","8.2","8","8.2","8.1","8.3","8.3","8.5","8.4","8.5","8.5","8.2","8.1","8.099110633","8.127316244","7.980593074","8.102075376","7.944608051","8.110647182","8.158939976","8.329937351","8.207377664","8.178821891","8.277569446","8.244353873","8.072630055","8.06407803","7.978205964","8.058230584","8.208358571","8.39974547","8.286381751","8.485270441","8.149821294","8.306630893","8.235294118","8.061285029","7.834340086","7.699678662","7.741073687","7.859932201","7.765533411","7.92","8.048229429","8.176933514","8.140847097","8.098967487","8.117647059","8.069451697","7.973678373","7.588314607","7.598494","7.472345666","7.667970573","7.823500612","7.643029268","7.889415603","7.636728956","7.501814179","7.587726988","7.358651943","7.332906497","7.197685374","6.92791068","6.979869405","7.068927514","7.157473557","7.449248688","7.569230769","7.54637591","7.763148323","7.863667956","7.761369659","7.692828009","7.624161074","7.511506597","7.31831495","7.111009472","7.081072692","7.231746503","7.233226774","7.271332135","7.611322057","7.476973304","7.29053977","7.041322314","7.045944093","7.183148501","7.296027105","7.351253798","7.45520644","7.427794863","7.450033794","7.384615385","7.420999106","7.304487581","7.242463509","7.085877615","7.161290323","7.263523981","7.397551136","7.234927235","7.360959417","7.400803538","7.485148515","7.208382877","7.227708144","7.13235745","7.198896463","7.43752315","7.519580813","7.663162165","7.886597938","7.966432739","7.753607839","7.529216337","7.449040906","7.243844461","7.2","7.170328817","6.921052286","6.62798971","6.769579513","6.722824428","7.238998653","7.006370094","7.068016369","7.283797717","7.128380456","7.1878605023","7.180488932","7.349818963","7.276738104","7.441410152","7.714285714","7.682969548",
"단독주택","대구","지역별 전월세전환율","","13","13","13","13","13","13","12.8","12.8","12.6","12.5","12.4","12.4","12.4","12.7","12.7","12.5","12.5","12.1","12.3","12.4","12.2","11.9","11.7","11.8","12","12","12","12","12.2","12","12","11.7","11.4","11.2","10.9","11","11","10.9","11.1","10.8","10.8","10.8","10.9","10.6","10.5","10.5","10.5","10.6","10.5","10.5","10.4","10.3","10.2","9.9","9.9","9.8","9.583333333","9.72353987","9.465140668","9.586242103","9.616438356","9.939378954","9.834879673","9.955440828","10.13525872","10.11670724","9.913641082","9.779104478","9.725495557","9.6","9.611786366","9.764440524","9.6","9.798314079","9.692025291","9.654415517","9.659110455","9.7133536","9.5946483","9.461538462","9.364575789","9.310344828","9.263157895","9.274289762","9.204842659","9.434482759","9.570768613","9.473684211","9.494020239","9.496450276","9.429266801","9.323435352","9.25437721","9.342264978","9.141376758","9.027237354","9.036082828","9.276858882","9.323407317","9.489250131","9.486813476","9.391304348","9.473974121","9.292543021","9.160090192","8.936170213","8.743234791","8.746987952","8.798670318","9.210751696","9.230769231","9.2870837","9.081629264","9","8.942956308","8.675975744","8.711408167","8.49370787","8.510638298","8.581833605","8.613518506","8.7460065","8.596275623","8.727988547","8.683362454","8.629213483","8.422967595","8.212151519","8.035714286","7.95435538","7.853111649","7.90371356","7.835775806","7.924658074","8.003839315","8.0208233","8.025477707","7.982339193","7.915094596","7.741935484","7.672228647","7.654822335","7.707622527","7.676113762","7.574302798","7.421944105","7.453211274","7.527248997","7.470052217","7.441400325","7.422352004","7.236056341","7.168872003","7.2","7.494601091","7.659574468","7.778571429","7.733333333","7.790543121","7.714285714","7.654706676","7.421052632","7.213995193","7.330119808","7.344065661","7.4088638","7.541436464","7.577595806","7.516014235","7.55067629","7.863807592","8.157894737","7.9424934153","7.921927417","7.941906492","8.021522364","7.883211679","7.959116223","8.041948981",
"단독주택","인천","지역별 전월세전환율","","13.2","13.2","13.2","13.2","13.2","13.2","13.1","12.9","12.6","12.7","12.5","12.4","12.5","12.4","12.4","12.2","12.2","12.3","12.2","12.1","12","12","11.9","11.9","11.9","11.9","11.8","11.8","11.9","11.9","11.8","11.9","12","12","11.8","12","11.8","11.8","11.9","11.8","11.8","11.6","11.7","11.6","11.4","11.4","11.7","11.6","11.5","11.3","11.2","11.4","11.2","11.2","11.4","11.2","11.01310541","10.67473623","10.52741721","10.42084355","10.36346215","10.40707965","10.43617774","10.39963445","10.43494424","10.43478261","10.37511514","10.42498477","10.48684608","10.6676399","10.54945055","10.27802067","10.15135716","9.96802097","9.96668435","9.700323484","9.732620321","9.940298507","9.770370842","9.766514289","9.824136001","9.735529824","9.6","9.426925355","9.319181983","9.150326797","9.231427237","9.219512195","9.285398017","9.207363929","9.307300668","9.250080179","9.477773248","9.322035965","9.333333333","9.188728464","9.145498487","9.127106214","9.135179131","9.417171201","9.547540984","9.580550762","9.530285251","9.428571429","9.404222527","9.230769231","9.089035449","8.86328826","9.050053018","8.992164829","9.041701454","8.893662728","8.773109244","8.883378868","9","9.225512528","8.865215665","9.01323503","8.973257883","8.861404232","8.569568049","8.623115874","8.814073753","8.705305521","8.970873786","8.889338626","8.793989226","8.715365337","8.688569101","8.767120864","8.490105077","8.571428571","8.531850358","8.422252131","8.571428571","8.613995485","8.923226626","8.911444232","8.886395512","8.655426558","8.559384054","8.621975993","8.610309278","8.812978429","8.910260988","8.934367324","8.861478058","8.932564435","8.833333333","8.715501141","8.668693495","8.794338501","8.864750082","8.963807471","8.964662356","9.180158871","9.22607546","9.230855093","9.111943634","9.049560197","9.287836326","8.982725528","8.703354145","8.571428571","8.630679612","8.674698598","8.797660897","8.88","9.105434639","9.621965784","9.55450237","9.39369988","9.375","9.567175612","9.336658354","9.010238908","9.146278871","9.306122449","9.306326304",
"단독주택","광주","지역별 전월세전환율","","14.7","14.7","14.7","14.7","14.7","14.7","14.4","14.4","14.4","14","13.9","13.6","13.6","13.9","13.9","13.8","13.8","13.5","13.7","13.5","13.2","13.3","13.1","13.4","13.3","13.3","13.2","13.2","13.3","13.1","12.7","12.6","12.3","12","12.1","12.6","12.5","12.4","12.4","12.2","12","12","12.3","12","12","12","12","12","11.9","11.8","11.5","11.4","11.4","11.1","10.7","10.7","10.80797414","10.84663163","10.67838395","10.78115183","10.77393966","10.8655173","11.02040816","11.17241379","10.94240964","11.09508729","11.26696055","10.99065421","11.0968775","10.88202125","10.92073763","10.66591991","10.38272899","10.37532957","10.22222222","10.32224299","10.48034934","10.42821159","10.59177651","10.43478261","10.29423419","10.30674847","10.22813449","10.11954824","9.713818479","9.749348759","9.759036145","9.732823941","10","9.848982272","9.875282955","9.803151128","9.796447305","9.638849431","9.523809524","9.710355008","9.638852448","9.627066919","9.727538843","9.644315315","9.80613311","9.886588127","9.913654858","9.748060159","9.814172747","9.94970302","9.664753527","9.393470212","9.509942409","9.549723432","9.598523531","9.677045057","9.704591844","9.576916882","9.6","9.540244946","9.299784915","9.140751807","9.259420835","9.083457234","8.885735624","8.985568473","8.865705268","8.944639719","8.674698795","8.62187513","8.470474347","8.496077553","8.457760154","8.685998755","8.347826087","8.307692308","8.096891872","8.084214507","7.959642548","8.179303987","8.053691275","7.854545455","7.871396896","7.834285446","7.898037618","7.918136634","7.946709775","7.725752508","7.698113208","7.557438777","7.282758621","7.142418877","7.307958478","7.044557522","6.961242052","7.2207839","7.436850159","7.5491481","7.811836295","7.650567816","7.596526333","7.70838911","7.647118998","7.566650973","7.566927774","7.267942584","7.301490721","6.512775054","6.694879759","6.836372607","6.938427393","7.136389822","7.066609687","7.570959068","7.724371299","7.848362534","7.9229422067","8.310098501","8.097202106","7.900336302","7.732774384","8.01682933","8.134285803",
"단독주택","대전","지역별 전월세전환율","","10.9","10.9","10.9","10.9","10.9","10.9","10.9","10.8","10.5","10.5","10.5","10.4","10.4","10.6","10.7","10.7","10.7","10.7","10.6","10.5","10.3","10.3","10.3","10.3","10.4","10.5","10.6","10.7","10.7","10.8","10.5","10.5","10.3","10.4","10.2","10.2","10.3","10.4","10.3","10.2","10.1","10","10","9.8","9.9","9.8","9.8","9.8","9.9","9.8","9.8","9.7","9.7","9.6","9.4","9.3","9.292717925","9.342508075","9.148243845","9.103361079","9.158937307","9.252056685","9.293710793","9.29551844","9.411764706","9.443474649","9.171974522","9.111961221","9.093157726","9","8.952287219","8.887029289","9","9.065411745","9.053573826","9.054580396","9.056603774","9","8.890227577","8.818176251","8.693503343","8.673400673","8.57384024","8.567276855","8.449314868","8.495615964","8.601016173","8.593128391","8.418267294","8.47706422","8.526829268","8.440797186","8.442006924","8.343962148","8.235294118","8.120541935","8.265986663","8.363313138","8.372093023","8.374725757","8.29112061","8.275862069","8.153358541","8.010022546","8","7.97766033","7.936736161","7.662971175","7.668639053","7.862068966","7.903692299","7.849800751","7.807498413","7.836734694","7.787476281","7.524830393","7.290852639","7.17779336","7.101865136","7.005994017","7.043080174","7.132096136","7.2","7.089230802","7.04711347","7.03125","6.964276842","6.780821918","6.70212766","6.741573034","6.73367224","6.721986458","6.672897196","6.833104068","6.885400785","6.815415822","6.861367837","6.781789639","6.720349194","6.563745001","6.499759834","6.553361908","6.545454545","6.666666667","6.749806681","6.857142857","6.920009819","6.920656227","6.838327137","6.829661897","6.740398215","6.75","6.846114163","7.002188184","7.14132267","7.237675083","7.374663073","7.49438211","7.623080995","7.578947368","7.65800833","7.626190359","7.455100704","7.46486655","7.2192","7.229368163","7.229136517","7.255813953","7.449583814","7.5","7.645351788","7.631799163","7.6595744681","7.614214626","7.597122302","7.453555175","7.454250667","7.475108765","7.639044003",
"단독주택","울산","지역별 전월세전환율","","10.6","10.6","10.6","10.6","10.6","10.6","10.8","10.8","10.8","10.6","10.4","10.5","10.5","10.1","10.2","9.9","10.5","10.3","10.3","10.3","10.3","9.9","10","10.1","10.3","10.2","10.2","10.3","10.2","10.1","10.3","10.3","10.4","9.9","9.8","9.9","9.7","9.5","9.7","9.8","10.1","10.1","10","9.9","9.9","9.8","9.6","9.6","9.3","9.5","9.7","9.8","9.9","9.7","9.8","9.5","9.336658354","9.256120149","9.294293095","9.481481481","9.333019661","9.3182967","9.168132313","9.130374151","8.850269155","9.003874312","8.865083176","8.936170213","8.841133285","9","9.260666469","9.092401776","9.115881028","9.074931837","9","8.864233577","8.744870791","8.831141355","8.687130178","8.8","9","9.105882353","9.150313393","9.083852382","8.821225925","8.837874786","8.753799392","8.868336662","8.952524491","8.685289421","8.907719456","8.946031228","8.868754709","8.730633442","8.884482077","8.7699707","8.901705841","8.758668207","8.809958352","8.952592452","9.282667701","9.405568044","9.270282924","9.124513933","8.945446331","9.142218913","8.880274935","8.417910448","8.602219588","8.391608392","8.368708308","8.364865837","8.293548254","8.320048547","8.368708308","8.52044451","8.547945205","8.591885442","8.470588235","8.3883769","8.321775312","8.488307227","8.512044747","8.647038982","8.454735287","8.571428571","8.670583432","8.734223878","8.704663212","8.337567925","8.353775025","8.16257121","8.108108108","8.150098564","8.365686514","8.369737645","8.431471018","8.647758837","8.503139887","8.465524113","8.465524113","8.513513514","8.492441355","8.29787234","8.662947544","8.571428571","8.637231007","8.481924876","8.269204594","8.34482743","8.28262941","8.253968254","8.266112077","8.674244432","8.81409747","8.85106383","8.875659415","8.954998875","9.054231226","9.163295101","9.310344828","9.253542329","8.18245614","8.647791245","8.928327883","8.718131868","8.666666667","8.48915943","8.474714024","8.597014925","8.619988845","8.920353982","8.9732220039","8.766384759","8.846472541","9.134328358","9.333333333","9.281961471","9.317877363",
"단독주택","세종","지역별 전월세전환율","","","","","","","","","","","","","","","","","","","","20.3","11.1","10.4","11.1","11.2","12","12.7","12","12","12","12","12.1","11.1","11.4","11.7","11","10.6","10.3","10.9","11.2","11.1","11.5","11.6","11.7","11.4","10.8","11.6","10.8","10.7","11.2","11.6","11.6","11.3","11","10.7","10","9.7","9.3","10.09699137","9.25754135","9.463937324","9.555439333","10.73684211","11.32454167","10.70383733","11.26958956","10.71181939","11.25814063","11","10.4354181","10.29159428","10.43478261","11.12606631","10.89494163","11.10825405","10.15893981","10.1144641","9.76046926","9.759601707","9.523809524","9.442215106","9.647271008","9.929555144","9.789473684","10.06289308","10.12066085","10.18498368","9.720972097","10.37204991","10.43478261","10.32017284","10.47729919","10.03835077","10.06711409","10.12820513","10.15384615","10.26068792","9.898546972","9.795918367","9.657947686","9.657947686","9.657947686","9.95060016","10.15647742","10.06732026","9.987937274","9.641477761","9.611061461","9.002931405","8.852459016","9.405319718","9.220891147","8.905694859","8.800372598","8.741721854","9.181379666","9.101073965","9.39547933","9.540620249","9.6","9.529411765","9.414269275","9.6","9.151079137","9.332094979","8.949152542","9","9.2","9.230769231","9.473684211","9.280006328","9.473684211","9.2","9.137055838","8.918918919","8.865435356","8.62054569","8.421052632","8.989795918","9.067335344","8.823529412","8.812854442","8.834355828","9.085303687","9.052631579","9.010727056","9.141344317","9.141391767","9.473684211","9.426183844","9.746192893","9.350649351","9.494505495","10.21749137","9.858921162","10.31646293","9.823035096","10.22084939","10.57142857","10.25051335","10.45372051","10.21318149","9.704287549","9.099408725","8.80738942","9.188377585","9.327700664","9.583168819","9.519313305","8.9490211","8.504058672","8.826619965","8.696664902","9.380254774","9.3811074919","9.906141206","10.4737053","10.2492251","10.46153846","10.15384615","10.50381679",
"단독주택","경기","지역별 전월세전환율","","10.8","10.8","10.8","10.8","10.8","10.8","10.7","10.7","10.5","10.4","10.3","10.3","10.3","10.2","10.2","10.2","10.3","10.2","10.2","10.2","10.2","10.1","10","10","10","10.1","10","10","10.1","10","10","10","9.9","9.9","9.8","9.7","9.8","9.7","9.8","9.7","9.8","9.7","9.7","9.6","9.5","9.5","9.4","9.3","9.3","9.3","9.3","9.2","9.2","9.1","9","9","8.829510888","8.770301624","8.727272727","8.630922362","8.577826028","8.575883576","8.545212766","8.516129032","8.527117286","8.484848485","8.436458266","8.400272097","8.350515464","8.293302683","8.234845597","8.146321524","8.113879004","8.154545455","8.15199924","8.202531646","8.181818182","8.19502045","8.138375973","8.033510816","8","7.954723048","7.902439024","7.979529826","7.924528302","7.879616963","7.945759883","7.992478375","8","7.944444444","7.988472622","7.974750499","7.942195445","7.893476998","7.854545455","7.8827205","7.796264856","7.811320755","7.913312813","7.905882353","7.915716244","7.853601663","7.905882353","7.87721086","7.773353752","7.741935484","7.659574468","7.619047619","7.601056803","7.580456052","7.594936709","7.575821742","7.598190907","7.593405143","7.561643836","7.503423385","7.476645897","7.404978636","7.405541562","7.340768788","7.331056931","7.349302755","7.346938776","7.384338371","7.325605506","7.363667323","7.368421053","7.384615385","7.312140949","7.267833109","7.240627366","7.194019471","7.152317881","7.23155591","7.280418077","7.277628032","7.538650307","7.545328995","7.586630884","7.578947368","7.537190083","7.599683548","7.536231884","7.569515963","7.542981448","7.504985945","7.493253373","7.5","7.504417511","7.423676192","7.381430596","7.527646568","7.6011846","7.685508033","7.714285714","7.798589108","7.889766258","7.796216918","7.753846154","7.623684244","7.590788831","7.5","7.400682158","7.560865744","7.625622238","7.660081798","7.645178201","7.654987547","7.651485149","7.714285714","7.739069286","7.789473684","7.8560925005","7.946322904","8.012005621","8.075348742","8.043321045","8.021725507","8.080808081",
"단독주택","강원","지역별 전월세전환율","","13.2","13.2","13.2","13.2","13.2","13.2","12.9","13.1","13.1","13","13.1","13.2","13.1","13","12.7","12.7","12.5","12.5","12.8","12.7","12.6","12.1","12","12.2","12.4","12.5","12.6","12.3","12.4","12.4","12","12","12.3","12","11.8","12","12.4","12.4","12.2","12.4","12.4","12.3","12.2","11.5","11.2","11.3","11.1","11.1","11.1","11.2","11.1","11.1","11.1","11.1","10.8","10.4","10.32366615","9.795918367","9.935579523","9.721069431","9.779598757","9.930415687","10.12160236","9.901628188","9.736136171","9.821673104","9.992709599","9.851259516","9.473825865","9.457429187","9.378059035","9.229296847","9.105529973","9.230769231","9.19681396","9.25129906","9.36666672","9.247980641","9.134244957","8.727272727","8.72647205","8.571428571","8.52356777","8.16900578","8.290909091","8.447284039","8.599102549","8.736304915","8.577617329","8.755412252","8.636523076","8.509080713","8.400368454","8.282954357","8.384492044","8.259974007","8.329033732","8.594693815","8.717586044","8.801752464","8.75","8.811954902","8.782628597","8.590706149","8.770705704","8.743004673","8.537882628","8.297960588","8.421052632","8.471318962","8.560644938","8.388240784","8.318925611","8.461371055","8.454760911","8.399668811","8.421052632","8.434525195","8.289473684","8.228818412","8.200573066","8.231222085","8.320084584","8.347826087","8.305084746","8.414643596","8.475580932","8.382500726","8.342293281","8.223776224","8.149623762","8.172028807","8.09861468","8.065173116","8.081265771","8.205655527","8.152866242","8.129939612","8.105880647","8.022520953","7.955801105","7.994766966","8.072300928","8.110749186","8.234678404","8.193103448","8.271623066","8.19047619","8.145718058","7.990561377","7.769939535","7.70966444","7.770174403","7.749397395","8.138764373","8.396745704","8.349008963","8.153551429","8.184142595","8.148746968","8.035742444","7.872763419","7.895523876","8.119892672","8.077287154","8.212043043","8.199606672","8.315343762","8.227960819","8.399363733","8.480204872","8.308435526","8.3720930233","8.359133127","8.449877751","8.520710059","8.34267787","8.617381582","8.690156619",
"단독주택","충북","지역별 전월세전환율","","14","14","14","14","14","14","13.7","13.5","13.5","13.3","13.2","13.4","13.5","13.3","13.6","13.7","13.7","13.6","13.3","13","12.8","12.6","12.7","12.7","12.9","13","12.9","12.9","12.8","12.6","12.7","12.4","12.4","12.4","12.5","12.4","12.5","12.4","12.4","12.3","12.2","12.1","12","12","12","12","11.8","11.8","11.9","12","12","12","12","12.1","12.2","12","11.81679389","11.78854215","11.71026472","11.71845328","11.54262504","11.75238241","11.69396579","11.58862876","11.57024793","11.53846154","11.44753747","11.35135135","11.05913562","11.09116038","11.07419083","11.18041581","11.21049918","11.34300993","11.35972461","11.39101796","11.3152961","11.26692748","11.26173097","11.23828019","11.23404255","11.19322034","11.25585704","11.10695742","11.02095585","10.90909091","11.26319906","11.27272727","11.29032258","11.36326531","11.32075472","11.27426209","11.25","11.10555556","11.00268097","10.90909091","11.02322093","11.05263158","11.09352555","11.02941176","11.02157861","11.0617284","10.9684161","10.8","10.75629526","10.66666667","10.66666667","10.79417442","10.62597279","10.57109637","10.58333858","10.54790209","10.55633465","10.41860465","10.34482759","10.29696534","10.30495794","10.30674847","10.28571429","10.37837838","10.39280371","10.43478261","10.34482759","10.30602687","10.22222222","10.18181818","10.05933264","9.918397914","9.690895771","9.391304348","9.364692118","9.176765566","9.223082198","9.189470076","9.324960754","9.310344828","9.375","9.300537904","9.424839949","9.310344828","9.091112809","9.050911376","9.132176383","9.053332226","9.028416541","8.785565663","8.571428571","8.4","8.308579367","8.112676056","8.059701493","8.533333333","8.744939271","8.990157271","9.05042421","9.191489362","9.333333333","9.150841369","9.157467543","9","9.283018868","9.270386266","9.305302989","9.922123364","9.659701493","9.381107492","9.72972973","9.696969697","9.715764247","9.760457633","9.962264151","9.70212766","9.6090799007","9.613843935","9.591778476","9.806451613","9.700509155","10.08756567","10.21276596",
"단독주택","충남","지역별 전월세전환율","","13.1","13.1","13.1","13.1","13.1","13.1","13","13.1","13","13","12.9","12.8","13","12.7","12.9","12.7","12.8","12.7","12.6","12.3","12.3","12.3","12.4","12.7","13","12.7","12.7","12.4","12.3","12.1","11.9","12","11.7","11.8","11.9","12","12","12","12","11.9","12","11.6","11.4","11.3","11.3","11.3","11.1","11.1","11.2","11.2","11.1","11.1","11.1","11","10.9","10.6","10.45544554","10.52246534","10.70063694","10.65334358","10.50547445","10.66666667","10.69444444","10.60237536","10.63499801","10.68722513","10.74885687","10.57142857","10.56548857","10.6303848","10.56","10.66349584","10.66666667","10.72139722","10.69749168","10.71890169","10.75585284","10.83464162","10.85714286","10.53215431","10.39806059","10.43478261","10.43478261","10.34401097","10.44574983","10.33222458","10.56123092","10.57238263","10.54945055","10.4863459","10.43220612","10.33268151","10.1926201","10.09251472","9.987457791","9.884879328","9.956203298","10.06849802","10.10526316","10.30674847","10.27013935","10.18867925","10.0461167","9.967213115","9.915823122","9.963227074","9.852631579","9.966101695","9.963891982","10.00105843","9.9","9.953172636","9.886995516","9.808638414","9.759036145","9.772750643","9.719222462","9.6","9.6","9.658536585","9.44935806","9.555984375","9.6","9.613995416","9.6","9.554271266","9.616189144","9.545892169","9.489193963","9.473684211","9.494505495","9.230769231","9.163636364","9.365853659","9.414423789","9.348100407","9.423392469","9.495071789","9.504","9.296969697","9.251101322","9.325362938","9.312768545","9.257728803","9.305101047","9.257695672","9.174036552","9.067624206","9.122464698","8.8","8.571428571","9.038633737","9.138381201","9.369241673","9.365853659","9.6","9.67032967","9.6","9.695120251","9.65858144","9.602046179","9.512894076","9.6","9.715754682","9.884097497","9.677419355","9.715991729","9.702176093","9.546920821","9.612250486","9.810201082","9.901547117","9.9562107687","9.810134109","9.904761905","9.935394844","9.944751381","9.912340679","9.901608364",
"단독주택","전북","지역별 전월세전환율","","12.7","12.7","12.7","12.7","12.7","12.7","12","12","12","12","12","11.6","12","11.9","11.8","12","12","12.1","12","12","11.9","11.9","11.7","11.4","11.9","11.7","11.5","11.6","11.6","11.7","11.8","11.3","11.6","11.8","12","11.6","11.6","11.7","11.7","11.9","12","12","11.6","11.6","11.3","11.2","10.8","10.7","10.9","11","11.2","11.4","11.4","11.4","11.3","10.9","10.63296231","10.64115898","10.43501401","10.52605459","10.5","10.66666667","10.78650019","10.9250457","10.92987164","10.96590797","10.86792453","10.43284172","10.61052632","10.58576692","10.73956062","11.03903281","11.078768","10.90909091","10.70331047","10.75295582","10.64354673","10.66666667","10.45061314","10.54945055","10.37554585","10.36524308","10.27328054","10.2600259","10.3125","10.26308121","10.16409219","10.25641026","10.14370245","10.22000976","10.19428391","10.03740404","10.20182741","10.10526316","9.777777778","9.633088108","9.900598491","10.296","10.21276596","10.34482759","10.2970297","10.40111313","10.43478261","10.25408884","10.32408102","10.43478261","10.18867925","9.84","10","10.15384615","10.07824983","10.27917102","10.33784652","10.37161716","10.25540275","10.24390244","10","9.827372856","9.730214955","9.595093568","9.6812749","9.566544567","9.72972973","9.692307692","9.519832985","9.737704918","9.454545455","9.341287648","9.32038835","9.229191591","9.138024766","8.996861195","9.075630252","9.131437356","9.073433471","9.205479452","9.310344828","9.191246432","9.133192389","9.229020979","9.09263658","8.955223881","8.82176628","8.931192661","8.987310393","8.781399892","8.701782745","8.775137112","8.727272727","8.442228953","8.1461154","8.038126974","8.393782383","8.260826713","8.027700831","8.456570875","8.419742726","8.421052632","8.25194351","8.176407386","8.046098568","7.911357341","7.976978417","8.4838664","8.686026467","8.6","8.679410652","8.652026747","8.683552656","8.689134651","8.515289472","8.516448006","8.4218940953","8.407778433","8.552472716","8.688456765","8.777289716","8.823859309","8.559633028",
"단독주택","전남","지역별 전월세전환율","","13.9","13.9","13.9","13.9","13.9","13.9","13.6","14.4","14.9","14.5","13.3","13.1","12.8","12","12","12.3","12","12.4","11.8","12.4","13.1","12.5","12.1","12","12.1","12","12","12.3","11.5","11.4","12.4","11.9","11.4","11.9","12.5","12.3","12.7","13.1","12.9","12.9","12.5","12.1","11.5","11.4","11.2","11.4","11.3","11.8","12","11.7","11.8","11.6","11.3","10.9","11.3","11.2","11.5997429","10.72029841","11.07692308","10.2","10.31932773","10.87365494","10.24799878","10.66666667","10.68891409","10.71116151","10.63635868","10.00290655","10.52724976","10.43310283","10.61898657","11.11371864","10.99587799","11.32358432","11.01339077","10.84028002","10.80745456","9.858723291","9.897131234","9.408885876","9.112372212","9.270852827","9.265267068","9.545892169","10.15280748","10.01515152","9.840795315","9.913072865","9.918999936","9.773364394","9.589950334","9.496219883","9.341154915","9.51484416","9.556182859","9.545213207","9.659075951","9.894947583","9.589356984","9.797783349","9.817557065","9.709395134","9.805447471","9.394063497","9.329282348","9.94446418","9.608100348","9.191674208","9.191913597","9.310344828","9.348722176","9.5","9.593031315","9.895287958","9.585930241","9.14996602","9.027314112","9.110883128","9.6","9.215017065","9.307632691","9.731642583","10.08353808","9.603492179","8.96661031","8.771291827","9.153930131","9.257142857","9.604584646","9.609169291","9.462793589","9.340540541","9.33311436","9.33715621","9.07767425","9.286795802","9.918382263","9.412425264","9.119293078","8.24602026","8.350515464","8.361968908","8.336984746","8.592210941","8.516929268","9.164637776","9.056603774","8.836043491","8.277249135","8.13974701","7.912898616","7.941358248","8.711225691","9.24752564","9.820143885","10.06075334","10.22727273","9.981096408","9.359442416","9.633715199","9.596019831","7.968203498","7.677174134","7.683171913","8.419963499","9.283732335","9.443255851","9.481715769","8.43956044","8.554920842","8.634055442","7.975062667","8.2858075727","8.644933509","8.521393178","7.623614776","7.597041915","8.381503743","7.777777778",
"단독주택","경북","지역별 전월세전환율","","14.2","14.2","14.2","14.2","14.2","14.2","14.2","14.4","14.3","14.2","14","13.7","13.6","13.7","13.4","13.2","13.2","13","13","13","12.9","13.1","13.1","13.1","13","12.9","13","12.9","12.9","12.9","13.1","13.1","12.8","13","12.7","12.5","12","12.2","12.2","12.1","12.2","12","12.3","12.1","12","12","12","12","12.1","12.3","12.2","12.3","12.3","12.2","12.1","12","12","11.95581661","11.75355951","11.58681227","11.77358491","11.82202671","12","11.83550396","11.90924448","11.8226601","11.65896012","11.83111111","11.71470207","11.63636364","11.5","11.42137867","11.40539856","11.61768999","11.48825065","11.61290323","11.75929253","11.44615385","11.76237624","11.45966781","11.61290323","11.73996338","11.54512219","11.48148148","11.35431779","11.36005056","11.35646688","11.42857143","11.42857143","11.35665206","11.3083444","11.33858268","11.31428571","11.16246756","11.34451956","11.36842105","11.29411765","11.36842105","11.50213319","11.50935594","11.44820726","11.41626652","11.36842105","11.27272727","11.26990787","11.20998717","11.25703565","11.06938232","10.90909091","11.04","11.00881476","11.02040816","10.8","10.74077635","10.68805734","10.4516129","10.30500951","10.42105263","10.72146237","10.58338327","10.73281654","10.7027027","10.83185841","10.67187356","10.56684173","10.58823529","10.45858226","10.34042553","10.14084507","10","9.908338069","10","9.818181818","9.789101525","9.759704251","9.818181818","9.950617284","9.786407767","9.6","9.35046729","9.190443686","9.221917808","9","9","9.063027756","9.238430653","9.491344874","9.037643022","9.190820772","8.894117647","8.818703257","8.58490566","8.8","9.053658537","8.925145509","9.278350515","9.558375488","9.6","9.644729179","9.72972973","9.898527005","9.269491146","8.613496933","9.6","9.45301921","9.609236098","9.613129392","9.716493601","9.643596821","9.275888475","9.36802974","9.386570939","9.4736842105","9.458725997","9.557522124","9.575104728","9.498393901","9.736308316","9.582928317",
"단독주택","경남","지역별 전월세전환율","","11.2","11.2","11.2","11.2","11.2","11.2","11","10.8","10.4","10.3","10.1","10.2","10.2","10","10","10","10","10.1","10","10","10","10.1","10.1","9.9","9.8","9.9","10","9.9","10","10","9.9","10","10.1","10","10","9.9","9.8","9.7","9.9","9.9","9.8","9.9","9.9","9.9","9.8","9.7","9.6","9.7","9.7","9.9","9.9","9.9","9.9","9.7","9.6","9.5","9.524037737","9.575853724","9.596127445","9.614228671","9.837420585","9.892933619","9.777777778","9.686486486","9.6","9.6","9.534764142","9.389417924","9.30867554","9.316110786","9.171974522","9.252272323","9.240596167","9.36416185","9.349325654","9.355395011","9.3","9.28203094","9.230769231","9.103054936","9.068069043","9.051909944","9.176826196","9.263535859","9.447513812","9.387805891","9.433370786","9.366372271","9.320305373","9.2","8.992506245","8.896246713","8.763401165","8.649272307","8.819176694","8.795811518","8.759114329","9.06251446","9.135869815","9.099298199","9.102167183","9.210308785","9.251396648","8.970873786","8.996967823","9","9","8.889217892","8.97753391","9.085531764","9.058169143","9.081081081","9.005085102","9","8.859375","8.64","8.439054184","8.352668213","8.52259332","8.571428571","8.680444556","8.817691102","9.07707651","9","9.025641026","8.929841532","8.865358514","8.582816652","8.75","8.826746564","8.984293194","8.917184898","8.872476813","9.044414536","9.087939304","9.122952291","9.081694752","8.895562498","8.809240462","8.571428571","8.727272727","8.666666667","8.559293409","8.588225688","8.445036829","8.610945268","8.534963716","8.4","8.323991031","8.307692308","8.284518828","8.08988764","8.052857534","8.502870264","8.754026833","8.918918919","9.075159868","8.900135318","9.176470588","9.007823752","8.88787526","8.64","8.657381616","8.571428571","8.478205018","8.317946126","8.150943396","8.316831683","8.442644676","8.717187016","8.703289077","8.758615762","8.9361702128","8.860433348","8.759685611","8.716002845","9.030936703","9.195402299","9.054162384",
"단독주택","제주","지역별 전월세전환율","","8.9","8.9","8.9","8.9","8.9","8.9","8.8","8.1","9","9.3","11","10.9","11","10.4","9.8","9.7","9.7","9.7","9.6","8.9","8.4","7.8","8.1","7.9","8.3","9","9","9.1","8.5","8.7","8.4","10","9.8","10.6","9.8","9.1","7.8","7.8","7.9","7.7","7.7","7.8","8","8","8.1","8.3","8","9.8","9.3","9.3","8.7","8.2","7.8","8","7.7","7.5","8.630959304","8.604954368","8.984423113","7.60950484","8.460472932","8.31542679","7.807238756","7.141526926","6.796982558","7.24554855","7.399783906","7.436996065","7.927939459","7.818875185","7.520182194","7.656542869","7.594550903","7.073165854","6.801696161","7.267733562","7.024097785","7.169078602","7.184022655","7.571180133","7.212512886","7.254434615","6.52173913","6.275409836","5.993533114","6.108468085","6.076365491","6.032640373","5.980371772","6.023908481","6.105099229","6.366414641","6.513732506","6.71112988","6.513732506","6.777947781","6.164740927","5.888106322","6.528091673","6.891571236","6.769527483","6.775740459","6.821447163","7.00611801","6.967501651","6.945607182","6.630358321","6.334177215","6.078781085","6.070659194","6.13624593","6.246488237","6.330173443","6.354810166","6.428007585","6.443180598","6.383613689","6.180131797","6.033876536","5.947476828","5.84002178","6.083029415","6.032464753","5.789473684","6.237082975","6.161026687","6.122070999","5.916028476","6.193744215","6.222649144","6.36274365","6.26674403","6.28481968","6.191946576","6.190739846","6.241328807","6.18556701","6.353471148","6.239737274","6.098939562","6.307247036","6.236896238","6.458024278","6.241677992","6.294320914","6.068690655","6.069664032","6.128203034","6.219662264","6.257238635","6.273359853","6.595766242","6.553744824","6.920378383","6.598976903","6.496541362","6.949903618","6.592586848","6.548027754","6.12617337","6.023183256","5.921271648","6.036706633","6.7065873","6.519100543","6.70738298","6.837910027","6.69254666","6.493973385","6.366460505","6.425990747","6.138372985","6.0502293084","6.189855505","5.994573975","5.915387162","6.12631888","6.078161865","6.121872052",
