"주택유형별","지역별","항목","단위","2013.01 월","2013.02 월","2013.03 월","2013.04 월","2013.05 월","2013.06 월","2013.07 월","2013.08 월","2013.09 월","2013.10 월","2013.11 월","2013.12 월","2014.01 월","2014.02 월","2014.03 월","2014.04 월","2014.05 월","2014.06 월","2014.07 월","2014.08 월","2014.09 월","2014.10 월","2014.11 월","2014.12 월","2015.01 월","2015.02 월","2015.03 월","2015.04 월","2015.05 월","2015.06 월","2015.07 월","2015.08 월","2015.09 월","2015.10 월","2015.11 월","2015.12 월","2016.01 월","2016.02 월","2016.03 월","2016.04 월","2016.05 월","2016.06 월","2016.07 월","2016.08 월","2016.09 월","2016.10 월","2016.11 월","2016.12 월","2017.01 월","2017.02 월","2017.03 월","2017.04 월","2017.05 월","2017.06 월","2017.07 월","2017.08 월","2017.09 월","2017.10 월","2017.11 월","2017.12 월","2018.01 월","2018.02 월","2018.03 월","2018.04 월","2018.05 월","2018.06 월","2018.07 월","2018.08 월","2018.09 월","2018.10 월","2018.11 월","2018.12 월","2019.01 월","2019.02 월","2019.03 월","2019.04 월","2019.05 월","2019.06 월","2019.07 월","2019.08 월","2019.09 월","2019.10 월","2019.11 월","2019.12 월","2020.01 월","2020.02 월","2020.03 월","2020.04 월","2020.05 월","2020.06 월","2020.07 월","2020.08 월","2020.09 월","2020.10 월","2020.11 월","2020.12 월","2021.01 월","2021.02 월","2021.03 월","2021.04 월","2021.05 월","2021.06 월","2021.07 월","2021.08 월","2021.09 월","2021.10 월","2021.11 월","2021.12 월","2022.01 월","2022.02 월","2022.03 월","2022.04 월","2022.05 월","2022.06 월","2022.07 월","2022.08 월","2022.09 월","2022.10 월","2022.11 월","2022.12 월","2023.01 월","2023.02 월","2023.03 월","2023.04 월","2023.05 월","2023.06 월","2023.07 월","2023.08 월","2023.09 월","2023.10 월","2023.11 월","2023.12 월","2024.01 월","2024.02 월","2024.03 월","2024.04 월","2024.05 월","2024.06 월","2024.07 월","2024.08 월","2024.09 월","2024.10 월","2024.11 월","2024.12 월","2025.01 월","2025.02 월","2025.03 월","2025.04 월","2025.05 월","2025.06 월","2025.07 월","2025.08 월","2025.09 월","2025.10 월","2025.11 월","2025.12 월",
"종합","전국","매매수급동향","","86.10402457","87.21493283","88.62819645","92.33997081","93.3404577","92.10238232","90.41349463","89.56356242","92.22766856","95.66407676","95.61440125","94.53402212","95.25308423","96.23158964","96.6094377","95.43584273","95.22479045","95.72560573","95.7743621","97.18713539","99.17330223","100.2764112","99.41674697","98.95014455","99.22424545","99.84534797","102.007982","102.8865825","102.3821402","102.5767024","101.8844022","101.8824228","102.3653998","103.2541568","103.4105305","100.5621536","99.79018211","98.8341251","97.90380048","97.60095012","97.25257324","97.00712589","97.20704671","97.75930325","97.90836275","98.98644801","99.06233392","98.28037809","97.47561022","97.16232632","97.57991041","97.33264988","98.01162261","99.08680134","99.79495747","98.81942072","97.48130433","97.71855901","97.14535171","95.6661918","95.88175752","96.43847942","96.22478818","93.54802429","91.63792457","90.85251556","90.94249082","91.88535653","94.94826423","93.17125291","91.84599235","90.16270526","86.00101811","84.49021889","83.3503018","82.61762781","82.36673696","82.39764381","85.07563086","86.54461494","87.35636364","88.85090909","90.69636364","94.55312341","95.32787753","96.48160559","97.13041024","94.79383443","94.20831717","97.81006453","104.9314151","105.562608","104.7884344","104.5662906","107.0997884","111.2940762","112.7450635","114.0620592","112.2196756","109.395275","109.1308181","112.4717913","117.2709552","119.5419103","118.791423","110.6205328","100.5902101","96.57330994","95.15975306","94.02049127","94.85063149","95.59336351","94.94919954","94.16695547","92.36684212","89.68396656","87.09768248","83.71778211","78.21854018","74.57873078","76.05391121","77.14693446","79.76321353","82.35835095","85.49894292","86.96934461","88.11205074","89.61839323","90.89957717","90.70190275","89.26321353","87.87209302","87.66971144","87.61781192","88.26759394","89.44467511","90.70064355","92.04795516","93.97238945","95.15466058","94.88374507","94.35748391","93.69628399","92.90429728","92.67282541","92.96346274","93.4025327","93.51359767","93.49179988","94.7062487025","94.52460037","94.59206975","95.42038613","96.39505917","96.48121237","96.91716836",
"종합","수도권","매매수급동향","","74.11543435","74.88243593","76.39101282","82.18871481","84.27965603","83.12522087","80.80593849","79.65123129","83.61022741","88.41757983","87.81666078","86.67962767","87.89268516","89.59862385","90.87729358","89.08256881","89.46100917","90.12041284","90.59059633","92.2190367","95.83715596","96.99541284","95.68233945","94.98853211","95.03912008","96.394149","98.5429187","100.6236535","100.6576709","100.9184715","100.5376344","100.1312336","101.0541021","102.8913724","102.6543053","99.83066633","98.7850309","98.70036407","98.01032935","97.81136229","98.10346287","98.31512996","98.48869698","99.63169926","99.6188159","101.0867802","100.9002433","100.3000811","98.64557989","98.29278183","98.59286294","98.62463486","99.89445482","101.5499473","102.3330358","100.7664234","99.08759124","99.42822384","99.35928629","99.81734805","100.7811286","101.5428261","100.9210322","97.00761697","94.72252448","94.40385512","95.4570185","98.98958495","105.0132131","101.4884191","99.23441629","96.84050987","91.05187646","88.04273956","86.5400589","85.68677792","85.6905535","86.72128672","90.70452314","93.32855093","94.95128767","97.43977041","99.01820104","104.4098769","104.3633866","105.0610946","106.4755225","104.6128263","102.5558528","106.5071217","114.1545579","113.5617726","112.1267982","110.6159185","112.1087255","115.567845","118.2679101","120.9968915","118.2895973","113.8400925","114.4220343","119.2221499","123.4674767","125.9432669","123.983647","112.8928376","100.038827","95.28801791","92.9527595","91.56235724","92.60325292","93.99296515","92.98213551","91.78657896","89.7177051","86.62525123","83.39576101","78.89411657","73.4788964","69.55052074","71.16062269","72.55452964","76.08055667","79.72924751","83.94219189","86.17913377","88.00570944","89.62933226","90.73553682","90.13336902","88.09268924","86.37316562","86.05880554","86.73161781","87.8784569","89.53645856","91.58110883","94.66119097","97.43981825","99.1720914","98.57791952","97.7609332","96.70802569","95.50875967","95.28812967","95.69662283","97.00292717","97.07104819","97.48668658","99.6016798718","98.60587955","98.14694549","99.38303676","100.928692","100.2359614","100.779322",
"종합","지방","매매수급동향","","95.63551402","97.01869159","98.35046729","100.397382","100.5330092","99.22853937","98.04040782","97.43241979","99.06922357","101.4172123","101.8121371","100.7773719","101.1025057","101.5041021","101.1671378","100.4878716","99.80848153","100.1823653","99.88629128","101.1279905","101.8186778","102.8780577","102.3779213","102.0914795","102.5120257","102.5565651","104.7300909","104.6649439","103.7368609","103.8793871","103.0671425","103.4203286","103.5169901","103.5727563","104.0746524","101.2045505","100.6729125","98.95159491","97.81024611","97.41616477","96.50531638","95.85842814","96.08149305","96.11495278","96.40333976","97.13837151","97.4450471","96.50324698","96.44615714","96.16757065","96.68855267","96.19638907","96.35643423","96.92071648","97.56297724","97.10625847","96.06793692","96.21422964","95.19731678","91.79823291","91.31662804","91.68235805","91.84892816","90.32444959","88.76376014","87.54345307","86.73595017","85.26578795","85.56995944","85.42149479","84.96161645","83.94046929","81.31004979","81.19082685","80.38782523","79.7671646","79.27975314","78.38207448","79.84781541","80.24405639","80.30366786","80.87523669","82.96865138","85.39869556","86.71993388","88.30922865","88.23002755","85.44077135","86.25688705","89.5291202","96.14828583","97.94506402","97.80064707","98.8056722","102.3301439","107.2244786","107.4860604","107.4585255","106.4397329","105.1628003","104.0923797","106.0439182","111.6834171","113.769668","114.1094818","108.5715463","101.0874042","97.73232823","97.14956543","96.23702422","96.87718865","97.03641157","96.72283101","96.31338304","94.75592173","92.4425311","90.43578548","88.06738611","82.49237993","79.112777","80.4630039","81.2849162","83.08146779","84.72730196","86.90165186","87.68136329","88.20786946","89.60853663","91.04738556","91.21417949","90.31791327","89.22270005","89.12819904","88.42015743","88.61991219","89.36157589","89.90348483","89.68197461","90.83303667","91.51734504","91.53910051","91.27605712","90.96950279","90.54626004","90.30497211","90.48890471","90.14279498","90.23650939","89.81174969","90.1966258525","90.7649663","91.31735333","91.77003151","92.21872133","93.02237467","93.35939058",
"종합","6대광역시","매매수급동향","","86.03148971","86.54622527","87.84820347","90.79159935","92.6595315","92.04361874","89.94142597","89.25469602","91.0725106","96.5764492","96.33259244","95.64470493","95.25912839","95.97328619","96.09037328","95.04911591","94.97936726","96.33523286","96.62016113","98.67360975","99.94104932","101.6702692","101.5032423","99.28276675","99.97086813","100.7865605","103.9230919","103.6997475","103.2336376","103.4861138","102.731983","102.7633851","102.9989009","104.2078819","104.3491914","100.314021","99.70953054","97.68409483","96.33380436","96.33380436","96.41230962","96.53006751","96.39660857","96.55361909","95.63865291","98.08100728","98.35406553","96.86741505","96.45024272","96.07798513","96.44211804","96.78398058","97.04945388","97.70175971","97.68658981","98.74848301","97.6410801","97.23907767","97.1253034","92.88472146","92.51930502","93.05019305","93.62244898","90.83701048","88.996139","88.41009377","87.32763376","85.96938776","87.31384446","88.13430778","87.87231109","86.96911197","83.17152104","83.11084142","82.54449838","81.92421791","81.64104639","81.10841424","82.07928803","82.49056095","83.74460626","84.77615965","88.80124056","91.91612729","93.03246239","94.53021906","94.77434679","91.5874901","92.10213777","94.22011085","98.92451834","99.31380311","100.0923605","102.3156089","107.2041166","112.8183138","112.4488719","114.1113603","112.2113735","109.5197256","108.0815411","110.9447157","115.3494343","117.3313006","116.8177806","109.3877879","99.04116184","96.26093236","94.52780229","93.05087466","92.97238722","93.91799727","93.10759849","92.71326539","90.13400738","87.13185138","84.09291503","81.67776619","75.61582284","71.60394769","73.80933669","74.74457718","77.22021377","79.79408991","82.81986797","83.89264382","84.29177469","86.23615366","87.89771388","87.78772881","85.85120591","84.85348417","85.04375192","84.19174087","84.78661345","85.40067547","86.67485416","86.8782622","87.95670863","89.23088732","89.23088732","88.43644458","87.97206018","87.16994166","86.88210009","87.24286153","86.81301811","87.22711605","86.91689008","87.4798927614","87.79011873","88.86250479","89.72424358","90.57449253","92.12179242","92.45116813",
"종합","5대광역시","매매수급동향","","92.10657993","92.4068051","93.85789342","97.15965966","98.74874875","97.61011011","95.35669587","95.19399249","97.04630788","100.6758448","100.3130478","99.58667335","99.34194492","99.92682927","99.20712369","98.41424738","97.71839922","99.03611518","99.32894095","101.4397267","102.7208394","104.5632016","104.3313812","101.7325525","102.504817","102.9022158","106.6112717","105.8766859","105.322736","105.322736","104.2296369","104.2787046","104.5240432","105.9077527","106.0843965","101.0402355","100.1864573","97.7232581","96.07458292","96.00588813","96.07458292","96.19234544","96.38861629","96.60451423","96.10230276","98.06530766","98.66930917","96.88561721","96.37599094","96.50745705","96.90390787","96.94224236","96.9988675","97.6406191","97.86711967","98.23518309","96.97999245","96.43261608","96.19667799","91.17141876","90.67330814","91.33459292","91.98728959","89.70285125","88.05393336","87.31535555","86.19890072","84.82480247","85.81243559","86.4908966","85.28856063","83.94022673","80.42345824","80.70072257","80.08738027","79.44883213","79.05394051","78.66745085","79.64207696","80.17139976","80.83515376","81.85178962","86.90136112","90.32935641","91.40547674","92.708677","91.8508743","87.57010887","88.15572418","90.99307159","96.83272847","98.25965028","99.50519545","101.4596734","107.0262246","113.6895926","113.1535543","113.7638133","111.4464786","107.8921326","105.9706416","108.2055088","113.7307536","115.4426661","114.2929498","108.2860616","98.39951378","95.2441248","93.76012966","92.44327391","92.79416236","93.30935981","92.82313614","92.44250836","90.37584844","87.37082067","84.85615883","82.68334684","76.25101297","72.21940843","74.3943606","75.16878475","77.57644956","79.50754567","82.32227959","83.07188245","83.50203434","85.59591148","87.42185174","87.47146968","85.80926863","84.62836162","84.89072365","83.48712967","84.09907722","84.72073822","85.55123847","85.18212725","86.35259835","86.92569208","87.57649344","86.73627975","86.72170957","86.33317144","85.75522098","86.18746965","85.72608062","85.48653641","85.11713814","85.7392825897","86.32254302","87.60571595","88.06746379","88.69932925","90.15748031","90.53173909",
"종합","9개도","매매수급동향","","90.02528673","91.5199133","93.01905536","96.2733761","96.65702927","95.36501626","94.32444645","93.22638952","95.54410701","98.20137383","98.29566004","97.66726944","98.6345559","99.14257933","99.7701759","98.48833098","98.15682461","98.19660537","97.89278787","99.15358843","101.2563922","101.8338917","101.0844648","101.366602","101.3307985","101.4085724","103.2665054","104.3309129","103.7763567","103.7547529","102.8838741","102.8838741","103.0100217","103.8019483","103.9561287","101.1283201","100.6167216","100.0840984","99.39729483","98.96629056","98.2514542","97.48055225","97.65225314","97.95010162","98.02145094","98.48111385","98.56095936","98.07807608","97.44187596","97.18539738","97.39857438","97.1013527","97.07352843","97.20463784","98.09089092","97.63173673","96.82899207","97.27200053","96.32935847","94.65913873","94.38911488","95.05190069","95.11502314","93.60008416","92.12372002","90.86477767","90.80516201","90.87529808","92.67428812","91.63276757","91.23649881","89.84429794","86.8574688","85.98510267","84.32760703","83.64313515","83.16668904","83.04589988","85.04898671","85.66299826","85.83557047","86.19463087","86.88926174","89.24640988","90.86488251","93.26132359","94.45822454","93.28090328","93.32658922","96.75104384","103.6431833","104.4911937","103.6888454","104.0215264","105.8219178","109.6868885","111.6079583","113.0300065","112.0808871","109.5759948","109.6183953","112.4624918","117.8837643","120.1277273","119.4910319","111.646867","101.867381","97.57532226","96.74638919","95.97181239","96.87451468","97.33858757","96.72414463","96.17788648","94.71967697","92.08922193","89.89051945","86.31299014","81.15342806","77.76613091","78.79338405","80.01021914","82.26221566","84.59369441","87.27338102","88.73623254","90.0628407","91.38400969","92.61621744","92.54807692","91.53732586","90.19344337","89.79713382","89.94044296","90.07630746","91.10180532","92.01935604","92.93318444","94.60078169","95.94267634","95.73050437","95.5053043","94.90601154","94.33091383","94.3364973","94.28438489","94.80923134","94.82874287","94.58462227","95.4735194365","95.67664269","95.45488428","95.8406321","96.69971302","96.50218031","96.85811189",
"종합","8개도","매매수급동향","","97.42518609","99.58225733","100.8810573","102.2343821","101.4898145","100.1368197","99.58941606","98.71502433","100.2509506","101.8631179","102.6632172","101.468574","102.277139","102.3973114","102.2852875","101.6880789","101.0008963","100.8216313","100.3271862","101.041047","101.5690065","101.8738846","101.3831053","102.4687686","102.9780108","102.5993884","103.8517548","104.2911263","103.1891656","103.385758","102.6991483","103.2753006","103.2753006","102.5488477","103.2189379","101.6595691","101.2462425","99.91232465","98.97294589","98.36548096","96.83116232","95.60996994","95.80410822","95.58491984","96.23941959","96.191052","96.26315153","95.99153567","96.23941959","95.93107618","96.29987908","95.44135429","95.11973875","95.30229746","96.02781137","95.56831923","95.24183797","95.56831923","94.32889964","91.56413613","91.0078534","91.32853403","91.0013089","89.7513089","88.51439791","86.86518325","86.19764398","84.67277487","84.43717277","83.71727749","83.90052356","83.12827225","80.79302942","80.57204192","79.51130193","79.19560551","78.84202551","77.70551837","79.504988","79.57444122","79.07564086","79.20191943","79.24611693","80.95087764","82.42755876","84.01715778","84.52070123","82.83600647","83.99850802","87.65685178","94.53969437","96.69524164","95.36588396","95.57709032","97.95005591","101.7828302","102.8450739","102.5034166","102.4350851","102.9196173","102.9879488","105.2118276","110.8992315","113.3268692","114.5658263","109.1862386","103.1889679","99.87429064","99.69472777","99.02305869","99.81684982","99.820441","99.71980746","99.28176399","98.04252568","96.25745277","94.61322991","92.07785678","87.38059326","84.65847878","85.33277405","85.95847315","86.74496644","87.90548098","89.68819911","90.47818792","91.14973075","92.23372264","93.43310721","93.75131128","93.39464298","92.34212183","92.04325594","91.8221393","91.8221393","92.65823659","93.05210061","92.86553344","94.06440022","94.7830293","94.35807076","94.50317855","93.99875622","93.49087894","93.52542841","93.53579326","93.28012714","93.23339871","92.74306528","93.0442701037","93.67119641","93.64317736","94.14051555","94.47674419","94.80947044","95.11768002",
"종합","서울","매매수급동향","","70.89869281","71.82085649","73.16633923","79.95399277","81.82714427","79.88826816","76.47928994","76.26561473","81.67324129","84.71400394","84.33596318","81.03221565","82.83006746","85.6155577","85.53519769","84.53873353","84.52266152","85.35840566","86.66023787","87.59241401","90.82288653","92.22115076","90.18000643","89.76213436","90.96888033","92.86172602","94.56207892","96.85595124","96.61533526","97.44947064","97.85983067","97.82455315","99.90592662","100.8349012","100.9172154","99.63546566","97.55409219","96.68391345","95.355127","95.02587018","95.31984948","96.16650988","96.87206021","98.65945437","100.4656577","101.653085","101.3038417","100.8265425","98.78928987","98.81257276","99.56926659","98.56743536","101.3519814","105.7898416","106.640261","101.6880093","99.1967404","99.1967404","99.79045402","101.9821503","104.4209215","105.0020756","102.5633043","96.04607721","93.12992943","93.37899543","95.58945621","102.781237","112.3391449","104.4520548","98.83769199","95.0705687","86.14181439","80.61522419","79.97914494","79.39520334","80.25026069","81.93952033","89.39520334","94.86965589","96.8717414","102.5026069","104.8175182","114.6402503","111.8546465","108.3300238","107.9725973","103.395552","99.3943606","105.8876092","116.8685465","117.2359015","113.9396346","108.121525","109.8788721","113.3141382","116.4912629","117.3451152","112.7581414","108.7073074","110.1370135","116.6004766","119.9705331","122.970801","121.0688454","110.0388428","99.10259845","94.26657736","90.87498325","88.94172806","90.95659164","92.53951246","92.21805518","89.93436914","88.15965711","85.87597107","82.67479239","78.24805786","73.02437718","69.48165015","71.1503268","71.66666667","74.74509804","77.81699346","82.91503268","85.09803922","87.02614379","88.77124183","89.64052288","88.95424837","86.83006536","84.56862745","84.43256473","85.07664563","87.80110782","90.49336597","93.04392632","97.78436172","102.1834342","102.6085276","101.6617287","100.5217055","99.31083344","97.64910473","96.76027309","98.1321654","99.80033492","98.96449704","100.1736558","103.8204270646","101.562902","100.8103936","103.2287111","104.8816568","103.4473887","104.3413944",
"종합","강북권역","매매수급동향","","72.45341615","73.85093168","74.56467662","75.51337897","76.60236465","76.41568139","76.77459527","76.86799502","77.95765878","78.82938979","78.05105853","75.373599","76.63808941","77.74035517","77.83221066","77.21984078","77.70973668","79.0263319","79.0569504","79.94488671","83.64972443","85.27250459","83.55786895","84.23147581","84.91142334","87.9352474","89.98167379","92.18081857","92.18081857","92.57788638","94.02951699","93.5822898","96.17620751","98.45706619","99.64221825","96.8470483","94.00715564","93.29159213","91.41323792","91.23434705","91.12254025","91.63685152","91.77101968","92.91144902","95.80745342","95.5190772","95.65217391","95.27506655","93.85536823","94.27684117","95.27506655","96.84724689","97.26788094","102.5544203","103.8649489","98.93522626","96.71694765","95.47471162","95.20851819","95.45637314","96.84358665","98.71330921","98.33132288","90.79211902","88.41978287","90.45034178","92.98351427","98.65299558","107.5190993","102.6336952","98.23080016","96.78327302","85.04446241","80.61843169","80.11317704","79.78981407","80.61843169","81.30557801","88.15683104","93.06790622","95.39207761","99.41390461","101.7784964","109.0743735","107.159309","107.8694818","106.487524","100.7485605","96.96737044","104.6257198","116.9673704","117.7543186","114.7216891","110.5758157","111.074856","115.0863724","118.0998081","118.7715931","113.2629559","108.1573896","109.328215","116.084453","119.1628264","122.5166411","119.8796723","106.3108039","99.07834101","93.87964149","90.45605944","88.36107554","90.63780738","91.71786994","90.6938044","87.53200205","84.88223246","82.55248336","79.27547363","76.44649258","72.70865335","69.44444444","73.04043934","74.43834249","77.23414878","80.11732401","84.19870195","85.05991013","86.94458313","87.71842237","87.98052921","87.18172741","85.29705442","83.23764353","82.91154791","83.25552826","86.25307125","88.95577396","92.21130221","98.05896806","101.4250614","101.9287469","101.4250614","100.2702703","99.04176904","96.89189189","95.44226044","95.85995086","97.57985258","97.19764012","97.50491642","101.1922320551","99.29941003","99.07817109","102.3352999","104.2035398","102.5196657","103.8348083",
"종합","도심권","매매수급동향","","59.87654321","59.87654321","59.87654321","59.87654321","59.87654321","59.56790123","62.96296296","62.96296296","62.96296296","63.58024691","63.58024691","63.58024691","63.85542169","64.15662651","65.36144578","65.6626506","65.6626506","65.6626506","66.86746988","67.77108434","70.18072289","74.39759036","76.65662651","79.6686747","80.57228916","81.02409639","81.02409639","81.02409639","83.13253012","82.22891566","82.37597911","81.9843342","80.54830287","81.5926893","82.50652742","80.67885117","80.54830287","80.54830287","80.54830287","80.28720627","80.28720627","80.28720627","80.80939948","88.64229765","99.8694517","97.38903394","97.25848564","96.08355091","92.95039164","92.95039164","93.47258486","98.95561358","99.08616188","109.3994778","112.0104439","106.1357702","99.21671018","94.90861619","93.47258486","104.8888889","107.6666667","110.3333333","110.2222222","92.22222222","88.88888889","97.77777778","98.22222222","115.1111111","119.7777778","115.7777778","108.3333333","106.2222222","89.36403509","74.12280702","74.23245614","75","76.31578947","79.60526316","78.39912281","85.96491228","88.15789474","91.3377193","96.49122807","108.9912281","104.5081967","104.5081967","104.2008197","95.90163934","91.49590164","97.43852459","116.1885246","117.6229508","114.4467213","109.8360656","110.6557377","114.2418033","117.2131148","118.545082","111.9877049","108.9139344","111.5778689","118.1352459","112.3558484","116.062603","118.8632619","107.0016474","103.2948929","94.06919275","91.00660066","88.30313015","91.68039539","93.41021417","92.91598023","91.3509061","87.56177924","85.09060956","81.38385502","78.33607908","75.45304778","72.73476112","75","77.08333333","79.88782051","82.7724359","83.41346154","85.25641026","88.62179487","90.38461538","91.02564103","90.86538462","89.58333333","88.14102564","86.67192429","87.30283912","88.80126183","91.40378549","94.32176656","98.58044164","102.5236593","101.9716088","101.8927445","101.1829653","100.3154574","99.36908517","99.29022082","101.2618297","102.9179811","102.1394612","102.3771791","106.3391442155","103.5657686","102.614897","107.7654517","110.459588","106.8938193","107.1315372",
"종합","동북권","매매수급동향","","82.51396648","84.58100559","84.91620112","86.96868009","88.53467562","88.08724832","87.62597984","88.12989922","90.08958567","91.43337066","90.03359462","85.21836506","86.96132597","89.06077348","88.72928177","87.18232044","88.2320442","90.49723757","90.11049724","91.38121547","95.41436464","96.79558011","92.81767956","92.9281768","93.8121547","98.72928177","101.5469613","104.0883978","103.4254144","104.198895","105.8319739","104.9755302","109.1353997","112.3572594","113.7846656","109.2577488","104.2006525","100.6117455","97.0228385","96.77814029","96.49265905","96.9004894","96.9004894","96.65579119","97.21998388","97.34085415","97.05882353","97.05882353","96.29331185","95.89041096","96.0918614","95.80983078","96.28432956","99.07108239","101.7770598","97.21998388","96.05157131","94.96373892","94.56083803","92.67209474","92.48704663","94.15247964","93.30125833","88.41598816","88.56402665","91.30273871","93.67135455","96.18800888","108.4381939","103.5899334","100.6291636","99.22279793","89.87915408","88.97280967","88.17975831","87.8021148","88.67069486","87.61329305","94.33534743","97.99848943","100.4531722","105.3625378","106.3066465","111.3670695","109.6472282","110.7991361","107.9553636","103.0237581","98.70410367","108.2793377","121.0583153","122.1022318","117.8545716","113.1389489","113.3909287","118.6105112","122.2822174","123.3261339","119.0784737","112.2390209","112.9589633","122.5701944","126.4179756","128.4685864","122.600349","107.7443281","98.88743455","94.17539267","90.02618944","88.32897033","90.00436491","90.96858639","89.94328098","86.43106457","83.11518325","80.54101222","77.29057592","74.34554974","71.02966841","68.60820244","73.07200682","74.77631018","78.07839795","81.16744781","86.42948445","86.59991478","87.13250959","87.04729442","86.53600341","85.53472518","83.23391564","80.72006817","80.57070919","81.47293328","84.30549727","86.76038607","90.55812002","97.18841796","100.2098196","101.4897188","100.6924045","99.20268569","97.69198489","94.77549308","92.65631557","92.65631557","94.64960134","94.05212274","94.05212274","98.087431694","96.91046658","97.24674233","99.60067255","101.6393443","100.9667928","102.5430853",
"종합","서북권","매매수급동향","","59.84654731","60.86956522","62.98200514","62.21079692","63.11053985","63.62467866","63.36760925","62.59640103","62.59640103","62.59640103","62.59640103","62.59640103","63.76262626","63.25757576","63.38383838","64.14141414","63.76262626","64.01515152","64.01515152","64.01515152","68.05555556","68.05555556","68.18181818","68.18181818","68.375","69.25","71.25","74.5","74.25","74.875","78.07017544","78.3891547","80.38277512","81.57894737","82.45614035","82.45614035","82.29665072","86.76236045","87.08133971","87.08133971","87.24082935","88.27751196","88.43700159","88.19776715","90.55555556","90.79365079","91.9047619","91.26984127","89.6031746","91.9047619","94.76190476","97.61146497","98.0952381","105.2380952","103.015873","97.93650794","96.50793651","96.82539683","97.53968254","94.75218659","98.32361516","100.0728863","100.4373178","94.5335277","87.82798834","83.96501458","88.19241983","92.71137026","97.66763848","92.12827988","86.88046647","85.78717201","72.98270893","68.9481268","68.58789625","67.65129683","68.08357349","70.38904899","82.78097983","88.32853026","90.48991354","93.37175793","96.61383285","104.7550432","104.1895604","104.532967","105.2197802","99.65659341","97.32142857","102.4725275","109.6840659","109.5467033","108.9285714","106.1813187","106.9368132","108.9285714","110.7142857","110.2335165","103.021978","99.86263736","100.8928571","102.3351648","106.7527309","112.8599801","114.2999007","102.6315789","96.97120159","93.09145129","91.10337972","88.46918489","91.45129225","92.40317776","91.06256207","87.73584906","87.28897716","85.60079444","82.52234359","80.08937438","74.87586892","69.36444886","71.78743961","72.07729469","73.71980676","76.1352657","79.61352657","81.44927536","85.50724638","87.63285024","89.42028986","88.69565217","87.39130435","85.99033816","85.94491928","84.85280152","89.12630579","92.45014245","94.68186135","99.71509972","103.5137702","102.8964862","102.8015195","102.1367521","101.3295347","100.1899335","99.43019943","99.85754986","100.997151","101.3232514","102.362949","105.1039697543","102.1266541","101.0869565","105.2457467","106.2381853","103.4026465","104.7731569",
"종합","강남권역","매매수급동향","","69.17241379","69.56521739","71.61134163","84.92339833","87.67409471","83.77437326","76.14902507","75.59192201","85.82869081","91.29526462","91.36490251","87.36072423","89.66216216","94.31664411","94.04600812","92.62516915","92.05006766","92.35453315","95.0608931","96.04194858","98.74830853","99.8985115","97.49661705","95.87280108","97.66891892","98.31081081","99.62837838","102.027027","101.5202703","102.8378378","102.1081349","102.5297619","104.0426587","103.4722222","102.3313492","102.7281746","101.4880952","100.4464286","99.72718254","99.23115079","99.97519841","101.1904762","102.5297619","105.0347222","105.6099951","108.4272415","107.5453209","106.9573738","104.2381186","103.8216561","104.311612","100.4654581","105.860716","109.3581578","109.7011269","104.7280745","101.9353258","103.3072024","104.8505634","108.9446589","112.5053625","111.7117117","107.0785071","101.6516517","98.15529816","96.5036465","98.36979837","107.1857572","117.4817675","106.3921064","99.48519949","93.24324324","87.31150366","80.61180526","79.83627747","78.97457992","79.85781991","82.61525205","90.71520896","96.79017665","98.44894442","105.794916","108.056872","120.5730289","116.8860551","108.8235294","109.5639654","106.2320033","101.9950638","107.239819","116.7626491","116.6803784","113.1016043","105.4915673","108.5972851","111.4150555","114.7675854","115.8165364","112.2171946","109.2965858","111.0037022","117.1534348","120.8567416","123.4691011","122.3735955","114.1292135","99.12921348","94.69101124","91.33426966","89.57865169","91.30617978","93.44101124","93.89044944","92.57022472","91.75561798","89.52247191","86.40449438","80.2247191","73.37078652","69.52247191","69.07244786","68.61964874","72.00878156","75.2881449","81.50384193","85.13995609","87.11580681","89.92864984","91.46542261","90.90285401","88.51536773","86.03183315","86.10885459","87.08367181","89.50717574","92.1879231","93.96154888","97.48172218","103.0192256","103.3577038","101.9225562","100.7988086","99.60736529","98.48361766","98.21283509","100.636339","102.2474953","100.9039396","103.1030761","106.7053426875","104.0474906","102.7118187","104.2093902","105.6260119","104.4657312","104.8974636",
"종합","서남권","매매수급동향","","70.13064133","70.24940618","73.90011891","89.83353151","89.53626635","85.79072533","79.31034483","77.4078478","81.51010702","86.8608799","88.882283","82.34244946","87.16763006","92.93163384","92.29432213","91.01969873","89.22363847","89.45538818","91.07763615","90.9617613","96.17612978","98.49362688","94.55388181","93.2792584","95.02890173","96.12716763","98.26589595","102.3699422","101.3872832","103.6416185","102.9549719","104.1275797","106.7073171","105.5816135","103.1425891","104.0806754","101.7354597","99.85928705","98.54596623","97.70168856","99.01500938","100.6097561","102.8142589","107.4577861","108.3256244","111.0545791","109.5744681","110.453284","107.2155412","107.1230342","106.1054579","102.2201665","107.6459685","111.147086","107.1230342","101.8963922","102.4976873","102.3589269","102.5901943","102.7434312","103.9799073","105.7573416","103.0525502","102.7047913","101.8160742","100.0772798","103.6321484","109.6599691","112.6738794","105.8346213","103.12983","96.29057187","89.69907407","81.9058642","79.24382716","77.43055556","77.66203704","80.20833333","87.61574074","94.59876543","95.6404321","103.3179012","105.4398148","122.183642","118.5157972","111.9397502","112.0499633","110.0293902","104.1513593","110.0661278","118.3321087","117.5238795","114.0705364","108.2292432","109.7722263","111.0947832","114.2542248","115.2461425","112.4173402","109.0742101","109.2578986","114.3644379","118.6006826","122.1355436","119.8683569","111.0677718","99.53681131","96.09946368","93.00341297","91.78449537","91.71136031","92.41833252","92.7352511","91.54071185","90.71184788","88.93222818","86.76255485","80.03412969","70.25841053","65.45587518","64.76462197","64.74084641","68.85401807","73.70423205","78.340466","81.78792202","85.16405136","88.18354731","90.94151213","90.98906324","88.61150737","85.75844032","85.31764706","86.18823529","88.98823529","91.74117647","93.78823529","97.52941176","102.4235294","103.3882353","101.7411765","101.0352941","100.0705882","98.94117647","98.82352941","99.69411765","101.7882353","101.4795679","102.8182245","104.8144668859","104.1099108","103.3114138","104.2273368","105.7069047","104.6735557","105.636449",
"종합","동남권","매매수급동향","","67.84539474","68.61614498","68.42975207","77.98319328","85.04201681","80.92436975","71.68067227","73.02521008","91.93277311","97.56302521","94.87394958","94.45378151","93.17073171","96.2601626","96.50406504","94.87804878","96.01626016","96.42276423","100.6504065","103.1707317","102.3577236","101.8699187","101.6260163","99.51219512","101.3821138","101.3821138","101.5447154","101.5447154","101.7073171","101.7073171","101.1578947","100.7368421","101.0526316","101.1052632","101.4210526","101.2105263","101.2105263","101.1052632","101.0526316","100.9473684","101.0526316","101.8421053","102.2105263","102.3157895","102.5520833","105.46875","105.2604167","103.0208333","100.8854167","100.1041667","102.2916667","98.48958333","103.8541667","107.34375","112.6041667","107.9166667","101.3020833","104.375","107.3958333","116.6827387","123.1436837","119.1417551","112.1022179","100.3375121","93.58727097","92.04435873","91.80327869","104.0983607","123.4811958","107.0877531","94.93731919","89.44069431","84.29268293","78.97560976","80.58536585","80.92682927","82.63414634","85.65853659","94.63414634","99.56097561","102","108.9268293","111.3658537","118.5365854","114.8130841","104.8598131","106.4018692","101.4018692","99.25233645","103.6448598","114.7663551","115.6074766","111.8691589","102.0093458","107.1028037","111.8224299","115.4205607","116.5420561","111.9626168","109.5794393","113.2242991","120.7009346","123.9231279","125.2816435","125.7786614","118.2902584","98.57521537","92.77667329","89.06560636","86.5805169","90.7554672","94.83101392","95.46056991","93.96951624","93.17428761","90.32471836","85.91782638","80.48376408","77.6010603","75.04970179","74.9513303","73.91304348","76.31408177","77.44970798","85.82089552","89.71447112","89.77936405","92.31018819","92.18040234","90.78520441","88.38416613","86.40493186","87.18112245","88.29719388","90.21045918","92.79336735","94.19642857","97.41709184","103.8265306","103.3163265","102.1683673","100.4783163","98.97959184","97.86352041","97.38520408","101.9132653","102.869898","100.1268231","103.4876347","109.2580849715","103.9632213","101.9023462","104.1851617","105.5168041","104.1851617","103.8998098",
"종합","경기","매매수급동향","","79.17594655","79.69933185","81.4922049","87.5389755","89.57683742","88.37416481","86.61171753","85.18601025","88.65003342","92.83804856","91.90242816","92.10291824","93.35210048","94.42399307","96.12386314","93.85015158","94.03421395","94.39151148","94.34820269","96.40537029","100.8012126","101.7756605","100.6496319","99.76180165","98.92667375","99.67056323","102.4123273","104.3889479","104.6333688","104.293305","103.1185362","102.3866348","102.673031","105.3937947","104.8926014","100.4534606","99.81702466","100.3023071","99.9363564","99.72951472","100.0556881","99.85680191","100","100.9546539","100.2076843","101.2906097","101.3796173","100.6378876","98.91707462","98.72422489","98.74647678","99.13908268","99.47274618","99.53985453","100.6234229","100.1631805","98.77614597","99.36211245","98.78356327","98.23209429","98.29253551","99.35025688","99.86400725","98.04321547","96.29042007","95.48201874","96.12420671","98.03566032","102.1834391","100.7706256","99.70534905","97.59746147","93.73478448","92.12372906","89.78948876","88.68681083","88.07102964","89.10210511","91.33610196","92.56766433","93.50379602","94.12691591","95.55937545","98.65387369","100.185465","103.4757522","105.4418029","104.8220909","103.6337409","106.8072537","113.7069084","113.109463","112.889713","113.3566818","114.5241038","118.4246669","121.2951518","124.6669414","122.7441286","116.934487","116.9482214","120.4779563","126.1005492","128.1284326","125.2851711","114.5416139","100.312632","94.87114491","93.2778435","92.38276299","93.41249049","94.4186243","93.19949281","92.52640473","90.81115336","87.18631179","84.33460076","79.53105196","73.82762991","69.65779468","71.07369811","72.98836346","76.9703722","80.68416275","84.42271189","86.67987126","88.78022613","90.3812825","91.65222415","91.12816704","89.34554758","87.6578361","87.17421125","87.74308077","88.03760187","89.28427338","90.81336238","93.0121843","95.22714436","97.29686113","97.33317195","96.67554265","95.96546438","95.3118696","95.28362785","95.15855725","96.59485193","96.6427718","96.6786141","98.2357626444","97.95698925","97.51493429","97.7737953","99.22739944","98.42692155","98.83711669",
"종합","경부1권","매매수급동향","","78.81462799","82.66078184","87.76796974","90.47919294","88.77679697","88.14627995","87.45271122","86.19167718","90.47919294","90.98360656","89.78562421","90.54224464","94.0920398","97.01492537","94.90049751","93.09701493","95.58457711","91.85323383","91.23134328","94.34079602","96.45522388","100.3109453","98.00995025","97.32587065","98.08877928","98.7053021","103.2059186","109.8027127","110.0493218","110.1109741","106.364513","106.075217","106.364513","109.3539055","109.0646095","98.21600771","96.52844744","102.1215043","101.7839923","101.7839923","102.1215043","102.2179364","102.4590164","102.6518804","99.51314508","99.65920156","99.75657254","100.5842259","99.31840312","100.6329114","100.4381694","102.775073","103.067186","103.2619279","103.9922103","103.4566699","102.5803311","102.7263875","102.6290166","101.6438356","103.7442922","104.8401826","106.7123288","105.7077626","102.7853881","104.0639269","102.4657534","104.1552511","117.0776256","114.3835616","111.826484","106.6666667","97.51332149","91.42984014","85.87921847","83.8365897","83.08170515","84.90230906","89.52042629","93.51687389","98.49023091","98.6678508","102.4866785","106.2166963","107.0990359","105.2585451","105.7843996","107.1428571","104.820333","106.8361087","116.2729659","117.8040245","116.8853893","115.4418198","115.3543307","121.5223097","125.8092738","131.4523185","128.2589676","124.1469816","124.8031496","128.4776903","134.8541114","137.3740053","117.1352785","112.7851459","97.5066313","93.42175066","90.21220159","90.87533156","92.75862069","94.50636943","95.0132626","94.35013263","92.12201592","89.36339523","86.25994695","80.74270557","74.00530504","68.62068966","69.77296727","74.36642027","77.63991552","83.02534319","86.90601901","90.81309398","93.08342133","95.32734952","96.48891235","96.04012672","93.05702218","90.44350581","89.40414508","89.94818653","90.38860104","91.19170984","93.9119171","98.60103627","99.94818653","101.761658","101.8911917","101.3212435","100.8031088","100.0777202","99.30051813","98.86010363","102.3056995","101.9211066","103.2018443","106.8647540984","105.2510246","103.2018443","105.3790984","109.1188525","104.585041","105.2254098",
"종합","경부2권","매매수급동향","","82.69012486","84.05221339","83.71169126","91.14642452","91.7707151","91.54370034","90.23836549","89.44381385","90.01135074","96.08399546","93.64358683","98.4676504","95.2354874","95.72836802","95.45454545","93.26396495","93.42825849","95.61883899","95.89266156","99.94523549","106.1336254","105.4764513","103.6144578","101.8619934","101.5217391","100.1630435","104.076087","104.9456522","104.0217391","103.75","103.0464217","102.8046422","103.1431335","113.1528046","110.589942","100.8704062","97.48549323","94.72920696","94.00386847","92.40812379","92.21470019","92.0696325","92.64990329","96.80851064","95.63265306","96.32653061","97.2244898","97.51020408","97.83673469","96.36734694","95.3877551","95.63265306","95.71428571","95.30612245","97.87755102","97.75510204","98.48979592","98.7755102","99.10204082","97.41100324","97.08737864","99.59546926","98.34142395","100.9708738","98.66504854","93.77022654","96.64239482","94.90291262","101.8608414","101.6990291","99.91909385","98.01779935","93.48819497","91.96496573","90.06092917","87.31911653","87.12871287","88.53769992","88.53769992","92.15536938","90.25133283","90.55597867","91.3175933","98.70525514","103.8574578","109.5518001","109.9559148","105.8412932","103.6002939","110.9478325","113.9235856","114.474651","115.1726672","115.907421","116.6421749","119.8016165","122.1160911","125.3122704","124.3570904","119.2505511","117.6708303","119.5444526","122.1297108","125.7668712","124.6494303","114.1761613","102.3225241","96.56003506","94.08413672","92.65994741","94.23751096","92.33128834","90.40315513","89.8115688","88.97896582","84.2681858","81.9237511","79.33829974","75.70113935","71.80105171","71.70094259","73.67180805","80.09854327","83.80462725","89.46015424","90.63838903","92.95201371","95.54413025","96.76520994","96.20822622","94.77292202","92.99485861","91.93071398","91.67722856","92.52217997","94.00084495","95.75411914","97.19053654","99.89438107","101.2251796","99.64089565","98.75369666","98.22560203","97.73975496","97.42289818","97.2539079","98.22560203","97.27990033","97.73671096","99.6054817276","99.27325581","99.27325581","99.37707641","100.5606312","101.4742525","102.5747508",
"종합","서해안권","매매수급동향","","80.42279412","81.34191176","82.62867647","90.30330882","93.79595588","91.63602941","92.37132353","89.93566176","95.77205882","100.1838235","99.44852941","97.93198529","99.32614555","99.86522911","101.572327","99.05660377","98.42767296","98.02336029","97.03504043","96.81042228","101.572327","100.8086253","100.853549","98.83198562","95.56848702","98.07520143","100.5371531","101.6114593","101.7905103","101.3876455","99.38791125","98.35501148","98.08722265","99.00535578","98.6993114","96.63351186","98.08722265","98.0489671","98.0489671","98.31675593","97.85768936","97.09257842","97.89594491","98.89058914","99.6676514","101.0339734","101.070901","100.9231905","100.9231905","100.4800591","100.295421","100.1477105","99.85185185","100.1107829","99.85228951","100.4431315","100.4431315","99.74150665","99.77843427","98.89410188","99.39678284","100.0670241","100.2680965","94.23592493","91.68900804","91.75603217","95.54289544","102.580429","102.2117962","100.0335121","97.58713137","97.0844504","94.36090226","92.54385965","90.41353383","89.81829574","88.18922306","91.04010025","95.08145363","94.54887218","97.30576441","98.68421053","100.1566416","101.8170426","99.91113744","104.2061611","108.5112693","107.9680095","107.7606635","108.9454976","112.4703791","109.7156398","109.2417062","110.6338863","110.1599526","112.4111374","114.4253555","118.6315166","120.7938389","116.8246445","118.6611374","124.2298578","133.7730871","134.6965699","131.4313984","115.2209763","100.6431398","94.17875989","93.71494556","93.51912929","94.34366755","97.03166227","94.68997361","95.28364116","93.50263852","88.07717678","83.37730871","79.71635884","71.89973615","68.86543536","72.6532567","75.28735632","80.30012771","85.02554278","88.44189017","90.4054917","93.29501916","94.71583653","95.38633461","94.23690932","92.27330779","90.58109834","90.62015504","90.62015504","90.43410853","91.76744186","92.3875969","95.37984496","96.51162791","98.17054264","98.3255814","97.33333333","96.46511628","95.96899225","95.98449612","96.12403101","97.2248062","97.54423429","97.5747407","98.230628432","98.33740085","98.0933496","98.5356925","99.83221477","99.28309945","100.076266",
"종합","동부1권","매매수급동향","","73.52320675","73.41772152","77.00421941","85.65400844","89.97890295","89.76793249","89.53488372","86.99788584","90.27484144","90.80338266","89.74630021","89.53488372","94.90644491","94.38669439","95.32224532","95.42619543","95.84199584","96.88149688","96.46569647","95.84199584","98.85654886","100.4158004","98.02494802","99.06444906","99.9001996","100.1996008","101.1976048","105.2894212","106.7864271","103.7924152","98.83585565","98.31199069","98.95227008","99.47613504","100.0582072","100.1164144","99.88358556","99.76717113","99.70896391","100","100.0582072","100.0582072","100.0582072","100","100","101.0169492","101.1864407","98.75706215","98.30508475","98.13559322","97.40112994","97.10556186","97.90011351","99.65947787","101.5891033","100.0564972","99.66101695","99.94350282","99.49152542","100.3802281","99.74651458","98.60583016","100","101.5209125","102.4081115","101.2674271","98.85931559","102.2179975","106.4638783","102.2813688","102.2179975","100.5069708","94.90740741","99.47916667","96.99074074","96.75925926","96.12268519","96.75925926","100.2314815","103.6458333","103.4143519","103.587963","103.587963","104.224537","106.5673289","108.3333333","110.3752759","110.7064018","106.8984547","110.209713","121.3576159","119.1501104","119.0397351","117.4944812","118.1015453","121.5231788","123.6203091","126.3796909","125.4415011","115.2317881","116.0596026","118.7637969","116.6192171","119.8932384","118.4697509","110.8540925","98.00711744","95.05338078","93.4519573","92.34875445","92.09964413","95.37366548","93.55871886","91.38790036","89.53736655","86.08540925","85.01779359","79.64412811","75.51601423","68.86120996","70.76002815","70.37297678","72.51935257","76.56579873","83.67346939","86.0661506","88.91625616","89.33849402","90.39408867","89.86629134","89.26812104","86.6643209","85.83735355","87.2157133","87.62922123","90.66161268","92.45348036","93.03928325","96.17505169","99.48311509","99.68986906","99.17298415","98.75947622","97.07098553","96.38180565","97.45003446","99.17298415","99.28180575","98.80300958","100.170998632","100.752394","100.7865937","100.4103967","103.1463748","103.248974","102.5991792",
"종합","동부2권","매매수급동향","","78.62903226","88.10483871","87.09677419","88.91129032","81.85483871","82.66129032","83.46774194","81.85483871","82.25806452","82.66129032","83.46774194","84.67741935","85.8778626","86.64122137","84.35114504","85.49618321","86.25954198","85.49618321","87.40458015","100.5725191","100.5725191","100.5725191","100.7633588","100.7633588","101.0638298","101.2411348","101.9503546","102.4822695","102.4822695","102.3049645","101.3186813","101.3186813","101.4285714","102.3076923","102.0879121","101.6483516","101.3186813","101.6483516","101.7582418","101.4285714","102.1978022","102.1978022","102.0879121","102.0879121","101.7598344","102.5879917","102.2774327","101.3457557","101.7598344","101.7598344","104.0372671","102.8985507","102.8985507","102.6915114","102.173913","102.173913","101.3457557","104.0372671","101.7598344","99.73753281","99.73753281","100.5249344","101.1811024","100.1312336","98.42519685","99.47506562","98.29396325","97.63779528","96.58792651","90.28871391","90.02624672","85.95800525","86.23737374","85.73232323","83.20707071","83.33333333","84.97474747","85.47979798","89.26767677","89.01515152","89.34010152","89.08629442","90.60913706","89.77272727","88.47087379","89.92718447","88.22815534","89.92718447","87.98543689","90.16990291","92.11165049","91.50485437","91.26213592","91.74757282","91.38349515","95.50970874","96.84466019","98.54368932","97.57281553","93.44660194","99.39320388","100.9708738","108.3992095","112.055336","119.8616601","114.229249","110.5731225","103.1620553","101.5810277","100.9881423","101.3833992","102.8656126","102.4703557","101.4822134","99.01185771","98.41897233","97.43083004","91.60079051","82.31225296","76.58102767","72.57142857","72.19047619","72.38095238","73.80952381","78.76190476","85.42857143","83.14285714","82.76190476","84.19047619","85.33333333","83.23809524","82","80.50847458","82.76836158","82.01506591","82.20338983","82.01506591","87.19397363","89.5480226","91.71374765","93.31450094","94.35028249","92.56120527","94.35028249","94.5386064","95.10357815","93.12617702","95.21988528","95.41108987","96.4627151052","96.46271511","94.26386233","93.40344168","92.63862333","92.54302103","93.0210325",
"종합","경의권","매매수급동향","","75.83056478","66.5282392","66.86046512","67.44186047","74.41860465","74.75083056","74.00332226","73.58803987","76.57807309","79.31893688","81.1461794","82.05980066","81.74726989","82.21528861","87.83151326","87.75351014","88.3775351","92.51170047","94.46177847","94.69578783","99.53198128","99.37597504","99.53198128","98.36193448","97.66917293","100","102.1804511","102.9323308","103.1578947","103.3834586","108.0823293","105.9738956","107.0281124","108.1827309","107.3293173","105.7730924","105.62249","105.62249","104.5682731","104.4678715","104.4678715","104.3674699","104.3674699","104.6686747","104.7323136","105.6883365","104.6845124","103.3460803","101.5296367","101.290631","101.6730402","102.5334608","104.3977055","103.6328872","105.83174","104.0630975","95.93690249","98.66156788","95.98470363","91.4516129","89.46236559","91.72043011","93.06451613","87.47311828","85.64516129","85.32258065","84.67741935","84.03225806","86.61290323","89.67741935","91.55913978","89.35483871","87.04268293","85.72154472","85.51829268","87.85569106","88.21138211","87.95731707","87.44918699","89.88821138","88.36382114","89.02439024","90.29471545","93.75","97.20347155","102.0732883","104.9180328","104.7251688","104.9662488","108.3895853","119.045323","117.5988428","116.1041466","118.1774349","123.7222758","129.7010608","131.8225651","132.6422372","124.87946","117.2131148","115.4291225","117.5988428","120.8937899","124.8403947","134.6778874","121.9094602","97.7945444","91.06210099","91.41033082","88.18920488","89.55310505","89.78525827","89.58090803","88.04410911","85.7225769","83.40104469","80.96343587","70.92280905","66.4828787","63.29077191","62.80179674","64.20550253","68.02358226","69.51151039","71.02751263","72.4031443","74.17181359","75.57551937","78.29870859","79.78663672","77.68107805","76.89500281","77.20547945","78.46575342","78.82191781","79.5890411","80.08219178","79.69863014","84.24657534","87.89041096","89.78082192","88.76712329","87.64383562","86.49315068","87.91780822","86.87671233","88.10958904","88.65979381","87.92729246","89.0124796527","88.33423766","87.95442214","87.14053174","87.22192078","86.43516007","85.97395551",
"종합","경원권","매매수급동향","","80.81683168","81.80693069","84.9009901","97.77227723","101.8564356","95.2970297","78.83663366","78.34158416","82.92079208","98.39108911","95.66831683","88.11881188","92.57425743","95.79207921","106.8069307","95.54455446","92.07920792","92.45049505","91.46039604","92.07920792","99.75247525","105.1980198","103.4653465","104.8267327","103.3007335","102.5672372","104.400978","102.5672372","104.2787286","105.3789731","105.0251256","104.7738693","104.5226131","105.2763819","106.3651591","102.680067","102.4288107","102.5963149","102.3450586","102.3450586","105.8626466","105.6951424","104.1038526","104.0201005","102.6352288","105.6171983","106.1719834","103.3980583","91.47018031","91.67822469","92.99583911","93.06518724","92.51040222","92.16366158","92.16366158","92.16366158","92.02496533","92.02496533","92.09431345","98.70503597","98.84892086","99.13669065","99.13669065","97.98561151","97.84172662","97.84172662","97.48201439","98.41726619","98.27338129","98.1294964","98.1294964","97.76978417","98.86363636","96.09375","94.95738636","90.69602273","89.20454545","86.71875","86.64772727","79.47443182","80.32670455","81.53409091","82.24431818","84.30397727","86.17166213","91.34877384","93.80108992","93.32425068","95.23160763","97.07084469","107.2888283","109.400545","110.8310627","111.852861","114.9182561","117.9836512","124.5231608","128.0653951","123.4332425","116.5531335","112.5340599","118.2561308","126.6467066","121.5568862","119.6107784","109.2814371","102.3952096","97.95409182","94.66067864","94.06187625","94.4","93.46307385","92.66467066","91.71656687","90.76846307","89.42115768","87.3253493","85.67864271","81.03792415","77.69461078","81.21359223","81.11650485","82.47572816","84.61165049","83.30097087","84.95145631","85.63106796","87.33009709","88.44660194","85.4368932","84.70873786","84.41747573","84.35150376","85.38533835","85.90225564","86.09022556","89.9906015","92.10526316","92.76315789","93.75","92.66917293","92.95112782","92.81015038","92.48120301","92.62218045","91.96428571","93.46804511","93.70982553","92.51606979","93.6179981635","94.07713499","95.04132231","94.85766758","94.94949495","94.71992654","94.90358127",
"종합","인천","매매수급동향","","60.65830721","62.06896552","62.74817137","64.17364017","67.20711297","68.77615063","67.31171548","64.43514644","66.10878661","79.44560669","79.70711297","79.18410042","78.35519677","79.61654894","83.1987891","81.13017154","83.65287588","85.16649849","85.41876892","87.23511604","88.44601413","89.7073663","89.80827447","89.15237134","89.41825476","91.97592778","92.72818455","94.63390171","94.5336008","95.83751254","96.74254317","96.7032967","96.89952904","97.40973312","97.40973312","97.40973312","97.8021978","97.52747253","97.37048666","97.64521193","97.76295133","97.88069074","96.42857143","96.35007849","93.74034003","98.14528594","97.0633694","96.79289026","96.75425039","94.31993818","94.55177743","96.13601236","97.25656878","97.95208655","96.94744977","100.8500773","100.3477589","100.5409583","100.927357","99.86013986","100.034965","100.034965","100.2797203","95.45454545","92.83216783","92.86713287","91.92307692","90.62937063","93.42657343","94.82517483","98.39160839","99.3006993","94.33447099","92.90102389","92.52559727","91.97952218","92.15017065","91.02389078","91.97952218","91.9112628","95.56313993","96.6552901","96.51877133","98.36177474","99.53825858","101.8139842","106.4643799","107.651715","107.8825858","107.1240106","107.2889182","103.5290237","102.4406332","105.7387863","107.9155673","109.3337731","109.6306069","115.5013193","115.2704485","116.0290237","116.5237467","121.8997361","121.5167889","124.5272096","126.4376689","113.5854882","101.4859128","100.135083","97.45272096","95.36679537","93.65109996","96.23697414","94.19143188","93.74517375","89.2126592","86.22153609","81.18487071","77.84639135","73.19567734","69.25897337","71.58748115","73.13348416","75.86726998","80.88235294","84.70965309","87.00980392","87.29260935","88.66892911","89.70588235","88.98944193","86.01055807","85.70889894","85.62019759","86.84595682","87.37650933","87.96194658","90.90742774","93.26747164","93.9992682","97.9143798","95.46286132","94.84083425","92.68203439","90.32199049","91.1269667","91.21844127","90.90742774","93.69580925","93.60549133","93.948699422","93.24421965","93.53323699","95.88150289","97.5433526","99.42196532","99.58453757",
"종합","부산","매매수급동향","","76.39973958","77.60416667","81.21744792","86.26302083","90.55989583","87.98828125","84.27734375","86.97916667","90.234375","95.27994792","94.20572917","93.75","93.86406545","96.19017632","95.30856423","94.26952141","94.77329975","94.61586902","93.82871537","98.0163728","100.9130982","105.3211587","103.7468514","99.05541562","99.65902046","100.8059516","107.9975201","106.5716057","104.7737136","103.8747675","103.88666","102.2818455","102.4573721","104.7893681","105.441324","98.16950853","96.21364092","95.06018054","96.2888666","97.11634905","97.89368104","98.64593781","99.34804413","105.0150451","105.6886228","109.3812375","109.5558882","103.1187625","102.8193613","102.1207585","103.0938124","103.4431138","103.493014","105.489022","104.8153693","102.3702595","99.6756487","98.55289421","97.62974052","83.56130923","82.80410357","82.85295554","83.07278945","79.75085491","77.91890572","76.64875427","74.91450904","72.10552027","70.78651685","69.12554958","66.34098681","65.26624328","59.18168534","58.0857282","57.45250852","57.98830979","58.0857282","57.54992694","56.62445202","55.86945933","56.74622504","57.18460789","67.26741354","72.77155382","75.60627675","77.00903471","76.65240133","70.73228721","72.53922967","73.46647646","85.06894912","87.85068949","89.82406087","91.44079886","99.33428436","107.0613409","108.1074655","107.7746077","105.7299097","101.5929624","102.7104137","106.8473609","117.795858","119.6301775","118.535503","112.4408284","98.57988166","95.99112426","95.59171598","95.42899408","96.65680473","98.34319527","97.33727811","97.17455621","94.17159763","89.61231133","86.83431953","83.49112426","77.13017751","73.47633136","75.62553926","76.54587288","79.53695715","82.05349439","83.46275525","84.4118493","83.69283865","84.1961461","85.11647972","83.98044291","82.32671844","81.76589014","82.12069938","79.72363226","80.96446701","82.24760293","82.67061478","82.31810491","83.60124083","85.02538071","85.12408347","83.61534123","83.09362662","82.75521715","82.41680767","82.41680767","81.81049069","82.11370673","81.56487475","81.6493104419","83.25358852","84.60455953","85.40669856","85.91331269","87.34871939","87.48944554",
"종합","중부산권","매매수급동향","","66.03221083","66.47144949","76.06149341","80.08784773","86.60322108","79.94143485","78.40409956","85.50512445","92.38653001","95.68081991","93.33821376","90.04392387","90.96045198","93.92655367","95.33898305","93.8559322","94.42090395","95.6920904","95.05649718","96.18644068","99.43502825","104.9435028","100","98.16384181","97.88135593","98.02259887","103.6016949","103.1779661","102.1186441","103.2485876","102.2780374","101.1098131","101.8107477","101.4018692","100.817757","97.2546729","99.00700935","99.06542056","98.71495327","99.06542056","100.7009346","101.2850467","102.5700935","105.9579439","105.8411215","108.7616822","109.6962617","107.1261682","106.3084112","104.9065421","105.4906542","105.1401869","105.6658879","105.9579439","108.0023364","107.8271028","104.4392523","103.6214953","103.3294393","79.30232558","79.30232558","78.72093023","81.45348837","75.46511628","74.36046512","72.20930233","71.1627907","71.22093023","70.87209302","68.6627907","67.26744186","67.26744186","65.48881037","64.60541814","61.18963486","61.77856302","62.01413428","61.54299176","59.89399293","58.83392226","60.18845701","60.9540636","74.49941107","79.62308598","84.73019518","85.8783008","85.5912744","76.00459242","78.35820896","77.38231917","93.05396096","95.17795637","95.29276693","97.07233065","102.8702641","106.4293915","106.2571757","106.7738232","103.8461538","98.163031","100.0574053","104.1905855","116.2917271","116.509434","115.2394775","112.0464441","101.4150943","98.83889695","98.47605225","98.6574746","98.83889695","98.91146589","97.16981132","97.9317852","96.87953556","89.73149492","86.24818578","83.99854862","80.91436865","78.01161103","79.99299229","80.48353189","84.19761738","87.24597057","87.03573931","87.49124036","85.45900491","85.52908199","86.72039243","85.87946741","83.28661528","83.25157673","84.46038251","82.27459016","84.05054645","85.10928962","86.68032787","85.55327869","88.21721311","89.85655738","89.92486339","87.90983607","87.70491803","86.40710383","86.47540984","87.39754098","86.2363388","85.99458728","85.58863329","85.7239512855","87.68606225","88.76860622","88.70094723","89.37753721","91.84709066","92.05006766",
"종합","동부산권","매매수급동향","","77.96803653","80.25114155","79.56621005","89.04109589","92.80821918","91.43835616","84.13242009","82.76255708","83.21917808","93.94977169","93.60730594","94.40639269","95.61403509","96.04395604","90.98901099","90.32967033","89.45054945","90.43956044","90","104.1758242","106.3736264","113.1868132","110.6593407","101.6483516","103.5407725","106.223176","113.6266094","111.9098712","108.7982833","105.472103","109.3162393","107.3504274","107.6068376","110.4273504","112.1367521","93.24786325","90","89.31623932","90.25641026","91.1965812","91.28205128","91.79487179","91.36752137","107.6068376","110.6837607","116.7521368","114.957265","101.2820513","101.4529915","101.3675214","102.2222222","102.0512821","100.4273504","101.8803419","98.54700855","92.99145299","90.17094017","84.61538462","84.61538462","82.06039076","80.81705151","80.81705151","79.39609236","76.64298401","75.22202487","74.95559503","75.31083481","71.669627","67.40674956","66.1634103","60.56838366","59.59147425","50.69084629","50.34542314","51.89982729","53.54058722","52.84974093","52.33160622","52.50431779","52.33160622","52.59067358","52.59067358","67.96200345","78.58376511","79.86463621","81.30287648","78.17258883","72.25042301","75.21150592","77.58037225","91.28595601","93.90862944","98.81556684","100","106.5143824","114.3824027","116.751269","116.2436548","114.3824027","108.9678511","108.3756345","111.0829103","117.9154659","121.7579251","121.5658021","114.4572526","97.88664745","93.9481268","93.51585014","92.74735831","96.10951009","99.2795389","98.75120077","97.07012488","91.4024976","87.6560999","85.06243996","80.21133525","74.63976945","71.42170989","72.9011194","74.25373134","76.5858209","78.91791045","81.7630597","83.48880597","85.02798507","85.9608209","86.70708955","85.12126866","83.53544776","83.16231343","82.85976169","78.64344638","79.01008249","82.12648946","83.08890926","84.05132906","85.97616865","87.25939505","87.58020165","86.57195234","85.24289643","86.02199817","84.92208983","84.64711274","85.38038497","85.98345588","84.92647059","86.4889705882","88.74080882","90.85477941","92.00367647","92.60110294","94.07169118","93.38235294",
"종합","서부산권","매매수급동향","","91.80722892","93.13253012","91.44578313","93.4939759","94.69879518","97.59036145","94.09638554","93.85542169","94.09638554","96.02409639","96.26506024","99.15662651","96.82352941","100.1176471","99.88235294","99.17647059","101.0588235","97.29411765","95.88235294","94.47058824","97.52941176","97.52941176","102.5882353","97.76470588","98.40546697","99.54441913","109.1116173","106.3781321","104.7835991","103.1890661","100.6329114","98.73417722","98.01084991","104.0687161","105.5153707","104.7920434","98.46292948","94.93670886","98.91500904","100.3616637","100.5424955","101.8083183","102.8028933","100.8137432","100.2664298","102.6642984","103.7300178","98.93428064","98.93428064","98.6678508","100.3552398","102.3090586","103.374778","108.5257549","106.4831261","103.8188277","102.3090586","105.3285968","102.4866785","90.78525641","89.42307692","90.38461538","88.62179487","88.46153846","85.25641026","84.29487179","79.7275641","73.71794872","73.71794872","72.43589744","70.2724359","67.62820513","58.48","56.4","57.52","56.96","57.6","56.96","56","55.12","55.92","56.32","56.8","58.08","59.28237129","60.99843994","63.10452418","62.16848674","62.16848674","64.3525741","68.48673947","72.30889236","74.10296412","75.89703588","87.90951638","101.1700468","102.6521061","101.326053","100.3120125","99.45397816","101.0920437","106.5522621","119.8231009","121.8002081","119.9791883","110.8220604","95.2653486","94.1207076","93.70447451","93.70447451","94.1207076","96.51404787","96.04578564","96.20187305","93.28824142","91.5625","89.59417274","86.31633715","74.40166493","69.1987513","72.2392638","73.31288344","75.97137014","77.91411043","80.11247444","80.93047035","79.65235174","80.31697342","81.03271984","79.9591002","79.60122699","78.06748466","77.8506559","77.14429869","78.55701312","78.15338042","76.28657921","75.63067608","74.16750757","75.42885974","75.32795156","74.01614531","73.91523713","73.76387487","73.6629667","72.60343088","71.34207871","72.03647416","71.83383992","70.2127659574","70.56737589","71.47922999","73.20162107","73.35359676","73.20162107","74.16413374",
"종합","대구","매매수급동향","","96.74295775","97.62323944","98.41549296","102.1164021","99.02998236","96.82539683","90.91710758","85.71428571","91.18165785","94.79717813","94.35626102","92.49116608","93.5042735","91.11111111","87.94871795","89.14529915","87.43589744","92.13675214","93.07692308","97.77777778","100.5982906","101.3675214","102.6495726","97.60683761","97.02380952","94.72789116","97.44897959","94.64285714","94.47278912","95.32312925","95.92123769","99.64838256","97.96061885","100.9845288","102.1800281","97.74964838","97.46835443","98.10126582","98.73417722","99.85935302","98.17158931","97.46835443","98.94514768","97.39803094","101.1228534","101.4531044","100.5284016","103.5667107","103.5006605","102.3117569","102.1796565","102.1136063","101.0568032","100.8586526","99.33949802","103.1043593","102.1796565","102.6420079","103.8969617","100.660793","101.3215859","101.8171806","93.503772","93.92288349","92.24643755","90.69572506","91.57585918","92.87510478","98.07208718","102.2212909","101.5088013","100.2095557","97.76785714","99.02597403","98.29545455","97.88961039","97.36201299","98.1737013","98.86363636","98.82305195","99.75649351","101.6233766","102.7191558","104.0584416","107.5660528","107.806245","103.082466","95.95676541","98.91913531","105.2041633","107.7261809","113.6108887","115.48","118.88","120.92","127.32","126.4","129.16","123.84","118.76","109.28","109.08","102.5282167","103.9051919","99.09706546","97.08803612","91.1738149","87.74266366","85.75620767","82.57336343","80.85778781","80.60948081","80.58690745","79.43566591","79.05191874","76.33242999","75.28216704","73.20541761","67.08803612","63.31828442","65.93528369","67.26507092","72.76152482","74.55673759","81.05053191","81.18351064","80.73861123","83.98938523","85.36045997","85.86908448","82.55196816","80.82706767","79.28141136","77.83993115","78.11962134","79.47504303","79.883821","78.54991394","80.44320138","80.24956971","81.88468158","81.51893287","81.51893287","80.33562823","79.00172117","80.01290878","79.96987952","78.95860009","78.29705506","79.257362356","77.55014938","78.14767392","78.44643619","78.76653863","79.89756722","80.11096884",
"종합","광주","매매수급동향","","99.0942029","99.63768116","100.8152174","98.82246377","99.18478261","99.63768116","100","99.18330309","99.36479129","100.2722323","99.7277677","99.00181488","99.46808511","99.55673759","100.1776199","99.55595027","98.93428064","98.6678508","100.1776199","99.55595027","100.1776199","99.91119005","99.46714032","99.02309059","98.26989619","98.35640138","98.44290657","99.48096886","101.0380623","101.1245675","97.30538922","97.30538922","96.85628743","97.15568862","97.67964072","97.67964072","97.67964072","97.60479042","97.60479042","98.05389222","98.05389222","97.82934132","98.20359281","97.38023952","97.74281806","97.87961696","97.87961696","98.29001368","99.11080711","98.15321477","97.81121751","96.44322845","96.71682627","95.82763338","97.6744186","96.92202462","96.92202462","97.74281806","100.1367989","103.3659731","104.5287638","104.6511628","104.8347613","105.3855569","104.2839657","105.4467564","104.0391677","103.5495716","105.997552","107.2827417","107.8947368","105.3855569","103.0389908","104.2431193","103.6697248","100.2293578","95.87155963","93.9793578","94.43807339","95.58486239","96.10091743","96.04357798","97.82110092","98.96788991","96.95945946","98.64864865","98.02927928","96.79054054","96.4527027","96.17117117","95.88963964","96.34009009","95.88963964","97.52252252","104.5045045","116.8918919","113.231982","109.9662162","109.5720721","108.4459459","107.8265766","109.3468468","113.0704042","116.0365059","118.1877445","114.3741851","104.2046936","101.5319426","101.1734029","100.7170795","101.0430248","100.9778357","101.4993481","100.9126467","99.1851369","97.32724902","92.07953064","90.51499348","82.4315515","77.96610169","81.63787588","82.08573257","82.4056302","84.5809341","88.41970569","90.37108125","91.93857965","94.40179143","96.64107486","98.4325016","97.08893154","94.84964811","92.97752809","92.07240949","94.38202247","93.6329588","93.78901373","93.88264669","94.35081149","95.09987516","95.2247191","94.25717853","94.28838951","93.75780275","93.25842697","93.47690387","92.13483146","90.32663317","91.4258794","92.5879396985","93.53015075","95.69723618","96.26256281","97.20477387","99.81155779","99.43467337",
"종합","대전","매매수급동향","","110.1466993","109.2298289","109.4743276","113.3863081","115.2200489","114.4865526","114.3031785","114.4254279","113.3863081","114.8533007","115.4222766","115.5446756","114.2086331","112.9496403","112.1702638","111.0911271","108.0432173","107.7430972","108.2232893","108.9435774","109.6638655","109.3637455","111.4645858","111.3445378","114.8681055","115.7074341","116.5467626","116.7266187","116.7266187","118.0455635","115.5688623","116.1676647","116.9660679","115.7185629","115.4690619","107.2854291","104.9401198","95.75848303","85.22954092","84.13173653","84.68063872","84.13173653","83.68263473","85.72854291","82.15324927","84.19010669","87.24539282","88.36081474","86.46944714","88.98058252","88.98058252","91.07662464","91.6585839","92.14354995","94.03491756","98.30261882","97.62366634","96.07177498","94.76236663","89.31265717","89.64794635","89.89941324","101.4317181","100.0550661","99.88986784","100.6057269","101.1013216","101.6519824","101.8722467","105.1211454","105.6718062","104.6806167","102.2900763","102.5627045","101.9629226","100.1635769","101.5267176","100.5997819","107.0883315","110.1417666","111.6684842","111.9956379","113.4133043","115.8669575","112.378902","114.0473628","115.6620022","112.5941873","109.795479","116.5231432","115.5005382","114.4241119","114.6932185","115.0161464","117.3304629","120.7212056","118.729817","123.1431647","120.5597417","117.2766416","120.452099","122.3896663","125.7307954","125.560843","125.2549286","110.774983","102.9231815","96.15907546","94.6974847","92.48810333","94.20190996","94.49354181","93.3378654","94.56152277","93.26988443","89.87083617","87.72943576","85.45207342","76.68252889","70.05438477","72.32977303","73.39786382","74.59946595","77.0694259","79.33911883","79.77303071","81.24165554","84.84646195","88.95193591","88.78504673","88.31775701","86.91588785","91.96078431","91.17647059","90.26143791","90.39215686","94.11764706","93.7254902","94.70588235","94.73856209","95.29411765","94.31372549","95.06535948","95.58823529","95.68627451","95.52287582","94.70588235","94.43712969","93.0875576","93.844634628","94.8321264","96.60961159","96.41211323","96.93877551","98.45292956","99.47333772",
"종합","울산","매매수급동향","","97.60994264","96.27151052","94.26386233","96.65391969","96.27151052","98.18355641","98.18355641","95.31548757","95.41108987","101.1472275","101.7241379","100.0957854","98.68173258","100.7561437","101.8903592","99.90548204","100.3780718","106.6162571","107.8449905","105.9546314","102.268431","103.2136106","101.8903592","102.0793951","102.4118738","103.1539889","105.8441558","106.122449","105.7513915","105.380334","104.0277778","104.3055556","106.5277778","108.3333333","106.4583333","106.6666667","109.5833333","107.5694444","106.5277778","103.75","102.9861111","103.4027778","101.6666667","86.94444444","83.41935484","84.12903226","84.64516129","84.25806452","83.35483871","84.77419355","85.41935484","83.35483871","83.61290323","83.22580645","83.74193548","83.93548387","84.12903226","84.12903226","83.16129032","90.25670945","86.40606768","89.78996499","88.91481914","81.68028005","78.41306884","76.72112019","72.87047841","68.31971995","68.37806301","66.51108518","64.81913652","63.47724621","60.43329532","61.63055872","61.17445838","61.45952109","62.20068415","62.54275941","63.11288483","64.19612315","63.22690992","66.19156214","72.06385405","76.85290764","78.66741321","80.45912654","81.01903695","80.29115342","79.11534155","80.68309071","90.8174692","86.39417693","87.73796193","90.48152296","97.48040314","99.72004479","100.6159015","100.3359462","99.94400896","97.20044793","92.10526316","94.28891377","109.3553459","111.9889937","112.1069182","106.5251572","98.27044025","97.68081761","92.80660377","91.66666667","91.74528302","91.43081761","91.07704403","89.85051141","86.03461841","85.73113208","84.23742138","84.39465409","81.91823899","79.95283019","79.53834116","78.99061033","78.32550861","77.97339593","77.50391236","77.69953052","80.20344288","82.35524257","84.27230047","84.85915493","84.3114241","83.95931142","84.18406806","84.22273782","83.41067285","83.17865429","83.29466357","84.06805878","84.7254447","84.76411446","85.92420727","86.38824439","86.774942","86.774942","86.00154679","87.5483372","88.24439288","90.15625","90.15625","90.8203125","91.8359375","92.5","92.96875","94.2578125","94.8828125","96.3671875",
"종합","세종","매매수급동향","","115","110","109.1666667","107.5","107.5","103.3333333","102.5","101.6666667","101.6666667","101.6666667","105.2631579","102.6315789","97.42857143","104.2857143","104.3352601","103.1791908","103.1791908","102.5714286","95.90643275","97.07602339","90.28571429","102","94.85714286","96","87.19806763","94.20289855","96.1352657","92.75362319","90.09661836","91.30434783","95","94.72972973","94.86486486","93.51351351","94.86486486","93.64864865","95","95.13513514","96.62162162","96.35135135","95.40540541","96.62162162","97.83783784","100.8108108","103.0337079","103.7078652","104.8314607","101.4606742","101.1235955","96.51685393","101.3483146","101.3483146","111.6853933","118.4269663","122.4719101","112.247191","100.5617978","105.6179775","99.43820225","107.5144509","108.9595376","105.3468208","108.2369942","113.4393064","106.2138728","106.3583815","107.6589595","105.7803468","106.5028902","105.0578035","102.8901734","101.8786127","105.3984576","101.285347","102.8277635","96.27249357","91.64524422","87.78920308","89.97429306","94.98714653","97.1722365","100","98.58611825","100.5141388","101.4457831","107.2289157","107.2289157","104.8192771","102.2891566","104.4578313","117.3493976","117.5903614","120.1204819","122.6506024","118.6746988","118.313253","114.6987952","111.4457831","110.9638554","108.7951807","98.07228916","90.60240964","92.44306418","92.33954451","97.20496894","96.6873706","95.44513458","86.85300207","93.06418219","93.47826087","95.54865424","92.96066253","90.0621118","89.85507246","89.54451346","86.12836439","84.05797101","82.50517598","69.15113872","60.14492754","63.56435644","70.89108911","89.10891089","98.81188119","99.30693069","100.3960396","98.81188119","95.34653465","95.84158416","94.05940594","93.16831683","92.57425743","91.92607004","91.43968872","89.0077821","89.49416342","88.42412451","90.17509728","89.59143969","91.53696498","91.53696498","91.34241245","90.75875486","92.0233463","90.75875486","90.85603113","90.27237354","102.1568627","102.4509804","100.3921568627","99.01960784","101.0784314","100.0980392","100","100.7843137","101.1764706",
"종합","강원","매매수급동향","","93.28552803","93.08996089","94.78487614","96.74054759","95.04563233","92.63363755","94.4589309","95.89308996","97.58800522","97.26205997","97.39243807","97.65319426","96.81404421","97.07412224","97.33420026","96.15885417","95.24739583","94.27083333","95.18229167","95.76822917","95.05208333","95.3125","95.76822917","99.28385417","99.86996099","100.9752926","101.4304291","103.2679739","98.37451235","97.85435631","97.33978235","98.60943168","98.24667473","98.36759371","100.0604595","100.0604595","98.97218863","99.27448609","98.4885127","98.18621524","98.06529625","96.97702539","96.97702539","97.58162031","99.64664311","99.94110718","100.7656066","99.94110718","99.94110718","99.94110718","99.82332155","97.11425206","97.46760895","97.76207303","102.2968198","103.4746761","105.1825677","105.7714959","97.93875147","95.02688172","96.37096774","97.58064516","97.51344086","95.69892473","94.69086022","91.26344086","91.73387097","91.39784946","90.18817204","87.09677419","86.35752688","85.81989247","85.40829987","85.8768407","85.00669344","82.7978581","82.46318608","82.06157965","80.52208835","80.12048193","79.25033467","79.31726908","79.98661312","80.12048193","82.89299868","84.58498024","84.32147563","82.80632411","84.58498024","91.30434783","95.52042161","95.71805007","95.58629776","96.37681159","99.34123847","104.2819499","105.8629776","106.7852437","108.4980237","108.6956522","108.8932806","109.9472991","112.1630961","114.0290256","117.5535591","107.0145128","105.6323428","102.6606773","102.4187975","101.796821","102.902557","102.9371113","102.8680028","102.2460263","100.967519","99.032481","96.47546648","94.64409122","91.63787146","89.8064962","89.28806856","88.99143045","89.84838497","89.81542518","88.69479235","89.84838497","91.62821358","92.84772577","93.44100198","94.36387607","94.33091628","91.95781147","92.30267449","92.17221135","91.09589041","93.70515329","94.68362688","92.95499022","96.64057404","98.69536856","97.74951076","96.9667319","95.89041096","96.54272668","95.75994781","96.83626875","97.12981083","95.96666667","96.2","96.5","96.63333333","96.33333333","97.3","97.3","96.6","98.06666667",
"종합","충북","매매수급동향","","101.2549538","101.9815059","101.9815059","103.042328","101.1243386","101.2566138","100.7936508","101.1243386","100.8597884","101.3888889","101.4569536","101.589404","102.0997375","101.7060367","102.5590551","102.0997375","102.7559055","102.7559055","101.010101","101.5782828","101.1363636","101.2626263","101.3257576","101.5782828","101.3240858","100.9457755","101.3240858","101.3240858","101.0718789","101.4501892","100.4395604","100.3846154","100.3846154","100.2747253","100.3846154","100.4945055","100.5494505","100.1648352","100.1098901","100.2747253","100.3846154","99.83516484","99.06593407","98.51648352","97.90772532","96.51287554","97.53218884","97.47854077","97.2639485","97.21030043","97.63948498","96.94206009","97.74678112","97.85407725","98.06866953","97.15665236","96.4055794","95.70815451","95.01072961","90.06342495","90.27484144","90.75052854","91.17336152","89.79915433","88.42494715","89.16490486","87.52642706","87.42071882","87.8435518","86.6807611","87.26215645","87.05073996","77.84026997","78.45894263","77.33408324","77.84026997","77.55905512","77.05286839","76.94038245","76.4904387","76.04049494","76.20922385","76.09673791","75.75928009","77.71679473","80.18660812","80.46103183","80.84522503","84.13830955","92.86498353","94.45664105","94.67618002","93.96267838","93.24917673","95.11525796","99.01207464","99.23161361","99.67069155","101.9758507","101.701427","101.3172338","103.4577387","114.9870801","119.1537468","115.2131783","110.2713178","103.4560724","97.6744186","99.90310078","99.87080103","99.38630491","99.74160207","99.06330749","98.96640827","98.64341085","97.02842377","96.02713178","95.31653747","90.05167959","87.69379845","85.50314465","84.74842767","85.97484277","87.64150943","90.66037736","91.69811321","93.17610063","93.42767296","96.25786164","97.64150943","96.50943396","95.91194969","95.07481297","93.42269327","95.23067332","94.51371571","94.54488778","93.48503741","94.13965087","95.16832918","94.48254364","95.26184539","96.25935162","95.32418953","95.13715711","96.29052369","95.7605985","96.31979695","96.54187817","96.7005076142","97.81091371","97.14467005","97.36675127","96.35152284","95.81218274","95.62182741",
"종합","충남","매매수급동향","","100.5319149","101.2765957","102.5531915","103.3510638","104.5744681","104.1489362","100.4787234","99.94680851","102.8723404","105.3723404","106.7092652","101.6506922","101.2939959","103.6749482","101.7598344","102.7950311","102.2256729","104.5031056","104.7101449","103.7267081","104.9171843","104.7101449","103.8302277","101.7598344","101.5511892","100.4653568","101.1892451","101.8097208","102.7404343","99.27611169","99.8156682","98.75576037","97.32718894","96.03686636","97.69585253","95.66820276","95.25345622","93.77880184","94.88479263","93.82488479","93.59447005","93.41013825","93.41013825","91.33640553","95.61787905","95.39877301","93.72807018","92.24364592","94.56617003","93.64592463","94.65381245","93.16389132","93.29535495","93.73356705","94.74145486","95.70552147","96.53812445","96.18755478","94.25942156","93.37899543","91.36986301","90.0913242","92.19178082","91.00456621","90.1369863","85.89041096","88.94977169","90.77625571","90.59360731","88.31050228","88.17351598","88.21917808","87.29401561","92.32437121","89.5490026","91.934085","92.1942758","91.37033825","90.89332177","89.20208153","88.98525585","88.89852559","89.20208153","92.41110147","92.60533104","95.35683577","94.49699054","91.83147034","93.93809114","97.51924722","102.8656972","106.6723695","107.9127459","106.8862275","109.2814371","110.9495295","112.8742515","112.4037639","114.4140291","113.3019675","111.8905047","114.1146279","123.189161","125.0390829","125.9510162","111.9072434","104.8983846","101.3288171","99.11412194","98.33246483","99.16623241","99.14017718","98.69519833","98.3845753","98.51485149","97.8362878","95.88327254","92.18342887","90.02084419","88.22303283","89.05053599","88.51454824","88.89739663","91.42419602","93.54262379","96.04389995","95.96733027","96.01837672","96.60541092","96.63093415","96.42674834","95.45686575","95.06937562","94.22695738","94.49950446","95.26759167","97.27452924","96.90287413","98.16650149","98.26560951","98.16650149","98.06739346","97.24975223","97.4975223","96.25867195","96.50644202","95.93657086","96.4549483","96.72575086","96.4303298868","97.34121123","97.53815854","97.41506647","98.15361891","98.12900049","98.39980305",
"종합","전북","매매수급동향","","86.05830165","100.8238276","98.4157161","102.3506989","98.41168996","94.72681067","95.29860229","94.53621347","94.98094028","98.66581957","102.0356234","101.5267176","103.283767","100.8684864","101.6129032","100.0620347","95.9057072","93.61042184","90.69478908","91.37717122","93.61042184","94.35483871","92.12158809","93.05210918","96.09279609","95.84859585","99.87789988","98.04639805","96.82539683","97.4969475","99.66592428","100.389755","101.0579065","101.169265","101.6703786","101.6146993","101.3919822","98.60801782","98.60801782","97.3830735","97.16035635","97.55011136","99.5545657","97.60579065","100.0556793","102.6726058","102.5612472","103.8418708","103.1180401","105.7349666","106.1247216","106.4587973","107.0712695","105.9576837","104.6770601","102.1714922","102.6726058","102.6726058","103.3407572","100","98.81221719","97.85067873","97.51131222","96.7760181","95.41855204","94.40045249","93.1561086","92.30769231","93.72171946","93.66515837","95.81447964","96.26696833","92.28538283","91.87935035","90.71925754","88.34106729","89.55916473","85.44083527","87.6450116","86.42691415","86.94895592","86.94895592","85.67285383","87.70301624","89.77011494","90.28735632","92.81609195","91.89655172","92.24137931","94.36781609","95.34482759","96.49425287","94.77011494","96.43678161","98.16091954","103.3333333","102.5862069","101.954023","101.2068966","103.5057471","104.4252874","105.8045977","110.4888614","112.9022277","119.3069307","112.9950495","104.7648515","102.6918317","102.5061881","101.6408669","104.5792079","104.7029703","104.6720297","103.4962871","102.7227723","100","97.09158416","94.21410891","81.15717822","78.37252475","80.33232628","80.81570997","78.24773414","79.8489426","81.57099698","83.65558912","83.89728097","85.16616314","88.6102719","88.6102719","88.4592145","88.0060423","88.43618933","89.30497304","89.96405033","89.93409227","92.06111444","94.03834632","94.96704614","97.72318754","96.10545237","97.51348113","96.07549431","94.66746555","97.54343919","99.04134212","99.490713","98.20231566","98.38513102","99.238269348","99.11639244","99.05545399","100.8836076","100.4570384","100.4875076","100.1523461",
"종합","전남","매매수급동향","","97.17948718","99.1025641","97.62820513","97.69230769","97.75641026","94.74358974","94.34447301","93.50899743","94.01544402","93.95109395","96.13899614","95.3024453","97.66871166","97.97546012","100","98.77300613","98.28220859","98.71165644","97.54601227","98.89570552","99.38650307","99.14110429","98.77300613","99.20245399","99.58871915","99.52996475","101.1163337","103.5252644","101.6451234","101.880141","100.7302824","99.85394352","98.29600779","99.17234664","100.5355404","100.2434275","100","98.19863681","97.56572541","98.19863681","99.65920156","98.44206426","98.44206426","101.3145083","101.0900474","101.563981","101.943128","101.0900474","101.5165877","100.0473934","101.3744076","101.4218009","100.4265403","100.521327","101.2796209","102.0379147","101.8483412","104.028436","103.6492891","99.53161593","100.234192","101.0538642","99.53161593","98.71194379","99.59016393","100.6440281","101.6393443","103.0444965","106.9086651","108.7822014","112.295082","109.3091335","107.0791527","105.4626533","104.5150502","102.1181717","101.6164994","101.5607581","99.94425864","102.787068","101.1705686","101.9509476","103.6231884","102.7313266","103.4961154","103.2186459","102.7192009","99.88901221","103.2741398","103.4406215","103.8290788","106.7147614","104.4950055","106.381798","109.3229745","110.099889","107.991121","109.2119867","105.5493896","106.7702553","106.7702553","110.1553829","107.464694","109.2804304","111.8022865","108.0699395","97.78076664","94.85541358","96.50302623","95.42395693","96.43577673","96.30127774","95.69313594","94.78816409","94.92266308","93.34229993","91.93006052","89.87895091","87.25622058","84.73436449","84.46945338","85.69131833","85.88424437","87.45980707","89.1318328","89.19614148","90.22508039","92.18649518","92.63665595","93.47266881","94.11575563","92.70096463","92.68138801","93.21766562","91.86119874","93.69085174","92.46056782","92.52365931","92.52365931","94.32176656","92.9022082","92.80757098","93.62776025","92.11356467","91.86119874","91.73501577","91.16719243","90.7014157","89.31788932","90.7014157014","91.53796654","91.95624196","91.44144144","92.24581725","93.66151866","95.52767053",
"종합","경북","매매수급동향","","106.8359375","106.4453125","109.1308594","108.1622678","109.7262952","110.459433","112.4144673","109.0909091","110.1173021","114.4183773","113.9921722","110.5675147","110.2799228","108.4541063","107.7294686","105.3623188","106.1835749","106.763285","106.3768116","107.1497585","107.4396135","107.0531401","106.4251208","107.8743961","106.3916591","107.0716228","107.4342702","107.9782412","106.0743427","108.8848595","102.8975265","106.7137809","107.3144876","104.770318","104.5936396","97.7385159","96.57243816","95.72438163","91.90812721","92.93286219","91.41342756","90.74204947","90.56537102","88.55123675","86.83298683","85.37768538","85.13513514","85.55093555","84.82328482","83.22938323","83.4026334","83.26403326","83.09078309","84.78863479","84.37283437","84.65003465","82.88288288","82.84823285","82.74428274","87.7628259","85.82842725","86.92178301","84.69301934","85.23969722","83.47350715","81.41295206","79.01597981","75.31539108","75.31539108","76.32464256","75.35744323","73.80151388","73.0987055","69.57928803","70.95469256","71.15695793","70.50970874","69.90291262","71.11650485","74.91909385","75.3236246","75.12135922","74.47411003","75.44498382","78.62261146","81.17038217","83.04140127","83.12101911","84.59394904","85.1910828","94.14808917","98.00955414","95.93949045","94.54617834","95.30254777","100.3980892","104.7770701","105.5334395","104.2197452","104.2993631","103.5429936","104.7372611","107.9504505","109.6396396","109.481982","106.9144144","102.5225225","99.07657658","97.63513514","96.57657658","96.62162162","97.43243243","98.06306306","97.63513514","95.22091975","93.10810811","91.84684685","89.0990991","86.68918919","84.68468468","84.38049209","85.43497364","88.11511424","88.79613357","92.90421793","93.12390158","93.06472919","94.91413474","96.45530603","95.79480405","95.55261999","95.3544694","94.04133685","93.38170624","93.66754617","93.53562005","92.96394019","92.94195251","93.68953386","94.19525066","93.77748461","93.2937555","93.07387863","92.54617414","91.84256816","90.89709763","91.29287599","90.82813891","88.82457703","89.4924309884","89.02493321","89.84861977","90.56099733","91.56277827","92.47551202","92.11932324",
"종합","경남","매매수급동향","","96.14754098","96.72131148","101.9672131","104.6721311","103.240361","101.3945857","98.56439705","97.41591468","101.271534","102.0098441","101.5996719","101.3125513","102.601626","104.3902439","103.7804878","104.5528455","104.1056911","102.6829268","103.3333333","103.699187","104.1463415","105.4471545","104.4308943","104.6747967","104.7101449","103.5829308","105.7568438","105.5152979","105.3140097","105.8373591","103.1036835","102.899045","104.0927694","102.8649386","101.6030014","101.3642565","100.2728513","100.0341064","100.4774898","100.3069577","98.77216917","96.24829468","96.79399727","96.89631651","95.1417004","94.73684211","94.60188934","93.82591093","94.02834008","94.50067476","94.46693657","93.85964912","93.20945946","93.31983806","93.31983806","90.45209177","89.40620783","89.64237517","88.93387314","82.71565495","82.20447284","82.90734824","82.14057508","79.71246006","77.41214058","75.20766773","73.64217252","68.75399361","64.69648562","63.41853035","61.85303514","61.30990415","61.76639816","59.83889528","57.88262371","57.68124281","56.47295742","55.78250863","63.86651323","62.25546605","61.07594937","61.53624856","61.53624856","66.570771","67.92986425","69.99434389","70.7861991","67.36425339","66.00678733","71.49321267","89.70588235","92.16628959","89.39479638","90.15837104","94.23076923","99.03846154","99.46266968","96.3800905","95.95588235","96.52149321","97.25678733","100.2262443","106.493089","109.1449695","109.9485696","108.5342334","103.6322726","100.5146349","100.4983923","100.016072","101.1089682","100.5464481","100.8518161","100.3535841","97.57312761","96.54451945","95.13018322","91.99614272","86.33879781","81.95114111","84.84084463","87.03120076","88.89063977","89.80460132","90.54522534","89.80460132","90.62401513","91.6797983","91.72707217","92.15253703","91.33312323","89.72581153","89.3169058","89.73799127","89.17654398","90.78290705","90.9856519","90.0966937","91.26637555","90.51777916","91.03243918","91.48471616","90.50218341","89.86275733","90.22145976","89.12975671","88.25639426","89.0777463","88.5426503","88.3223166509","89.83317595","89.31381807","89.81743783","90.4941769","91.12370161","91.20239219",
"종합","제주","매매수급동향","","92.32026144","91.17647059","91.0130719","92.32026144","91.99346405","91.99346405","92.32026144","90.52287582","89.70588235","89.54248366","91.0130719","95.91503268","100.8012821","100.8012821","99.19871795","99.19871795","97.91666667","97.91666667","97.91666667","104.1666667","104.9679487","106.0897436","109.775641","120.9935897","126.7801858","123.0650155","121.5170279","121.9814241","123.374613","124.3034056","140.5898876","140.3089888","141.011236","141.011236","147.4719101","147.6123596","152.3876404","143.8202247","136.5168539","124.2977528","99.29775281","91.99438202","91.71348315","97.33146067","102.4468085","104.0425532","106.3829787","107.4468085","108.6170213","107.2340426","106.4893617","102.8723404","98.29787234","96.06382979","99.78723404","100.3191489","99.14893617","100.5319149","101.0638298","94.21487603","95.04132231","95.73002755","96.55647383","93.5261708","92.69972452","92.14876033","87.46556474","82.78236915","84.7107438","83.74655647","84.43526171","83.05785124","82.74559194","85.39042821","85.39042821","86.02015113","85.26448363","80.85642317","80.98236776","80.47858942","80.22670025","79.34508816","79.34508816","77.07808564","75.54216867","73.13253012","71.92771084","71.08433735","70.48192771","69.75903614","69.39759036","68.79518072","67.8313253","68.31325301","68.43373494","72.04819277","74.93975904","76.5060241","76.62650602","79.27710843","82.28915663","86.02409639","100.9565217","105.3043478","105.7391304","107.1304348","100.3478261","98.60869565","98.17391304","98.08695652","96.08695652","95.13043478","93.73913043","96","95.82608696","89.56521739","89.73913043","88.17391304","86.7826087","83.65217391","84.97409326","84.28324698","82.9015544","82.03799655","83.93782383","86.18307427","86.6148532","87.39205527","88.34196891","87.91018998","87.13298791","86.96027634","88.33619211","86.96397942","87.65008576","87.65008576","86.19210978","89.45111492","91.33790738","89.96569468","91.42367067","90.90909091","89.45111492","90.56603774","91.50943396","90.65180103","90.48027444","91.19782214","90.83484574","90.5626134301","91.10707804","91.01633394","91.28856624","91.19782214","91.92377495","92.19600726",
"아파트","전국","매매수급동향","","85.26580159","86.48667504","88.08261234","92.41027789","93.71596146","92.20779221","90.06423684","89.28920542","92.48708281","96.64153051","96.52835988","95.22212909","95.94356261","96.98819699","97.55088195","96.07869742","95.75983718","96.5337132","96.63637597","98.15543198","100.759322","102","100.840678","99.98644068","100.1569177","101.0249733","103.4955929","104.6920919","104.0064103","104.1399573","103.9028564","104.139792","104.5708832","105.949717","105.9135185","102.2673424","100.983941","99.83546137","98.46649993","97.97288403","97.81492694","97.61748058","97.84783467","98.42701066","98.49884527","99.90377213","99.83320503","98.3320503","97.40505517","96.82448037","97.2414678","96.44828029","97.38024913","98.92825055","99.48016943","97.74185271","95.55427252","96.01616628","95.47087503","94.39758278","94.54236435","94.96411935","94.73120987","90.6710311","87.86352763","86.8563515","86.93188971","88.24121868","92.43358932","89.80234168","87.61802845","85.6666247","80.98300971","79.05946602","77.24514563","76.09223301","75.76456311","76.12257282","79.69660194","81.44417476","83.05619614","85.04369462","87.75033378","93.01881068","94.21778606","95.54818436","96.57821229","93.57250931","92.61231378","97.69633508","107.7835951","108.397324","107.3705643","106.5910413","110.3955788","116.4921466","118.5165794","120.104712","116.9866201","112.582897","112.3763816","117.425829","121.7414286","123.8814286","122.93","113.1457143","100.5342857","95.72118407","93.95857143","92.72428571","93.61428571","94.24412126","93.86","92.70571429","90.65571429","87.39","84.33","80.65428571","74.49142857","70.51714286","72.76111111","74.15","77.37222222","80.53194444","84.77777778","86.32777778","87.47083333","89.19444444","90.40277778","90.16111111","88.41527778","86.80555556","86.66440217","86.61820652","87.30027174","88.66576087","90.37907609","91.6236413","93.77717391","95.13858696","94.7173913","94.0611413","93.29076087","92.26766304","91.9701087","92.23913043","92.72282609","92.88790239","92.89321885","94.3047396263","93.83024535","93.88739733","94.8563226","96.03657726","96.19474202","96.73170472",
"아파트","수도권","매매수급동향","","72.81091371","73.54060914","75.45223738","81.89764781","84.58359822","83.28035601","80.40368722","79.03687222","84.0591227","90.00317864","89.08137317","87.73045137","89.09344059","90.68688119","92.45049505","89.92883663","90.42388614","91.32116337","92.11014851","93.7654703","98.46844059","99.79888614","97.84962871","96.73576733","96.35288698","98.11885749","100.637285","103.2324939","103.1326781","103.3476658","103.9612942","103.7193831","104.8760206","107.0758996","106.2518899","102.8046568","101.3834291","101.3153916","100.5443","100.1663139","100.3326278","100.6652555","100.9827638","102.5098276","102.2613065","104.256577","103.6210464","102.4682235","100.066509","99.48270766","99.67484481","99.12008282","100.8143322","103.4763314","104.2899408","101.6701153","98.93585575","99.70440437","99.80786284","100.1967471","101.4296957","102.2560336","101.521511","95.9207765","92.48426023","92.27439664","93.27124869","97.96694648","106.8599161","101.3641133","97.79643232","94.70094439","87.98726115","84.30573248","82.10191083","80.56050955","80.61146497","82.12738854","87.8343949","91.0955414","93.71814475","97.06931702","98.96788991","105.7452229","105.803034","106.1822779","108.2049121","105.7909945","102.8052011","108.5299783","119.4196966","117.8003853","115.4225861","112.5812666","115.1095594","120.4069347","124.1993739","127.7991813","123.4288466","116.3135083","117.6017337","124.6809535","128.6561146","130.8618199","128.5387578","115.3346172","99.61783823","94.07498796","91.60447761","90.07883967","91.25541647","92.36533253","91.66165142","89.89528166","87.59328358","83.87999519","80.01925855","75.28586904","69.49325951","65.37072701","67.86320782","69.57896586","73.79223517","78.22217017","83.90818059","86.25929613","88.16536862","90.05972946","90.90004099","90.16513439","87.71154184","85.77326228","85.49751386","86.31479682","87.5264331","89.47533863","92.13007944","95.32205521","98.28542036","100.1514545","99.27701892","98.13396582","96.87660742","95.47922501","95.14202435","95.5220895","96.98233983","97.01559269","97.43195663","99.8826356676","98.39043201","97.75331135","99.12535628","100.9584754","100.2598782","100.8830269",
"아파트","지방","매매수급동향","","95.04358655","96.65006227","97.99501868","100.6475716","100.871731","99.20298879","97.63387298","97.32254047","99.09090909","101.8430884","102.3678963","101.0967099","101.2925827","101.9086736","101.5345578","100.8820686","99.92750121","100.6040106","100.1690413","101.5817435","102.5464639","103.7171132","103.1740285","102.5223268","103.0836484","103.2608696","105.694707","105.8156028","104.6786389","104.7495274","103.8578089","104.4638695","104.3356643","105.0815851","105.6526807","101.8531469","100.6759907","98.69463869","96.86480186","96.28205128","95.87412587","95.26806527","95.43123543","95.27972028","95.61323963","96.56540467","96.92813421","95.1598277","95.36386307","94.78576287","95.37519837","94.40036273","94.75056689","95.44321016","95.7946044","94.72908637","92.96077987","93.18748583","92.1446384","89.04623578","88.18687969","88.23529412","88.46526265","85.82667635","83.59961268","81.85669329","81.08206245","79.26652142","79.12127814","79.13338175","78.22561123","77.32994432","74.61181924","74.28736964","72.82734647","72.02780997","71.35573581","70.66048667","72.29432213","72.66512167","73.3603708","74.10776362","77.54924681","81.44264195","83.37652096","85.59923406","85.70060825","82.14124803","83.07614328","87.56753715","96.9045475","99.60603332","99.84241333","100.9905448","105.9882936","112.8320576","113.2035119","112.910851","110.9635299","109.0950023","107.490995","110.6427285","115.4917319","117.5723455","117.8606397","111.1673194","101.3625979","97.20922642","96.08627067","95.11531767","95.74630113","95.94212359","95.84693211","95.24586597","93.42362924","90.5624456","88.22617493","85.50641862","79.0089208","75.16862489","77.18120805","78.27511494","80.60296993","82.61639275","85.56254294","86.38957882","86.84405221","88.41357079","89.9540242","90.15748031","89.05036199","87.73714527","87.72211573","86.89322903","87.09527017","87.93192768","88.79189763","88.27125317","89.69072165","90.59472621","90.58436512","90.36937264","90.04040823","89.3565767","89.09495933","89.26332694","88.86183495","89.14376964","88.77623441","89.2451586738","89.69380513","90.38071581","90.98398053","91.57203691","92.5073507","92.96613606",
"아파트","6대광역시","매매수급동향","","86.16529774","86.37063655","87.73100616","91.19609856","93.42915811","92.65913758","90.09240246","89.39938398","91.09342916","97.92094456","97.6899384","97.04825462","96.30272953","97.0471464","96.94789082","95.60794045","95.65756824","97.36972705","97.32009926","99.75186104","101.2903226","103.2506203","103.0272953","100.3225806","101.1302211","102.2358722","105.7739558","105.8968059","105.4791155","105.7739558","105.715658","106.0518732","106.0758886","107.9731028","108.2372719","103.2420749","101.7771374","99.5196926","97.55043228","97.38232469","97.59846302","97.76657061","97.23823247","97.74255524","96.29542237","99.339311","99.55167532","96.9089193","96.50778669","95.77630958","96.13025012","96.03586597","96.10665408","96.93251534","96.36621048","96.60217084","95.11562058","95.04483247","94.92685229","91.48613518","90.94454073","91.11785095","92.04939341","88.21490468","85.68024263","84.77036395","83.36221837","81.99740035","83.27556326","84.48873484","83.99046794","83.08058925","78.74842503","78.45443091","77.84544309","77.02645947","76.52246955","76.06047879","76.79546409","77.00545989","79.27341453","80.59638807","86.74926501","90.9701806","92.20211468","94.16429443","94.7742985","90.98210655","91.22610817","93.81862546","100.3660024","100.955673","102.3993493","105.0630338","111.8950793","119.296462","119.296462","121.2891419","118.6254575","114.5994307","112.5152501","116.50061","118.4919028","120.541498","119.7317814","111.5283401","99.03340081","95.67307692","93.44635628","91.548583","91.32591093","92.4291498","91.78137652","91.02732794","88.46153846","84.80263158","81.39676113","78.77530364","72.02935223","67.61133603","70.50839092","71.68805528","74.6248766","77.71964462","81.81638697","83.06515301","83.33168806","85.39980257","87.15202369","86.994077","84.71865745","83.87462981","84.0514346","83.06784378","83.72996833","84.44966894","86.06179829","86.21533442","87.3812494","88.80145859","88.6959025","87.88983783","87.30927934","86.27291047","85.90826216","86.29690049","85.72593801","86.3632102","86.01162573","86.6726045378","86.72417026","87.93830864","88.97899869","90.05250328","91.98387399","92.29795612",
"아파트","5대광역시","매매수급동향","","91.75548589","91.69278997","93.13479624","97.17868339","98.9968652","97.68025078","94.98432602","95.17241379","96.80250784","101.1912226","100.7210031","100.1567398","99.57446809","100.0607903","99.14893617","98.17629179","97.44680851","99.11854103","99.02735562","101.4589666","103.1914894","105.3191489","104.9848024","101.8541033","102.8580024","103.4897714","107.5511432","107.1600481","106.6787004","106.6486161","106.1134082","106.5564087","106.5268754","108.9190786","109.2439457","103.1010041","101.1518015","98.46426462","96.13112817","95.83579445","96.07206143","96.21972829","96.04252806","96.69226226","95.84302326","98.60465116","99.36046512","96.22093023","95.81395349","95.63953488","95.98837209","95.49418605","95.40697674","96.25","95.98837209","95.61046512","94.06976744","93.72093023","93.45930233","89.15531335","88.36512262","88.66485014","89.83651226","86.86648501","84.60490463","83.43324251","82.23433243","80.89918256","81.82561308","82.97002725","81.4986376","79.80926431","75.84477297","75.95036959","75.18479409","74.28722281","73.49524815","73.15205913","73.54804646","74.20802534","75.65997888","77.05913411","84.6092925","89.73072862","90.88461538","92.47435897","91.3974359","86.24358974","86.34615385","90.03846154","98.38461538","100.6666667","102.7948718","105.1282051","112.8974359","121.6153846","121.2307692","121.6923077","118.4358974","113.0769231","109.9871795","113.474359","116.3825151","118.1579285","116.7606717","110.2743238","98.20535829","94.41738239","92.45609537","90.86655557","91.03961031","91.66773491","91.42417639","90.77682348","88.73221382","85.09165492","82.23945648","79.83591847","72.5612101","68.15792847","71.12015019","72.14017522","75.06257822","77.44680851","81.23904881","82.04630788","82.34042553","84.58072591","86.53942428","86.5456821","84.53066333","83.36045056","83.65841765","82.08582226","82.84773863","83.5304157","84.60928928","84.11556748","85.32244301","85.94416677","86.5597952","85.81616482","85.77959283","85.24320371","84.48738266","84.76167256","84.26795075","84.17661098","83.86634845","84.5107398568","85.05369928","86.46181384","87.1300716","87.97136038","89.74343675","90.12529833",
"아파트","9개도","매매수급동향","","88.60465116","90.36719706","92.09302326","95.83843329","96.499388","94.92044064","93.62301102","92.65605875","95.59363525","98.58017136","98.72705018","97.87025704","99.02674946","99.64771913","100.6388823","99.21781705","98.74014808","98.99092429","98.74135051","99.98210451","102.7976617","103.3703173","102.4397518","102.4755428","102.1817969","102.3689752","104.4045391","105.857912","105.1064577","104.9660739","104.3581708","104.6947539","104.659935","105.9714485","105.9598422","102.3560817","101.3463324","100.8008357","99.5821727","99.00185701","98.4911792","97.64391829","97.94568245","97.94568245","98.18407399","98.68035191","98.72546808","97.69907512","97.06744868","96.63884503","96.81930972","95.94899571","96.22854562","96.38907696","97.25795531","96.41326416","94.99210467","95.40942928","94.41687345","92.88231149","92.47122387","93.12896406","93.24641767","90.69767442","88.17242189","86.45759925","86.46934461","86.21094668","88.75968992","87.33850129","86.351891","84.67230444","81.53743613","80.13774717","77.29393468","75.99422351","75.40546545","75.6276383","78.76027549","79.50455454","80.31111111","80.73888889","81.61666667","85.28660298","87.81954887","91.07603093","92.84793814","91.14046392","91.15120275","96.11504615","106.0849968","107.0133076","106.0742649","106.3640266","109.01481","114.6597982","117.1817987","118.6091436","116.752522","112.7387851","113.0714746","117.5359519","123.1054029","125.2144827","124.3693188","114.6256766","101.8997038","96.7671093","95.64395874","94.91369625","96.00142988","96.16464941","95.99632315","95.09498519","93.34337657","90.22316413","87.59319783","83.63803493","77.90317639","74.175263","75.9040627","77.52120641","80.37105015","83.04975445","86.54695173","88.04256164","89.38935463","90.93953073","92.14742795","92.09038147","90.90976735","89.20829406","88.94614038","89.10898308","89.14787089","90.3461015","91.69988334","92.38528096","94.3904336","96.03101303","95.80497764","95.43554346","94.75743729","93.89704453","93.92134941","93.83142135","94.47793117","94.4987659","94.30415796","95.3673818113","95.39586102","95.1490412","95.69489273","96.73913043","96.46145814","96.96221758",
"아파트","8개도","매매수급동향","","96.91565254","99.72723458","101.0490978","102.853546","102.0142677","100.1888376","99.37054133","98.74108267","100.6294587","102.3289971","103.4410407","101.7415023","102.6412776","103.1122031","103.0917281","102.6822277","101.5561016","101.5765766","101.103843","101.7988553","102.5756337","102.7800491","102.2281276","103.1888798","103.7664408","103.3678756","104.703069","105.3250897","103.8860104","103.9258669","102.830941","103.608453","103.3891547","103.030303","103.6881978","101.3755981","100.5183413","99.023126","97.30861244","96.6307815","95.79346093","94.61722488","94.93620415","94.05901116","95.1394268","94.8489543","95.00387297","94.20991479","94.8489543","94.34546863","94.9070488","93.41595662","93.47152267","93.53214562","94.19054996","93.39659179","92.46707978","92.58326878","91.36328428","88.59767025","87.54480287","87.65681004","86.87275986","84.36379928","82.32526882","79.99551971","79.54749104","77.41935484","76.59050179","75.53763441","75.1344086","74.7311828","72.81864842","72.30538922","70.25235244","69.73909324","69.18306245","68.47733105","71.12917023","71.02224123","70.89392643","70.99016253","71.24679213","74.00556031","76.44230769","78.77141663","79.83702466","77.62223151","79.46092771","84.59933222","94.42821369","97.5375626","96.26460768","96.53589316","99.62437396","105.3213689","106.4899833","105.696995","105.0292154","106.0100167","105.884808","109.4115192","115.7119157","118.0735825","119.3910413","112.369474","103.9914121","99.86334797","99.12169415","98.50200059","99.45349858","99.4291012","99.47301649","98.94115351","97.21381868","95.11076413","93.14433493","90.11905924","84.52229921","81.35063921","82.55341274","83.48459066","84.58120628","85.96615617","88.36263944","89.20873511","89.83739837","91.11363207","92.37568538","92.82000378","92.37095859","90.94346757","90.73763621","90.47219894","90.3418087","91.3150787","92.05085219","91.45943932","93.11725808","94.16969358","93.6667598","93.86700196","93.31750023","92.43736612","92.60035392","92.67951942","92.38614138","92.42755604","91.98104611","92.4457809368","92.89229087","92.98341535","93.59850556","94.03590304","94.32750137","94.84235466",
"아파트","서울","매매수급동향","","70.19143118","71.37648131","72.99270073","81.20989918","83.31805683","80.93492209","76.35197067","76.16865261","83.13473877","87.03024748","85.97616865","81.89734189","83.90778872","86.59355416","86.77260519","84.89256938","84.48970457","85.56401074","87.7126231","88.56311549","93.08415398","94.82990152","91.3831692","90.39838854","91.68157424","94.14132379","96.28801431","98.88193202","98.27817531","98.9490161","99.8881932","99.66457961","102.6386404","103.3765653","102.4597496","100.9615385","98.50178891","97.18246869","95.88550984","95.34883721","95.88550984","97.40608229","98.61359571","101.2075134","103.3980583","105.2515446","104.2806708","103.2215357","100.1103266","100","101.0150044","98.78640777","102.6083112","109.8056537","110.9982332","103.662842","99.38217123","99.91173875","101.1473963","104.0715373","107.0395738","107.6103501","103.7671233","94.10197869","90.14459665","91.09589041","93.98782344","105.3652968","120.5479452","106.8873668","97.86910198","92.88432268","82.15686275","75.52941176","75.01960784","74.11764706","75.09803922","78.03921569","88.62745098","96.43137255","99.33333333","107.9215686","110.8627451","123.5686275","118.7183201","111.6582187","111.006517","105.141202","99.0224475","108.9790007","125.2715424","124.8370746","119.0803765","108.5807386","111.4047791","117.3062998","121.6871832","123.4250543","115.532223","108.9790007","110.8616944","121.0354815","124.9519416","127.4798155","125.2787389","111.8031526","98.63514033","92.8200692","88.98500577","86.86082276","89.08112265","90.81122645","90.14801999","87.31257209","84.95770857","82.18954248","78.0757401","73.26028451","67.22414456","63.62937332","66.46751307","66.98095594","70.65907394","75.14002987","82.74831964","85.12882748","87.3132935","89.46975355","89.70313667","88.76026886","85.79163555","83.04705004","82.79757531","83.79867744","87.16936076","90.47575312","93.88317414","99.34790595","104.1513593","104.2432035","102.4246877","100.9643644","99.45811903","97.65797208","96.36296841","97.74981631","99.77038942","98.59423182","100.0090695","104.5256666062","101.1881009","100.0362779","102.6301469","104.6617087","102.9929258","104.0994014",
"아파트","강북권역","매매수급동향","","73.33931777","75.13464991","75.85278276","77.19928187","78.45601436","78.27648115","77.73788151","78.00718133","79.71274686","80.96947935","79.53321364","76.03231598","77.63620387","78.86643234","79.6572935","78.07557118","78.60281195","80.27240773","80.71177504","81.59050967","86.68717047","88.79613357","85.72056239","86.24780316","86.49122807","90.35087719","92.89473684","95.35087719","95.04385965","95.57017544","97.6754386","96.53508772","99.73684211","102.2368421","102.8947368","98.99122807","96.00877193","95.0877193","92.63157895","92.36842105","92.19298246","93.15789474","93.24561404","94.47368421","98.09027778","97.39583333","97.30902778","96.44097222","94.83506944","94.96527778","96.00694444","97.78645833","98.34782609","106","109.2173913","101.9965278","98.09027778","96.70138889","97.04861111","95.40498442","96.02803738","99.2211838","98.36448598","87.85046729","85.04672897","89.33021807","92.36760125","100.3115265","114.1744548","105.1401869","97.58566978","95.56074766","81.75241158","76.52733119","76.12540193","76.12540193","76.52733119","77.73311897","86.65594855","94.69453376","98.63344051","104.9839228","107.5562701","117.1221865","113.6029412","112.8676471","110.8088235","103.6029412","97.27941176","109.7058824","128.0147059","127.8676471","122.2794118","114.2647059","114.7794118","121.1029412","126.1029412","127.4264706","116.9117647","107.8676471","109.3382353","120.5147059","125.9012539","129.0752351","124.5297806","108.6990596","98.37382445","91.77115987","88.02899687","85.79545455","87.65673981","88.63636364","86.97100313","82.79780564","79.03605016","76.07758621","71.86520376","68.51489028","64.47884013","61.55956113","67.35662742","68.9327763","72.46486897","77.38321306","84.21952146","84.59931637","87.63767566","88.39726548","87.77060387","86.55526016","83.89669578","81.42802886","80.59284116","81.39448173","85.34675615","88.27367636","92.8038777","100","103.5234899","103.5234899","101.9761372","100.3542133","98.5645041","96.04772558","93.99701715","94.01565996","95.87994034","95.48303835","95.66740413","100.4609144543","97.49262537","97.27138643","100.8665192","103.410767","101.3274336","102.9129794",
"아파트","도심권","매매수급동향","","62.62626263","62.62626263","62.62626263","62.62626263","62.62626263","62.12121212","62.12121212","62.12121212","62.12121212","63.13131313","63.13131313","63.13131313","63.59223301","64.0776699","66.01941748","66.50485437","66.50485437","66.50485437","68.44660194","69.90291262","73.78640777","78.15533981","79.12621359","81.55339806","80.58252427","81.55339806","81.55339806","81.55339806","83.49514563","82.03883495","82.03883495","82.52427184","82.52427184","84.46601942","84.46601942","82.52427184","82.52427184","82.52427184","82.52427184","82.03883495","82.03883495","82.03883495","82.03883495","90.77669903","105.8252427","100.9708738","100.4854369","97.57281553","94.66019417","94.66019417","95.63106796","104.368932","104.368932","121.3592233","126.2135922","119.4174757","106.7961165","100.4854369","100","104.3010753","110.2150538","116.1290323","115.5913978","92.47311828","89.78494624","104.8387097","105.9139785","126.8817204","136.0215054","122.5806452","106.9892473","102.688172","83.33333333","69.27083333","70.3125","71.875","71.35416667","78.64583333","71.875","87.5","92.1875","94.79166667","104.6875","119.2708333","110.7142857","108.4821429","107.1428571","100.8928571","89.28571429","101.7857143","128.5714286","129.9107143","123.2142857","112.5","113.8392857","120.5357143","125","126.7857143","112.5","105.3571429","111.1607143","123.2142857","115.9442724","120.2786378","123.993808","112.3839009","99.07120743","90.40247678","87.46130031","84.82972136","88.39009288","90.86687307","89.78328173","87.30650155","82.97213622","77.86377709","71.98142415","69.65944272","65.63467492","63.3126935","68.76876877","71.02102102","74.77477477","81.08108108","82.88288288","84.38438438","90.24024024","92.34234234","92.64264264","90.99099099","90.09009009","87.98798799","87.05882353","87.35294118","89.11764706","91.91176471","96.17647059","100.2941176","105.4411765","102.6470588","102.5","101.6176471","100.7352941","99.70588235","100.1470588","101.3235294","103.3823529","103.0346821","103.1791908","107.5144508671","103.9017341","102.1676301","108.2369942","111.849711","105.0578035","105.2023121",
"아파트","동북권","매매수급동향","","80.81395349","83.5755814","84.30232558","86.91860465","88.51744186","88.08139535","87.35465116","88.22674419","90.98837209","92.73255814","90.40697674","84.73837209","86.60458453","88.75358166","89.46991404","86.31805158","87.46418338","90.04297994","90.18624642","91.18911175","96.06017192","98.20916905","92.90830946","93.05157593","93.83954155","99.4269341","102.5787966","106.017192","105.0859599","106.0888252","109.3839542","107.0916905","112.034384","114.5415473","115.6160458","109.8137536","105.0859599","101.8624642","97.85100287","97.56446991","97.27793696","98.28080229","98.28080229","98.13753582","97.87535411","98.01699717","97.73371105","97.73371105","96.52974504","96.03399433","96.17563739","94.83002833","95.88068182","100.4261364","104.6875","98.01699717","96.31728045","95.60906516","95.60906516","92.17603912","91.68704156","93.64303178","92.29828851","84.84107579","84.10757946","87.89731051","90.70904645","95.11002445","112.7139364","105.0122249","100.7334963","98.8997555","86.73469388","84.43877551","83.67346939","83.41836735","84.18367347","83.41836735","92.09183673","97.83163265","101.5306122","108.6734694","109.3112245","116.5816327","113.8954869","113.8954869","110.807601","103.6817102","97.98099762","111.52019","128.1472684","128.2660333","121.4964371","113.7767221","114.1330166","120.4275534","126.6033254","128.0285036","120.783848","111.1638955","111.1638955","124.4655582","132.6347305","134.5508982","126.1976048","109.3113772","98.32335329","92.15568862","87.69461078","86.25748503","87.18562874","87.7245509","86.25748503","82.36526946","78.26347305","75.47904192","71.61676647","68.08383234","64.52095808","62.69461078","69.08931699","71.07413894","75.04378284","79.42206655","86.77758319","86.69001751","88.03269119","87.88674839","86.80677175","85.61004086","82.42848803","79.50963222","78.50172216","79.90815155","83.72560276","86.33754305","91.2456946","99.19632606","102.3823192","103.5878301","101.3777268","99.42594719","97.2445465","93.97244546","91.04477612","90.61423651","92.62342135","91.97038724","91.88496583","96.867881549","95.1309795","95.30182232","98.17767654","100.5979499","100.0569476","101.7653759",
"아파트","서북권","매매수급동향","","60.0877193","60.52631579","61.84210526","60.52631579","61.84210526","62.71929825","62.28070175","60.96491228","60.96491228","60.96491228","60.96491228","60.96491228","63.24786325","62.39316239","62.39316239","63.67521368","62.82051282","63.24786325","63.24786325","63.24786325","70.08547009","70.08547009","70.08547009","70.08547009","69.91525424","71.18644068","74.15254237","75.84745763","75.42372881","76.27118644","76.69491525","77.54237288","78.38983051","81.3559322","81.3559322","81.3559322","80.93220339","86.01694915","86.01694915","86.01694915","86.01694915","87.71186441","88.13559322","86.86440678","92.08333333","92.5","93.33333333","91.66666667","90","92.08333333","95.83333333","100.8333333","100.4166667","109.1666667","107.9166667","98.75","95.83333333","96.66666667","98.75","98.92857143","99.28571429","104.2857143","104.6428571","93.57142857","84.64285714","83.21428571","88.21428571","97.85714286","103.9285714","93.92857143","82.14285714","81.07142857","66.04477612","58.58208955","58.20895522","57.8358209","57.8358209","60.44776119","81.34328358","90.67164179","94.7761194","101.4925373","104.4776119","117.1641791","114.9659864","113.2653061","113.6054422","105.4421769","101.3605442","110.5442177","127.2108844","125.170068","123.8095238","117.0068027","117.3469388","123.4693878","125.5102041","126.1904762","109.1836735","100.3401361","102.7210884","107.1428571","111.5384615","117.7996422","119.8568873","104.7406082","98.1216458","91.41323792","89.35599284","84.97316637","88.64042934","90.07155635","87.47763864","81.48479428","79.06976744","76.83363148","72.54025045","69.14132379","63.68515206","57.15563506","61.49914821","61.49914821","63.6286201","69.33560477","77.51277683","78.62010221","85.00851789","87.64906303","87.81942078","86.79727428","84.66780239","83.30494037","83","82.33333333","87.91666667","91.83333333","95.41666667","102.1666667","105.75","103.8333333","103.4166667","102.3333333","101.1666667","100","99.08333333","99.75","101.0833333","101.3114754","102.295082","106.8032786885","100.6557377","100.1639344","104.4262295","106.7213115","102.8688525","104.9180328",
"아파트","강남권역","매매수급동향","","66.94444444","67.5","70.03710575","85.39325843","88.38951311","83.70786517","74.90636704","74.25093633","86.70411985","93.35205993","92.69662921","88.01498127","90.41970803","94.61678832","94.16058394","91.97080292","90.60218978","91.05839416","94.98175182","95.80291971","99.72627737","101.0948905","97.26277372","94.7080292","97.08029197","98.08394161","99.81751825","102.5547445","101.6423358","102.4635036","102.189781","102.919708","105.6569343","104.5620438","102.0072993","103.0109489","101.0948905","99.36131387","99.27007299","98.44890511","99.72627737","101.8248175","104.1970803","108.2116788","108.8868941","113.3752244","111.4901257","110.2333932","105.5655296","105.2064632","106.1938959","99.82046679","107.0143885","113.7342908","112.8366248","105.3859964","100.7181329","103.2315978","105.3859964","112.3511905","117.5595238","115.625","108.9285714","100.0744048","95.01488095","92.7827381","95.53571429","110.1934524","126.6369048","108.5565476","98.13988095","90.32738095","82.54211332","74.57886677","73.96630934","72.20520674","73.73660031","78.33078101","90.50535988","98.08575804","100","110.719755","114.0122511","129.7090352","123.6804565","110.4850214","111.1982882","106.6333809","100.7132668","108.2738944","122.6105563","121.8972896","115.9771755","103.0670471","108.1312411","113.6233951","117.403709","119.5435093","114.1940086","110.0570613","112.339515","121.5406562","124.0377358","125.9433962","126","114.7924528","98.88679245","93.83018868","89.90566038","87.88679245","90.45283019","92.90566038","93.20754717","91.66037736","90.66037736","88.0754717","84.05660377","77.83018868","69.86792453","65.62264151","65.60778553","65.09364671","68.91296364","72.97098788","81.32574367","85.64083731","86.99963276","90.50679398","91.57179581","90.89239809","87.62394418","84.61255968","84.9384504","86.13323678","88.93917451","92.61404779","94.93120927","98.71469949","104.7610427","104.942071","102.8602462","101.5568429","100.3258508","99.22157857","98.66039102","101.3758146","103.5481535","101.6065691","104.2127811","108.4612638343","104.7661549","102.7133167","104.3377365","105.8729025","104.605498","105.2481257",
"아파트","서남권","매매수급동향","","68.24104235","68.24104235","72.63843648","91.36807818","91.36807818","86.64495114","78.99022801","76.54723127","82.41042345","88.92508143","90.87947883","83.06188925","89.04761905","94.28571429","93.17460317","91.26984127","88.88888889","89.20634921","91.9047619","90.95238095","98.25396825","101.2698413","95.23809524","92.6984127","94.92063492","96.66666667","99.52380952","104.2857143","102.5396825","103.968254","103.3333333","105.0793651","109.3650794","107.4603175","102.5396825","104.6031746","101.2698413","98.25396825","98.0952381","96.82539683","98.88888889","101.4285714","105.0793651","111.9047619","112.539185","116.7711599","113.7931034","114.2633229","109.5611285","109.2476489","107.6802508","100","108.490566","114.5768025","107.6802508","101.8808777","101.4106583","101.2539185","100.7836991","104.076087","105.9782609","107.8804348","103.5326087","101.7663043","100.5434783","98.77717391","103.6684783","114.9456522","119.8369565","108.0163043","103.2608696","94.70108696","85.49723757","76.79558011","72.51381215","69.88950276","70.5801105","75.13812155","87.15469613","96.82320442","97.9281768","108.0110497","112.5690608","133.5635359","126.342711","115.2173913","115.4731458","111.8925831","103.3248082","112.2762148","124.6803069","123.7851662","118.286445","108.3120205","110.6138107","113.5549872","117.0076726","118.5421995","115.0895141","110.3580563","110.9974425","118.4143223","121.7957276","124.8998665","125","112.917223","99.19893191","94.59279039","91.38851802","90.0200267","90.42056075","91.15487316","91.68891856","90.45393858","89.58611482","87.51668892","84.94659546","77.87049399","66.32176235","60.58077437","60.85120208","60.65627031","65.46458739","71.47498376","78.00519818","82.39116309","85.34762833","89.08382066","91.19558155","91.32553606","88.20662768","84.82781027","84.18006431","85.2733119","88.36012862","92.34726688","94.75884244","98.55305466","103.8585209","104.7909968","102.829582","101.8971061","100.9646302","99.58199357","99.22829582","100.1286174","102.7009646","102.1918679","103.5895807","106.0355781449","104.8602287","103.2719187","104.4472681","106.2579416","104.9237611","106.2261753",
"아파트","동남권","매매수급동향","","65.2360515","66.52360515","66.59482759","77.31277533","84.36123348","79.73568282","69.38325991","71.14537445","92.51101322","99.33920705","95.15418502","94.71365639","92.27467811","95.06437768","95.49356223","92.91845494","92.91845494","93.56223176","99.1416309","102.360515","101.7167382","100.8583691","100","97.4248927","100","100","100.2145923","100.2145923","100.4291845","100.4291845","100.6437768","100","100.6437768","100.6437768","101.2875536","100.8583691","100.8583691","100.8583691","100.8583691","100.6437768","100.8583691","102.360515","103.0042918","103.2188841","103.9915966","108.8235294","108.4033613","104.8319328","100.210084","99.78991597","104.2016807","99.57983193","105.0420168","112.605042","119.7478992","110.0840336","99.78991597","105.8823529","111.5546218","122.3684211","131.5789474","125","115.4605263","98.02631579","88.32236842","85.52631579","85.69078947","104.4407895","134.8684211","109.2105263","91.94078947","85.03289474","78.86597938","71.82130584","75.77319588","75.08591065","77.66323024","82.3024055","94.67353952","99.65635739","102.5773196","114.0893471","115.8075601","124.9140893","120.3225806","104.516129","105.8064516","100","97.41935484","103.2258065","120","119.516129","113.0645161","96.4516129","105","113.7096774","117.9032258","120.8064516","113.0645161","109.6774194","114.0322581","125.483871","126.953125","127.3003472","127.3003472","117.2309028","98.48090278","92.83854167","87.97743056","85.11284722","90.49479167","95.18229167","95.18229167","93.22916667","92.05729167","88.80208333","82.89930556","77.77777778","74.47916667","72.17881944","71.79054054","70.86148649","73.39527027","74.91554054","85.64189189","89.86486486","89.14695946","92.35641892","92.06081081","90.32939189","86.86655405","84.33277027","85.91549296","87.24109362","89.68516984","92.95774648","95.15327258","98.92294946","105.923778","105.1367026","102.8997514","101.1184756","99.50289975","98.75724938","97.92874896","102.9826015","104.6396023","100.8557457","105.0122249","111.5729421353","104.6454768","101.99674","104.197229","105.3789731","104.197229","103.99348",
"아파트","경기","매매수급동향","","76.96827262","77.26204465","79.55346651","86.01645123","88.77790834","87.5440658","85.57579318","84.13631022","88.54289072","93.33137485","92.12690952","92.45005875","93.96848138","94.79942693","97.20630372","94.36962751","94.79942693","95.37249284","95.42979943","97.43553009","103.1088825","104.1977077","102.7363897","101.4756447","99.92917847","100.9490085","103.98017","106.6147309","106.8413598","106.4447592","106.4861111","106.2083333","106.4305556","110.0694444","109.125","103.7222222","102.5","103.2777778","102.75","102.3055556","102.25","101.8611111","102.1388889","103.3611111","102.4311183","104.0248514","103.9168017","102.5661804","100.1620746","99.83792545","99.48676391","99.48620876","100.0812128","100.378583","101.5413737","100.6212858","98.51431659","99.35170178","98.67639114","97.60493827","97.90123457","99.16049383","100.2716049","97.67901235","94.61728395","93.58024691","94.09876543","95.90123457","102.1728395","100.345679","98.71604938","95.62962963","90.96162737","88.60379103","84.90522423","82.75543227","82.13129912","83.35644938","87.0087841","88.67313916","90.49491212","91.28122109","92.8307123","97.48035136","99.84533805","104.0874945","106.6062749","105.4352629","103.5130358","108.3075563","118.426867","117.0459567","116.4604507","116.7697746","118.9571365","124.5470614","128.5019885","132.2801591","129.1648255","119.8630137","120.6805126","126.1378701","131.2212105","133.0530262","129.8339582","117.1023032","99.60364221","93.36904124","91.82645956","90.97482592","92.21210498","92.58088708","92.17996786","90.87305838","89.0948045","84.85806106","81.49973219","76.52383503","70.63738618","66.2988752","68.5627805","70.93727168","75.72278468","79.82987162","84.54232335","86.75503601","88.8946874","90.74731239","91.89541801","91.28483457","89.29652437","87.29255819","86.99034062","87.62074225","87.84443315","89.28825623","91.31672598","93.39603457","95.78037621","98.06304016","98.13929842","97.14794103","96.32943569","95.49059481","95.36349771","95.08896797","96.76156584","96.75054488","96.82979988","98.5436893204","98.11769368","97.50346741","97.97404399","99.67802655","98.78145433","99.26689122",
"아파트","경부1권","매매수급동향","","76.38436482","79.80456026","86.15635179","89.25081433","87.29641694","86.64495114","85.66775244","84.2019544","89.73941368","90.71661238","88.76221498","89.90228013","94.01294498","96.92556634","94.98381877","92.5566343","96.44012945","91.26213592","91.90938511","95.30744337","99.02912621","103.0744337","101.1326861","99.35275081","99.67741935","100.483871","105.8064516","114.516129","114.8387097","114.8387097","113.322884","112.8526646","113.322884","115.0470219","114.5768025","103.2915361","100.4702194","109.4043887","108.7774295","108.6206897","108.6206897","108.7774295","109.0909091","107.2100313","102.2292994","102.7070064","102.5477707","102.5477707","100.1592357","101.910828","101.433121","104.1401274","104.1401274","104.1401274","105.2547771","105.0955414","104.2993631","104.7770701","104.6178344","104.6321526","107.2207084","108.719346","111.7166213","110.0817439","104.6321526","105.8583106","103.4059946","105.7220708","123.7057221","119.2098093","114.8501362","107.3569482","96.83377309","88.65435356","80.47493404","77.44063325","76.5171504","78.75989446","85.88390501","92.08443272","99.73614776","99.47229551","103.4300792","108.707124","109.6354167","106.25","107.1614583","107.03125","104.0364583","107.03125","120.5729167","120.8333333","119.921875","117.1875","118.2291667","126.171875","132.6822917","136.8489583","132.2916667","128.2552083","128.90625","134.5052083","138.531514","141.3255361","117.1864847","113.4178038","96.65367122","91.35802469","87.97920728","88.10916179","91.00064977","92.39271782","93.40480832","91.87784276","90.87069526","86.97205978","84.11306043","78.65497076","71.66991553","65.9194282","67.92635659","73.2881137","77.3255814","83.43023256","87.59689922","91.37596899","93.34625323","95.86563307","96.64082687","95.9625323","92.7002584","89.95478036","89.50695322","90.26548673","90.73957016","91.49810367","94.75347661","99.11504425","100.5689001","102.2123894","102.0859671","101.517067","101.1378003","100.0948167","99.2414665","98.7357775","102.4336283","102.1658416","103.2178218","107.4876237624","105.0742574","102.9393564","106.0334158","109.6225248","104.5173267","105.3836634",
"아파트","경부2권","매매수급동향","","80.51575931","81.80515759","82.66475645","89.68481375","90.54441261","90.40114613","88.39541547","87.82234957","88.96848138","95.2722063","92.69340974","98.28080229","96.08938547","94.83240223","96.08938547","93.43575419","94.27374302","97.06703911","96.9273743","101.9553073","108.6592179","108.1005587","105.027933","103.0726257","102.3545706","101.2465374","105.9556787","106.232687","105.5401662","105.2631579","105.1212938","104.851752","105.5256065","118.4636119","114.690027","106.4690027","102.2911051","98.24797844","97.30458221","95.01347709","94.47439353","94.47439353","95.01347709","100","99.86772487","100.6613757","101.3227513","101.7195767","101.984127","99.73544974","98.41269841","97.48677249","97.61904762","97.35449735","99.07407407","97.22222222","97.88359788","98.28042328","98.54497354","94.64285714","95.47619048","98.69047619","97.5","99.64285714","96.07142857","90.35714286","92.97619048","91.30952381","99.88095238","100.3571429","97.73809524","95.11904762","89.0625","86.94196429","84.375","79.91071429","80.46875","82.03125","82.58928571","87.16517857","84.48660714","84.93303571","86.04910714","95.3125","103.2258065","110.3225806","110.7526882","105.5913978","102.9032258","112.4731183","116.8817204","116.3978495","118.172043","118.4946237","119.7849462","124.0860215","127.2043011","130.4301075","130","123.3333333","121.3978495","122.7956989","126.7613039","130.3101998","126.7087277","116.2460568","102.0767613","95.47844374","92.66561514","91.53522608","93.00736067","91.11461619","89.82649842","88.35436383","86.5404837","81.59831756","79.04837014","76.44584648","73.47528917","69.03259727","69.28020566","71.15681234","78.56041131","82.51928021","90.07712082","91.33676093","93.72750643","96.27249357","97.37789203","96.4781491","95.01285347","92.80205656","91.56534954","91.31205674","92.22391084","93.64235056","95.74468085","97.36575481","100.3292806","101.8743668","100.3292806","98.93617021","98.3029382","97.94832827","97.92299899","97.61904762","98.75886525","97.58501725","98.22572696","100.197141449","99.85214391","99.4825037","99.72893051","101.1828487","102.0946279","103.2281912",
"아파트","서해안권","매매수급동향","","78.63636364","80.34090909","81.13636364","89.65909091","93.18181818","90.56818182","91.59090909","88.75","95.90909091","101.0227273","100.2272727","98.40909091","100.1670379","100.9465479","102.9510022","100.0556793","99.61024499","98.94209354","98.05122494","97.8285078","104.064588","103.1737194","103.285078","100.5011136","95.50997783","98.61419069","100.7206208","102.1618625","102.0509978","101.3858093","101.4900662","100.2759382","99.83443709","100.9381898","100.4966887","97.68211921","98.34437086","98.56512141","98.67549669","99.00662252","98.23399558","96.799117","97.90286976","99.33774834","100","101.5856237","101.6913319","101.4799154","101.4799154","100.845666","100.6342495","100.422833","100","100.422833","99.78858351","100.422833","100.2114165","99.26004228","99.47145877","98.04928131","98.76796715","99.48665298","99.69199179","93.2238193","89.73305955","90.04106776","94.96919918","101.4373717","101.2320329","97.7412731","95.3798768","94.76386037","92.29323308","90.03759398","86.84210526","85.52631579","82.89473684","86.27819549","91.91729323","92.10526316","95.39473684","97.18045113","98.96616541","102.443609","99.91243433","105.3415061","110.8581436","109.7197898","109.7197898","110.8581436","115.849387","112.084063","111.2084063","112.6970228","112.1716287","115.4115587","118.3887916","124.2556918","127.3204904","120.8406305","123.117338","131.5236427","140.5575906","140.9035409","136.0602361","117.7045177","100.3663004","93.40659341","92.7960928","92.57224257","93.3048433","95.05494505","94.32234432","94.2002442","92.22629223","86.52828653","80.38258038","76.67887668","68.62026862","65.87301587","71.33359406","74.79468127","80.66093078","85.15838874","88.89323426","90.90731326","93.64489636","94.62260461","95.42432538","94.25107548","92.29565898","90.04693","90.07936508","89.96598639","89.72033258","91.4399093","92.49811036","95.55933485","96.90098262","98.77173091","98.8851096","97.54346183","96.57974301","95.93726379","95.65381708","95.63492063","96.86318972","97.34904271","97.47790869","98.2142857143","98.25110457","98.03019146","98.65611193","99.98159057","99.52135493","100.4602356",
"아파트","동부1권","매매수급동향","","69.87951807","69.57831325","74.39759036","85.84337349","90.06024096","89.15662651","88.25301205","85.54216867","89.75903614","91.26506024","89.15662651","89.75903614","94.87951807","93.6746988","94.87951807","94.87951807","95.48192771","96.98795181","96.38554217","95.48192771","100","102.1084337","98.79518072","100.3012048","101.2048193","101.8072289","103.0120482","108.7349398","110.5421687","106.3253012","101.4880952","101.7857143","101.7857143","102.9761905","103.5714286","103.2738095","103.5714286","103.2738095","103.2738095","104.1666667","104.1666667","104.1666667","104.1666667","104.1666667","104.0229885","104.3103448","104.0229885","98.85057471","97.70114943","97.4137931","95.40229885","93.31395349","95.34883721","100","102.3255814","100.862069","100","100.5747126","100.862069","102.6066351","101.4218009","99.28909953","101.8957346","103.7914692","104.9763033","102.8436019","98.34123223","101.4218009","108.5308057","101.4218009","100.4739336","98.34123223","91.2244898","95.71428571","91.42857143","92.04081633","92.24489796","92.85714286","96.73469388","101.6326531","102.6530612","103.0612245","103.2653061","103.4693878","107.5289575","110.03861","112.9343629","113.5135135","106.9498069","111.7760618","126.4478764","124.5173745","122.5868726","121.6216216","122.972973","127.7992278","130.3088803","132.8185328","129.7297297","110.03861","112.3552124","118.3397683","120.4847909","123.1463878","123.4790875","112.1673004","95.57984791","93.82129278","92.01520913","90.5418251","91.49239544","92.68060837","92.06273764","89.1634981","87.11977186","83.46007605","82.31939163","77.13878327","72.24334601","64.92395437","66.63524976","66.25824694","68.75589067","73.65692743","83.31762488","84.96701225","87.13477851","88.73704053","89.30254477","89.11404336","88.54853911","85.43826579","85.79963235","86.58088235","86.35110294","89.88970588","92.69301471","92.83088235","96.46139706","100.3216912","100.2757353","99.49448529","99.35661765","97.33455882","96.50735294","97.74816176","99.63235294","99.54954955","98.96396396","100.2252252252","101.3513514","100.990991","100.2702703","103.6486486","103.9189189","103.0630631",
"아파트","동부2권","매매수급동향","","81.81818182","90.15151515","88.63636364","90.90909091","93.18181818","89.39393939","90.90909091","87.87878788","88.63636364","89.39393939","90.90909091","93.18181818","94.52054795","95.89041096","91.78082192","89.04109589","90.4109589","89.04109589","89.04109589","101.369863","101.369863","101.369863","101.369863","101.369863","101.875","102.5","103.75","104.375","105","104.375","104.5454545","103.2467532","103.2467532","104.5454545","104.5454545","103.8961039","103.8961039","103.8961039","103.8961039","102.5974026","102.5974026","102.5974026","102.5974026","102.5974026","102.5974026","105.1948052","103.8961039","100.6493506","101.9480519","101.9480519","103.8961039","101.9480519","103.2467532","102.5974026","102.5974026","101.9480519","101.2987013","103.8961039","102.5974026","97.22222222","97.22222222","98.61111111","102.7777778","103.4722222","97.91666667","101.3888889","97.91666667","97.22222222","95.13888889","91.66666667","93.05555556","82.63888889","84.50704225","83.8028169","76.76056338","77.46478873","80.98591549","78.16901408","91.54929577","89.43661972","90.71428571","90.71428571","91.42857143","90.14084507","85.41666667","88.19444444","84.02777778","87.5","83.33333333","88.19444444","88.88888889","88.19444444","88.19444444","88.19444444","87.5","97.91666667","101.3888889","106.25","102.0833333","87.5","102.0833333","106.25","109.2664093","113.7065637","129.9227799","121.6216216","110.4247104","100.7722008","99.42084942","100.965251","101.3513514","102.5096525","102.3166023","100.7722008","98.84169884","98.45559846","94.78764479","90.34749035","77.99227799","70.84942085","66.3003663","66.11721612","66.3003663","68.13186813","75.09157509","82.78388278","81.31868132","82.96703297","84.06593407","85.16483516","82.05128205","80.76923077","78.70036101","82.49097473","81.58844765","81.40794224","81.40794224","86.82310469","88.62815884","88.98916968","92.23826715","93.50180505","90.61371841","92.96028881","93.14079422","94.58483755","93.86281588","95.29616725","94.59930314","95.818815331","94.42508711","91.28919861","90.06968641","91.28919861","91.11498258","91.98606272",
"아파트","경의권","매매수급동향","","72.53218884","62.01716738","62.44635193","63.09012876","70.81545064","72.53218884","71.45922747","71.03004292","75.53648069","76.82403433","78.75536481","79.39914163","80.12048193","80.72289157","88.15261044","87.75100402","88.95582329","93.97590361","95.98393574","96.58634538","102.0080321","102.0080321","102.2088353","100.8032129","100.1953125","102.5390625","104.6875","106.0546875","106.4453125","106.25","111.0486891","111.7977528","113.4831461","114.9812734","113.2958801","110.6741573","109.7378277","109.7378277","107.8651685","107.6779026","107.6779026","107.4906367","107.6779026","108.2397004","108.0645161","109.8566308","108.2437276","106.09319","102.688172","102.688172","103.4050179","103.7634409","106.6308244","105.5555556","109.3189964","105.9139785","93.01075269","98.02867384","93.18996416","89.13043478","86.28762542","88.46153846","90.80267559","82.60869565","79.93311037","79.59866221","78.76254181","77.75919732","81.77257525","85.95317726","88.29431438","85.28428094","82.69230769","80.60897436","80.44871795","81.57051282","81.89102564","81.73076923","81.41025641","83.97435897","83.97435897","84.93589744","85.25641026","89.90384615","94.81707317","100.6097561","103.2012195","103.3536585","103.5060976","110.3658537","127.4390244","124.3902439","121.6463415","124.2378049","133.5365854","142.2256098","144.8170732","145.1219512","133.6890244","122.4085366","120.7317073","123.3231707","122.9921819","127.1499645","142.1819474","126.1549396","97.22814499","88.98365316","90.7249467","87.66879886","88.62828714","88.45060412","88.69936034","87.02914001","84.54157783","81.44989339","79.10447761","68.08813077","63.93034826","60.66098081","60.65292096","62.33676976","66.32302405","68.38487973","70.58419244","72.3024055","74.19243986","76.0137457","78.96907216","80.54982818","78.04123711","77.18213058","77.39130435","79.46488294","79.7993311","80.40133779","81.00334448","80.56856187","84.7826087","89.09698997","91.17056856","89.96655518","88.46153846","87.05685619","87.95986622","86.32107023","87.75919732","88.33551769","87.8440367","89.0235910878","88.17169069","87.7457405","86.8938401","87.2214941","86.23853211","85.68152031",
"아파트","경원권","매매수급동향","","77.65957447","79.07801418","82.62411348","94.32624113","100","95.03546099","77.30496454","78.72340426","81.91489362","101.7730496","98.93617021","89.36170213","91.84397163","96.09929078","108.1560284","96.45390071","89.0070922","92.55319149","92.19858156","91.13475177","101.4184397","107.8014184","104.964539","107.8014184","105.3191489","103.9007092","105.3191489","104.2553191","105.3191489","108.8652482","108.9655172","110","108.2758621","108.2758621","111.0344828","104.137931","105.1724138","105.1724138","105.5172414","105.1724138","108.2758621","107.9310345","105.5172414","106.5517241","104.4871795","110.8974359","111.8589744","106.7307692","89.1025641","89.42307692","90.06410256","90.06410256","90.06410256","90.06410256","90.06410256","90.06410256","90.06410256","90.06410256","90.06410256","97.33727811","97.63313609","97.63313609","97.63313609","95.26627219","94.9704142","94.9704142","94.37869822","94.67455621","94.9704142","94.67455621","94.37869822","94.37869822","96.02272727","94.60227273","92.04545455","84.375","82.95454545","79.54545455","80.39772727","64.77272727","65.625","67.04545455","68.18181818","71.875","74.45652174","83.9673913","87.77173913","87.77173913","87.77173913","91.84782609","110.0543478","113.8586957","114.4021739","115.2173913","120.1086957","125","133.423913","138.8586957","127.9891304","112.5","113.0434783","124.1847826","135.1877608","128.7899861","128.9986092","113.0737135","103.4075104","97.21835883","93.67176634","93.67176634","93.74130737","92.76773296","91.79415855","90.472879","89.63838665","87.06536857","84.90959666","82.26703755","75.93880389","72.73991655","77.5606469","77.49326146","79.78436658","82.47978437","81.26684636","83.15363881","84.70350404","86.85983827","87.39892183","84.09703504","82.6819407","82.6819407","82.79430789","83.82923674","84.21733506","85.44631307","90.4915912","92.10866753","93.40232859","94.82535576","94.50194049","94.17852523","93.59637775","92.88486417","93.40232859","92.69081501","94.11384217","94.38271605","93.20987654","94.2592592593","95.0617284","95.74074074","95.74074074","96.04938272","95.86419753","96.11111111",
"아파트","인천","매매수급동향","","60.90651558","62.32294618","63.31444759","64.16430595","68.27195467","69.97167139","67.98866856","63.31444759","65.29745042","83.14447592","83.99433428","83.00283286","81.75675676","83.64864865","87.16216216","84.18918919","87.7027027","89.59459459","89.72972973","92.16216216","92.83783784","94.05405405","94.32432432","93.51351351","93.43163539","96.64879357","97.85522788","100.2680965","100.1340483","101.8766756","103.9845758","103.8560411","104.1131105","103.8560411","103.8560411","103.8560411","104.4987147","104.1131105","103.7275064","104.1131105","104.2416452","104.4987147","102.4421594","102.3136247","98.24561404","102.5062657","100.3759398","99.87468672","99.49874687","96.36591479","96.74185464","98.37092732","99.12280702","99.87468672","97.99498747","100.877193","99.62406015","100.7518797","101.2531328","100.5285412","100.9513742","100.6342495","100.6342495","93.44608879","89.85200846","89.9577167","87.73784355","86.25792812","88.90063425","90.38054968","93.65750529","95.77167019","90.04106776","88.19301848","88.19301848","87.67967146","88.29568789","87.37166324","89.42505133","87.88501027","93.32648871","94.35318275","95.07186858","95.79055441","97.24950884","100.6385069","107.7111984","109.1355599","109.9214145","108.3005894","107.956778","102.0628684","100.8840864","104.8133595","108.0550098","110.4125737","111.8860511","119.7445972","119.3516699","120.43222","122.2003929","128.0943026","126.4069264","129.4853295","130.8802309","116.2337662","102.1404521","100.3848004","97.16209716","94.10774411","92.4001924","95.28619529","93.12169312","91.96729197","87.44588745","83.71813372","78.23472823","74.7955748","70.03367003","65.56036556","68.22429907","70","72.99065421","78.73831776","83.97196262","86.86915888","87.03271028","88.45794393","89.43925234","88.6682243","85.42056075","85.79439252","85.50495942","86.69972949","86.99278629","87.84941389","91.43372408","93.98106402","94.99549143","99.36880072","96.59603246","95.55906222","92.96663661","90.08115419","91.1632101","91.97475203","91.11812444","94.37882765","93.87576553","94.5975503062","92.84776903","93.35083115","95.7567804","97.68153981","100.1968504","100.2624672",
"아파트","부산","매매수급동향","","74.34210526","75.24671053","78.78289474","84.78618421","89.63815789","86.67763158","82.48355263","85.77302632","89.63815789","95.97039474","94.49013158","93.99671053","93.89857369","96.19651347","95.16640254","93.89857369","94.69096672","94.45324881","93.58161648","98.57369255","101.9809826","107.2900158","105.5467512","99.60380349","100.2332815","101.8662519","110.0311042","108.6314152","106.4541213","105.4432348","107.0121951","105.2591463","104.9542683","108.8414634","109.6036585","101.2957317","97.4847561","96.18902439","97.86585366","99.00914634","100.0762195","100.9146341","101.6006098","108.6128049","109.3797277","113.9939486","114.0695915","104.8411498","104.6142209","103.3282905","104.6142209","104.387292","103.9334342","106.429652","104.7655068","99.92435703","96.59606657","95.46142209","94.25113464","81.21990369","79.85553772","79.53451043","80.09630819","74.47833066","71.66934189","69.66292135","67.09470305","63.72391653","61.71749599","59.47030498","56.09951846","54.81540931","48.08306709","46.00638978","44.7284345","46.24600639","46.24600639","45.92651757","44.88817891","44.40894569","45.68690096","46.32587859","61.10223642","69.48881789","72.2734255","73.80952381","73.57910906","65.97542243","67.35791091","68.43317972","86.17511521","90.55299539","93.39477727","95.5453149","106.9892473","118.5867896","120.3533026","118.8940092","116.2058372","109.2933948","108.9093702","114.5929339","120.9319805","122.5854942","121.6459977","115.3325817","99.04171364","95.88500564","94.90792935","94.34423149","95.50920707","97.46335964","96.9748215","96.44870349","93.29199549","88.1059752","85.15595641","81.37918076","74.06989853","70.14280346","72.91061047","73.92805233","77.48909884","80.4505814","82.39462209","83.5755814","82.50363372","82.55813953","83.59375","82.32194767","80.41424419","79.86918605","80.30518098","77.62597587","79.15188077","80.58907026","81.36976579","80.80198722","82.04400284","83.65862314","83.41022001","81.9020582","81.13910575","80.87295955","80.44712562","80.18097942","79.47125621","80.03835425","79.58507671","79.5850767085","81.15411437","82.86262204","84.01324965","84.74546722","86.57601116","86.69804742",
"아파트","중부산권","매매수급동향","","65.74074074","65.37037037","75.55555556","79.25925926","86.11111111","78.51851852","77.40740741","85.55555556","94.25925926","98.51851852","95.18518519","91.11111111","90.68100358","93.5483871","95.8781362","94.26523297","94.98207885","96.59498208","95.8781362","97.31182796","101.2544803","108.0645161","101.9713262","99.64157706","99.28315412","99.82078853","106.4516129","105.9139785","105.0179211","106.09319","106.4912281","105.0877193","105.9649123","105.2631579","105.0877193","99.8245614","101.4035088","101.4035088","100.877193","101.0526316","103.1578947","103.8596491","105.2631579","107.7192982","108.9473684","111.9298246","113.5087719","109.4736842","108.245614","105.9649123","106.6666667","105.9649123","106.6666667","107.0175439","108.9473684","105.7894737","101.2280702","100","99.64912281","75.09363296","75.09363296","74.53183521","79.21348315","70.41198502","69.1011236","67.22846442","66.47940075","67.0411985","66.66666667","63.48314607","62.17228464","62.35955056","60.27131783","58.91472868","52.51937984","54.65116279","55.03875969","54.84496124","52.51937984","51.74418605","53.68217054","54.45736434","72.6744186","80.81395349","86.24535316","86.80297398","87.5464684","74.9070632","77.69516729","75.83643123","100.7434944","103.9033457","102.7881041","104.8327138","113.5687732","118.9591078","118.9591078","118.2156134","114.6840149","105.7620818","107.063197","112.8252788","118.9719626","118.411215","117.3831776","114.9065421","102.2897196","99.29906542","98.17757009","97.80373832","98.17757009","98.13084112","97.75700935","97.47663551","95.65420561","87.71028037","84.39252336","81.68224299","78.64485981","75.18691589","77.57847534","77.84753363","82.42152466","85.91928251","85.78475336","86.41255605","83.85650224","83.5426009","84.84304933","84.03587444","80.94170404","81.03139013","82.65217391","80.26086957","82.30434783","83.82608696","86.04347826","84.69565217","87.13043478","89.52173913","88.86956522","87","86.56521739","85.04347826","84.91304348","85.7826087","84.39130435","84.27966102","84.02542373","84.0677966102","85.88983051","87.33050847","87.79661017","88.89830508","91.94915254","91.90677966",
"아파트","동부산권","매매수급동향","","72.94117647","76.17647059","75","86.76470588","91.76470588","89.70588235","80.58823529","79.70588235","79.41176471","92.94117647","92.64705882","93.82352941","94.69273743","96.36871508","89.38547486","87.98882682","87.4301676","88.54748603","88.26815642","105.3072626","107.5418994","115.6424581","113.4078212","101.9553073","103.8043478","107.3369565","116.3043478","114.4021739","110.0543478","106.5217391","113.6363636","111.7647059","111.2299465","116.5775401","117.6470588","95.18716578","90.10695187","89.57219251","90.37433155","91.71122995","91.71122995","92.2459893","91.17647059","114.7058824","116.0427807","124.5989305","120.855615","101.8716578","102.6737968","102.6737968","103.7433155","101.3368984","98.6631016","100","94.9197861","88.5026738","86.09625668","79.94652406","79.94652406","77.77777778","75.83333333","76.11111111","73.88888889","69.72222222","67.22222222","66.94444444","67.5","61.94444444","55.55555556","54.44444444","48.33333333","46.94444444","36.70212766","35.37234043","38.56382979","41.4893617","40.95744681","41.22340426","41.4893617","41.75531915","42.0212766","42.0212766","64.89361702","80.05319149","79.89690722","80.67010309","76.28865979","70.10309278","70.6185567","73.96907216","92.78350515","97.16494845","105.1546392","106.7010309","113.6597938","125.7731959","130.4123711","129.1237113","126.5463918","118.0412371","117.5257732","121.6494845","121.6727717","125.8241758","125.4578755","118.009768","98.22954823","93.89499389","93.1013431","91.81929182","93.89499389","98.29059829","97.4969475","95.90964591","90.5982906","85.8974359","82.47863248","77.04517705","70.51282051","67.27716728","69.84687868","71.67255595","74.55830389","77.85630153","81.86101296","83.86336867","85.27679623","85.98351001","86.69022379","84.57008245","82.62661955","82.27326266","81.79723502","77.13133641","77.93778802","81.39400922","82.83410138","83.98617512","86.40552995","86.92396313","87.26958525","85.88709677","84.21658986","85.42626728","84.10138249","83.29493088","84.33179724","84.92605233","83.84527873","85.3811149033","87.65642776","90.21615472","91.58134243","92.15017065","94.02730375","93.57224118",
"아파트","서부산권","매매수급동향","","89.58333333","90.17857143","87.79761905","91.66666667","93.1547619","96.72619048","92.55952381","92.26190476","92.55952381","94.94047619","95.23809524","98.80952381","98.26589595","100.2890173","100","99.42196532","101.734104","97.10982659","95.37572254","93.6416185","97.39884393","97.39884393","103.1791908","97.10982659","98.05555556","99.44444444","109.1666667","106.9444444","105","103.3333333","101.0869565","98.91304348","97.01086957","106.5217391","108.423913","109.7826087","98.91304348","94.83695652","100.8152174","103.2608696","103.8043478","105.1630435","106.5217391","103.8043478","103.4391534","106.6137566","108.2010582","100.7936508","101.0582011","100","102.3809524","105.026455","105.026455","111.9047619","108.2010582","102.3809524","100","103.968254","100.2645503","94.03409091","91.19318182","90.625","87.78409091","85.51136364","80.11363636","76.13636364","67.61363636","60.51136364","60.51136364","58.52272727","54.82954545","51.42045455","42.5","38.61111111","40","39.16666667","39.16666667","38.05555556","37.5","36.66666667","38.05555556","39.16666667","40.55555556","42.22222222","44.41489362","48.13829787","50.79787234","48.93617021","49.20212766","52.12765957","58.5106383","64.62765957","67.81914894","70.74468085","90.69148936","110.6382979","111.9680851","109.3085106","107.712766","105.3191489","102.6595745","109.8404255","122.8626943","124.9352332","123.5103627","113.0829016","95.4015544","93.2642487","92.29274611","92.22797927","93.52331606","95.66062176","95.33678756","95.59585492","92.87564767","90.99740933","89.05440415","85.55699482","71.50259067","66.19170984","69.60659898","70.81218274","73.66751269","75.50761421","78.17258883","79.25126904","77.60152284","77.47461929","78.48984772","77.47461929","77.28426396","75.63451777","75.3125","74.375","75.9375","75.0625","73.0625","71.75","70","71.6875","71.375","70.25","70","69.9375","70.0625","68.75","67.125","68.54140915","68.47960445","66.7490729295","67.18170581","68.35599506","70.27194067","70.64276885","70.64276885","71.631644",
"아파트","대구","매매수급동향","","97.92626728","97.69585253","99.53917051","103.9170507","100","97.46543779","89.17050691","85.48387097","88.47926267","92.16589862","92.39631336","91.70506912","92.69911504","89.38053097","84.51327434","85.84070796","84.2920354","90.92920354","90.92920354","96.01769912","99.77876106","100","101.1061947","95.3539823","94.71365639","92.07048458","95.81497797","93.17180617","93.83259912","94.05286344","93.39207048","99.33920705","96.03524229","101.3215859","103.0837004","97.13656388","96.69603524","97.13656388","98.01762115","99.55947137","97.13656388","96.69603524","98.6784141","96.69603524","101.9067797","102.3305085","100.4237288","104.2372881","105.0847458","103.3898305","102.9661017","102.7542373","101.6949153","101.059322","98.51694915","103.3898305","102.5423729","102.5423729","104.2372881","100.7407407","101.6666667","102.037037","90.30732861","91.72576832","89.12529551","86.76122931","88.17966903","90.07092199","95.98108747","101.0638298","99.64539007","96.92671395","93.70786517","96.06741573","95.50561798","93.82022472","93.03370787","94.49438202","93.82022472","93.25842697","95.50561798","97.97752809","99.66292135","101.9101124","106.7180617","107.1585903","101.2114537","93.28193833","96.47577093","104.2951542","105.8370044","112.5550661","115.30837","119.1629956","121.3656388","128.9647577","127.9735683","131.938326","124.8898678","120.3744493","108.9207048","108.7004405","102.5563496","104.2605827","98.54315558","96.53655855","89.55470038","86.11874656","83.47993403","79.87905443","77.29521715","77.07531611","77.24024189","75.8108851","75.70093458","72.2100055","71.02803738","68.66410115","61.76470588","57.25673447","61.02150538","63.38709677","69.38172043","71.42473118","79.78494624","79.83870968","79.03225806","82.79569892","84.38172043","85","81.07526882","79.08602151","77.69110764","76.18304732","76.54706188","78.21112845","78.57514301","77.22308892","79.22516901","78.88715549","80.52522101","80.16120645","80.13520541","78.49713989","77.06708268","78.15912637","78.08112324","77.21550856","76.43504532","77.6435045317","75.80563948","76.58610272","76.88821752","77.56797583","78.85196375","79.15407855",
"아파트","광주","매매수급동향","","98.91304348","99.56521739","100.8695652","99.13043478","99.13043478","99.56521739","100","99.13043478","99.34782609","100.4347826","99.7826087","98.91304348","99.36440678","99.36440678","100.4237288","99.57627119","98.72881356","98.51694915","100.2118644","99.57627119","100.4237288","100.2118644","99.36440678","98.94067797","98.72881356","98.94067797","98.94067797","100.6355932","102.3305085","102.5423729","99.36440678","99.36440678","98.72881356","99.15254237","100","99.78813559","99.78813559","99.57627119","99.57627119","99.57627119","99.36440678","99.36440678","99.57627119","98.51694915","98.72881356","98.94067797","98.94067797","99.15254237","99.78813559","98.72881356","97.45762712","94.27966102","93.8559322","93.22033898","93.8559322","92.58474576","93.00847458","95.55084746","98.72881356","102.9010239","104.6075085","104.778157","104.778157","104.6075085","103.2423208","104.4368601","101.5358362","101.5358362","103.2423208","105.4607509","106.8259386","104.4368601","100.3225806","100.6451613","100.483871","96.4516129","90.48387097","87.74193548","87.09677419","87.90322581","89.19354839","88.70967742","91.12903226","92.58064516","90.72327044","92.45283019","91.98113208","90.09433962","90.09433962","89.77987421","89.62264151","91.50943396","91.82389937","93.08176101","102.2012579","117.6100629","113.5220126","109.591195","108.6477987","107.8616352","107.3899371","111.163522","114.9212598","119.0551181","120.7086614","117.0866142","105.1181102","101.7322835","101.1023622","100.7480315","101.1023622","101.0629921","101.496063","100.8267717","98.46456693","96.88976378","90.5511811","88.66141732","79.80314961","74.80314961","79.65250965","80.23166023","80.57915058","83.01158301","87.49034749","89.4980695","91.04247104","93.62934363","95.98455598","97.60617761","95.40540541","93.28185328","91.63540885","90.88522131","93.96099025","92.98574644","93.09827457","93.02325581","93.5483871","94.33608402","94.41110278","94.14853713","94.29857464","93.73593398","93.02325581","92.94823706","91.59789947","89.5357406","90.82535004","91.9675755343","93.03610906","95.13633014","96.09432572","97.0523213","100.2210759","99.63154016",
"아파트","대전","매매수급동향","","110.6725146","109.7953216","109.7953216","114.4736842","116.9590643","115.9356725","115.6432749","115.7894737","114.4736842","116.2280702","116.9590643","117.1052632","115.1428571","113.8571429","112.8571429","111.7142857","108.1428571","107.7142857","108.1428571","109.1428571","109.7142857","109.2857143","111.5714286","111.4285714","115.4285714","116.4285714","117.1428571","117.2857143","117.7142857","119.4285714","117.4647887","118.7323944","119.5774648","118.7323944","118.5915493","108.3098592","105.4929577","95.21126761","81.54929577","80","80.70422535","79.71830986","78.30985915","81.26760563","75.96685083","79.14364641","83.42541436","83.14917127","81.49171271","83.97790055","84.1160221","87.01657459","87.56906077","88.12154696","91.02209945","95.02762431","94.47513812","92.54143646","91.16022099","85.69739953","86.28841608","85.69739953","101.6666667","98.14814815","98.33333333","99.25925926","100.5555556","101.6666667","100.3703704","105","105.7407407","104.4444444","101.6245487","101.4440433","101.0830325","98.01444043","99.45848375","98.37545126","105.234657","109.0252708","112.4548736","112.8158845","115.5234657","118.9530686","113.869258","117.2261484","119.6996466","117.4028269","111.3957597","120.0530035","117.844523","116.6077739","118.0212014","117.6678445","120.8480565","124.9116608","123.4982332","129.5053004","126.6784452","119.2579505","125.8833922","129.770318","132.8545781","132.0017953","129.8922801","113.9138241","103.1418312","94.43447038","92.90843806","90.43985637","92.95332136","93.3572711","92.1454219","92.90843806","91.56193896","86.53500898","84.2010772","82.22621185","72.3518851","65.57450628","68.44872918","68.9745837","71.16564417","74.89044698","78.00175285","78.2208589","80.1051709","83.91761613","88.12445223","88.16827344","87.9491674","86.85363716","92.23549488","91.08361775","89.59044369","89.6331058","94.32593857","93.72866894","94.79522184","94.70989761","95.69112628","94.49658703","95.52047782","95.60580205","95.39249147","94.92320819","94.06996587","93.80234506","92.54606365","93.216080402","94.34673367","96.02177554","95.77051926","96.44053601","98.11557789","99.12060302",
"아파트","울산","매매수급동향","","97.47474747","95.2020202","92.42424242","95.70707071","95.45454545","97.97979798","98.23232323","94.44444444","94.44444444","102.020202","102.020202","100.5050505","98.26732673","100.990099","102.7227723","100.2475248","100.7425743","108.6633663","107.9207921","105.4455446","102.7227723","104.2079208","102.7227723","102.970297","103.3980583","104.368932","106.3106796","108.2524272","107.7669903","107.2815534","105.4794521","105.9360731","109.3607306","111.6438356","109.3607306","109.8173516","111.1872146","110.7305936","108.9041096","104.109589","104.3378995","105.0228311","101.5981735","84.01826484","78.66666667","80.44444444","81.11111111","80.44444444","79.11111111","80.44444444","80.88888889","76.66666667","78","77.55555556","77.77777778","78.88888889","78.22222222","79.33333333","78","85.84070796","78.76106195","82.52212389","82.30088496","75.44247788","71.23893805","69.02654867","65.92920354","59.51327434","60.84070796","58.40707965","55.75221239","55.30973451","53.38983051","55.08474576","54.02542373","54.87288136","56.1440678","56.3559322","56.3559322","58.47457627","56.77966102","61.86440678","73.72881356","82.41525424","84.63114754","86.2704918","87.09016393","86.06557377","84.22131148","86.68032787","105.942623","98.97540984","101.2295082","105.7377049","117.6229508","117.4180328","118.442623","116.8032787","115.5737705","109.2213115","99.79508197","103.4836066","112.7001067","114.8879402","117.2892209","109.018143","97.38527215","96.42475987","90.66168623","89.43436499","89.11419424","88.79402348","88.68729989","87.56670224","84.52508004","83.83137673","82.12379936","82.33724653","79.66915688","77.74813234","77.33545648","76.91082803","76.32696391","76.00849257","76.06157113","76.32696391","79.14012739","82.37791932","84.50106157","84.76645435","84.28874735","84.12951168","83.90804598","83.80355277","82.65412748","82.23615465","82.54963427","83.54231975","84.169279","84.43051202","85.84117032","86.46812957","86.99059561","87.14733542","86.05015674","87.66980146","88.61024033","91.28205128","91.28205128","91.9487179487","92.87179487","93.38461538","94.1025641","95.64102564","96.41025641","98.30769231",
"아파트","세종","매매수급동향","","116.2162162","112.1621622","110.8108108","108.1081081","108.1081081","101.3513514","100","98.64864865","98.64864865","98.64864865","104.4117647","100","92.30769231","103.8461538","103.9215686","101.9607843","101.9607843","101.9230769","92","95","80.76923077","97.11538462","90.38461538","92.30769231","81.14754098","92.62295082","95.90163934","89.3442623","82.78688525","86.8852459","89.88764045","88.76404494","89.3258427","89.88764045","92.69662921","91.57303371","96.06741573","93.82022472","98.31460674","94.94382022","94.38202247","95.50561798","97.75280899","102.8089888","103.2110092","105.0458716","104.1284404","100.9174312","100.4587156","91.74311927","96.78899083","100.4587156","114.6788991","127.9816514","130.733945","112.3853211","87.1559633","99.08256881","89.90825688","101.5625","105.46875","96.09375","104.6875","107.03125","99.21875","101.5625","101.5625","96.875","89.84375","94.53125","92.1875","96.875","96.98795181","92.1686747","91.56626506","84.93975904","83.73493976","75.30120482","76.5060241","83.73493976","90.36144578","94.57831325","93.97590361","101.8072289","103.6458333","116.1458333","116.1458333","111.4583333","106.7708333","111.4583333","128.6458333","129.6875","129.1666667","128.125","124.4791667","121.875","117.7083333","114.5833333","107.2916667","105.2083333","96.875","83.85416667","88.0952381","88.69047619","96.72619048","95.23809524","94.49404762","81.10119048","87.79761905","90.47619048","91.96428571","88.83928571","87.94642857","86.30952381","86.75595238","78.86904762","77.23214286","76.48809524","60.56547619","49.4047619","53.52112676","61.12676056","86.76056338","99.15492958","99.43661972","100.1408451","99.01408451","94.22535211","94.64788732","92.11267606","91.83098592","90.70422535","90.35812672","89.66942149","87.0523416","87.32782369","86.91460055","87.87878788","87.0523416","89.94490358","90.35812672","89.80716253","89.39393939","91.184573","89.53168044","89.94490358","88.42975207","104.1666667","104.8387097","101.4784946237","99.8655914","101.8817204","100.672043","100","101.0752688","101.6129032",
"아파트","강원","매매수급동향","","92.25092251","91.69741697","92.6199262","94.83394834","93.54243542","90.95940959","92.06642066","94.2804428","96.67896679","96.3099631","96.49446494","96.86346863","95.77205882","95.95588235","97.79411765","95.40441176","94.11764706","93.19852941","94.48529412","95.03676471","94.66911765","95.03676471","95.58823529","99.81617647","100.9191176","102.2058824","102.5735294","105.1851852","98.71323529","98.16176471","98.21428571","100","99.4047619","99.6031746","101.7857143","101.7857143","100.1984127","100.5952381","99.20634921","98.61111111","98.21428571","96.62698413","96.62698413","97.02380952","100.1901141","100.3802281","101.9011407","100.9505703","100.9505703","100.9505703","100.3802281","96.19771863","97.14828897","97.33840304","102.2813688","104.1825095","104.9429658","105.3231939","95.62737643","90.90909091","93.18181818","94.6969697","94.44444444","89.8989899","88.13131313","84.09090909","83.83838384","84.09090909","82.57575758","78.53535354","77.02020202","75.50505051","75","76.2755102","74.48979592","70.91836735","69.89795918","69.64285714","66.83673469","66.58163265","66.83673469","66.58163265","66.07142857","66.07142857","70.64676617","73.01980198","72.77227723","71.03960396","73.51485149","83.41584158","91.08910891","90.84158416","93.06930693","94.30693069","97.27722772","104.4554455","107.4257426","108.6633663","110.6435644","109.9009901","110.1485149","112.1287129","116.3809524","118.7142857","122.8571429","109.4285714","105.2857143","102.5714286","101.8571429","101.6666667","102.047619","102.4285714","101.3809524","101.2857143","99.57142857","97.04761905","93.9047619","92","88.28571429","85.9047619","85.63115488","85.36257833","87.33213966","87.19785139","85.89973142","86.6606983","89.16741271","90.59982095","91.22649955","92.83795882","91.94270367","89.03312444","90.070609","89.45278023","87.46690203","90.82082966","92.58605472","89.62930274","95.58693733","98.23477493","96.60194175","95.85172109","94.57193292","95.63106796","94.79258605","95.45454545","95.71932921","94.58874459","94.97835498","95.670995671","95.62770563","95.15151515","96.40692641","96.66666667","95.45454545","97.4025974",
"아파트","충북","매매수급동향","","101.6304348","102.7173913","102.5362319","103.0797101","101.4492754","101.6304348","100.9057971","101.4492754","101.0869565","101.6304348","101.8115942","101.6304348","102.5089606","102.1505376","103.046595","102.5089606","103.4050179","103.5842294","101.4134276","101.9434629","101.4134276","101.590106","101.7667845","101.9434629","101.7667845","101.2367491","101.7667845","101.7667845","101.4134276","101.9434629","100.7380074","100.7380074","100.7380074","100.5535055","100.7380074","100.9225092","100.7380074","100","100","99.81549815","100.1845018","99.81549815","99.07749077","98.15498155","98.22695035","95.56737589","97.34042553","96.63120567","96.27659574","96.09929078","97.34042553","96.80851064","97.87234043","97.5177305","97.87234043","96.27659574","95.03546099","94.14893617","93.26241135","88.44827586","88.44827586","88.96551724","88.79310345","84.82758621","83.10344828","83.79310345","81.20689655","80.86206897","81.37931034","79.31034483","79.82758621","80","69.52191235","69.52191235","67.52988048","68.12749004","67.92828685","67.1314741","67.1314741","66.73306773","65.93625498","66.13545817","66.33466135","66.13545817","69.84732824","74.04580153","74.42748092","75","80.34351145","94.27480916","96.5648855","96.3740458","95.22900763","94.08396947","96.94656489","103.4351145","104.0076336","105.1526718","109.1603053","108.778626","107.0610687","110.3053435","122.0970537","125.7365685","120.3206239","115.6412478","106.1958406","97.6169844","98.91681109","99.43674177","98.83015598","99.52339688","99.82668977","99.52339688","99.0034662","96.9237435","95.14731369","94.41074523","87.65164645","85.05199307","82.19063545","82.02341137","83.19397993","84.82441472","89.46488294","90.67725753","92.64214047","92.80936455","96.02842809","97.36622074","95.81939799","95.19230769","94.41687345","92.55583127","94.7063689","93.63110008","93.71381307","92.22497932","92.72125724","94.95450786","94.21009098","94.87179487","95.8643507","93.67245658","94.49958644","96.40198511","95.98842018","95.90429846","96.67477697","96.7558799676","97.24249797","97.08029197","97.72911598","95.98540146","95.57988646","95.49878345",
"아파트","충남","매매수급동향","","100.7082153","101.6997167","102.8328612","103.9660057","105.5240793","104.674221","100","100.2832861","103.3994334","105.9490085","108.3569405","101.9830028","101.6393443","104.3715847","102.4590164","104.3715847","103.4153005","106.557377","107.3770492","105.4644809","106.557377","106.147541","104.7814208","102.3224044","102.4590164","100","101.2295082","101.5027322","103.0054645","98.36065574","98.93899204","97.87798408","96.15384615","93.89920424","96.15384615","94.03183024","93.89920424","91.51193634","92.30769231","90.84880637","90.84880637","90.18567639","91.64456233","88.19628647","94.01041667","93.61979167","91.40625","89.32291667","93.22916667","92.31770833","93.61979167","91.66666667","92.31770833","91.796875","94.140625","95.44270833","96.09375","94.79166667","93.359375","92.71428571","89.85714286","87.85714286","88.57142857","86.57142857","85.71428571","80.57142857","85.28571429","86.85714286","86.42857143","83.42857143","83.14285714","83.71428571","83.46560847","89.55026455","85.97883598","89.28571429","89.94708995","89.55026455","89.02116402","87.03703704","87.43386243","87.3015873","87.43386243","90.47619048","91.64490862","95.82245431","94.25587467","91.25326371","94.38642298","97.79792746","105.3108808","110.880829","112.1761658","110.880829","113.6010363","116.9689119","119.3005181","117.746114","119.8186528","118.9119171","116.9689119","119.6891192","131.5500686","133.3333333","133.436214","115.0891632","105.2812071","101.611797","99.45130316","98.28532236","99.10836763","98.66255144","97.80521262","97.66803841","97.18792867","96.81069959","94.78737997","90.36351166","88.54595336","86.76268861","88.35113485","87.41655541","87.91722296","91.02136182","93.65821095","96.29506008","95.82777036","96.02803738","96.82910547","96.56208278","96.52870494","95.06008011","94.82647815","93.73393316","93.92673522","94.92287918","97.42930591","96.94730077","98.77892031","98.87532134","98.90745501","99.29305913","98.48971722","98.20051414","97.0437018","97.07583548","96.17609254","96.95652174","97.14285714","97.0807453416","97.70186335","97.60869565","97.70186335","98.50931677","98.22981366","98.50931677",
"아파트","전북","매매수급동향","","81.00358423","101.2544803","98.02867384","102.1505376","96.77419355","93.01075269","93.90681004","92.29390681","93.72759857","98.02867384","102.688172","102.1505376","102.5951557","101.0380623","103.1141869","101.2110727","94.29065744","93.42560554","90.1384083","90.83044983","93.94463668","94.6366782","92.73356401","92.21453287","95.57823129","95.91836735","100.170068","98.80952381","97.10884354","97.95918367","100.3412969","101.5358362","103.2423208","104.4368601","104.2662116","102.21843","101.5358362","98.12286689","97.6109215","95.90443686","95.90443686","97.44027304","100","95.90443686","100.1706485","103.5836177","103.2423208","105.1194539","104.2662116","107.6791809","108.0204778","108.3617747","108.5324232","106.8259386","105.4607509","100.8532423","100.6825939","100.5119454","101.5358362","99.82014388","98.38129496","96.94244604","96.94244604","95.32374101","94.0647482","91.36690647","89.74820144","88.30935252","90.4676259","90.82733813","93.16546763","94.0647482","90.03759398","88.53383459","85.71428571","81.57894737","81.39097744","76.69172932","78.7593985","76.31578947","76.87969925","77.34962406","76.59774436","79.79323308","83.7037037","84.25925926","87.59259259","86.2962963","87.40740741","90.74074074","91.85185185","92.40740741","90.37037037","93.51851852","95.55555556","103.3333333","102.4074074","101.8518519","100.1851852","104.4444444","105.9259259","108.5185185","116.0876758","118.2795699","126.344086","117.4110835","106.5343259","103.1430935","102.4813896","102.1505376","105.5004136","105.4177006","105.2109181","103.8047974","102.5227461","99.29693962","96.77419355","93.42431762","77.50206782","74.60711332","77.36757624","78.17014446","75.24077047","77.44783307","80.21669342","82.98555377","82.54414125","83.90850722","87.31942215","87.96147673","87.56019262","87.43980738","87.64892772","88.60206513","89.43606037","88.76092137","91.93804607","94.04289118","95.43288324","98.33200953","96.46544877","97.93486894","96.624305","94.63860207","98.1731533","100.0397141","100.9134234","98.86895476","99.25897036","100.6630265211","99.84399376","100.0780031","101.7550702","100.975039","101.326053","101.1310452",
"아파트","전남","매매수급동향","","99.61977186","102.0912548","100.3802281","100.5703422","101.1406844","96.57794677","96.19771863","95.05703422","95.81749049","95.62737643","98.66920152","97.71863118","99.28825623","98.57651246","100.7117438","99.28825623","98.57651246","99.11032028","97.15302491","99.11032028","99.82206406","99.46619217","98.93238434","99.46619217","100","100.1694915","102.3728814","105.7627119","102.7118644","103.0508475","101.8644068","100.3389831","97.62711864","99.15254237","101.6949153","100.8474576","100.3389831","98.13559322","96.94915254","98.13559322","100.3389831","100","100","104.9152542","104.6925566","105.1779935","105.987055","104.0453074","104.5307443","101.618123","104.0453074","103.3980583","100.9708738","100.9708738","102.5889968","102.4271845","101.9417476","105.1779935","104.8543689","97.12041885","98.16753927","99.7382199","97.38219895","98.16753927","96.85863874","97.64397906","101.0471204","103.6649215","105.7591623","107.591623","111.7801047","107.8534031","105.0239234","103.1100478","100.7177033","96.88995215","94.25837321","93.77990431","94.25837321","96.41148325","96.41148325","95.6937799","97.36842105","94.49760766","95.02369668","95.49763033","94.78672986","90.99526066","96.44549763","97.1563981","98.57819905","105.9241706","102.6066351","103.7914692","107.3459716","106.8720379","103.3175355","107.3459716","100.9478673","104.5023697","104.7393365","111.1374408","109.3717817","112.3583934","116.4778579","111.791967","96.70442842","92.1215242","94.23274974","92.48197734","93.76930999","93.56333677","93.35736354","92.22451081","92.01853759","90.01029866","88.82595263","86.30278064","83.47064882","80.94747683","81.55856728","83.0106486","83.05905131","84.75314618","86.64085189","86.30203291","87.51210068","90.17424976","90.31945789","90.75508228","91.57792836","89.35140368","90.25423729","90.63088512","89.3126177","91.57250471","89.97175141","89.73634652","89.92467043","92.56120527","91.43126177","91.33709981","92.32580038","90.58380414","90.06591337","90.44256121","89.40677966","89.38419118","87.68382353","89.1084558824","89.93566176","90.44117647","89.88970588","91.54411765","92.64705882","95.40441176",
"아파트","경북","매매수급동향","","106.8421053","106.8421053","109.6052632","110.3947368","111.7105263","111.3157895","113.2894737","111.0526316","112.3684211","116.8421053","116.0526316","111.7105263","112.8238342","111.0103627","109.8445596","107.7720207","108.6787565","109.0673575","108.4196891","109.3264249","109.5854922","108.6787565","108.4196891","110.492228","108.2338902","109.3078759","109.4272076","109.9045346","107.7565632","110.1431981","103.7330317","108.5972851","108.4841629","107.918552","107.239819","98.19004525","96.15384615","95.92760181","88.80090498","90.49773756","88.46153846","88.00904977","86.76470588","83.71040724","81.14035088","79.16666667","79.05701754","78.39912281","78.72807018","76.53508772","76.4254386","75.43859649","75.87719298","77.96052632","76.97368421","77.63157895","74.78070175","75","75.65789474","84.84419263","81.01983003","81.44475921","77.90368272","76.48725212","72.94617564","70.39660057","67.28045326","62.46458924","62.32294618","64.30594901","61.75637394","60.76487252","62.53298153","57.12401055","57.78364116","57.3878628","56.99208443","58.97097625","60.02638522","65.17150396","65.96306069","65.69920844","65.83113456","67.81002639","71.72236504","74.16452442","78.27763496","78.14910026","80.20565553","80.59125964","92.54498715","98.20051414","94.98714653","93.05912596","93.70179949","100.2570694","107.1979434","108.4832905","106.2982005","106.5552699","105.9125964","108.2262211","111.4848485","112.8484848","112.4242424","108.6969697","103.1515152","99.39393939","97.21212121","95.63636364","95.81818182","96.6969697","97.6969697","97.3030303","94.06060606","90.81818182","89.48484848","85.93939394","83.06060606","80.48484848","80.48852266","81.81283108","85.07945851","86.13890524","91.46556798","91.84814597","91.43613891","93.84932313","95.52678046","95.05591524","94.58505003","93.93761036","92.62632197","91.62749706","91.83313749","91.77438308","91.24559342","90.95182139","91.9800235","92.71445358","92.00940071","91.45123384","91.21621622","90.54054054","89.54171563","88.27849589","88.92479436","88.79954049","86.47329121","87.2774267662","86.55944859","87.67949454","88.65594486","89.86214819","91.06835152","90.66628374",
"아파트","경남","매매수급동향","","95.66532258","95.76612903","101.6129032","104.5362903","102.8225806","100.8064516","98.08467742","96.97580645","100.7056452","101.2096774","100.9072581","100.5040323","101.7964072","104.8902196","103.6926148","105.3892216","104.8902196","102.994012","104.0918164","104.3912176","105.1896208","106.5868263","105.2894212","105.2894212","105.3254438","104.5364892","106.3116371","106.1143984","105.7199211","106.3116371","104.0594059","103.8613861","104.950495","103.4653465","101.980198","101.8811881","100.2970297","99.7029703","99.7029703","99.7029703","98.51485149","95.74257426","96.23762376","95.44554455","93.66471735","93.2748538","93.37231969","92.88499025","93.07992203","93.66471735","93.95711501","92.30019493","91.796875","91.8128655","91.32553606","88.30409357","87.23196881","87.23196881","86.25730994","79.17466411","78.79078695","79.46257198","78.98272553","75.71976967","72.55278311","70.34548944","69.00191939","62.85988484","57.48560461","55.75815739","53.26295585","53.55086372","54.89220564","53.23383085","50.58043118","50.8291874","49.75124378","48.92205638","58.62354892","56.71641791","55.55555556","56.21890547","56.38474295","63.76451078","65.29126214","67.5566343","68.85113269","64.4012945","62.94498382","69.57928803","91.10032362","93.52750809","91.74757282","93.12297735","98.70550162","104.9352751","103.3980583","98.46278317","96.60194175","97.33009709","97.57281553","101.9417476","108.5968379","111.1067194","112.0948617","110.2173913","104.1106719","100.5142405","99.82213439","99.88142292","101.0869565","100.5928854","101.027668","100.256917","97.54940711","96.06719368","94.44664032","90.6916996","84.38735178","79.36758893","82.76131045","85.51092044","87.63650546","88.49453978","89.37207488","88.61154446","89.43057722","90.56162246","90.67862715","91.14664587","90.5226209","88.55304212","87.91039011","88.66357667","87.73657783","89.62920046","89.9188876","88.7215141","90.03476246","89.24295095","89.8416377","89.9961375","88.8760139","88.12282735","88.45113944","87.35032831","86.46195442","87.58542141","87.09187547","86.9589977221","88.85725133","88.420653","88.99012908","89.93925588","90.58466211","90.90736522",
"아파트","제주","매매수급동향","","84.61538462","82.30769231","81.53846154","84.61538462","83.84615385","83.84615385","84.61538462","81.53846154","80","80","80.76923077","86.92307692","98.52941176","98.52941176","94.85294118","94.85294118","91.91176471","91.91176471","91.91176471","104.4117647","106.6176471","107.3529412","113.2352941","131.6176471","140.4109589","133.5616438","130.8219178","131.5068493","134.2465753","136.3013699","146.5753425","145.890411","146.5753425","148.630137","156.1643836","154.109589","159.5890411","150","141.7808219","120.5479452","103.4246575","90.4109589","90.4109589","100.6849315","106.7073171","107.3170732","109.7560976","107.3170732","108.5365854","104.8780488","102.4390244","96.95121951","98.17073171","97.56097561","97.56097561","98.17073171","92.68292683","91.46341463","93.90243902","81.37254902","80.39215686","82.35294118","83.33333333","76.47058824","78.43137255","75.49019608","70.58823529","61.76470588","67.64705882","64.70588235","66.66666667","63.7254902","68.75","70.53571429","70.53571429","70.53571429","72.32142857","69.64285714","70.53571429","71.42857143","70.53571429","70.53571429","75.89285714","74.10714286","75","71.55172414","70.68965517","70.68965517","69.82758621","69.82758621","68.96551724","68.96551724","67.24137931","67.24137931","67.24137931","81.03448276","87.93103448","87.93103448","87.06896552","95.68965517","104.3103448","112.9310345","113.5555556","117.1111111","115.7777778","118.2222222","100.8888889","99.33333333","94.44444444","92.22222222","93.11111111","90","90.66666667","93.33333333","90.44444444","86","80","80.66666667","79.33333333","72.66666667","77.11111111","76.88888889","76.22222222","74.88888889","77.55555556","81.55555556","82","81.77777778","82","82.22222222","83.11111111","81.77777778","83.92070485","83.70044053","85.24229075","85.46255507","84.36123348","87.66519824","89.86784141","88.98678414","91.18942731","92.95154185","90.74889868","90.30837004","92.2907489","92.2907489","90.74889868","92.64069264","93.07359307","92.6406926407","91.55844156","92.64069264","90.90909091","90.69264069","91.12554113","91.77489177",
"연립다세대","전국","매매수급동향","","85.50642479","86.05442177","86.75359033","89.7731569","90.37807183","89.52741021","89.16824197","87.9584121","89.67863894","91.24763705","91.47448015","91.32325142","91.86946903","93.099631","92.41697417","91.93726937","92.06642066","91.86346863","91.73721016","93.15421421","93.41185131","94.05594406","94.12955466","94.84725801","95.99056604","95.82728592","97.11538462","97.58708273","97.27866473","97.42380261","98.29320877","97.9338843","98.46388789","99.0837226","99.36219907","97.0984549","97.26015092","96.20912684","95.77793748","95.61624147","95.27488322","94.83471074","94.9514912","95.40064678","95.84033613","96.02521008","96.2934947","96.32773109","95.78151261","95.73037485","96.01613717","95.99865501","96.21785174","96.64649521","97.17599597","96.82352941","96.39495798","96.1092437","95.8487395","95.43325527","95.81799933","96.46202743","95.93509535","94.23720308","92.99096688","92.08765473","92.12111074","92.36366678","93.69354299","93.18333891","92.84877886","91.48544664","88.49564657","86.61722025","85.71428571","85.24669461","84.56949371","83.72299258","84.49693647","85.77071912","85.69009997","86.76233473","87.81844566","89.68074815","90.06773787","90.910523","90.88402143","89.64240706","89.73692502","91.39098929","94.17322835","94.58267717","94.2992126","95.1496063","95.70866142","97.2992126","98.32283465","99.4015748","99.5511811","99.24409449","99.33070866","100.5511811","104.1968504","108.1496063","107.2125984","103.7401575","100.2992126","98.07843755","97.51024267","96.1326402","96.54003783","98.23622047","95.25461138","96.14112459","94.73145377","93.42519685","92.05511811","88.66141732","85.64566929","82.50393701","81.92901235","82.27623457","83.13271605","83.96604938","83.0941358","84.93055556","86.16512346","87.12191358","89.02006173","88.62654321","87.63117284","86.70524691","86.45801527","86.16030534","86.77099237","87.41984733","86.98473282","89.47328244","91.45038168","92.39694656","92.67175573","92.86259542","92.48854962","92.10687023","92.16793893","92.91603053","93.4351145","93.58587383","93.32930878","94.2348324781","95.41955931","95.35164503","96.06851796","96.4458195","96.00814971","96.08361002",
"연립다세대","수도권","매매수급동향","","76.6470972","77.65818656","77.72341813","81.7232376","82.8002611","82.14751958","81.23368146","80.31984334","81.88642298","83.74673629","84.20365535","83.94255875","84.85229415","86.98113208","86.28930818","86.35220126","86.60377358","86.50943396","86.00628931","87.48427673","88.01886792","88.74213836","89.3081761","89.77987421","91.23743719","91.48869347","92.5879397","93.43592965","93.56155779","93.84422111","96.10227627","95.44745868","96.19582164","97.81727471","98.09791082","95.65014032","95.16682258","94.87059557","94.30932336","94.40286872","94.94855005","94.88618647","94.88618647","95.696913","96.49595687","97.00509134","97.45432764","97.48427673","96.70560048","96.61575322","96.96016771","97.07821396","98.09766327","98.33732774","98.80167765","98.38274933","97.87361485","97.22970949","97.10991315","98.36655592","99.30786268","99.91694352","99.29401993","97.52214839","96.11018826","95.47342193","96.27630122","97.72978959","99.50166113","98.93410853","98.82336656","97.36987818","93.0176565","90.27554842","88.91118245","88.69716426","87.81433922","87.39967897","88.53665062","90.27554842","90.82397004","92.06795078","93.48582129","97.03049759","96.80878553","97.6744186","97.99638056","96.9121447","96.31782946","97.93281654","100.7877066","101.6528926","101.8853306","102.2469008","102.0402893","103.6286157","104.6875","106.1725207","106.1854339","105.8496901","105.7592975","107.4121901","106.6317627","111.0196958","110.1969584","105.7466966","100.9972575","98.50374065","96.25748503","95.19830382","95.53281757","98.3171279","95.48177733","96.2478185","94.86412366","93.41810022","92.12166542","87.89578659","84.13113937","80.60334081","79.69094923","80.02207506","81.34657837","82.40127545","81.30978661","83.35786117","85.07480991","85.83517292","88.04267844","87.71155261","86.69364729","85.52857493","85.15871093","85.21928762","86.38236007","87.18197238","87.27889508","90.58638236","93.22752605","94.75405864","95.16598013","95.45674824","95.17809547","94.41482917","94.49963654","95.11751878","96.05039981","96.14832536","96.44736842","97.5717703349","98.62440191","98.54066986","99.48564593","100.2631579","99.5215311","99.79665072",
"연립다세대","지방","매매수급동향","","97.70889488","97.61904762","99.19137466","100.853549","100.8086253","99.68553459","100.0898473","98.47259659","100.4043127","101.572327","101.4824798","101.4824798","101.8287244","101.7857143","101.1160714","99.86607143","99.82142857","99.46428571","99.82253771","101.1535049","101.0204082","101.552795","100.931677","101.9964508","102.4914089","101.7611684","103.3075601","103.2646048","102.362543","102.3195876","101.2717253","101.3141162","101.5472658","100.805426","101.0809665","99.06740144","100.1059771","98.02882577","97.77448071","97.26579059","95.7185248","94.76473082","95.0402713","94.99788046","95.00191498","94.77211796","94.80842912","94.84871697","94.5997702","94.59770115","94.80842912","94.61891995","93.81463041","94.4848717","95.09766373","94.82956722","94.50402145","94.67636921","94.23592493","90.95519865","90.49027895","91.1876585","90.80726965","89.22231615","88.22907861","86.91885038","85.77768385","84.17159763","84.82671175","84.40405748","83.72781065","82.50211327","81.63555195","81.06737013","80.86444805","80.01217532","79.64691558","78.14529221","78.36850649","78.93668831","77.90178571","78.71347403","79.22077922","78.53084416","79.53995157","80.34705408","79.78208232","78.2889427","79.45924132","81.17433414","83.8377724","83.53510896","82.44552058","84.05972559","85.81517353","87.40920097","88.37772397","88.82163035","89.18482647","88.92251816","89.28571429","89.83050847","100.0213767","103.2278752","102.0949124","100.2992732","99.10218042","97.34929457","99.6578272","97.73407439","98.26700899","98.09747755","94.86521181","95.95808383","94.50384944","93.4373664","91.94100043","89.97434801","88.24283882","85.76314664","85.72617561","86.10070745","86.16312942","86.62089055","86.12151477","87.59883479","88.01498127","89.30503537","90.67831877","90.17894299","89.22180608","88.70162297","88.67106892","87.76310359","87.43293438","87.82501032","86.4836979","87.57738341","88.42344201","88.38217086","88.42344201","88.44407759","87.90755262","88.17581511","88.19645068","89.16632274","88.98060256","89.20686836","88.00081766","88.5322976288","89.9427637","89.90188062","90.22894522","89.92232216","90.00408831","89.73834832",
"연립다세대","6대광역시","매매수급동향","","83.89057751","84.72644377","86.47416413","87.91793313","88.29787234","88.06990881","88.52583587","88.44984802","91.03343465","91.33738602","90.95744681","90.42553191","90.7518797","91.49096386","92.31927711","91.56626506","91.41566265","91.79216867","93.44879518","94.80421687","94.80421687","96.23493976","95.40662651","95.40662651","95.87628866","95.72901325","96.9808542","95.13991163","94.69808542","94.91899853","96.57142857","96.12244898","96.40816327","97.2244898","97.2244898","94.89795918","96.16326531","93.67346939","93.26530612","93.30612245","93.14285714","93.02040816","93.75510204","92.48979592","92.55952381","93.52678571","94.08482143","94.45684524","94.38244048","94.0431869","94.30379747","94.82886905","95.27529762","95.61011905","96.09375","97.58184524","97.35863095","96.875","96.83779762","91.62561576","90.74595355","91.97748065","91.5200563","90.85151302","89.58479944","88.95144265","87.5791696","84.94018297","86.24208304","85.81984518","85.89021816","84.94018297","83.71290545","83.09178744","82.0220842","81.50448585","81.29744651","79.88267771","80.43478261","81.43547274","81.26293996","82.16011042","82.60869565","83.57487923","85.09615385","85.71428571","85.06181319","83.51648352","85.43956044","86.53846154","87.60302198","87.63736264","87.39697802","88.97664835","90.7967033","92.6510989","92.58241758","93.99038462","93.95604396","93.85302198","93.30357143","95.08928571","104.4149318","108.9375449","105.8865757","101.2921752","97.12849964","96.84134961","97.37975592","97.19827586","97.30409777","97.66690596","94.97487437","96.83908046","93.42672414","91.88801149","89.62670495","87.32950467","84.85283561","82.23259153","82.08689459","82.12250712","82.76353276","83.72507123","81.73076923","83.01282051","83.76068376","85.61253561","86.85897436","86.75213675","85.07834758","82.58547009","83.53399433","82.64872521","82.93201133","82.79036827","82.40084986","82.79036827","83.35694051","84.34844193","84.7733711","84.56090652","84.73796034","84.73796034","84.8796034","85.4815864","85.80028329","85.8497191","85.60393258","85.7443820225","88.02668539","87.78089888","88.37780899","88.37780899","88.06179775","88.30758427",
"연립다세대","5대광역시","매매수급동향","","94.16498994","94.76861167","97.18309859","97.78672032","98.28973843","97.38430584","97.88732394","97.18309859","100.1006036","100.2012072","99.89939638","98.89336016","99.10714286","100.4970179","100.0994036","98.80715706","98.80715706","99.10536779","101.0934394","102.8827038","101.5904573","102.6838966","101.7892644","101.888668","101.7374517","101.2548263","103.1853282","100.7722008","100.1930502","100.4826255","100.1042753","99.47862357","99.84358707","100","100","97.02815433","98.64442127","95.51616267","94.89051095","94.89051095","94.62982273","94.57768509","95.6725756","94.00417101","94.01669759","94.24860853","94.71243043","95.03710575","94.85157699","95.26462396","95.58960074","95.87198516","95.77922078","96.15027829","96.33580705","97.12430427","96.42857143","96.52133581","96.47495362","90.41703638","89.48535936","90.90505768","90.32830524","88.7755102","87.71073647","87.31144632","85.66992014","82.91925466","83.76220053","83.0079858","80.96716948","80.25732032","79.92160279","79.70383275","78.61498258","78.00522648","78.35365854","77.17770035","78.48432056","78.91986063","78.57142857","79.31184669","80.48780488","80.22648084","81.96864111","82.62195122","82.31707317","79.74738676","82.40418118","83.58013937","84.18989547","84.10278746","83.84146341","85.54006969","87.84843206","90.41811847","90.41811847","91.76829268","91.20209059","90.81010453","91.68118467","92.16027875","104.9019608","109.7105509","104.9953315","100.7469655","97.33893557","96.40522876","97.29225023","96.12511671","97.19363891","97.10550887","94.67787115","96.21495327","93.17757009","91.31652661","89.77591036","88.00186741","85.90102708","83.23996265","82.48613678","82.57855823","82.85582255","83.50277264","81.83918669","83.59519409","83.59519409","85.67467652","87.01478743","86.69131238","85.44362292","84.01109057","84.77460902","83.11867525","82.98068077","83.07267709","82.19871205","82.10671573","83.34866605","83.80864765","84.63661454","83.76264949","83.90064397","84.31462741","84.54461822","86.2925483","85.55657774","85.72080292","84.8540146","85.7664233577","86.90693431","87.36313869","87.36313869","86.90693431","86.86131387","87.18065693",
"연립다세대","9개도","매매수급동향","","92.00592154","92.5980755","93.07920059","97.18726869","97.55736491","96.48408586","95.74389341","93.56032568","94.67061436","96.89119171","97.0392302","97.40932642","97.74031564","98.17073171","96.91535151","95.83931133","95.69583931","95.12195122","94.61099215","96.28836545","96.75231977","97.1448965","96.78800857","97.7159172","99.46846208","99.07866761","100.7795889","101.523742","100.8858965","100.7795889","100.2898057","99.89771565","100.0681896","100.7159905","100.9546539","98.02250256","98.63620866","97.88612342","97.69860211","97.35765428","96.70985339","95.89157859","95.75519945","96.84623253","96.9047619","96.95238095","96.87202286","96.79365079","96.04761905","95.9047619","96.14285714","96.20634921","95.26984127","95.6031746","95.96825397","95.66666667","95.31746032","95.44444444","95.01587302","94.81358435","94.81358435","95.25655223","94.88741233","93.31856774","92.63565891","91.60206718","91.58361019","91.98966408","92.7094869","92.45108896","92.83868586","91.69435216","89.87804878","89.45993031","88.67595819","88.65853659","87.54355401","86.8815331","86.271777","86.51567944","85.57491289","86.13240418","86.79442509","86.65505226","86.9295302","87.93624161","88.14640698","88.37248322","88.54026846","89.88255034","92.11938296","91.83433937","91.61636486","92.37089202","92.38765929","94.43326626","95.60697518","96.96512408","97.35077129","97.50167673","97.70288397","98.23943662","102.1339462","105.006566","104.464872","102.9054498","101.9205515","99.04793171","99.08015769","97.65265923","97.35545335","100.0328299","95.08061862","96.86474064","95.79776756","94.40249508","93.38476691","89.31385424","86.112935","82.78069599","82.16794381","82.39144317","82.91826309","84.57854406","84.46679438","86.63793103","88.1385696","88.85696041","90.7247765","90.13409962","89.09642401","88.92081737","87.84722222","87.81565657","88.2260101","88.87310606","87.86300505","90.53030303","91.93497475","92.64520202","92.32954545","93.00820707","92.51893939","92.55050505","92.61363636","93.07133838","93.38699495","93.56296758","92.75249377","93.4226932668","94.59164589","94.38902743","94.34226933","94.59164589","94.38902743","94.13965087",
"연립다세대","8개도","매매수급동향","","99.74789916","99.49579832","100.4201681","103.0252101","102.5210084","101.1764706","101.512605","99.07563025","100.2521008","102.3529412","102.4369748","103.2773109","103.7751678","102.5167785","101.5939597","100.3355705","100.2516779","99.41275168","98.67330017","99.75124378","100.5804312","100.5804312","100.0829187","102.4046434","103.7643208","102.8641571","104.1734861","105.8919804","104.3371522","104.5826514","102.4565382","103.0234316","103.2123961","101.9652305","102.6455026","101.2471655","102.1919879","100.5291005","100.3023432","99.39531368","96.74981104","95.08692366","94.67120181","95.99395314","95.67206193","95.35538353","94.61267606","94.89795918","94.58128079","94.15904293","94.26460239","93.87755102","91.83673469","92.7163969","93.13863476","92.18859958","92.18859958","92.47009148","91.73117523","90.62226117","90.62226117","90.70990359","90.44697634","88.34355828","87.42331288","85.49517967","84.79404032","83.74233129","84.22436459","84.44347064","85.1884312","83.30411919","81.73234811","81.23973727","81.48604269","81.11658456","80.33661741","78.61247947","78.24302135","78.8998358","77.09359606","77.99671593","77.79146141","76.72413793","77.15097403","78.16558442","77.31331169","76.74512987","76.62337662","78.97727273","82.67045455","81.89935065","80.31655844","81.25","82.91396104","83.92857143","85.95779221","84.94318182","85.83603896","85.83603896","86.12012987","87.17532468","95.59193955","97.56507137","99.91603694","99.91603694","100.9235936","98.27875735","101.4285714","99.20235097","98.99244332","98.78253568","95.45836838","95.9697733","95.88581024","95.17212427","94.12258606","91.85558354","90.21830395","88.03526448","88.51732474","88.67848509","88.55761483","88.75906527","89.04109589","90.33037873","91.25705077","91.94198227","93.51329573","92.86865431","92.34488316","92.5463336","91.9123506","91.67330677","91.43426295","91.99203187","90.47808765","92.2310757","92.70916335","92.31075697","91.71314741","92.39043825","91.39442231","91.5936255","91.43426295","91.83266932","91.9123506","91.91640379","90.45741325","90.4968454259","92.35015773","91.64037855","92.35015773","92.03470032","92.27129338","91.44321767",
"연립다세대","서울","매매수급동향","","71.67207792","72.24025974","72.32142857","74.71544715","76.09756098","75.04065041","74.63414634","74.30894309","76.50406504","78.04878049","79.10569106","78.21138211","79.43037975","82.96354992","81.93343899","83.04278922","84.07290016","84.15213946","83.20126783","84.23137876","84.31061807","84.62757528","86.52931854","87.95562599","88.58954041","88.98573693","89.46117274","91.60063391","91.83835182","93.02694136","95.64237415","95.45454545","97.06987228","97.67092412","98.4973704","97.67092412","96.09316304","95.41697971","94.17731029","94.21487603","94.29000751","94.36513899","94.36513899","95.19158527","96.61458333","96.65178571","96.98660714","97.43303571","96.83779762","97.17261905","97.58184524","97.01937407","99.06924795","99.77661951","100.1861504","97.99107143","97.20982143","96.16815476","96.09375","99.17142857","101.2285714","101.7714286","100.8857143","97.82857143","95.71428571","95","96.28571429","98.34285714","100.6857143","99.91428571","98.2","96.05714286","89.49579832","84.45378151","83.19327731","82.54901961","82.35294118","81.76470588","85.26610644","88.43137255","89.77591036","91.8487395","94.00560224","99.9719888","99.69680265","100.4961411","100.5788313","97.13340684","95.64498346","98.34619625","102.8114664","104.5203969","104.3274531","104.2998897","104.9614112","105.8158765","107.5799338","107.5523705","107.2216097","106.0915105","106.753032","108.985667","107.606325","113.0861505","113.2769902","107.1428571","100.2181025","97.49045281","94.6779476","92.7441353","94.37772926","95.5561614","96.04689204","94.57470011","94.08396947","92.85714286","91.84841876","88.60414395","85.2780807","82.11559433","81.22317597","81.70600858","83.31545064","82.61802575","81.14270386","82.88626609","84.17381974","84.89806867","87.47317597","87.20493562","86.90987124","85.83690987","86.13022763","85.86553732","87.26839598","88.45950238","89.14769719","92.72101641","96.74430916","98.14716781","99.33827422","98.94123875","98.43832716","97.08840656","97.08840656","98.49126522","99.39121228","99.37238494","100.1046025","101.8828451883","102.4058577","102.5366109","104.707113","105.5177824","104.6025105","105.0732218",
"연립다세대","강북권역","매매수급동향","","68.60119048","68.89880952","69.3452381","69.40298507","70.29850746","70","72.23880597","71.79104478","71.34328358","71.94029851","72.23880597","72.08955224","71.81008902","72.70029674","70.6231454","71.81008902","73.59050445","74.33234421","72.99703264","74.03560831","74.48071217","74.92581602","77.00296736","78.48664688","79.82195846","81.15727003","81.89910979","84.42136499","84.56973294","83.97626113","88.94436519","88.87303852","91.86875892","92.79600571","94.0085592","92.58202568","89.87161198","88.87303852","87.58915835","87.66048502","87.66048502","87.51783167","87.51783167","88.30242511","91.01838755","91.15983027","91.58415842","91.79632249","91.01838755","92.14992928","92.85714286","93.61702128","94.19263456","96.6713881","96.17563739","94.41301273","94.20084866","92.36209335","91.37199434","95.25586354","97.92110874","98.08102345","98.40085288","93.76332623","91.25799574","90.56503198","92.37739872","95.52238806","99.41364606","98.7206823","97.81449893","97.22814499","88.41269841","82.64550265","81.69312169","80.84656085","80.37037037","79.89417989","84.6031746","86.34920635","87.46031746","89.41798942","92.27513228","95.3968254","95.57291667","97.76041667","97.65625","93.02083333","91.61458333","94.89583333","100.8854167","102.96875","102.7604167","102.8645833","103.0208333","104.8958333","105.7291667","106.1458333","106.40625","105.3125","105.625","107.9166667","104.7770701","110.3275705","112.6478617","101.7288444","100.4549591","97.81420765","94.43938013","92.03096539","95.62443026","96.76979072","96.95177434","95.08644222","94.49499545","93.2211101","92.03821656","90.80982712","87.71610555","83.75796178","83.36314848","84.30232558","85.509839","84.30232558","82.20035778","83.98926655","83.63148479","84.43649374","86.4490161","86.31484794","85.55456172","84.30232558","85.34863195","84.81906443","86.0988526","88.52603707","89.45278023","93.15975287","96.73433363","98.32303619","99.95586937","99.73521624","99.69108561","98.36716681","97.83759929","98.98499559","100.5736981","100.2615519","100.8718396","102.4847428073","102.9206626","102.6155187","105.3618134","105.9721011","105.0566696","105.7977332",
"연립다세대","도심권","매매수급동향","","50.54945055","50.54945055","50.54945055","50.54945055","50.54945055","50.54945055","57.69230769","57.69230769","57.69230769","57.69230769","57.69230769","57.69230769","57.69230769","57.69230769","57.69230769","57.69230769","57.69230769","57.69230769","57.69230769","57.69230769","57.69230769","62.08791209","67.58241758","72.52747253","77.47252747","76.92307692","76.92307692","76.92307692","78.57142857","78.57142857","77.23214286","74.55357143","73.21428571","73.21428571","74.55357143","73.21428571","73.21428571","73.21428571","73.21428571","73.21428571","73.21428571","73.21428571","73.21428571","78.57142857","86.16071429","85.71428571","86.16071429","87.94642857","84.82142857","84.82142857","84.82142857","85.26785714","85.71428571","86.60714286","86.60714286","84.82142857","86.16071429","84.375","81.25","106.8783069","107.1428571","107.1428571","107.1428571","92.06349206","87.3015873","91.00529101","89.94708995","106.8783069","108.994709","111.6402116","111.3756614","110.8465608","94.70899471","73.80952381","73.28042328","72.75132275","74.33862434","74.33862434","75.92592593","77.51322751","79.89417989","83.5978836","84.65608466","94.70899471","92.32804233","94.17989418","96.2962963","85.97883598","87.03703704","88.0952381","98.67724868","100","99.73544974","99.73544974","101.0582011","101.8518519","104.2328042","105.2910053","105.2910053","107.1428571","106.6137566","108.994709","106.25","110.9375","112.0535714","100.4464286","110.7142857","98.66071429","94.39461883","91.07142857","94.86607143","95.08928571","95.3125","94.41964286","89.95535714","90.17857143","90.625","87.27678571","85.9375","82.8125","81.16883117","82.9004329","84.63203463","83.33333333","82.25108225","83.76623377","84.84848485","86.36363636","87.01298701","88.74458874","86.36363636","85.93073593","84.18803419","85.47008547","86.32478632","89.1025641","90.5982906","95.51282051","99.14529915","101.4957265","101.2820513","100.8547009","100","99.14529915","98.29059829","101.7094017","102.991453","101.2658228","101.4767932","105.2742616034","103.5864979","103.3755274","107.5949367","109.7046414","110.3375527","110.3375527",
"연립다세대","동북권","매매수급동향","","88.0952381","87.75510204","86.39455782","86.64383562","88.69863014","88.01369863","88.69863014","87.67123288","86.64383562","88.01369863","88.69863014","88.35616438","87.75510204","89.79591837","85.03401361","87.75510204","91.83673469","93.53741497","90.47619048","92.85714286","93.87755102","92.17687075","93.53741497","93.87755102","93.87755102","96.93877551","97.95918367","99.65986395","98.97959184","97.27891156","101.3119534","102.0408163","106.851312","108.6005831","110.6413994","108.1632653","102.6239067","97.0845481","94.02332362","94.16909621","94.02332362","93.58600583","93.58600583","93.44023324","96","96.42857143","96.28571429","96.28571429","96","95.71428571","95.71428571","96.42857143","96.41833811","96.56160458","97.70773639","96","95.42857143","92","90.57142857","93.70460048","93.94673123","94.67312349","95.03631961","94.43099274","95.03631961","96.24697337","97.45762712","96.61016949","100.4842615","99.63680387","98.18401937","97.21549637","93.80952381","92.61904762","90.95238095","90.5952381","90.83333333","88.57142857","92.26190476","92.5","93.33333333","95.83333333","98.69047619","99.04761905","99.76580796","101.9906323","100.234192","97.42388759","94.49648712","99.18032787","107.0257611","110.6557377","110.3044496","110.5386417","109.3676815","113.8173302","113.7002342","114.9882904","115.9250585","112.412178","113.2318501","117.9156909","108.6519115","113.8832998","115.8953722","103.6217304","100.2012072","99.39637827","95.3722334","92.25352113","96.875","99.59758551","99.69818913","95.67404427","94.56740443","92.75653924","90.7444668","90.14084507","87.32394366","83.19919517","82.31827112","83.20235756","84.7740668","84.47937132","83.39882122","84.47937132","82.51473477","82.31827112","83.39882122","82.6129666","82.51473477","80.94302554","83.43023256","82.84883721","83.13953488","84.98062016","85.9496124","89.4379845","92.63565891","94.18604651","97.57751938","97.28682171","97.86821705","96.31782946","96.02713178","96.89922481","99.12790698","98.94837476","99.33078394","100.8604206501","101.3384321","102.3900574","103.3460803","104.4933078","103.3460803","104.6845124",
"연립다세대","서북권","매매수급동향","","56.12244898","57.65306122","61.2244898","61.2244898","61.2244898","61.2244898","61.2244898","61.2244898","61.2244898","61.2244898","61.2244898","61.2244898","61.11111111","61.11111111","61.11111111","61.11111111","61.11111111","61.11111111","61.11111111","61.11111111","61.11111111","61.11111111","61.11111111","61.11111111","61.11111111","61.61616162","62.62626263","68.68686869","68.68686869","69.19191919","77.03252033","77.03252033","79.47154472","79.67479675","79.67479675","79.67479675","79.67479675","84.55284553","85.16260163","85.16260163","85.36585366","85.56910569","85.56910569","85.56910569","86.12244898","86.12244898","87.34693878","87.14285714","86.73469388","90.40816327","92.44897959","93.41563786","94.89795918","101.4285714","98.36734694","96.53061224","96.12244898","96.53061224","97.14285714","90.625","97.61904762","97.17261905","97.61904762","93.89880952","88.83928571","83.33333333","87.5","87.79761905","92.70833333","90.32738095","89.73214286","89.58333333","78.125","75.14880952","74.85119048","73.21428571","70.68452381","72.17261905","79.91071429","83.63095238","84.375","84.67261905","88.54166667","91.2202381","92.15116279","94.47674419","95.20348837","91.4244186","90.55232558","93.31395349","94.47674419","95.05813953","95.05813953","95.05813953","96.22093023","95.49418605","96.65697674","95.63953488","95.20348837","95.49418605","95.63953488","94.9127907","98.80952381","105.2910053","108.7301587","100","94.70899471","95.22546419","93.23607427","92.30769231","94.42970822","94.04761905","94.31216931","94.70899471","97.08994709","95.63492063","94.57671958","93.78306878","89.28571429","85.05291005","86.11111111","86.64021164","87.03703704","84.65608466","80.55555556","83.46560847","84.39153439","86.11111111","90.21164021","89.81481481","89.15343915","87.83068783","88.64229765","87.07571802","89.94778068","92.95039164","93.47258486","96.73629243","100.7832898","101.9582245","102.3498695","102.3498695","101.9582245","100.6527415","100","100.1305483","101.0443864","101.4211886","102.5839793","102.9715762274","104.6511628","102.4547804","106.7183463","105.6847545","104.1343669","104.5219638",
"연립다세대","강남권역","매매수급동향","","75.35714286","76.25","75.89285714","81.07142857","83.03571429","81.07142857","77.5","77.32142857","82.67857143","85.35714286","87.32142857","85.53571429","88.13559322","94.72789116","94.89795918","95.91836735","96.08843537","95.40816327","94.89795918","95.91836735","95.57823129","95.74829932","97.44897959","98.80952381","98.63945578","97.95918367","98.1292517","99.82993197","100.170068","103.4013605","103.0952381","102.7777778","102.8571429","103.0952381","103.4920635","103.3333333","103.015873","102.6984127","101.5079365","101.5079365","101.6666667","101.984127","101.984127","102.8571429","102.8257457","102.7472527","102.9827316","103.689168","103.2967033","102.7472527","102.8257457","100.7849294","104.4740973","103.2182104","104.6310832","101.9623234","100.5494505","100.3924647","101.3343799","103.6945813","105.0492611","106.0344828","103.7561576","102.5246305","100.862069","100.1231527","100.8004926","101.6009852","102.1551724","101.2931034","98.6453202","94.7044335","90.71428571","86.48809524","84.88095238","84.46428571","84.58333333","83.86904762","86.01190476","90.77380952","92.38095238","94.58333333","95.95238095","105.1190476","104.3325527","103.5714286","103.8641686","101.7564403","100.175644","102.2248244","104.9765808","106.264637","106.088993","105.9133489","107.1428571","106.8501171","109.6604215","109.1334895","108.1381733","106.9672131","108.0210773","110.1873536","111.8367347","117.2108844","114.2176871","115.2380952","99.86394558","97.00680272","95.03401361","93.80952381","92.5170068","93.7414966","94.69387755","93.80952381","93.46938776","92.31292517","91.56462585","85.30612245","81.63265306","79.65986395","78.01608579","77.8150134","80.02680965","80.09383378","79.55764075","81.23324397","84.98659517","85.58981233","89.0080429","88.53887399","88.94101877","88.13672922","87.3015873","87.43386243","89.02116402","88.35978836","88.69047619","92.06349206","96.75925926","97.88359788","98.41269841","97.75132275","96.56084656","95.17195767","95.96560847","97.75132275","97.61904762","98.03921569","98.95424837","100.9803921569","101.6339869","102.4183007","103.7254902","104.8366013","103.9215686","103.9869281",
"연립다세대","서남권","매매수급동향","","75.89285714","76.48809524","78.27380952","82.73809524","81.25","80.05952381","75.89285714","75.5952381","74.70238095","77.67857143","79.16666667","76.48809524","78.97727273","88","88.85714286","89.42857143","88.85714286","88","87.14285714","88.57142857","89.14285714","88.85714286","90.85714286","93.71428571","93.71428571","92.57142857","92.85714286","95.71428571","96.28571429","101.4285714","102.2556391","101.8796992","102.0676692","102.443609","103.3834586","103.0075188","102.2556391","101.8796992","99.2481203","99.2481203","99.62406015","100.1879699","100","102.0676692","103.1135531","103.2967033","104.029304","106.5934066","105.4945055","105.6776557","105.1282051","105.1282051","107.1428571","105.3113553","105.6776557","99.63369963","99.81684982","99.63369963","100.1831502","101.2276786","101.4508929","102.9017857","101.8973214","102.9017857","102.4553571","101.0044643","102.34375","101.7857143","101.5625","102.0089286","101.7857143","96.42857143","91.88311688","86.36363636","84.30735931","82.79220779","82.68398268","81.81818182","83.11688312","86.58008658","88.2034632","91.77489177","91.55844156","102.4891775","103.6247335","104.3710021","103.7313433","103.4115139","101.7057569","102.771855","105.3304904","105.4371002","105.2238806","105.1172708","106.8230277","106.2899787","108.5287846","108.6353945","106.8230277","105.8635394","105.6503198","107.782516","111.4955357","115.7366071","106.6964286","107.03125","100.3348214","100","96.76339286","95.75892857","93.75","94.41964286","94.19642857","92.96875","92.07589286","91.18303571","89.84375","83.48214286","78.23660714","76.89732143","73.74727669","74.18300654","76.47058824","77.77777778","76.90631808","77.55991285","81.69934641","82.67973856","88.01742919","87.58169935","87.36383442","85.72984749","85.91397849","86.02150538","88.70967742","87.74193548","88.70967742","93.01075269","97.52688172","99.13978495","98.17204301","98.17204301","96.88172043","96.34408602","97.09677419","97.84946237","98.70967742","99.04458599","100.2123142","101.1677282378","101.910828","103.2908705","103.7154989","104.3524416","104.1401274","104.1401274",
"연립다세대","동남권","매매수급동향","","74.55357143","75.89285714","72.32142857","78.57142857","85.71428571","82.58928571","79.91071429","79.91071429","94.64285714","96.875","99.55357143","99.10714286","101.6806723","104.6218487","103.7815126","105.4621849","106.7226891","106.302521","106.302521","106.7226891","105.0420168","105.8823529","107.1428571","106.302521","105.8823529","105.8823529","105.8823529","105.8823529","105.8823529","106.302521","103.7087912","103.4340659","103.4340659","103.5714286","103.5714286","103.5714286","103.5714286","103.2967033","103.1593407","103.1593407","103.1593407","103.2967033","103.4340659","103.4340659","102.6098901","102.3351648","102.1978022","101.510989","101.6483516","100.5494505","101.0989011","97.52747253","102.4725275","101.6483516","103.8461538","103.7087912","101.0989011","100.9615385","102.1978022","106.7307692","109.478022","109.8901099","106.043956","102.0604396","98.9010989","99.03846154","98.9010989","101.3736264","102.8846154","100.4120879","94.78021978","92.58241758","89.28571429","86.64021164","85.58201058","86.50793651","86.9047619","86.37566138","89.55026455","95.8994709","97.48677249","98.01587302","101.3227513","108.3333333","105.1948052","102.5974026","104.025974","99.74025974","98.31168831","101.5584416","104.5454545","107.2727273","107.1428571","106.8831169","107.5324675","107.5324675","111.038961","109.7402597","109.7402597","108.3116883","110.9090909","113.1168831","112.369338","119.5121951","125.9581882","128.0487805","99.12891986","92.33449477","92.33449477","90.76655052","90.59233449","92.68292683","95.47038328","95.12195122","95.6445993","94.07665505","94.25087108","88.1533101","86.93379791","83.97212544","84.84320557","83.62369338","85.71428571","83.79790941","83.79790941","87.10801394","90.24390244","90.24390244","90.59233449","90.06968641","91.46341463","91.98606272","89.51890034","89.69072165","89.51890034","89.34707904","88.65979381","90.54982818","95.53264605","95.87628866","98.79725086","97.0790378","96.04810997","93.29896907","94.1580756","97.59450172","95.87628866","96.42857143","96.93877551","100.6802721088","101.1904762","101.0204082","103.7414966","105.6122449","103.5714286","103.7414966",
"연립다세대","경기","매매수급동향","","85.91269841","87.16931217","87.3015873","92.59259259","93.65079365","92.79100529","91.2037037","89.21957672","90.27777778","92.59259259","92.79100529","92.79100529","93.23308271","94.92481203","93.42105263","92.48120301","92.29323308","91.91729323","91.54135338","93.6716792","93.85964912","94.54887218","94.29824561","94.17293233","96.1875","96.1875","98.1875","98.1875","98.25","97.875","98.50931677","97.32919255","97.48447205","99.68944099","99.56521739","95.37267081","95.71428571","95.71428571","95.55900621","95.68322981","96.67701863","96.55279503","96.64596273","97.54658385","97.9178716","98.264893","98.7275882","98.35164835","97.25274725","97.3395026","97.686524","98.12030075","98.0913823","97.9757085","98.29381145","98.52515905","97.88895315","97.88895315","97.71544245","97.86352041","97.86352041","98.56505102","98.11862245","96.93877551","96.42857143","96.04591837","96.52423469","97.99107143","98.88392857","98.27806122","98.40561224","97.7997449","95.88377724","95.52058111","93.97699758","94.21912833","92.85714286","92.97820823","92.19128329","92.13075061","91.82808717","92.13075061","93.43220339","93.97699758","93.8215103","94.82265446","95.79037801","96.56750572","96.93935927","97.56864989","98.77142857","98.82857143","99.57142857","100.2","99.05714286","101.8285714","102.4","105.4285714","105.4571429","105.7142857","105.8571429","106.0285714","106.3342318","109.7843666","107.3854447","104.8247978","102.5606469","99.54177898","97.57281553","96.65768194","96.30329196","100.8355795","94.83783784","97.4393531","95.74123989","93.9083558","92.91105121","87.6819407","83.47708895","79.40700809","78.00105764","78.26546801","79.21734532","81.83500793","81.46483342","84.21470122","86.09201481","86.83236383","88.89476467","88.33950291","86.96456901","86.54151243","85.18034501","85.28489284","86.12127548","86.82697334","86.14741244","89.41453215","91.42707789","92.86461056","92.73392577","93.41348667","93.25666492","93.17825405","93.38734971","93.88395191","94.35441715","94.63917526","94.25257732","95.3350515464","96.05670103","96.18556701","95.6443299","96.2628866","95.77319588","95.90206186",
"연립다세대","경부1권","매매수급동향","","87.01298701","93.18181818","94.15584416","95.77922078","94.80519481","94.15584416","94.48051948","93.83116883","94.15584416","92.53246753","93.83116883","93.50649351","95.34161491","98.13664596","95.34161491","95.65217391","93.16770186","94.40993789","88.50931677","90.68322981","87.26708075","89.7515528","87.26708075","90.68322981","93.16770186","93.16770186","95.34161491","95.0310559","95.0310559","95.34161491","95.40816327","95.40816327","95.40816327","102.2108844","102.2108844","90.13605442","90.30612245","90.47619048","90.47619048","90.6462585","91.15646259","91.15646259","91.32653061","95.74829932","95.57823129","95.06802721","96.08843537","97.78911565","97.95918367","98.63945578","98.46938776","99.82993197","100.8503401","101.0204082","101.7006803","101.3605442","100.170068","99.82993197","99.65986395","92.42424242","93.07359307","93.29004329","93.07359307","92.42424242","93.07359307","93.72294372","93.72294372","95.02164502","97.4025974","97.83549784","98.05194805","96.75324675","90.96638655","90.33613445","90.33613445","90.96638655","90.54621849","90.96638655","91.59663866","89.70588235","89.91596639","90.54621849","92.64705882","94.74789916","95.67901235","94.65020576","94.85596708","99.58847737","99.58847737","100.8230453","101.2244898","106.9387755","105.5102041","107.1428571","103.4693878","109.1836735","107.3469388","118.7755102","116.7346939","112.0408163","114.0816327","113.4693878","118.2330827","121.9924812","118.9849624","109.962406","99.2481203","101.3157895","97.93233083","102.6315789","98.12030075","101.8796992","99.81203008","103.7593985","96.42857143","98.87218045","94.36090226","86.65413534","82.70676692","78.57142857","76.87969925","78.57142857","77.44360902","79.88721805","81.57894737","86.46616541","90.22556391","90.97744361","93.79699248","94.36090226","92.66917293","90.41353383","86.75373134","86.00746269","86.19402985","86.56716418","87.87313433","94.96268657","95.70895522","98.50746269","100.5597015","99.25373134","97.76119403","99.06716418","98.50746269","98.69402985","101.4925373","99.44649446","101.4760148","102.9520295203","107.0110701","104.797048","102.0295203","107.3800738","105.3505535","105.1660517",
"연립다세대","경부2권","매매수급동향","","90.97744361","92.85714286","87.96992481","98.4962406","99.62406015","97.36842105","99.2481203","97.7443609","94.73684211","100","99.2481203","102.6315789","95.23809524","99.65986395","94.89795918","95.57823129","93.19727891","93.87755102","96.2585034","96.59863946","100.6802721","98.63945578","100.3401361","98.63945578","100.6756757","99.32432432","100","103.7162162","102.7027027","101.0135135","100.2747253","99.45054945","98.35164835","104.6703297","101.9230769","85.43956044","83.51648352","84.34065934","84.06593407","84.34065934","85.16483516","84.61538462","85.71428571","88.18681319","88.0952381","87.3015873","89.41798942","88.62433862","89.68253968","90.47619048","88.88888889","89.94708995","89.41798942","91.00529101","90.74074074","93.12169312","94.44444444","95.23809524","94.70899471","99.56709957","98.91774892","99.13419913","98.7012987","101.7316017","99.56709957","98.48484848","99.56709957","94.58874459","100.8658009","96.75324675","97.83549784","96.75324675","97.42063492","97.02380952","96.82539683","97.02380952","95.43650794","95.83333333","93.65079365","96.42857143","95.83333333","95.63492063","95.43650794","98.01587302","96.42857143","98.30827068","98.87218045","96.61654135","96.61654135","100.5639098","100.7518797","101.8796992","101.8796992","103.9473684","103.7593985","106.9548872","106.5789474","108.2706767","107.1428571","106.2030075","106.5789474","107.518797","96.25","101.7857143","111.9642857","102.3214286","103.0357143","100.5357143","98.57142857","96.07142857","98.92857143","95.35714286","89.82142857","93.92857143","98.39285714","95","93.39285714","91.07142857","85.89285714","84.28571429","81.48788927","84.42906574","86.33217993","89.44636678","84.60207612","85.12110727","86.85121107","90.48442907","92.04152249","93.42560554","92.04152249","92.38754325","92.49146758","91.29692833","92.15017065","94.88054608","94.53924915","95.221843","96.75767918","96.41638225","94.36860068","96.58703072","96.75767918","95.39249147","93.17406143","93.85665529","93.00341297","93.6026936","93.0976431","94.7811447811","94.10774411","96.46464646","95.95959596","96.2962963","97.13804714","98.48484848",
"연립다세대","서해안권","매매수급동향","","86.84210526","83.45864662","87.59398496","93.23308271","98.12030075","97.7443609","96.9924812","95.4887218","95.86466165","98.12030075","96.2406015","96.9924812","97.14285714","96.42857143","97.14285714","95.71428571","95.35714286","93.92857143","93.21428571","92.5","91.07142857","91.07142857","90.71428571","91.42857143","96.07142857","96.07142857","98.92857143","98.21428571","98.21428571","98.57142857","93.04511278","92.29323308","92.48120301","92.29323308","92.29323308","91.91729323","96.80451128","95.67669173","95.4887218","95.4887218","96.05263158","96.61654135","96.80451128","96.2406015","97.98534799","99.26739927","99.08424908","99.08424908","98.9010989","99.08424908","99.08424908","98.9010989","98.9010989","98.9010989","98.9010989","99.63369963","99.45054945","99.08424908","98.71794872","99.47089947","100","100.6613757","100.7936508","96.03174603","94.84126984","94.44444444","96.03174603","103.968254","103.042328","103.4391534","102.3809524","101.984127","99.61734694","96.68367347","96.04591837","95.28061224","95.15306122","95.91836735","96.17346939","95.15306122","97.32142857","97.95918367","99.23469388","97.44897959","96.55172414","99.01477833","101.2376238","102.0935961","101.8472906","102.955665","103.4482759","102.4630542","102.7093596","104.679803","102.955665","104.0640394","104.5566502","104.1871921","104.5566502","105.1724138","107.5123153","107.1428571","105.3846154","109.3406593","112.7472527","105.8241758","102.1978022","96.81318681","97.79735683","98.13186813","98.46153846","106.7032967","94.28571429","100.5494505","98.46153846","93.18681319","95.16483516","90.65934066","83.40659341","78.68131868","75.38461538","74.3956044","75.27472527","82.30769231","84.3956044","86.81318681","90.21978022","93.73626374","94.61538462","93.51648352","90.98901099","91.97802198","91.39433551","91.7211329","92.04793028","91.7211329","89.65141612","93.1372549","93.57298475","94.66230937","94.98910675","95.86056645","95.53376906","95.53376906","96.18736383","96.94989107","97.60348584","97.19827586","96.65948276","96.875","96.98275862","96.98275862","96.875","97.95258621","97.09051724","97.19827586",
"연립다세대","동부1권","매매수급동향","","85.26785714","84.82142857","85.71428571","88.39285714","92.85714286","94.64285714","95.53571429","92.41071429","93.30357143","89.73214286","93.30357143","90.625","98.31932773","99.15966387","99.57983193","99.57983193","99.57983193","99.57983193","99.57983193","99.57983193","99.15966387","99.15966387","98.7394958","98.7394958","99.57983193","99.15966387","100","101.2605042","102.1008403","101.6806723","97.61904762","96.15384615","97.25274725","97.43589744","98.71794872","99.26739927","98.53479853","98.53479853","98.35164835","98.16849817","98.16849817","98.16849817","98.16849817","98.16849817","98.25783972","99.12891986","99.65156794","98.7804878","98.7804878","98.60627178","98.60627178","98.7804878","98.7804878","98.7804878","99.30313589","98.60627178","98.43205575","98.7804878","99.47735192","97.23502304","97.23502304","97.23502304","97.23502304","97.46543779","97.69585253","97.46543779","97.46543779","98.38709677","98.38709677","97.69585253","97.69585253","97.46543779","96.42857143","97.76785714","96.42857143","97.54464286","96.42857143","96.65178571","94.64285714","94.19642857","94.41964286","94.41964286","94.19642857","95.08928571","94.95798319","95.16806723","95.37815126","95.79831933","96.00840336","96.63865546","101.4705882","98.52941176","103.7815126","100.8403361","98.31932773","104.2016807","104.4117647","109.6638655","111.3445378","114.0756303","114.0756303","113.2352941","104.9450549","110.4395604","101.6483516","106.4102564","105.4945055","98.71794872","97.8021978","96.7032967","91.57509158","104.5787546","96.33699634","97.25274725","95.78754579","91.20879121","91.02564103","83.33333333","83.51648352","79.67032967","82.67857143","81.25","82.5","83.21428571","82.32142857","87.32142857","93.39285714","89.64285714","92.32142857","90","88.39285714","87.5","82.68551237","86.39575972","89.0459364","90.81272085","88.69257951","91.16607774","93.81625442","95.75971731","96.81978799","96.64310954","95.58303887","94.87632509","94.34628975","94.69964664","96.28975265","97.56944444","97.22222222","98.9583333333","98.78472222","100","100.6944444","101.5625","100.8680556","100.6944444",
"연립다세대","동부2권","매매수급동향","","75","91.07142857","86.60714286","87.5","75","75","75","75","75","75","75","75","75","75","75","75","75","75","75","100","100","100","100","100","100","99.12280702","100","100","99.12280702","100","99.6031746","100.3968254","100","100.7936508","100.7936508","100.3968254","100","100","100.7936508","101.984127","103.1746032","103.1746032","103.1746032","103.1746032","102.2727273","102.2727273","102.2727273","102.2727273","102.2727273","102.2727273","104.5454545","104.5454545","103.2467532","101.9480519","102.2727273","102.2727273","101.9480519","103.2467532","101.9480519","100","99.55357143","100","95.98214286","91.96428571","92.85714286","91.07142857","91.96428571","91.51785714","90.625","89.28571429","89.73214286","89.28571429","89.49579832","90.33613445","88.65546218","89.07563025","86.97478992","91.17647059","91.17647059","90.75630252","90.75630252","90.33613445","93.69747899","92.01680672","92.85714286","93.23308271","92.85714286","92.85714286","92.48120301","92.48120301","93.98496241","94.36090226","92.85714286","93.60902256","92.85714286","93.60902256","93.23308271","93.23308271","93.60902256","94.36090226","97.36842105","96.9924812","106.462585","107.8231293","107.8231293","106.462585","112.9251701","105.4421769","102.7210884","100.3401361","100.3401361","105.1020408","103.7414966","102.7210884","98.63945578","97.27891156","98.63945578","88.43537415","82.65306122","75.85034014","73.35526316","73.02631579","75","75.98684211","78.94736842","84.86842105","77.96052632","75.98684211","78.28947368","79.27631579","77.63157895","76.31578947","75.32467532","75.64935065","75","76.2987013","75.97402597","82.79220779","87.01298701","92.53246753","92.20779221","93.83116883","93.50649351","94.48051948","95.45454545","95.45454545","89.93506494","93.58974359","94.55128205","95.8333333333","99.35897436","97.43589744","96.79487179","92.94871795","92.62820513","92.30769231",
"연립다세대","경의권","매매수급동향","","83.51648352","76.37362637","75.82417582","76.37362637","80.21978022","76.37362637","74.17582418","75.27472527","75.27472527","85.71428571","87.91208791","88.46153846","83.16326531","83.16326531","82.14285714","83.67346939","83.67346939","84.18367347","86.73469388","86.2244898","88.26530612","87.75510204","87.75510204","87.24489796","87.24489796","89.28571429","91.83673469","88.7755102","88.7755102","90.81632653","104.1811847","99.82578397","100.174216","101.3937282","101.2195122","101.0452962","101.3937282","101.3937282","101.2195122","101.2195122","101.2195122","101.2195122","100.8710801","100.8710801","101.461039","101.6233766","101.1363636","100.487013","100.487013","99.83766234","99.83766234","100.1623377","100.974026","100","100.6493506","100.8116883","98.05194805","97.24025974","96.91558442","96.15384615","95.32967033","98.62637363","97.8021978","96.7032967","95.87912088","95.32967033","94.50549451","94.50549451","94.50549451","94.78021978","95.6043956","94.78021978","91.66666667","91.66666667","91.66666667","97.14285714","97.14285714","96.42857143","96.19047619","95.23809524","88.57142857","89.28571429","92.85714286","95.95238095","96.1038961","96.96969697","100","102.8138528","103.030303","101.0822511","101.0822511","101.7316017","102.5974026","102.3809524","103.030303","103.8961039","102.8138528","104.3290043","102.3809524","102.8138528","100.2164502","102.5974026","110.6060606","114.0692641","99.35064935","104.1125541","100.4329004","99.35064935","93.50649351","87.87878788","91.99134199","94.80519481","91.15044248","89.39393939","88.0952381","89.61038961","85.93073593","79.22077922","74.02597403","70.77922078","68.67219917","69.08713693","72.406639","70.74688797","68.87966805","69.08713693","70.53941909","69.70954357","71.78423237","72.406639","71.78423237","71.16182573","72.24489796","68.57142857","69.59183673","71.42857143","71.2244898","70.81632653","78.16326531","79.18367347","80.20408163","80.40816327","81.2244898","81.2244898","85.91836735","87.75510204","88.16326531","88.15261044","85.74297189","86.1445783133","86.54618474","85.34136546","85.14056225","83.73493976","83.93574297","83.93574297",
"연립다세대","경원권","매매수급동향","","85.06493506","85.06493506","88.31168831","103.8961039","103.8961039","103.2467532","86.36363636","76.62337662","89.61038961","95.45454545","91.55844156","88.31168831","96.1038961","99.35064935","98.05194805","87.01298701","95.45454545","89.61038961","91.55844156","92.20779221","94.15584416","100.6493506","101.2987013","95.45454545","97.4025974","98.7012987","103.2467532","100","101.9480519","97.4025974","101.3736264","101.3736264","101.6483516","101.3736264","101.3736264","100.5494505","98.9010989","99.45054945","98.62637363","98.62637363","104.1208791","102.7472527","102.4725275","101.6483516","100.8928571","102.0089286","102.6785714","100.2232143","90.84821429","90.84821429","93.52678571","93.75","92.41071429","92.1875","92.1875","92.1875","92.1875","92.1875","92.41071429","100","100","100.4608295","100.4608295","100.4608295","100.4608295","100.4608295","100.2304147","100.2304147","99.53917051","99.53917051","100","100","99.76958525","101.6129032","93.5483871","89.17050691","83.640553","80.41474654","78.11059908","79.95391705","80.41474654","80.64516129","81.10599078","80.1843318","81.16883117","82.03463203","81.6017316","80.3030303","83.33333333","81.6017316","83.33333333","80.3030303","81.6017316","81.6017316","82.46753247","84.41558442","91.34199134","93.93939394","96.96969697","100.2164502","95.45454545","95.67099567","103.6945813","101.4778325","90.39408867","96.79802956","98.02955665","99.01477833","95.81280788","93.59605911","93.78109453","92.61083744","92.1182266","92.61083744","91.62561576","93.59605911","91.62561576","92.61083744","92.61083744","87.43842365","88.22115385","88.22115385","86.77884615","87.98076923","85.81730769","87.25961538","84.85576923","85.33653846","88.70192308","85.09615385","86.29807692","85.57692308","85.07109005","86.96682464","88.15165877","85.5450237","86.01895735","90.28436019","89.33649289","89.09952607","85.07109005","86.72985782","88.38862559","88.15165877","86.96682464","86.01895735","87.91469194","88.8372093","87.20930233","88.6046511628","87.90697674","89.76744186","89.06976744","88.37209302","88.13953488","87.90697674",
"연립다세대","인천","매매수급동향","","52.17391304","53.72670807","53.41614907","57.45341615","57.45341615","59.31677019","59.62732919","61.49068323","63.04347826","63.97515528","63.35403727","64.28571429","64.59627329","63.35403727","68.01242236","68.94409938","68.32298137","68.94409938","69.56521739","69.56521739","73.60248447","76.08695652","75.46583851","75.1552795","77.01863354","77.95031056","77.01863354","77.01863354","77.01863354","77.01863354","83.83458647","84.02255639","84.02255639","87.21804511","87.21804511","87.21804511","87.21804511","87.03007519","87.40601504","87.59398496","87.78195489","87.40601504","86.84210526","87.03007519","86.65413534","90.60150376","91.54135338","92.10526316","92.48120301","89.09774436","89.09774436","90.60150376","93.23308271","93.42105263","95.11278195","99.43609023","101.1278195","98.30827068","98.30827068","96.2585034","95.57823129","96.08843537","96.08843537","98.80952381","96.76870748","95.23809524","94.89795918","92.68707483","95.74829932","96.59863946","104.7619048","102.8911565","98.17275748","96.01328904","95.0166113","94.85049834","92.52491694","90.19933555","87.87375415","91.02990033","91.5282392","93.02325581","90.69767442","96.34551495","96.75324675","97.24025974","95.29220779","97.56493506","96.75324675","97.56493506","100.3246753","100.8116883","100.6493506","101.7857143","101.7857143","100.974026","100.6493506","102.2727273","104.2207792","105.1948052","99.35064935","106.0064935","102.7950311","106.3664596","108.8509317","103.1055901","96.42857143","98.29192547","97.67080745","100.7788162","97.67080745","99.53416149","95.96273292","98.91304348","94.25465839","93.78881988","89.13043478","85.0931677","81.36645963","78.88198758","80.74534161","80.59006211","82.45341615","84.47204969","81.36645963","81.05590062","84.31677019","85.40372671","86.33540373","86.95652174","83.85093168","77.79503106","79.38461538","81.07692308","82.76923077","81.84615385","83.07692308","85.07692308","83.38461538","86.15384615","85.23076923","87.23076923","87.53846154","86.15384615","86","82.76923077","86.61538462","86.2804878","88.1097561","85.6707317073","91.76829268","89.17682927","91.76829268","93.29268293","92.07317073","92.07317073",
"연립다세대","부산","매매수급동향","","85","85.47619048","89.28571429","91.42857143","93.0952381","90","90.95238095","93.57142857","93.57142857","92.85714286","93.33333333","94.04761905","92.62672811","96.2962963","95.60185185","94.21296296","94.21296296","94.21296296","93.75","95.13888889","96.2962963","97.22222222","95.60185185","95.83333333","97.00460829","96.5437788","99.53917051","98.61751152","97.92626728","98.38709677","96.93877551","96.30102041","96.68367347","96.04591837","97.06632653","92.34693878","93.23979592","91.83673469","92.72959184","92.21938776","92.60204082","92.98469388","93.87755102","95.79081633","94.64285714","96.30102041","96.93877551","95.15306122","95.66326531","95.91836735","96.04591837","96.93877551","97.06632653","97.83163265","98.7244898","100.8928571","99.48979592","99.61734694","99.23469388","84.76890756","84.66386555","84.9789916","84.9789916","83.08823529","81.61764706","81.09243697","80.25210084","76.47058824","76.15546218","75.31512605","71.53361345","71.00840336","69.22268908","68.38235294","66.17647059","65.12605042","65.44117647","63.55042017","63.44537815","61.8697479","62.07983193","62.07983193","65.0210084","64.28571429","68.27731092","68.27731092","68.38235294","65.12605042","70.48319328","71.21848739","73.21428571","74.26470588","74.47478992","74.78991597","78.36134454","79.30672269","79.51680672","81.93277311","80.56722689","80.46218487","83.92857143","85.92436975","108.1023454","113.6460554","106.5031983","102.238806","94.7761194","95.09594883","97.76119403","98.18763326","100.1066098","100.9594883","96.26865672","99.14712154","96.0554371","92.85714286","89.76545842","87.63326226","85.92750533","83.68869936","83.26315789","83.78947368","84","85.26315789","84.31578947","85.36842105","86","88.42105263","88.84210526","88.21052632","87.05263158","86.52631579","87.0292887","84.83263598","84.72803347","85.25104603","83.78661088","83.89121339","85.041841","86.29707113","87.55230126","85.77405858","86.40167364","85.66945607","86.19246862","87.76150628","87.23849372","86.92946058","85.99585062","85.7883817427","88.38174274","87.65560166","87.55186722","86.82572614","86.41078838","86.51452282",
"연립다세대","중부산권","매매수급동향","","71.42857143","74.48979592","81.63265306","84.18367347","88.26530612","81.12244898","83.16326531","88.7755102","88.7755102","87.75510204","88.26530612","89.79591837","92.38095238","95.23809524","92.85714286","91.42857143","91.42857143","91.42857143","90.95238095","90.95238095","91.9047619","92.85714286","91.9047619","91.9047619","91.9047619","92.38095238","94.28571429","93.33333333","92.38095238","94.28571429","90.68322981","90.37267081","90.68322981","90.68322981","90.37267081","90.0621118","93.47826087","93.47826087","94.72049689","94.72049689","94.72049689","95.34161491","95.96273292","100.621118","96.58385093","98.75776398","98.13664596","98.44720497","98.44720497","98.44720497","97.82608696","98.44720497","98.13664596","98.13664596","100.310559","104.6583851","104.0372671","103.7267081","104.0372671","82.39795918","82.39795918","82.14285714","82.14285714","78.57142857","78.57142857","76.2755102","74.74489796","72.95918367","72.70408163","71.17346939","67.09183673","66.83673469","65.51724138","64.28571429","58.86699507","60.09852217","61.08374384","59.35960591","60.34482759","58.62068966","58.86699507","59.60591133","66.00985222","63.79310345","70.68965517","69.45812808","69.45812808","65.51724138","67.98029557","69.45812808","70.44334975","71.67487685","73.6453202","74.38423645","76.60098522","77.33990148","78.07881773","81.28078818","78.57142857","78.07881773","80.78817734","82.26600985","107.8817734","114.2857143","107.3891626","102.4630542","96.55172414","96.0591133","99.26108374","101.7241379","101.2315271","101.7241379","92.61083744","99.01477833","100.9852217","94.58128079","89.16256158","88.66995074","85.96059113","85.71428571","86.71497585","88.4057971","88.88888889","91.78743961","90.82125604","92.02898551","91.06280193","91.78743961","92.75362319","91.30434783","89.13043478","88.88888889","89.71291866","87.55980861","88.75598086","88.51674641","87.32057416","87.32057416","90.90909091","89.95215311","92.34449761","89.23444976","89.47368421","89.47368421","90.90909091","92.58373206","91.86602871","90.99526066","90.28436019","90.2843601896","93.12796209","91.70616114","90.52132701","88.86255924","88.86255924","90.04739336",
"연립다세대","동부산권","매매수급동향","","92.85714286","89.68253968","91.26984127","94.44444444","93.65079365","94.44444444","94.44444444","94.44444444","94.44444444","93.65079365","94.44444444","94.44444444","97.61904762","94.35483871","95.96774194","95.16129032","95.16129032","95.16129032","94.35483871","99.19354839","101.6129032","103.2258065","99.19354839","100","103.1746032","100.7936508","103.968254","102.3809524","103.1746032","101.5873016","100.7936508","99.6031746","100","98.80952381","101.984127","89.28571429","88.49206349","88.0952381","89.28571429","88.49206349","89.68253968","89.68253968","90.07936508","91.26984127","95.63492063","97.61904762","100.3968254","94.44444444","96.03174603","96.03174603","96.82539683","97.61904762","97.61904762","98.41269841","97.22222222","93.65079365","88.49206349","88.0952381","88.0952381","85.33834586","84.96240602","84.96240602","84.58646617","83.08270677","83.45864662","83.45864662","83.08270677","81.57894737","78.94736842","78.94736842","73.30827068","72.93233083","66.91729323","66.91729323","64.66165414","59.77443609","58.27067669","55.26315789","55.26315789","53.7593985","53.7593985","53.7593985","54.5112782","54.88721805","57.14285714","60.90225564","60.52631579","55.26315789","70.67669173","70.30075188","75.18796992","75.93984962","74.43609023","74.43609023","82.70676692","80.07518797","77.06766917","78.57142857","78.57142857","80.07518797","81.20300752","81.20300752","107.4829932","111.9047619","106.462585","102.0408163","95.23809524","92.17687075","93.87755102","93.53741497","104.0816327","103.7414966","102.3809524","101.7006803","91.15646259","90.81632653","91.49659864","87.41496599","87.75510204","84.3537415","81.08108108","81.08108108","80.40540541","78.37837838","76.35135135","78.37837838","80.74324324","83.78378378","84.45945946","84.45945946","84.12162162","84.12162162","85.13513514","81.41891892","79.05405405","80.40540541","79.72972973","78.71621622","78.04054054","83.10810811","83.44594595","83.44594595","84.12162162","82.77027027","83.10810811","85.81081081","85.47297297","85.90604027","84.89932886","86.5771812081","89.26174497","89.59731544","89.59731544","90.60402685","89.93288591","88.25503356",
"연립다세대","서부산권","매매수급동향","","102.0408163","102.0408163","102.0408163","102.0408163","102.0408163","102.0408163","102.0408163","102.0408163","102.0408163","102.0408163","102.0408163","102.0408163","86.73469388","101.0204082","101.0204082","98.97959184","98.97959184","98.97959184","98.97959184","98.97959184","98.97959184","98.97959184","98.97959184","98.97959184","100","100","105.1020408","105.1020408","103.0612245","103.0612245","101.9047619","101.4285714","101.9047619","100.952381","101.4285714","99.52380952","98.57142857","93.80952381","93.80952381","92.85714286","92.85714286","93.33333333","95.23809524","93.80952381","90.47619048","90.95238095","90.95238095","90.95238095","90.95238095","91.9047619","92.38095238","93.80952381","94.76190476","96.66666667","98.0952381","103.8095238","105.7142857","107.1428571","105.2380952","87.41496599","87.41496599","88.7755102","89.11564626","89.11564626","84.01360544","85.37414966","85.03401361","76.53061224","78.23129252","77.55102041","75.85034014","74.82993197","76.78571429","75.71428571","78.21428571","77.5","78.57142857","77.5","75.71428571","74.28571429","74.64285714","73.57142857","73.57142857","73.92857143","75.35714286","73.57142857","74.28571429","73.92857143","73.92857143","74.64285714","75.35714286","76.42857143","75.71428571","75.71428571","76.78571429","81.42857143","83.92857143","86.07142857","85.35714286","84.28571429","91.07142857","95.71428571","109.2436975","114.7058824","105.0420168","102.1008403","91.17647059","97.05882353","100","97.89915966","93.27731092","96.21848739","94.95798319","96.21848739","93.69747899","92.43697479","88.65546218","86.13445378","83.61344538","79.41176471","80","79.16666667","80","82.5","82.91666667","82.5","83.75","88.33333333","87.5","87.5","87.08333333","85.41666667","84.7107438","84.29752066","84.7107438","85.53719008","82.6446281","84.29752066","83.47107438","83.88429752","84.29752066","82.6446281","83.88429752","82.6446281","81.81818182","81.81818182","81.40495868","81.14754098","79.91803279","77.0491803279","79.09836066","78.27868852","79.91803279","78.68852459","77.86885246","78.27868852",
"연립다세대","대구","매매수급동향","","97.02380952","98.21428571","100","102.9761905","99.4047619","100.5952381","101.1904762","90.47619048","106.547619","109.5238095","103.5714286","98.80952381","99.4047619","100","101.7857143","97.61904762","97.61904762","97.61904762","98.21428571","106.547619","105.952381","110.7142857","108.3333333","108.3333333","107.7380952","105.952381","102.3809524","98.21428571","96.42857143","98.21428571","99.31972789","98.63945578","98.97959184","98.97959184","99.31972789","95.91836735","95.91836735","96.2585034","96.93877551","97.61904762","97.61904762","96.2585034","96.59863946","95.57823129","100.2857143","100","100.5714286","102.2857143","100.5714286","99.71428571","100","99.71428571","98.85714286","99.42857143","99.71428571","99.71428571","99.14285714","100.2857143","101.4285714","100","100.4926108","100.9852217","92.85714286","91.15646259","93.53741497","91.49659864","92.5170068","94.21768707","97.27891156","95.91836735","96.59863946","99.31972789","100.6802721","101.0204082","99.31972789","101.3605442","100.6802721","100.6802721","100","102.0408163","101.7006803","102.7210884","100.3401361","99.65986395","101.3605442","102.0408163","100.6802721","97.61904762","98.63945578","101.0204082","103.4013605","105.1020408","106.462585","109.5238095","109.1836735","113.2653061","112.585034","113.6054422","113.6054422","109.1836735","105.7823129","106.8027211","102.7950311","102.484472","101.863354","98.13664596","93.47826087","84.7826087","89.13043478","88.50931677","90.99378882","90.37267081","88.50931677","86.95652174","86.02484472","87.26708075","86.33540373","84.47204969","81.36645963","81.05590062","79.50310559","76.70807453","79.19254658","81.05590062","77.32919255","81.05590062","81.36645963","83.54037267","81.98757764","82.60869565","82.29813665","81.05590062","77.63975155","73.60248447","72.98136646","72.36024845","72.36024845","69.56521739","72.67080745","71.73913043","75.1552795","74.22360248","73.91304348","77.01863354","75.77639752","77.01863354","76.08695652","77.4691358","76.85185185","76.8518518519","77.16049383","76.54320988","76.2345679","74.07407407","74.69135802","73.45679012",
"연립다세대","광주","매매수급동향","","100","100","100","91.66666667","100","100","100","100","100","100","100","100","100","100","100","100","100","100","100","100","100","100","100","100","92.85714286","92.85714286","92.85714286","92.85714286","92.85714286","92.85714286","91.75824176","91.75824176","91.75824176","91.75824176","91.75824176","91.75824176","91.75824176","91.75824176","91.75824176","92.30769231","93.40659341","93.40659341","93.40659341","93.40659341","96.1038961","96.1038961","96.1038961","96.75324675","98.7012987","97.07792208","98.37662338","98.37662338","100.974026","100.974026","101.6233766","101.6233766","100.6493506","100.6493506","102.9220779","105.4945055","105.4945055","105.4945055","105.4945055","106.043956","104.9450549","106.043956","103.2967033","103.8461538","107.1428571","106.043956","102.7472527","103.8461538","104.0178571","102.2321429","101.7857143","99.55357143","99.10714286","98.66071429","99.55357143","101.3392857","101.7857143","102.6785714","102.6785714","102.2321429","102.2321429","104.4642857","104.4642857","103.5714286","104.0178571","103.5714286","100.4464286","99.55357143","91.51785714","100.8928571","103.5714286","107.5892857","107.5892857","106.6964286","108.9285714","104.9107143","102.2321429","97.76785714","100","104.7619048","100","100","98.21428571","98.80952381","101.7857143","101.1904762","101.7857143","100","104.1666667","102.9761905","102.9761905","91.66666667","92.85714286","91.66666667","86.9047619","83.33333333","83.52272727","83.52272727","84.65909091","86.36363636","85.79545455","90.90909091","91.47727273","94.31818182","96.59090909","95.45454545","96.59090909","96.59090909","92.69662921","91.01123596","89.88764045","88.76404494","88.76404494","88.20224719","86.51685393","85.95505618","86.51685393","86.51685393","85.39325843","85.95505618","88.20224719","92.69662921","91.57303371","91.11111111","91.66666667","94.4444444444","91.11111111","95","94.44444444","96.66666667","93.88888889","96.66666667",
"연립다세대","대전","매매수급동향","","108.9285714","107.7380952","110.1190476","110.1190476","109.5238095","110.7142857","111.3095238","111.3095238","112.5","111.9047619","111.3095238","111.3095238","114.2857143","112.5","111.3095238","111.9047619","111.3095238","111.9047619","113.0952381","111.9047619","111.9047619","112.5","114.8809524","114.8809524","116.6666667","116.6666667","116.6666667","116.0714286","116.0714286","114.8809524","113.6054422","111.9047619","111.2244898","112.244898","111.2244898","108.5034014","107.1428571","97.95918367","90.47619048","90.13605442","90.47619048","90.47619048","92.85714286","92.5170068","91.49659864","89.45578231","90.13605442","94.55782313","92.5170068","94.8630137","94.8630137","94.89795918","96.2585034","96.93877551","96.2585034","98.29931973","96.93877551","96.93877551","94.55782313","90.81632653","90.81632653","92.5170068","100","101.4778325","100.9852217","101.2315271","100","98.27586207","100.2463054","101.2315271","100.9852217","100.4926108","99.26108374","99.50738916","98.76847291","98.27586207","99.75369458","98.02955665","104.4334975","108.3743842","105.6650246","107.635468","107.3891626","108.1280788","105.6650246","105.6650246","104.1871921","100.7389163","103.2019704","106.6502463","107.8817734","105.4187192","105.4187192","106.4039409","106.8965517","107.3891626","106.8965517","106.4039409","105.1724138","106.8965517","106.4039409","105.91133","103.5714286","108.2417582","113.4615385","101.0989011","101.9230769","100.2747253","97.8021978","93.95604396","91.11111111","90.65934066","90.65934066","95.6043956","93.13186813","94.78021978","94.78021978","92.03296703","90.10989011","84.61538462","82.69230769","85.43956044","84.61538462","82.96703297","81.31868132","82.96703297","82.69230769","85.71428571","90.38461538","88.18681319","84.89010989","80.76923077","86.8852459","87.15846995","87.97814208","88.52459016","87.70491803","89.61748634","91.2568306","92.34972678","90.71038251","90.98360656","90.98360656","92.89617486","93.16939891","94.53551913","92.62295082","93.24324324","90.81081081","93.7837837838","93.51351351","95.13513514","96.21621622","95.94594595","97.2972973","98.37837838",
"연립다세대","울산","매매수급동향","","96.75324675","99.35064935","100","99.35064935","98.05194805","98.05194805","97.4025974","97.4025974","97.4025974","97.4025974","101.2987013","98.05194805","100","100","98.7012987","98.05194805","98.7012987","100","112.3376623","112.3376623","101.2987013","100","98.7012987","98.7012987","98.7012987","98.7012987","107.1428571","98.7012987","98.7012987","98.7012987","100.8241758","100.8241758","102.1978022","103.5714286","101.9230769","101.3736264","109.0659341","102.7472527","103.021978","103.5714286","100.5494505","100.5494505","102.1978022","90.38461538","87.85714286","87.61904762","87.85714286","87.85714286","87.38095238","89.28571429","89.52380952","89.52380952","86.66666667","86.19047619","85.23809524","83.80952381","85","84.28571429","83.80952381","87.14285714","81.9047619","87.14285714","84.76190476","80.23809524","77.14285714","76.9047619","71.66666667","65.71428571","65.47619048","63.80952381","62.61904762","58.0952381","58.0952381","59.28571429","60.47619048","59.76190476","60.23809524","60","61.19047619","60.95238095","61.19047619","62.14285714","63.80952381","64.04761905","65.71428571","67.61904762","68.0952381","67.38095238","66.42857143","66.42857143","64.04761905","62.85714286","64.28571429","64.76190476","67.61904762","74.04761905","74.52380952","76.66666667","76.66666667","78.33333333","79.52380952","79.76190476","102","109.7142857","97.42857143","99.14285714","102.5714286","105.4285714","100.8571429","97.42857143","99.14285714","98.28571429","95.71428571","94.25287356","87.35632184","87.14285714","86.28571429","86.28571429","85.14285714","82.57142857","82.38636364","81.25","80.39772727","80.11363636","77.84090909","78.125","76.13636364","75.85227273","78.40909091","80.39772727","78.97727273","76.98863636","78.97727273","78.97727273","78.69318182","78.40909091","77.84090909","77.84090909","78.69318182","78.125","78.125","78.125","78.125","77.55681818","77.27272727","78.97727273","79.26136364","79.37853107","79.37853107","81.0734463277","82.76836158","84.46327684","84.18079096","84.46327684","84.74576271","85.02824859",
"연립다세대","세종","매매수급동향","","123.8095238","111.9047619","111.9047619","111.9047619","111.9047619","111.9047619","111.9047619","111.9047619","111.9047619","111.9047619","111.9047619","111.9047619","111.9047619","111.9047619","111.9047619","111.9047619","111.9047619","109.5238095","102.3809524","100","100","102.3809524","104.7619048","92.85714286","91.42857143","90","90","94.28571429","100","90","95.45454545","94.80519481","94.15584416","90.90909091","87.66233766","87.01298701","82.46753247","86.36363636","90.25974026","90.25974026","91.55844156","91.55844156","93.50649351","90.25974026","95.98214286","92.41071429","98.21428571","92.41071429","92.41071429","93.75","94.19642857","91.96428571","100","100.8928571","108.0357143","106.25","105.3571429","104.9107143","104.4642857","101.0204082","100.5102041","100","100.5102041","104.5918367","103.5714286","98.97959184","98.46938776","103.5714286","104.0816327","100","98.46938776","98.97959184","100.5102041","94.89795918","99.48979592","89.79591837","86.2244898","83.67346939","78.57142857","79.59183673","80.10204082","80.6122449","82.14285714","81.12244898","81.12244898","81.12244898","81.12244898","80.6122449","80.6122449","80.6122449","94.3877551","97.44897959","92.85714286","102.0408163","98.46938776","95.91836735","94.89795918","103.0612245","107.6530612","105.6122449","101.0204082","95.91836735","100.6493506","100.6493506","95.45454545","100","95.45454545","96.1038961","105.1948052","97.4025974","101.9480519","101.2987013","88.31168831","92.20779221","91.55844156","96.1038961","88.31168831","88.31168831","90.25974026","85.71428571","86.25","93.75","93.75","95.625","98.75","99.375","97.5","97.5","96.25","95.625","91.875","92.5","90.74074074","89.50617284","85.18518519","87.03703704","82.09876543","88.88888889","90.12345679","88.88888889","88.27160494","90.12345679","87.65432099","87.03703704","87.03703704","86.41975309","89.50617284","93.90243902","92.07317073","95.1219512195","93.29268293","96.95121951","95.73170732","97.56097561","96.95121951","97.56097561",
"연립다세대","강원","매매수급동향","","99.28571429","94.28571429","98.57142857","102.1428571","96.42857143","95.71428571","98.57142857","98.57142857","98.57142857","97.85714286","97.85714286","97.85714286","97.85714286","97.85714286","97.85714286","99.28571429","102.1428571","99.28571429","99.28571429","102.8571429","99.28571429","99.28571429","100","105.7142857","103.5714286","105","105","107.1428571","104.2857143","102.8571429","96.2406015","96.9924812","96.9924812","96.9924812","97.36842105","97.36842105","97.36842105","97.7443609","97.7443609","97.7443609","98.12030075","96.9924812","96.61654135","97.7443609","98.12030075","97.36842105","96.2406015","95.4887218","95.4887218","95.4887218","96.61654135","96.9924812","96.61654135","96.2406015","100.3759398","100.3759398","101.8796992","101.5037594","97.7443609","96.42857143","97.95918367","98.97959184","99.48979592","98.97959184","98.46938776","91.32653061","92.85714286","92.34693878","89.28571429","85.71428571","85.71428571","88.26530612","90","89.04761905","90.95238095","87.14285714","86.19047619","84.76190476","84.76190476","83.80952381","81.9047619","81.42857143","83.80952381","82.85714286","82.85714286","85.23809524","83.80952381","80.95238095","82.38095238","89.04761905","85.23809524","84.76190476","82.85714286","83.33333333","88.57142857","93.80952381","92.85714286","91.42857143","95.23809524","96.19047619","97.14285714","99.04761905","104.9107143","101.7857143","103.125","97.76785714","109.8214286","98.66071429","99.55357143","99.10714286","105.8035714","104.9107143","110.7142857","101.3392857","101.3392857","100.8928571","98.66071429","96.875","94.64285714","94.19642857","93.04347826","93.91304348","94.34782609","93.47826087","89.13043478","94.34782609","96.95652174","96.95652174","99.56521739","96.95652174","100","100","97.39130435","98.69565217","100","99.56521739","97.82608696","98.69565217","97.39130435","97.39130435","98.26086957","97.39130435","95.65217391","94.7826087","91.30434783","98.26086957","100.4347826","100","98.70689655","98.275862069","98.70689655","99.13793103","99.13793103","98.27586207","98.27586207","98.27586207",
"연립다세대","충북","매매수급동향","","100","99.28571429","99.28571429","104.2857143","100","100","100.7142857","96.42857143","100","101.4285714","100.7142857","100.7142857","101.4285714","100","100","100.7142857","100.7142857","99.28571429","98.7012987","100","100","100","100","101.2987013","100","100","100","100","100","100","99.70238095","99.70238095","99.70238095","99.70238095","99.70238095","99.70238095","99.70238095","99.70238095","99.70238095","100","99.70238095","99.10714286","98.51190476","98.21428571","95.53571429","96.13095238","96.72619048","97.61904762","97.61904762","96.72619048","96.72619048","95.83333333","96.72619048","97.32142857","97.32142857","96.72619048","96.42857143","95.53571429","94.94047619","87.3015873","88.49206349","88.49206349","88.88888889","90.47619048","86.50793651","87.6984127","87.6984127","88.49206349","88.0952381","88.0952381","88.49206349","87.3015873","73.1292517","78.91156463","77.21088435","77.21088435","76.19047619","75.51020408","74.48979592","73.1292517","73.1292517","73.1292517","72.10884354","72.44897959","72.44897959","72.78911565","72.78911565","72.78911565","74.14965986","76.8707483","78.57142857","77.55102041","76.53061224","76.53061224","77.55102041","77.89115646","77.89115646","76.53061224","77.55102041","76.53061224","79.59183673","81.63265306","92.43697479","96.21848739","98.31932773","91.17647059","94.53781513","100.8403361","108.8235294","103.7815126","102.9411765","100","89.49579832","93.27731092","92.85714286","95.79831933","97.05882353","96.63865546","94.11764706","90.75630252","91.59663866","88.23529412","88.23529412","93.27731092","91.17647059","93.69747899","92.01680672","91.59663866","94.53781513","97.89915966","95.79831933","97.05882353","95.41666667","95.83333333","90.41666667","90.41666667","90.83333333","93.75","95.41666667","95","91.66666667","92.91666667","94.16666667","96.25","94.16666667","92.08333333","90","95.04132231","92.97520661","92.5619834711","97.52066116","93.38842975","93.80165289","95.45454545","90.90909091","89.66942149",
"연립다세대","충남","매매수급동향","","100","100","101.9480519","106.4935065","105.8441558","106.4935065","105.8441558","96.1038961","101.9480519","105.8441558","100","101.9480519","101.9480519","107.7922078","102.5974026","101.2987013","98.05194805","97.4025974","99.35064935","100.6493506","102.5974026","103.2467532","103.2467532","98.05194805","100","102.5974026","103.8961039","107.1428571","103.2467532","101.9480519","100.3968254","100.7936508","100.7936508","101.984127","102.7777778","96.82539683","98.80952381","97.61904762","97.61904762","100","98.01587302","98.01587302","88.88888889","91.66666667","95.83333333","96.42857143","95.50898204","94.3452381","94.3452381","93.75","94.64285714","93.45238095","89.88095238","94.3452381","89.28571429","86.9047619","87.79761905","89.88095238","90.17857143","89.28571429","88.21428571","88.92857143","92.14285714","93.92857143","92.14285714","90.35714286","91.07142857","93.92857143","93.57142857","93.92857143","93.21428571","92.85714286","90.13605442","93.87755102","90.47619048","92.17687075","88.43537415","88.43537415","84.3537415","84.3537415","84.01360544","83.67346939","83.33333333","81.97278912","84.69387755","84.01360544","85.71428571","80.6122449","80.27210884","85.03401361","82.65306122","83.33333333","84.3537415","82.99319728","86.73469388","84.01360544","86.73469388","88.0952381","89.79591837","88.7755102","89.11564626","91.49659864","99.06832298","100.310559","103.1055901","101.242236","107.4534161","102.484472","95.34161491","95.0310559","97.82608696","99.06832298","96.5408805","97.82608696","98.44720497","97.82608696","95.65217391","90.68322981","90.0621118","86.64596273","83.54037267","86.64596273","86.33540373","86.95652174","88.19875776","91.30434783","91.30434783","89.7515528","89.44099379","90.68322981","89.7515528","90.68322981","89.19753086","90.43209877","91.66666667","91.04938272","90.12345679","89.50617284","87.96296296","87.96296296","86.41975309","87.03703704","85.80246914","86.11111111","83.33333333","85.80246914","89.19753086","89.26380368","89.26380368","88.3435582822","92.02453988","93.55828221","92.33128834","92.94478528","94.17177914","91.41104294",
"연립다세대","전북","매매수급동향","","97.32142857","101.7857143","93.75","104.4642857","104.4642857","94.64285714","95.53571429","97.32142857","92.85714286","102.6785714","104.4642857","102.6785714","113.3928571","101.7857143","99.10714286","98.21428571","101.7857143","96.42857143","92.85714286","90.17857143","92.85714286","93.75","88.39285714","90.17857143","96.42857143","98.21428571","104.4642857","100","94.64285714","99.10714286","101.3392857","100.4464286","98.21428571","95.08928571","92.41071429","98.21428571","98.21428571","95.98214286","96.875","95.98214286","96.42857143","95.53571429","95.53571429","101.7857143","99.10714286","102.2321429","100.8928571","101.3392857","102.2321429","101.3392857","101.7857143","101.7857143","101.7857143","101.3392857","100.4464286","99.55357143","100.4464286","99.55357143","100.4464286","94.3877551","94.3877551","94.89795918","93.87755102","86.73469388","85.71428571","87.75510204","87.75510204","88.7755102","88.26530612","91.83673469","97.95918367","97.44897959","90","88.57142857","90.47619048","86.19047619","88.0952381","82.38095238","82.85714286","84.28571429","80.95238095","82.38095238","79.52380952","76.19047619","76.19047619","78.0952381","78.0952381","77.61904762","77.61904762","77.61904762","78.0952381","79.52380952","79.04761905","80.47619048","79.04761905","80.47619048","81.42857143","79.04761905","80.47619048","81.9047619","81.9047619","82.38095238","94.19642857","95.98214286","94.19642857","99.55357143","96.42857143","101.3392857","104.4642857","98.21428571","103.125","100","97.76785714","99.10714286","99.10714286","100.4464286","91.96428571","90.17857143","82.58928571","79.01785714","82.89473684","81.14035088","81.57894737","82.01754386","81.57894737","82.45614035","82.89473684","85.0877193","88.59649123","87.71929825","92.10526316","87.28070175","87.39130435","86.52173913","88.69565217","90.86956522","88.26086957","89.13043478","90.86956522","90.43478261","90","89.13043478","88.26086957","88.26086957","93.47826087","93.04347826","89.56521739","89.65517241","88.79310345","89.6551724138","94.39655172","90.51724138","91.81034483","93.53448276","93.53448276","93.10344828",
"연립다세대","전남","매매수급동향","","100","100","100","100","100","100","100","100","100","100","100","100","98.97959184","102.0408163","101.0204082","100","97.95918367","98.97959184","100","98.97959184","98.97959184","98.97959184","98.97959184","98.97959184","99.10714286","99.10714286","99.10714286","99.10714286","99.10714286","99.10714286","99.45054945","99.45054945","99.45054945","99.45054945","98.9010989","99.45054945","99.72527473","97.8021978","98.07692308","98.07692308","99.17582418","96.42857143","96.15384615","97.8021978","97.25274725","97.25274725","95.87912088","95.87912088","96.15384615","97.25274725","96.97802198","97.52747253","97.52747253","97.8021978","96.15384615","99.17582418","100","99.72527473","99.72527473","98.9010989","98.62637363","98.9010989","97.25274725","90.65934066","94.78021978","95.05494505","97.25274725","96.7032967","100.5494505","103.2967033","103.2967033","100.2747253","103.4391534","100.5291005","100.7936508","98.41269841","102.1164021","103.4391534","99.20634921","101.3227513","93.65079365","100.7936508","104.2328042","100.2645503","103.4391534","103.1746032","100","99.73544974","99.20634921","102.3809524","103.7037037","97.08994709","95.23809524","100.2645503","101.5873016","102.9100529","107.9365079","102.3809524","102.1164021","101.3227513","99.47089947","100.5291005","100.621118","101.242236","103.4161491","100.931677","99.06832298","97.51552795","99.68944099","101.242236","96.89440994","99.68944099","91.92546584","93.47826087","95.0310559","94.72049689","92.23602484","87.88819876","86.64596273","82.91925466","82.93413174","84.73053892","85.32934132","85.02994012","88.62275449","89.82035928","90.71856287","92.21556886","93.41317365","94.91017964","95.20958084","94.61077844","95.23809524","94.94047619","89.58333333","91.36904762","91.07142857","92.85714286","90.47619048","91.07142857","88.98809524","89.28571429","89.58333333","88.39285714","90.17857143","87.79761905","89.58333333","87.71929825","86.25730994","89.4736842105","88.88888889","89.18128655","90.35087719","87.71929825","90.35087719","89.47368421",
"연립다세대","경북","매매수급동향","","107.1428571","105.952381","108.3333333","107.1428571","113.6904762","113.6904762","119.6428571","114.2857143","110.7142857","117.2619048","118.452381","116.0714286","111.1764706","108.8235294","108.8235294","102.3529412","103.5294118","105.8823529","105.2941176","106.4705882","111.1764706","105.8823529","102.3529412","105.8823529","109.4117647","106.4705882","108.2352941","110.5882353","106.4705882","109.4117647","101.6917293","104.1353383","103.9473684","100.7518797","101.3157895","95.86466165","97.55639098","95.11278195","94.17293233","94.17293233","92.85714286","90.97744361","93.60902256","92.85714286","92.10526316","88.90977444","86.84210526","89.47368421","87.03007519","85.90225564","85.33834586","85.52631579","83.08270677","85.15037594","85.52631579","84.02255639","83.64661654","81.95488722","81.20300752","88.98809524","88.39285714","87.5","85.71428571","88.0952381","86.01190476","80.05952381","77.38095238","71.42857143","72.61904762","71.42857143","73.21428571","65.47619048","65.17857143","59.52380952","62.79761905","64.28571429","60.41666667","55.05952381","55.6547619","61.9047619","62.20238095","60.71428571","58.03571429","58.92857143","59.82142857","66.66666667","65.17857143","69.94047619","69.94047619","71.13095238","78.86904762","76.78571429","75.29761905","75","75.89285714","80.35714286","83.03571429","81.8452381","82.73809524","84.52380952","82.44047619","82.73809524","93.42857143","95.14285714","100.8571429","103.1428571","99.42857143","93.42857143","95.71428571","95.14285714","94.28571429","94.57142857","93.71428571","94.28571429","92","96","93.71428571","92.57142857","92.28571429","92.57142857","92.58241758","93.40659341","95.32967033","94.50549451","95.32967033","92.58241758","94.23076923","93.68131868","96.15384615","92.85714286","92.58241758","96.97802198","92.85714286","94.23076923","95.32967033","95.32967033","92.85714286","95.05494505","96.42857143","96.42857143","96.42857143","95.32967033","95.32967033","94.23076923","95.32967033","95.87912088","94.78021978","94.26229508","92.34972678","92.0765027322","92.89617486","92.89617486","92.89617486","93.16939891","92.34972678","92.62295082",
"연립다세대","경남","매매수급동향","","97.95918367","99.48979592","103.0612245","104.0816327","102.5510204","100","94.3877551","94.89795918","101.0204082","99.48979592","101.0204082","103.0612245","104.0816327","100","100.5102041","98.97959184","96.93877551","95.91836735","92.34693878","93.36734694","92.34693878","93.36734694","92.85714286","95.40816327","95.40816327","92.34693878","93.36734694","100","101.5306122","100","99.35064935","99.35064935","100.8658009","100.2164502","100.2164502","99.35064935","98.7012987","98.48484848","99.78354978","99.78354978","96.53679654","95.02164502","96.75324675","97.4025974","95.67099567","95.23809524","93.93939394","91.34199134","91.34199134","90.69264069","90.69264069","92.42424242","91.55844156","91.55844156","92.85714286","88.74458874","87.22943723","87.87878788","87.22943723","79.06403941","78.07881773","78.07881773","77.5862069","73.89162562","73.39901478","71.92118227","70.44334975","69.95073892","69.45812808","68.22660099","67.98029557","66.25615764","68.66359447","66.58986175","66.8202765","67.51152074","67.28110599","66.58986175","69.35483871","67.74193548","66.8202765","66.58986175","65.89861751","66.8202765","66.12903226","66.12903226","65.66820276","64.97695853","63.82488479","65.43778802","81.33640553","85.02304147","80.41474654","81.56682028","83.87096774","83.41013825","85.71428571","86.40552995","86.6359447","85.94470046","87.78801843","86.86635945","94.89795918","99.74489796","101.2755102","101.7857143","100.5102041","99.23469388","109.4871795","100","100.7653061","98.46938776","97.95918367","100","95.40816327","96.17346939","95.66326531","94.3877551","92.34693878","89.54081633","91.96428571","91.29464286","93.08035714","93.52678571","94.41964286","92.1875","94.41964286","96.875","96.42857143","95.08928571","91.07142857","90.84821429","92.24137931","91.1637931","92.24137931","93.31896552","92.45689655","93.53448276","94.61206897","94.18103448","92.88793103","95.04310345","94.39655172","94.39655172","93.31896552","93.75","93.10344828","92.73504274","91.88034188","90.5982905983","89.52991453","89.31623932","91.02564103","89.95726496","90.38461538","88.24786325",
"연립다세대","제주","매매수급동향","","96.15384615","95.6043956","95.6043956","95.6043956","96.15384615","96.15384615","96.15384615","95.05494505","94.50549451","93.95604396","96.15384615","101.0989011","101.0989011","101.0989011","101.0989011","101.0989011","101.0989011","101.0989011","101.0989011","103.2967033","104.9450549","107.6923077","110.989011","118.1318681","121.1956522","116.8478261","117.9347826","118.4782609","119.0217391","119.0217391","132.3809524","132.8571429","134.7619048","130.4761905","140","138.0952381","144.2857143","136.6666667","131.9047619","118.0952381","95.23809524","90.47619048","87.61904762","90.95238095","95.34161491","95.65217391","98.13664596","100.621118","100.931677","100.931677","100.931677","95.96273292","86.33540373","85.71428571","91.30434783","91.61490683","90.99378882","95.34161491","93.78881988","96.82539683","98.41269841","98.01587302","97.61904762","93.25396825","89.68253968","86.9047619","81.34920635","76.98412698","78.57142857","79.76190476","80.15873016","80.55555556","80.35714286","81.78571429","81.78571429","83.21428571","80.71428571","77.5","80","78.92857143","78.92857143","78.92857143","78.57142857","76.42857143","73.37662338","71.75324675","70.45454545","69.15584416","68.50649351","68.18181818","68.18181818","66.88311688","66.23376623","66.23376623","66.55844156","66.55844156","67.85714286","69.48051948","69.48051948","69.80519481","70.12987013","72.4025974","86.77419355","90","93.22580645","100","100","94.51612903","99.35483871","102.2580645","94.51612903","96.4516129","88.70967742","89.35483871","95.16129032","82.25806452","89.03225806","87.09677419","88.38709677","87.74193548","88.36477987","87.73584906","81.13207547","79.24528302","79.24528302","84.90566038","85.22012579","86.47798742","88.99371069","86.79245283","85.53459119","84.59119497","86.33540373","82.91925466","84.16149068","84.47204969","80.74534161","85.71428571","88.81987578","86.33540373","89.44099379","92.23602484","87.26708075","90.0621118","90.37267081","89.13043478","89.13043478","88.7195122","85.36585366","85.3658536585","89.93902439","88.41463415","90.24390244","89.32926829","90.85365854","92.07317073",
"단독주택","전국","매매수급동향","","92.20925011","93.28391734","94.37696806","94.9481281","94.44945848","94.49458484","94.16553596","93.26096789","93.59728507","94.61538462","94.646098","93.91738538","94.80606331","95.04021448","95.48502459","95.43828265","95.52572707","95.07829978","95","95.71111111","95.73333333","96.48888889","96.46666667","97.11111111","97.03847817","96.99524427","98.20579334","97.51405102","97.94638997","98.5948984","99.51111111","99.14444444","99.74444444","99.31111111","99.96666667","99.08888889","98.88888889","98.7","98.63333333","98.8","97.8","97.63333333","97.83333333","98.42222222","98.55359001","99.67741935","99.98959417","100.5306972","99.80228928","100.0312175","100.6139438","101.8522373","102.2788762","102.6222685","104.0582726","104.7866805","105.0780437","105.2341311","104.1831426","100.1455301","100.3846154","101.2785863","101.5176715","102.1933472","102.4220374","102.5155925","102.7234927","103.3264033","104.8128898","104.2827443","104.5634096","103.3679834","99.94813278","100.3215768","101.1825726","101.5456432","102.1058091","102.1473029","104.2116183","104.9792531","104.2012448","104.5539419","104.4709544","106.0684647","106.2149824","107.1487861","107.3251712","105.9348413","105.7895829","106.6715086","108.9333887","109.9190703","109.3983402","109.7510373","110.3526971","111.1929461","111.1618257","111.8257261","111.9087137","111.4004149","110.466805","110.5082988","102.033195","103.0394191","103.9937759","101.3485477","101.379668","100.7780083","100.7885453","100.6537983","101.6088852","101.9087137","102.4595268","102.1788753","101.6811955","101.4223422","100.6639004","99.45020747","95.49792531","93.63070539","92.74896266","92.63485477","93.09128631","93.83817427","94.11825726","94.50207469","95.5186722","96.14107884","97.13692946","97.53112033","97.79045643","97.406639","96.99170124","97.23029046","97.68672199","98.14315353","98.20539419","98.78630705","98.89004149","99.02489627","99.15975104","98.65145228","98.43360996","98.84854772","98.72406639","98.55809129","98.54771784","99.38853503","99.50318471","99.3503184713","99.66878981","100.0636943","99.73248408","99.74522293","100.0254777","100.1019108",
"단독주택","수도권","매매수급동향","","80.59701493","81.16591928","82.20720721","86.01503759","84.81203008","83.90977444","83.63499246","83.93665158","83.33333333","84.16289593","84.16289593","83.03167421","83.50824588","85.28528529","86.56156156","87.38738739","86.93693694","87.08708709","86.78678679","88.51351351","88.96396396","89.48948949","89.86486486","90.46546547","91.53846154","91.60839161","92.72727273","92.86713287","93.91608392","94.54545455","96.30653266","95.75376884","96.18090452","97.16080402","98.04020101","96.68341709","95.9798995","96.18090452","95.55276382","95.47738693","95.77889447","96.03015075","96.00502513","96.40703518","96.26966292","97.57303371","97.79775281","97.93258427","97.23595506","97.19101124","97.75280899","99.43820225","99.79775281","100.5168539","101.6853933","101.5955056","101.3707865","101.8876404","101.3707865","101.2576687","101.0122699","101.809816","101.7177914","100.9509202","102.1165644","101.993865","103.8650307","106.5644172","108.5889571","107.7300613","106.8711656","105.6748466","101.1480363","100.7250755","102.2356495","103.2024169","104.9848943","106.978852","109.2145015","110.81571","110.1208459","111.3293051","111.7522659","114.7432024","114.8036254","116.7069486","117.6132931","116.7069486","115.8912387","116.4048338","119.0030211","120.1510574","119.5468278","120.3323263","120.6042296","119.2145015","120.2719033","121.5407855","120.81571","120.1208459","118.7311178","119.4561934","108.6956522","108.6561265","107.8656126","103.4782609","102.5296443","101.027668","100.1977848","99.5256917","101.027668","101.6600791","102.4110672","102.4920886","101.3043478","101.1462451","100.0790514","97.74703557","92.05533597","89.40711462","88.18181818","88.65612648","90","91.46245059","92.88537549","94.18972332","95.29644269","96.04743083","97.19367589","97.50988142","97.74703557","97.19367589","96.75889328","97.43083004","97.6284585","98.06324111","98.02371542","98.81422925","99.48616601","100.0395257","100.0395257","100.1185771","99.36758893","99.48616601","99.88142292","100","100.3952569","101.8066406","102.6855469","102.978515625","102.2949219","103.4179688","103.4667969","103.125","102.734375","102.9785156",
"단독주택","지방","매매수급동향","","97.2061657","98.49068722","99.58253051","98.7757732","98.58156028","99.03288201","98.67571059","97.25452196","97.99612153","99.09502262","99.15639195","98.6038961","99.58756345","99.17302799","99.26798218","98.85350318","99.17144678","98.47036329","98.45328283","98.73737374","98.57954545","99.43181818","99.24242424","99.90530303","99.49937422","99.40550688","100.6570713","99.59324155","99.74968711","100.4067584","102.0517928","101.8326693","102.5697211","101.0159363","101.4940239","100.9960159","101.1952191","100.6972112","101.0756972","101.4342629","99.40239044","98.90438247","99.28286853","100.0199203","100.5232558","101.4922481","101.879845","102.7713178","102.0155039","102.4806202","103.0813953","103.9341085","104.4186047","104.4379845","106.1046512","107.5387597","108.2751938","108.120155","106.6085271","99.5754717","100.0628931","101.0062893","101.4150943","102.8301887","102.5786164","102.7830189","102.1383648","101.6666667","102.8773585","102.5157233","103.3805031","102.1855346","99.3206951","100.1105845","100.6319115","100.6793049","100.600316","99.62085308","101.5955766","101.9273302","101.1058452","101.0110585","100.6635071","101.5323855","101.7225032","102.1491783","101.9437421","100.3002528","100.505689","101.5802781","103.6662453","104.5670038","104.0916272","104.2180095","104.9921011","106.9984202","106.3981043","106.7456556","107.2511848","106.8404423","106.1453397","105.8293839","99.66244726","101.0407876","102.6160338","100.5907173","100.9704641","100.6891702","100.9985935","101.0554461","101.8158784","101.9971871","102.4767802","102.0675105","101.8153673","101.5206984","100.8720113","100.0562588","96.72292546","95.13361463","94.37412096","94.05063291","94.19127989","94.6835443","94.55696203","94.61322082","95.59774965","96.17440225","97.11673699","97.53867792","97.80590717","97.48241913","97.0745429","97.15893108","97.70745429","98.17158931","98.27004219","98.77637131","98.67791842","98.66385373","98.8466948","98.12939522","98.10126582","98.62165963","98.31223629","98.04500703","97.89029536","98.53498794","98.37986901","98.0696311617","98.74181317","98.87969666","98.41433988","98.55222337","99.06928645","99.08652189",
"단독주택","6대광역시","매매수급동향","","88.25","91.25","91.25","91.58291457","92.33668342","92.5879397","90.80604534","89.16876574","90.93198992","92.06549118","91.89873418","90.4822335","92.23057644","92.56926952","93.68686869","95.2020202","94.05063291","93.41772152","94.81012658","94.17721519","94.81012658","94.6835443","96.20253165","95.18987342","95.125","94.625","96.875","95.875","94.875","94.75","97.75510204","97.09183673","98.16326531","96.93877551","96.73469388","94.64285714","95.35714286","94.89795918","95","95.66326531","95.45918367","95.66326531","96.12244898","96.58163265","96.98019802","98.86138614","99.00990099","99.9009901","98.96039604","100.049505","100.5940594","102.5247525","103.3663366","103.7128713","105.3465347","109.3069307","108.6138614","106.9306931","106.7326733","99.67078189","100.5761317","101.6460905","102.0576132","100.781893","100.9053498","101.6049383","102.0987654","102.2633745","103.909465","104.691358","104.9382716","104.1152263","100","101.5352697","101.7427386","101.7842324","102.2821577","102.5311203","104.9377593","105.4356846","104.3983402","104.439834","104.3568465","105.6846473","106.0215947","106.6860465","106.5199336","103.820598","103.7375415","105.1495017","106.7275748","106.7275748","106.0165975","107.219917","107.8838174","110.746888","108.5062241","109.1286307","108.0912863","107.7178423","107.8423237","107.4273859","102.0588235","100.5042017","105.4201681","101.092437","101.3445378","100.4621849","100.1680672","100.6722689","101.600674","101.8907563","101.9327731","101.8923465","100.1680672","100.9259259","100","99.15966387","94.57983193","92.31092437","92.14285714","92.05882353","92.77310924","92.81512605","92.64705882","91.97478992","93.05439331","94.05857741","95.43933054","95.73221757","96.35983264","95.81589958","95.48117155","95.81589958","96.19246862","96.77824268","97.07112971","97.48953975","98.41004184","98.74476987","99.16317992","97.78242678","97.57322176","97.86610879","97.74058577","97.57322176","97.48953975","98.80829016","98.86010363","98.9637305699","99.22279793","100.6735751","99.94818653","99.58549223","99.6373057","100.2590674",
"단독주택","5대광역시","매매수급동향","","92.41935484","95.96774194","95.96774194","95.95469256","96.92556634","97.24919094","95.12987013","92.20779221","94.64285714","96.1038961","96.73202614","94.75409836","97.24919094","97.55700326","98.36601307","100.3267974","98.85245902","98.03278689","99.67213115","98.85245902","99.50819672","99.50819672","101.4754098","100.1639344","100","99.35483871","102.2580645","100.6451613","99.35483871","99.19354839","101","100.1333333","101.4666667","99.86666667","99.6","96.86666667","97.8","97.2","97.33333333","98.2","97.93333333","98.13333333","98.86666667","99.53333333","100.1282051","100.9615385","101.0897436","102.3717949","100.9615385","102.0512821","102.7564103","104.8076923","105.7051282","105.8333333","108.2692308","111.3461538","110.5769231","108.2692308","107.8846154","99.2195122","100.2439024","101.3658537","101.5121951","100.8780488","100.7804878","101.2195122","100.9756098","100.9756098","102.3414634","102.9268293","103.6097561","102.7804878","98.07881773","99.55665025","100.0492611","100.3448276","100.591133","100.9359606","103.6945813","103.8423645","102.7093596","102.6108374","102.7093596","103.9901478","104.0927022","105.0295858","104.3885602","101.5285996","101.6272189","103.0571992","105.1775148","105.0295858","104.5812808","105.3694581","106.1576355","109.5566502","107.8325123","108.1773399","107.4876847","107.2906404","106.6995074","106.1083744","102.5","100.4","105","100.85","101.05","100.45","100.15","100.8","101.8054162","102.05","101.75","101.4","100.2","100.9519038","100","99.2","94.7","92.1","91.8","91.35","91.95","91.65","91.5","90.7","92.63681592","93.58208955","94.87562189","95.67164179","96.3681592","95.37313433","95.07462687","95.32338308","95.52238806","96.21890547","96.86567164","97.21393035","98.00995025","98.30845771","99.05472637","97.46268657","97.46268657","97.41293532","97.41293532","97.71144279","97.81094527","98.7053021","98.39704069","98.3970406905","98.64364982","99.75339088","98.7053021","98.64364982","98.89025894","99.26017263",
"단독주택","9개도","매매수급동향","","95.77963918","96.64948454","97.84149485","97.77131783","96.7032967","96.73561732","96.79404145","95.95207254","96.04666235","97.34283863","97.10851202","96.81611436","97.31738849","97.2815534","97.63754045","96.92357513","97.21502591","96.66450777","96.27966645","97.27389352","97.01731879","97.78704298","97.65875561","98.68505452","98.45009299","98.35709857","99.41103534","98.69807812","99.25604464","99.93800372","101.0110294","100.3676471","100.9558824","100.2573529","100.8455882","100.5882353","100.4411765","100.1838235","100.6433824","100.5882353","99.15441176","98.67647059","98.76838235","99.15441176","98.71452421","99.49916528","99.84974958","100.5509182","100.0166945","100.1502504","100.4340568","101.4524207","101.4691152","101.3021703","102.78798","103.3055092","103.8564274","104.7078464","103.3722871","99.50576606","99.39044481","100.2635914","100.5601318","101.9934102","102.7512356","102.5700165","102.2734761","102.9654036","103.6243822","102.9489292","103.509061","102.7018122","99.8019802","100.0660066","101.1056106","101.6171617","102.0792079","101.4521452","102.5742574","103.1518152","102.4917492","102.4587459","102.640264","103.4653465","104.0924092","105.2145215","105.6105611","104.6864686","104.7194719","105.4620462","107.4752475","109.1914191","108.2343234","108.2838284","109.2244224","109.4059406","110.2145215","111.6831683","112.2112211","111.7326733","110.7260726","110.8580858","100.543131","103.0191693","103.5942492","101.5175719","101.6134185","101.1980831","101.3738019","100.9590793","101.8690096","102.0607029","102.8772379","102.284345","102.2858056","101.5185422","100.8626198","100.1277955","96.66134185","95.3514377","94.02555911","93.65814696","93.78594249","94.55271565","94.76038339","95.30351438","96.336","96.784","97.536","97.92","98.032","97.824","97.376","97.568","98.064","98.336","98.336","98.976","98.688","98.704","98.688","98.496","98.304","98.992","98.816","98.496","98.432","99.13894325","99.19765166","98.9236790607","99.35420744","99.31506849","98.92367906","99.02152642","99.49119374","99.41291585",
"단독주택","8개도","매매수급동향","","98.28150573","99.0589198","100.4500818","99.42528736","98.93179951","99.42481512","99.50617284","98.43621399","98.76441516","99.79406919","99.7107438","99.50413223","100.0821693","99.46502058","99.38271605","98.35255354","99.13509061","98.47611203","98.04719284","98.65744508","98.04719284","98.90154597","98.65744508","99.63384866","99.39418417","99.35379645","100.2423263","99.31340872","99.79806139","100.6058158","102.4924012","102.4620061","102.9787234","101.550152","102.2492401","102.8571429","102.7051672","102.1276596","102.9787234","102.8267477","100.0607903","99.05775076","99.36170213","99.90881459","100.0890208","101.0089021","101.5133531","102.3738872","101.8991098","102.2848665","102.2848665","102.9673591","102.9376855","102.9080119","104.0949555","105.074184","106.3204748","107.3293769","105.6083086","98.5995086","98.82063882","99.72972973","100.3685504","102.3587224","102.7027027","102.7027027","101.5724816","101.1056511","101.7690418","101.2530713","102.4078624","101.4496314","98.64197531","99.25925926","99.7037037","99.87654321","100.2469136","98.4691358","99.60493827","99.72839506","99.16049383","98.88888889","98.59259259","99.5308642","99.77777778","99.97530864","99.97530864","98.86419753","99.20987654","100.1728395","102.0246914","103.7037037","102.3950617","102.0246914","103.1358025","104.2716049","104.4938272","105.6296296","106.3950617","106","106.3950617","106.2469136","98.39034205","101.3078471","101.6901408","100.5030181","100.9657948","100.6841046","101.2273642","101.0873943","101.7102616","101.9315895","102.7788965","102.2736419","102.4969795","101.5102698","100.9054326","100.2615694","97.80684105","96.68008048","95.57344064","95.13078471","95.05030181","95.73440644","95.65392354","95.95573441","96.69354839","97.15725806","97.90322581","98.16532258","98.28629032","98.20564516","97.76209677","97.74193548","98.42741935","98.81048387","98.68951613","99.27419355","98.85080645","98.68951613","98.68951613","98.3266129","98.26612903","99.01209677","98.58870968","98.10483871","97.84274194","98.40216323","98.2792527","97.8613569322","98.69714848","98.45132743","98.18092429","98.37758112","98.99213373","98.89380531",
"단독주택","서울","매매수급동향","","75.2","74.69879518","76.82926829","81.91056911","82.92682927","82.72357724","82.24489796","82.04081633","81.63265306","80.81632653","82.85714286","80.40816327","81.78137652","83.53658537","83.53658537","85.16260163","85.97560976","86.58536585","85.97560976","87.39837398","86.99186992","88.00813008","88.61788618","88.61788618","90.6","91.2","92","92","93.8","95.2","95.54744526","96.42335766","96.49635036","98.68613139","100.5839416","99.12408759","97.29927007","97.51824818","95.91240876","95.54744526","95.47445255","95.62043796","96.05839416","97.08029197","98.32116788","99.5620438","99.9270073","99.5620438","98.24817518","98.10218978","98.68613139","100.8759124","101.6788321","104.3065693","104.8905109","102.4087591","102.4817518","102.7737226","102.5547445","100.6818182","101.4772727","102.2727273","102.0454545","100.5681818","100.6818182","100.5681818","102.3863636","105","109.6590909","107.9545455","107.1590909","104.2045455","95.2173913","93.91304348","95","96.41304348","100.6521739","104.2391304","109.673913","111.1956522","110.7608696","113.8043478","113.2608696","122.0652174","118.5869565","119.2391304","118.9130435","117.6086957","116.4130435","117.0652174","121.8478261","121.7391304","120.9782609","120.4347826","120.1086957","118.9130435","120.4347826","119.4565217","117.9347826","117.3913043","119.1304348","120","112.4418605","110.5813953","103.372093","101.0465116","100","98.02325581","97.55244755","97.90697674","99.06976744","100.5813953","100.9302326","101.8604651","101.627907","100.6976744","99.18604651","94.41860465","90.93023256","86.39534884","85.81395349","86.51162791","88.48837209","90.34883721","92.6744186","94.30232558","95.81395349","96.86046512","98.25581395","98.95348837","99.41860465","98.02325581","97.6744186","97.79069767","98.13953488","99.65116279","99.53488372","100.2325581","101.1627907","101.5116279","102.2093023","101.8604651","101.2790698","100","100.3488372","101.3953488","101.9767442","102.5787966","103.1518625","103.2951289398","102.8653295","103.5816619","104.5845272","104.8710602","104.2979943","104.1547278",
"단독주택","강북권역","매매수급동향","","74.375","75.3125","76.58227848","76.58227848","76.89873418","76.89873418","79.61783439","79.61783439","79.61783439","78.34394904","79.93630573","77.70700637","79.74683544","80.37974684","80.06329114","82.59493671","80.06329114","80.06329114","80.06329114","80.69620253","81.32911392","81.96202532","81.96202532","81.96202532","84.375","85","86.25","85.9375","87.8125","89.375","92.53164557","93.41772152","93.5443038","97.59493671","100.2531646","98.2278481","95.56962025","95.94936709","94.6835443","94.30379747","94.17721519","94.55696203","95.06329114","96.58227848","97.72151899","97.84810127","98.10126582","98.10126582","96.07594937","96.07594937","97.46835443","99.87341772","99.62025316","103.0379747","102.0253165","98.10126582","97.21518987","97.46835443","96.70886076","96.41509434","96.98113208","98.49056604","97.9245283","94.52830189","94.71698113","95.47169811","98.11320755","101.6981132","103.9622642","104.3396226","102.8301887","101.1320755","88.24561404","91.75438596","92.28070175","92.28070175","99.29824561","101.5789474","106.4912281","108.245614","107.5438596","108.245614","108.0701754","119.2982456","115.4385965","118.0701754","115.6140351","113.1578947","113.5087719","113.1578947","118.4210526","119.2982456","118.9473684","118.9473684","120.5263158","120.7017544","121.5789474","120","118.9473684","119.122807","121.754386","122.4561404","113.7254902","109.4117647","104.5098039","102.1568627","100.1960784","98.03921569","97.63779528","98.23529412","99.01960784","100.7843137","100.9803922","102.3529412","101.9607843","101.372549","98.43137255","93.92156863","90.39215686","86.66666667","86.47058824","88.03921569","90.19607843","90","92.74509804","94.50980392","94.31372549","95.09803922","96.8627451","97.45098039","98.62745098","97.25490196","96.47058824","95.88235294","96.47058824","98.03921569","98.23529412","99.41176471","100.1960784","101.1764706","102.1568627","101.7647059","101.1764706","99.21568627","100","101.372549","102.1568627","102.6315789","102.8708134","103.5885167464","102.8708134","103.1100478","104.784689","104.784689","104.0669856","105.0239234",
"단독주택","도심권","매매수급동향","","68.57142857","68.57142857","68.57142857","68.57142857","68.57142857","68.57142857","81.42857143","81.42857143","81.42857143","81.42857143","81.42857143","81.42857143","81.42857143","81.42857143","81.42857143","81.42857143","81.42857143","81.42857143","81.42857143","81.42857143","81.42857143","84.28571429","85.71428571","87.14285714","88.57142857","88.57142857","88.57142857","88.57142857","92.85714286","92.85714286","92.30769231","93.07692308","86.92307692","86.92307692","90","87.69230769","86.92307692","86.92307692","86.92307692","86.92307692","86.92307692","86.92307692","90","99.23076923","104.6153846","106.1538462","106.1538462","105.3846154","101.5384615","101.5384615","101.5384615","105.3846154","105.3846154","110.7692308","110.7692308","100.7692308","97.69230769","95.38461538","93.84615385","101.3333333","102.6666667","104","104.6666667","92","90.66666667","97.33333333","100","106.6666667","106.6666667","109.3333333","104","103.3333333","91.33333333","87.33333333","86.66666667","88.66666667","94","95.33333333","101.3333333","103.3333333","98.66666667","102","105.3333333","118.6666667","116.6666667","118.6666667","115.3333333","106","109.3333333","108","123.3333333","125.3333333","125.3333333","127.3333333","125.3333333","126.6666667","126.6666667","127.3333333","127.3333333","124","125.3333333","126","115.8333333","112.5","116.6666667","102.5","98.33333333","96.66666667","97.5","96.66666667","97.5","100.8333333","100.8333333","101.6666667","103.3333333","105","97.5","91.66666667","89.16666667","85.83333333","85.83333333","88.33333333","90","90","90.83333333","95.83333333","94.16666667","95","97.5","98.33333333","99.16666667","97.5","94.16666667","94.16666667","96.66666667","97.5","98.33333333","100.8333333","99.16666667","100","100.8333333","100","99.16666667","98.33333333","98.33333333","99.16666667","100","100","101.0416667","103.125","101.0416667","102.0833333","105.2083333","104.1666667","103.125","105.2083333",
"단독주택","동북권","매매수급동향","","88.33333333","88.33333333","88.33333333","88.33333333","88.33333333","88.33333333","88.13559322","88.13559322","88.13559322","84.74576271","88.98305085","83.05084746","89.16666667","90.83333333","89.16666667","95.83333333","88.33333333","88.33333333","88.33333333","90","91.66666667","91.66666667","90","89.16666667","93.33333333","95","98.33333333","92.5","95","99.16666667","100.8108108","102.4324324","102.4324324","111.0810811","112.7027027","109.1891892","103.7837838","102.4324324","99.45945946","98.64864865","98.10810811","97.83783784","97.83783784","97.02702703","97.02702703","96.48648649","95.94594595","95.94594595","95.94594595","95.67567568","96.48648649","98.37837838","97.56756757","98.64864865","98.37837838","96.48648649","96.21621622","98.10810811","98.10810811","92.5","92.91666667","95.83333333","94.16666667","92.08333333","96.66666667","97.5","100.8333333","102.0833333","106.6666667","107.5","108.3333333","108.3333333","96.66666667","105.8333333","107.9166667","106.6666667","110.4166667","111.6666667","116.25","118.3333333","118.3333333","117.0833333","113.3333333","120.4166667","115","120.4166667","115.4166667","118.3333333","118.75","117.9166667","121.25","119.5833333","119.1666667","117.9166667","122.5","122.9166667","122.5","120","118.3333333","119.1666667","124.5833333","125.8333333","114","105.2","101.2","103.2","101.2","100.4","100","100.4","100.4","100","100.4","104","102.4","99.6","99.6","95.2","93.2","89.6","90","91.2","92.4","91.6","94","94","93.6","94.8","95.6","96.4","97.2","96.4","97.6","97.6","97.2","100","100","101.2","101.2","102.4","104","104","103.2","99.6","101.2","103.6","104.4","105","104.5","105","105","104.5","105","105","104.5","105",
"단독주택","서북권","매매수급동향","","64.61538462","66.92307692","69.84126984","69.84126984","70.63492063","70.63492063","70.63492063","70.63492063","70.63492063","70.63492063","70.63492063","70.63492063","69.84126984","69.84126984","70.63492063","70.63492063","71.42857143","71.42857143","71.42857143","71.42857143","71.42857143","71.42857143","72.22222222","72.22222222","73.84615385","73.84615385","73.84615385","78.46153846","78.46153846","78.46153846","82.06896552","82.06896552","85.17241379","85.17241379","88.96551724","88.96551724","88.96551724","91.72413793","92.06896552","92.06896552","92.4137931","93.79310345","93.79310345","94.82758621","95.51724138","95.86206897","97.24137931","97.5862069","93.79310345","94.13793103","96.89655172","99.31034483","99.65517241","105.1724138","102.7586207","98.96551724","98.27586207","97.5862069","96.20689655","97.85714286","97.85714286","97.14285714","97.14285714","101.4285714","95.71428571","90","91.42857143","95.71428571","96.42857143","93.57142857","92.14285714","86.42857143","74.44444444","76.66666667","76.11111111","76.11111111","88.88888889","93.33333333","97.77777778","98.88888889","100.5555556","101.6666667","103.3333333","118.3333333","115","114.4444444","116.1111111","112.2222222","110","111.1111111","110.5555556","113.8888889","113.3333333","113.3333333","113.8888889","112.7777778","116.1111111","113.8888889","112.7777778","115","115","115","111.4285714","114.2857143","100","100","100","95","93.57142857","95.71428571","97.85714286","102.1428571","102.1428571","100","100","101.4285714","97.14285714","93.57142857","86.42857143","82.14285714","80.71428571","82.14285714","86.42857143","87.14285714","92.14285714","94.28571429","95.71428571","95.71428571","98.57142857","98.57142857","100.7142857","98.57142857","96.42857143","94.28571429","95","95","95","95","99.28571429","100","100","99.28571429","99.28571429","99.28571429","99.28571429","99.28571429","100","100.8196721","101.6393443","101.6393442623","100.8196721","101.6393443","104.0983607","104.9180328","104.0983607","104.9180328",
"단독주택","강남권역","매매수급동향","","76.66666667","73.59550562","77.27272727","91.47727273","93.75","93.18181818","86.93181818","86.36363636","85.22727273","85.22727273","88.06818182","85.22727273","85.39325843","89.20454545","89.77272727","89.77272727","96.59090909","98.29545455","96.59090909","99.43181818","97.15909091","98.86363636","100.5681818","100.5681818","101.6666667","102.2222222","102.2222222","102.7777778","104.4444444","105.5555556","99.65517241","100.5172414","100.5172414","100.1724138","101.0344828","100.3448276","99.65517241","99.65517241","97.5862069","97.24137931","97.24137931","97.06896552","97.4137931","97.75862069","99.13793103","101.8965517","102.4137931","101.5517241","101.2068966","100.862069","100.3448276","102.2413793","104.4827586","106.0344828","108.7931034","108.2758621","109.6551724","110","110.5172414","107.1428571","108.2857143","108","108.2857143","109.7142857","109.7142857","108.2857143","108.8571429","110","118.2857143","113.4285714","113.7142857","108.8571429","106.5714286","97.42857143","99.42857143","103.1428571","102.8571429","108.5714286","114.8571429","116","116","122.8571429","121.7142857","126.5714286","123.7142857","121.1428571","124.2857143","124.8571429","121.1428571","123.4285714","127.4285714","125.7142857","124.2857143","122.8571429","119.4285714","116","118.5714286","118.5714286","116.2857143","114.5714286","114.8571429","116","110.5714286","112.2857143","101.7142857","99.42857143","99.71428571","98","97.42857143","97.42857143","99.14285714","100.2857143","100.8571429","101.1428571","101.1428571","99.71428571","100.2857143","95.14285714","91.71428571","86","84.85714286","84.28571429","86","90.85714286","92.57142857","94","98","99.42857143","100.2857143","101.1428571","100.5714286","99.14285714","99.42857143","100.5714286","100.5714286","102","101.4285714","101.4285714","102.5714286","102","102.2857143","102","101.4285714","101.1428571","100.8571429","101.4285714","101.7142857","102.5","103.5714286","102.8571428571","102.8571429","104.2857143","104.2857143","105","104.6428571","102.8571429",
"단독주택","서남권","매매수급동향","","73.33333333","73.33333333","74.57627119","94.06779661","94.06779661","93.22033898","92.37288136","91.52542373","91.52542373","91.52542373","95.76271186","91.52542373","91.52542373","93.10344828","93.10344828","93.10344828","93.96551724","96.55172414","93.96551724","98.27586207","94.82758621","97.4137931","98.27586207","98.27586207","100","100.8333333","100.8333333","101.6666667","104.1666667","106.6666667","102.6470588","104.1176471","104.1176471","103.5294118","105","103.8235294","102.6470588","102.6470588","99.11764706","98.52941176","98.52941176","98.23529412","98.82352941","99.41176471","100.8823529","102.0588235","102.6470588","102.3529412","101.1764706","101.4705882","101.7647059","105.8823529","105.2941176","107.6470588","107.3529412","105.5882353","110.8823529","110.8823529","113.2352941","100","100.9090909","103.1818182","104.5454545","108.1818182","107.7272727","105","108.6363636","106.3636364","110","106.8181818","107.7272727","106.3636364","108.1818182","96.81818182","102.2727273","104.5454545","103.1818182","106.8181818","109.5454545","113.6363636","111.8181818","120.9090909","116.8181818","130","126.3636364","120.9090909","123.1818182","125","120.4545455","125.4545455","128.6363636","124.5454545","121.8181818","120.9090909","116.3636364","114.0909091","119.0909091","120","117.2727273","113.6363636","112.2727273","113.6363636","103.3333333","110","102.8571429","101.9047619","100.952381","100.952381","100","100","101.4285714","101.9047619","101.4285714","100.952381","100.952381","99.52380952","99.52380952","96.19047619","92.38095238","86.19047619","82.85714286","83.33333333","85.23809524","88.57142857","89.52380952","91.42857143","97.61904762","99.04761905","100","100.952381","100","99.52380952","99.52380952","100.4761905","99.52380952","100.4761905","101.9047619","102.3809524","102.8571429","101.4285714","101.4285714","100.952381","100.952381","100.952381","100.4761905","101.4285714","101.9047619","101.7857143","102.9761905","102.380952381","102.3809524","104.1666667","102.9761905","102.9761905","102.9761905","102.9761905",
"단독주택","동남권","매매수급동향","","83.33333333","74.13793103","82.75862069","86.20689655","93.10344828","93.10344828","75.86206897","75.86206897","72.4137931","72.4137931","72.4137931","72.4137931","73.33333333","81.66666667","83.33333333","83.33333333","101.6666667","101.6666667","101.6666667","101.6666667","101.6666667","101.6666667","105","105","105","105","105","105","105","103.3333333","95.41666667","95.41666667","95.41666667","95.41666667","95.41666667","95.41666667","95.41666667","95.41666667","95.41666667","95.41666667","95.41666667","95.41666667","95.41666667","95.41666667","96.66666667","101.6666667","102.0833333","100.4166667","101.25","100","98.33333333","97.08333333","103.3333333","103.75","110.8333333","112.0833333","107.9166667","108.75","106.6666667","119.2307692","120.7692308","116.1538462","114.6153846","112.3076923","113.0769231","113.8461538","109.2307692","116.1538462","132.3076923","124.6153846","123.8461538","113.0769231","103.8461538","98.46153846","94.61538462","100.7692308","102.3076923","111.5384615","123.8461538","120","123.0769231","126.1538462","130","120.7692308","119.2307692","121.5384615","126.1538462","124.6153846","122.3076923","120","125.3846154","127.6923077","128.4615385","126.1538462","124.6153846","119.2307692","117.6923077","116.1538462","114.6153846","116.1538462","119.2307692","120","121.4285714","115.7142857","100","95.71428571","97.85714286","93.57142857","93.57142857","93.57142857","95.71428571","97.85714286","100","101.4285714","101.4285714","100","101.4285714","93.57142857","90.71428571","85.71428571","87.85714286","85.71428571","87.14285714","94.28571429","97.14285714","97.85714286","98.57142857","100","100.7142857","101.4285714","101.4285714","98.57142857","99.28571429","100.7142857","102.1428571","104.2857143","100.7142857","100","102.1428571","102.8571429","103.5714286","103.5714286","102.1428571","101.4285714","101.4285714","101.4285714","101.4285714","103.5714286","104.4642857","103.5714285714","103.5714286","104.4642857","106.25","108.0357143","107.1428571","102.6785714",
"단독주택","경기","매매수급동향","","86.51515152","87.72727273","88.18181818","91.66666667","88.48484848","86.81818182","86.7781155","86.7781155","86.01823708","88.29787234","87.53799392","86.93009119","87.12121212","89.24242424","91.21212121","91.66666667","90.15151515","90","89.6969697","92.12121212","93.18181818","93.63636364","93.93939394","95.15151515","95.33333333","95.06666667","96.66666667","96.66666667","97.46666667","97.73333333","98.74418605","97.1627907","97.86046512","98.27906977","98.69767442","97.11627907","96.97674419","97.20930233","97.06976744","97.1627907","97.76744186","98.09302326","97.86046512","98","96.94656489","97.55725191","97.70992366","98.20610687","97.59541985","97.40458015","98.05343511","99.50381679","99.58015267","99.23664122","101.1068702","101.0305344","100.6870229","101.3358779","100.4961832","101.35","100.55","101.35","100.95","101.25","102.85","102.3","103.7","106.75","107.4","106.4","105.75","105.25","102.1393035","101.6915423","103.9303483","105.1243781","105.7711443","107.4626866","108.5572139","110.0497512","109.2039801","109.6517413","110.7960199","111.3930348","112.7860697","115.7711443","116.9651741","116.4179104","115.8208955","116.119403","118.4577114","120.2487562","120","120.8955224","121.4925373","119.7512438","121.7412935","123.880597","123.9303483","123.2835821","119.4527363","120.1492537","108.8372093","109.6124031","110.9302326","105.4263566","104.1085271","103.1782946","101.9379845","100.4651163","102.4806202","102.5581395","103.255814","102.3255814","101.4728682","101.5503876","100.6976744","99.6124031","92.24806202","90.23255814","88.0620155","87.98449612","88.91472868","90","91.31782946","92.79069767","94.96124031","95.34883721","96.12403101","96.97674419","97.05426357","96.35658915","95.89147287","96.89922481","96.66666667","96.51162791","96.97674419","97.82945736","98.0620155","98.75968992","98.68217054","99.14728682","98.4496124","98.91472868","99.68992248","100","100.6976744","102.0153551","102.7831094","103.0710172745","101.9193858","102.6871401","101.8234165","101.5355086","101.4395393","101.4395393",
"단독주택","경부1권","매매수급동향","","88","88","88","88","88","88","88","88","86","88","90","88","88","92","90","90","90","90","92","94","92","100","90","90","91.66666667","91.66666667","91.66666667","91.66666667","91.66666667","91.66666667","94.76190476","94.76190476","94.76190476","94.76190476","94.76190476","90","90","90.47619048","90.95238095","91.42857143","93.33333333","93.33333333","93.33333333","94.28571429","94.28571429","94.28571429","93.33333333","96.66666667","98.0952381","98.57142857","100","102.8571429","102.8571429","104.2857143","102.8571429","99.52380952","99.04761905","98.57142857","99.04761905","101.1538462","103.0769231","103.4615385","102.6923077","104.6153846","109.6153846","112.3076923","112.6923077","111.5384615","114.6153846","116.5384615","119.2307692","120.3846154","113.4615385","109.6153846","109.2307692","108.0769231","107.6923077","109.6153846","106.9230769","108.8461538","106.9230769","108.8461538","115","112.6923077","113.4615385","119.2307692","118.0769231","121.9230769","119.2307692","116.9230769","119.2307692","120.3846154","120.3846154","120.7692308","120.7692308","117.3076923","120","123.4615385","126.1538462","122.6923077","120.7692308","121.1538462","119.375","112.5","110","110","108.125","106.875","107.5","105","108.75","110.625","110","110.625","101.875","103.75","100.625","101.25","90","87.5","81.875","81.25","84.375","85.625","91.25","94.375","97.5","99.375","102.5","103.125","101.25","100","96.25","96.875","97.5","100.625","97.5","100.625","101.875","103.75","102.5","104.375","104.375","103.125","103.125","101.875","102.5","106.1538462","110","107.6923076923","102.3076923","103.0769231","103.0769231","103.8461538","103.0769231","101.5384615",
"단독주택","경부2권","매매수급동향","","91","92","87","92","88","92","92","90","92","97","92","90","83","97","88","84","82","80","80","81","86","88","93","94","92","87","89","90","86","90","93.63636364","94.54545455","95","91.36363636","97.27272727","88.63636364","88.18181818","88.18181818","88.18181818","88.18181818","88.63636364","88.18181818","88.18181818","89.54545455","89.28571429","90.71428571","91.42857143","92.14285714","92.14285714","91.25","91.60714286","94.46428571","94.82142857","92.67857143","99.46428571","102.3214286","102.8571429","102.5","103.5714286","108.4848485","102.7272727","104.8484848","102.1212121","106.6666667","110.6060606","104.5454545","111.2121212","113.6363636","113.3333333","115.4545455","113.9393939","114.5454545","111.5151515","111.5151515","110.6060606","112.7272727","110.6060606","112.7272727","113.030303","112.7272727","113.030303","113.3333333","113.6363636","118.1818182","119.3939394","123.3333333","123.3333333","122.1212121","118.7878788","119.0909091","118.4848485","123.9393939","119.6969697","120.6060606","119.6969697","116.3636364","118.4848485","123.9393939","120.3030303","117.2727273","114.5454545","120.6060606","106.5","106.5","121","108","105","106","108.5","104.5","104.5","107","103","106","109","105","104.5","101.5","89.5","89.5","90.5","91.5","92","92.5","91.5","93","95.5","96","98.5","99","98","98.5","97.5","100","99.5","98.5","99.5","99.5","100.5","102.5","101.5","101.5","101","100.5","100","100","103","103.0487805","102.4390244","102.4390243902","103.6585366","104.2682927","103.0487805","100.6097561","101.8292683","101.2195122",
"단독주택","서해안권","매매수급동향","","90","89.33333333","91.33333333","92.66666667","93.33333333","93.33333333","93.33333333","94","94","94","96","94","93.33333333","93.33333333","93.33333333","93.33333333","90","94.66666667","92","92.66666667","91.33333333","90.66666667","90.66666667","92.66666667","95.33333333","95.33333333","101.3333333","101.3333333","105.3333333","106.6666667","97.77777778","97.40740741","97.40740741","99.25925926","99.25925926","98.88888889","98.88888889","99.25925926","98.88888889","99.25925926","98.88888889","100","100","101.1111111","100.7407407","100.7407407","100.7407407","100.7407407","101.1111111","100.7407407","100.3703704","100.7407407","100.7407407","100.3703704","102.2222222","102.2222222","104.0740741","104.4444444","104.0740741","103.2142857","102.1428571","102.5","102.8571429","96.42857143","96.78571429","96.42857143","98.21428571","106.7857143","106.7857143","106.7857143","100","100","95.35714286","100","101.7857143","107.1428571","108.9285714","113.5714286","116.0714286","111.4285714","111.7857143","112.1428571","111.7857143","109.2857143","109.6428571","110","110.3571429","110.7142857","108.9285714","110.7142857","111.0714286","111.4285714","112.1428571","111.0714286","114.6428571","112.1428571","110.7142857","114.6428571","114.6428571","117.8571429","114.6428571","114.2857143","102.5","103.75","107.5","100","100.4166667","100","97.08333333","95.41666667","100","100.8333333","103.75","97.5","100.8333333","100.4166667","100","100.4166667","95.41666667","92.91666667","90.41666667","89.16666667","91.66666667","92.5","94.16666667","93.33333333","97.5","100.4166667","97.5","96.66666667","96.66666667","96.66666667","99.58333333","100.8333333","100","99.16666667","100.4166667","100","99.16666667","98.33333333","98.75","98.33333333","97.5","98.33333333","102.5","103.75","103.75","104.5918367","104.5918367","105.1020408163","107.1428571","105.1020408","103.0612245","104.5918367","103.0612245","103.0612245",
"단독주택","동부1권","매매수급동향","","70","73.33333333","73.33333333","73.33333333","78.33333333","78.33333333","81.03448276","82.75862069","84.48275862","89.65517241","82.75862069","82.75862069","81.66666667","83.33333333","83.33333333","85","85","85","85","85","85","86.66666667","86.66666667","86.66666667","92","92","92","92","93","92","96.6","96","97","97","96.8","96.8","96.4","96.4","96.4","96.4","96.6","96.6","96.6","96.4","96.4","98.6","99","98.6","98.6","98.6","98.8","100.4","100.4","100.2","103.2","100.6","100.6","100.4","97.6","98.66666667","98.66666667","98.66666667","98.66666667","101","102","102.3333333","102.3333333","110","112.3333333","111.3333333","113.6666667","111","104.6666667","114.3333333","116","111","108.3333333","109.6666667","120","124.3333333","119.3333333","119","118.6666667","120.3333333","121.6666667","123.3333333","125.3333333","124.6666667","124","126.3333333","135.3333333","133.3333333","131","129.6666667","132.6666667","127.3333333","131","130.6666667","133","135","132","129","105.625","109.375","110","108.75","104.375","98.75","97.5","101.25","101.875","99.375","103.75","100.625","100","103.125","100","100","91.25","83.75","83.75","86.875","87.5","91.875","93.125","96.25","96.875","96.25","98.125","99.375","101.875","100","97.5","98.75","100","100.625","102.5","102.5","100.625","101.25","101.875","103.75","101.875","101.25","101.875","103.125","103.125","102.34375","103.125","104.6875","99.21875","100.78125","101.5625","101.5625","102.34375","103.125",
"단독주택","동부2권","매매수급동향","","75","80.83333333","84.16666667","85.83333333","63.33333333","75","75","75","75","75","75","75","75","75","75","86.66666667","86.66666667","86.66666667","95","99.16666667","99.16666667","99.16666667","100","100","100","100","99.23076923","100","99.23076923","99.23076923","99.71428571","100.2857143","100.8571429","101.4285714","100.8571429","100.5714286","100","100.8571429","100.5714286","100","101.1428571","101.1428571","100.8571429","100.8571429","100.5714286","100.5714286","100.8571429","101.1428571","101.1428571","101.1428571","103.7142857","102.2857143","102.2857143","103.4285714","101.7142857","102.2857143","100.8571429","104.8571429","100.8571429","102.4","102.8","103.2","104","103.6","104","104.8","104.4","103.6","103.6","89.6","86.8","86.8","85.18518519","83.7037037","85.18518519","84.44444444","87.40740741","88.14814815","85.18518519","87.03703704","86.66666667","86.2962963","87.03703704","87.40740741","87.40740741","88.51851852","88.14814815","89.62962963","88.51851852","90","93.7037037","92.22222222","92.96296296","93.7037037","94.07407407","94.81481481","95.55555556","95.55555556","96.66666667","98.88888889","98.51851852","99.25925926","109","114","111.5","106.5","107.5","106","105.5","102","103","100.5","101","101.5","100","100","102.5","99.5","93","92.5","88.5","87.5","85","86","88.5","93.5","96","92.5","93.5","95","95","94","93.5","94.5","94","93.5","93","95","96","98","98","97.5","96.5","98","97","96","96","98.125","100","100","98.125","98.75","98.75","96.875","97.5","98.125",
"단독주택","경의권","매매수급동향","","94.44444444","93.33333333","94.44444444","94.44444444","100","94.44444444","100","96.66666667","90","92.22222222","92.22222222","96.66666667","96.66666667","96.66666667","96.66666667","96.66666667","92.22222222","94.44444444","94.44444444","92.22222222","96.66666667","95.55555556","95.55555556","95.55555556","92.72727273","95.45454545","97.27272727","99.09090909","98.18181818","99.09090909","105.4285714","98.28571429","98.57142857","98.57142857","99.14285714","98.57142857","100","100","100","100","100","100","100","100","100","99.72222222","99.72222222","99.72222222","99.72222222","99.44444444","99.44444444","102.7777778","103.3333333","103.8888889","103.8888889","103.8888889","101.3888889","103.0555556","103.0555556","95","95","96.33333333","96.33333333","95.66666667","96","96","96.33333333","96.33333333","96.33333333","98.33333333","99.66666667","99","98.66666667","98.66666667","98","101","102","102","100.3333333","107","106.3333333","105.6666667","107.6666667","106.6666667","109.3333333","116.3333333","120","113.6666667","114.3333333","111","110","112.3333333","112.6666667","116","112.6666667","114.6666667","119.6666667","121.6666667","121","116.6666667","115.6666667","115.6666667","114.1176471","115.8823529","106.4705882","100","100","102.9411765","97.05882353","97.64705882","98.23529412","98.23529412","100","101.1764706","98.82352941","98.82352941","98.23529412","95.29411765","88.23529412","86.47058824","82.94117647","82.35294118","84.70588235","85.29411765","84.70588235","83.52941176","84.11764706","84.70588235","85.29411765","87.64705882","88.23529412","88.23529412","88.23529412","89.41176471","88.23529412","88.82352941","89.41176471","90","92.35294118","91.76470588","92.94117647","91.76470588","91.76470588","91.76470588","92.94117647","94.11764706","94.11764706","97.79411765","97.79411765","99.2647058824","98.52941176","102.2058824","100","100","100","100",
"단독주택","경원권","매매수급동향","","93.33333333","93.33333333","93.33333333","108.8888889","110","83.33333333","75.55555556","78.88888889","77.77777778","82.22222222","82.22222222","80","91.11111111","87.77777778","113.3333333","104.4444444","105.5555556","96.66666667","86.66666667","97.77777778","98.88888889","96.66666667","97.77777778","102.2222222","101","101","101","97","102","98","101.2","97.6","100","104","102.8","102.4","101.2","101.2","100.4","101.2","102.8","104.8","103.2","101.6","101.6216216","101.0810811","100.8108108","101.6216216","96.21621622","96.48648649","97.2972973","97.2972973","96.75675676","95.67567568","95.67567568","95.67567568","95.13513514","95.13513514","95.13513514","100","100","100.7142857","100.7142857","100.7142857","100.7142857","100.7142857","100.7142857","104.6428571","104.2857143","104.2857143","104.2857143","102.5","104.8148148","91.11111111","104.8148148","109.6296296","114.4444444","115.5555556","116.6666667","117.037037","118.5185185","120.7407407","120.7407407","123.3333333","126.6666667","127.4074074","131.1111111","130.7407407","135.9259259","137.7777778","140.7407407","147.037037","151.1111111","154.4444444","156.2962963","156.2962963","157.037037","157.037037","156.2962963","155.5555556","140.3703704","140.7407407","108.125","107.5","109.375","106.875","104.375","101.875","100.625","98.75","101.875","101.875","101.875","100.625","98.75","100","98.125","98.75","97.5","97.5","96.875","96.25","96.25","95.625","95.625","95.625","96.25","96.875","97.5","98.75","99.375","97.5","97.5","96.25","96.25","93.75","95.625","96.875","95.625","95.625","95","97.5","96.875","100","100","100.625","101.875","101.5625","101.5625","102.34375","102.34375","103.90625","103.125","103.125","102.34375","103.125",
"단독주택","인천","매매수급동향","","73.88888889","75","75","76.40449438","76.40449438","76.40449438","75.84269663","78.65168539","78.08988764","78.08988764","75.28089888","75.84269663","75","75.55555556","77.77777778","77.77777778","77.77777778","77.77777778","78.33333333","78.33333333","78.88888889","78.33333333","78.33333333","78.33333333","78.33333333","78.33333333","78.33333333","79.44444444","79.44444444","79.44444444","87.17391304","87.17391304","87.39130435","87.39130435","87.39130435","87.39130435","87.39130435","87.39130435","87.39130435","87.39130435","87.39130435","87.60869565","87.17391304","86.95652174","86.30434783","91.73913043","91.95652174","91.52173913","92.17391304","93.26086957","93.26086957","94.7826087","95.43478261","96.52173913","95.43478261","102.3913043","101.9565217","102.3913043","102.826087","102.1052632","102.3684211","103.1578947","105","100.2631579","101.5789474","103.6842105","108.1578947","109.2105263","112.3684211","114.2105263","112.1052632","111.3157895","110.2631579","112.1052632","110.7894737","109.4736842","111.3157895","111.0526316","111.5789474","113.9473684","113.4210526","114.2105263","113.1578947","114.7368421","116.3157895","115.5263158","117.8947368","116.0526316","115","116.3157895","115","115.7894737","113.6842105","117.1052632","117.1052632","117.1052632","112.1052632","114.2105263","111.3157895","110","113.9473684","114.4736842","99.73684211","101.0526316","107.6315789","102.3684211","102.8947368","100.5263158","100.2631579","100","100.5263158","101.0526316","102.8947368","104.4973545","100","100.7894737","100","98.94736842","93.94736842","93.42105263","93.94736842","95.78947368","97.10526316","98.94736842","98.68421053","98.68421053","95.26315789","96.57894737","98.42105263","96.05263158","96.31578947","98.15789474","97.63157895","98.42105263","99.73684211","99.73684211","98.15789474","98.94736842","100.5263158","101.0526316","99.73684211","99.47368421","98.15789474","100.2631579","99.47368421","96.84210526","95.78947368","99.35064935","101.2987013","101.9480519481","102.2727273","105.5194805","106.4935065","104.5454545","103.5714286","105.5194805",
"단독주택","부산","매매수급동향","","82.72727273","88.63636364","92.72727273","92.72727273","95.90909091","98.63636364","91.36363636","87.72727273","90.45454545","92.27272727","92.72727273","90.45454545","95.90909091","95.90909091","96.36363636","98.63636364","96.81818182","97.27272727","96.81818182","97.27272727","97.72727273","98.63636364","99.09090909","99.09090909","98.18181818","96.81818182","100.9090909","98.18181818","98.63636364","96.36363636","99.13793103","96.89655172","98.96551724","98.27586207","97.93103448","91.89655172","94.48275862","94.31034483","93.96551724","95.17241379","95.17241379","96.03448276","96.55172414","101.2068966","103.7931034","106.0344828","106.0344828","106.0344828","104.3103448","105","105.6896552","107.9310345","110.1724138","111.5517241","113.2758621","115.5172414","113.9655172","111.2068966","110.862069","90.76923077","91.38461538","92.46153846","91.69230769","95.07692308","96.46153846","96.92307692","97.07692308","97.84615385","97.69230769","97.07692308","98","96.92307692","87.23076923","89.53846154","93.69230769","92.76923077","92.92307692","93.53846154","91.84615385","91.23076923","91.53846154","91.84615385","94.30769231","97.84615385","99.69230769","102.6153846","101.0769231","98","96.30769231","96.92307692","98","96.92307692","98","99.38461538","99.38461538","101.5384615","100.9230769","101.0769231","100.6153846","101.6923077","105.3846154","106.4615385","102.6","99.4","108","100.8","100.8","98.8","98.8","101.8","102.4","102.8","103.2","101.2","100","99.59839357","99.2","98.2","93.2","89.8","91","91.6","93.6","93.6","93.6","91.8","92.4","94.2","94.8","94.2","94.4","93.6","93.2","93.6","94.2","95.2","95.2","96.4","98.4","98","99.8","98.8","98.8","98.4","97.4","97.4","97.8","100","99.01477833","100.9852216749","100.7389163","101.9704433","100","100.2463054","100.4926108","100.9852217",
"단독주택","중부산권","매매수급동향","","57.77777778","62.22222222","70","81.11111111","88.88888889","94.44444444","80","77.77777778","77.77777778","78.88888889","82.22222222","77.77777778","91.11111111","95.55555556","94.44444444","94.44444444","94.44444444","94.44444444","94.44444444","94.44444444","94.44444444","94.44444444","94.44444444","94.44444444","94.44444444","88.88888889","90","92.22222222","88.88888889","88.88888889","98","96.8","97.2","97.6","94.8","94.8","95.2","95.6","94","95.6","97.2","97.2","98.8","104.8","103.6","107.2","107.2","107.6","107.6","108.4","110","110","110.8","111.2","113.6","121.2","119.6","120","119.2","91.92307692","91.92307692","90.76923077","89.61538462","91.53846154","89.61538462","86.53846154","85","85.76923077","85.38461538","86.15384615","88.46153846","88.07692308","86.15384615","87.69230769","99.23076923","92.69230769","91.15384615","91.53846154","88.46153846","87.30769231","88.07692308","88.84615385","95","99.61538462","100.3846154","107.6923077","102.6923077","96.92307692","97.30769231","96.15384615","96.53846154","95.76923077","98.07692308","100.3846154","99.61538462","100","97.69230769","99.23076923","98.46153846","98.07692308","101.1538462","102.6923077","105.2380952","101.4285714","108.5714286","101.4285714","101.9047619","99.52380952","100","101.4285714","100.952381","101.4285714","100","100.4761905","101.4285714","100.952381","99.52380952","98.57142857","94.28571429","91.9047619","92.38095238","92.85714286","93.80952381","92.38095238","92.85714286","90","91.42857143","94.28571429","94.76190476","94.76190476","96.66666667","95.71428571","93.80952381","93.80952381","93.80952381","92.38095238","92.38095238","91.42857143","94.76190476","93.33333333","96.66666667","95.23809524","96.66666667","95.23809524","94.76190476","94.76190476","95.23809524","97.12643678","95.40229885","97.1264367816","98.85057471","101.1494253","96.55172414","97.12643678","97.70114943","98.85057471",
"단독주택","동부산권","매매수급동향","","100","102.8571429","102.8571429","101.4285714","101.4285714","102.8571429","100","91.42857143","100","104.2857143","101.4285714","100","101.4285714","95.71428571","98.57142857","105.7142857","100","101.4285714","100","101.4285714","102.8571429","105.7142857","102.8571429","101.4285714","101.4285714","104.2857143","102.8571429","102.8571429","105.7142857","101.4285714","102.9411765","99.41176471","102.9411765","100.5882353","102.9411765","90.58823529","91.76470588","90","91.17647059","92.94117647","91.76470588","92.94117647","94.11764706","100.5882353","109.4117647","110.5882353","110.5882353","108.8235294","104.1176471","103.5294118","103.5294118","111.7647059","112.3529412","115.2941176","116.4705882","111.7647059","110.5882353","100","100","97.85714286","98.57142857","97.14285714","97.85714286","100","100.7142857","100","100.7142857","102.8571429","106.4285714","102.1428571","99.28571429","99.28571429","95","99.28571429","99.28571429","106.4285714","106.4285714","106.4285714","106.4285714","106.4285714","107.1428571","107.1428571","110","115.7142857","122.8571429","123.5714286","122.1428571","116.4285714","109.2857143","111.4285714","113.5714286","110","110","111.4285714","112.1428571","116.4285714","116.4285714","116.4285714","115","113.5714286","109.2857143","109.2857143","97.33333333","96.66666667","108.6666667","100","99.33333333","98","97.33333333","101.3333333","104.6666667","101.3333333","105.3333333","100.6666667","100.6666667","100.6666667","100.6666667","100.6666667","94","91.33333333","91.33333333","90","92","92","91.33333333","89.33333333","90.66666667","90","91.33333333","92.66666667","92.66666667","91.33333333","90.66666667","90.66666667","91.33333333","94","92.66666667","95.33333333","96.66666667","99.33333333","99.33333333","100.6666667","99.33333333","99.33333333","98","98","97.33333333","101.6666667","100.8333333","102.5","103.3333333","103.3333333","104.1666667","104.1666667","105","103.3333333",
"단독주택","서부산권","매매수급동향","","100","111.6666667","115","100","100","100","98.33333333","98.33333333","98.33333333","98.33333333","98.33333333","98.33333333","96.66666667","96.66666667","96.66666667","96.66666667","96.66666667","96.66666667","96.66666667","96.66666667","96.66666667","96.66666667","101.6666667","103.3333333","100","100","115","101.6666667","105","101.6666667","96.875","94.375","97.5","96.875","97.5","88.75","96.25","96.875","96.875","96.875","95.625","97.5","95.625","96.25","98.125","99.375","99.375","100.625","99.375","101.25","101.25","100.625","106.875","108.125","109.375","110.625","108.75","109.375","109.375","85.6","86.8","91.6","90.4","96","101.2","106","107.6","107.6","105.6","105.6","107.2","104.8","84","86","84.8","85.2","87.2","88.4","87.2","86.8","86.4","86.4","84.8","86","86","85.6","87.6","88.8","88","89.6","90.8","90.8","91.2","91.6","92","94.8","95.6","94.4","94.8","98.8","107.6","108.8","104.2857143","99.28571429","106.4285714","100.7142857","100.7142857","98.57142857","98.57142857","102.8571429","102.1428571","106.4285714","105.7142857","102.8571429","97.14285714","96.37681159","97.14285714","95","90.71428571","85","88.57142857","91.42857143","95","97.14285714","97.14285714","97.14285714","95.71428571","98.57142857","98.57142857","95","92.85714286","92.85714286","95","96.42857143","97.85714286","100.7142857","102.1428571","105","105.7142857","103.5714286","105","102.1428571","101.4285714","102.1428571","100.7142857","100.7142857","102.1428571","102.6785714","102.6785714","105.3571428571","100.8928571","101.7857143","100.8928571","100.8928571","100","101.7857143",
"단독주택","대구","매매수급동향","","86","96","86","84.69387755","89.79591837","84.69387755","88.7755102","79.59183673","88.7755102","92.85714286","95.91836735","88.54166667","90.81632653","91.83673469","95.91836735","105.1020408","98.97959184","93.87755102","104.0816327","98.97959184","98.97959184","97.95918367","107.1428571","100","100","100","104","102","97","102","101.8181818","102.2727273","104.5454545","102.2727273","102.2727273","102.7272727","102.7272727","104.5454545","104.0909091","104.0909091","103.1818182","102.2727273","103.1818182","102.7272727","99.09090909","100","100.9090909","102.7272727","101.3636364","101.8181818","102.2727273","103.1818182","101.8181818","102.2727273","102.2727273","107.2727273","105.4545455","106.8181818","106.3636364","101.2121212","101.2121212","102.1212121","107.5","105.25","104.5","106.75","105.25","103.75","107.5","111.75","113","114.75","114.1025641","111.025641","110.2564103","113.8461538","114.6153846","113.0769231","121.025641","121.7948718","117.6923077","117.4358974","118.4615385","117.1794872","116.2371134","115.2061856","113.6597938","107.2164948","110.5670103","112.628866","119.8453608","125","123.0769231","124.6153846","127.6923077","130.2564103","129.4871795","127.9487179","126.6666667","118.4615385","113.5897436","112.5641026","102.1276596","102.1276596","101.4893617","100.6382979","102.1276596","102.3404255","101.0638298","99.36170213","101.4893617","101.2765957","101.0638298","102.3404255","100.212766","100.8547009","100.6382979","100.6382979","98.5106383","98.08510638","95.53191489","91.4893617","95.10638298","94.89361702","93.61702128","91.91489362","93.54166667","93.54166667","95.20833333","94.79166667","94.16666667","94.16666667","93.125","93.95833333","94.16666667","94.375","95.41666667","95.20833333","95.41666667","96.875","97.29166667","97.29166667","97.70833333","97.29166667","96.66666667","96.875","97.70833333","97.94871795","98.46153846","97.6923076923","95.64102564","95.38461538","96.15384615","94.87179487","94.87179487","95.38461538",
"단독주택","광주","매매수급동향","","100","100","101","102","99","100","100","98.97959184","98.97959184","98.97959184","98.97959184","98.97959184","100","101","97.95918367","98.97959184","100","98.97959184","100","98.97959184","97.95918367","96.93877551","100","98.97959184","100","99","100","96","98","97","92.85714286","92.85714286","92.85714286","92.85714286","92.38095238","93.33333333","93.33333333","93.80952381","93.80952381","96.19047619","96.19047619","94.76190476","96.19047619","95.71428571","95.71428571","95.71428571","95.71428571","96.66666667","96.66666667","97.14285714","98.57142857","103.3333333","103.3333333","100","109.047619","109.5238095","109.047619","103.3333333","102.3809524","103.9285714","103.5714286","103.5714286","104.6428571","108.2142857","108.2142857","109.2857143","115","111.7857143","116.7857143","115.7142857","115.7142857","110.3571429","114.2857143","121.7857143","119.2857143","117.5","117.1428571","117.8571429","122.8571429","125","122.1428571","123.2142857","123.5714286","124.6428571","121.0714286","122.1428571","120.3571429","121.7857143","119.2857143","119.2857143","120.7142857","115.7142857","117.8571429","115","115.7142857","121.0714286","116.4285714","114.2857143","114.2857143","113.9285714","114.2857143","110.3571429","106.1111111","100","108.8888889","101.9444444","100.5555556","101.3888889","101.3888889","100.2777778","100.2777778","100.8333333","100.2777778","100.5555556","102.5","103.0555556","102.5","103.0555556","98.88888889","97.77777778","95","94.72222222","94.44444444","95","96.38888889","96.38888889","98.61111111","100","101.3888889","105.8333333","109.4444444","105.2777778","103.0555556","101.3888889","99.72222222","100.8333333","101.3888889","103.0555556","104.1666667","105.2777778","105.5555556","98.88888889","98.61111111","97.77777778","97.5","97.77777778","96.38888889","97.24137931","96.89655172","97.2413793103","99.65517241","101.3793103","98.96551724","98.96551724","99.65517241","99.31034483",
"단독주택","대전","매매수급동향","","105","104","104","104","101","101","101","101","100","101","101.0204082","101.0204082","101","101","104","101","101.0204082","101.0204082","101.0204082","101.0204082","105.1020408","105.1020408","104.0816327","104.0816327","104","104","108","110","104","104","108.2758621","107.9310345","110","104.4827586","104.4827586","101.0344828","100","96.20689655","97.93103448","98.27586207","98.27586207","99.31034483","100.6896552","100.6896552","101.5625","102.1875","101.875","106.25","103.4375","106.25","105.625","105.9375","105.9375","105.9375","105.625","113.125","112.5","111.25","111.25","103.5","103","105.75","102.4242424","104.5454545","103.6363636","104.2424242","104.2424242","105.7575758","108.7878788","110.3030303","111.2121212","110.6060606","108.4375","110.3125","109.0625","110","110.9375","111.5625","116.875","116.25","116.5625","114.6875","113.75","115","115.625","113.4375","115.9375","110.625","112.5","116.5625","116.875","118.125","114.6875","116.5625","118.125","122.8125","116.875","121.875","118.4375","123.4375","119.0625","117.1875","103.4285714","102.5714286","108","100.8571429","102.5714286","102.8571429","102.8571429","104","105.5232558","105.7142857","103.7142857","104","104.2857143","106","102.8571429","99.14285714","90.28571429","83.42857143","86.85714286","89.71428571","86.57142857","85.14285714","86","86.57142857","87.14285714","90","92.85714286","93.42857143","94.28571429","93.71428571","95.42857143","96","97.14285714","97.42857143","99.42857143","98","97.71428571","97.42857143","97.42857143","96.57142857","96.28571429","98.28571429","100.2857143","100.5714286","101.1428571","101.4285714","100.7142857","99.2857142857","100.7142857","103.5714286","102.1428571","102.5","102.8571429","103.9285714",
"단독주택","울산","매매수급동향","","100","100","100","100","100","100","99","99","100","100","100","100","100","100","100","100","100","100","100","100","100","100","100","100","100","100","100","100","100","100","103.5","103.5","102","102.5","102","102.5","103.5","102.5","102.5","102.5","101.5","101.5","101","93.5","93.91304348","92.17391304","92.60869565","92.60869565","92.60869565","93.47826087","95.65217391","98.26086957","100","100","104.3478261","103.9130435","105.6521739","102.6086957","102.173913","103.8461538","108.974359","109.4871795","108.7179487","97.69230769","96.41025641","94.35897436","90.25641026","91.53846154","88.97435897","88.20512821","88.20512821","88.20512821","80","80","79.23076923","79.23076923","78.97435897","80.25641026","81.53846154","81.53846154","81.02564103","81.02564103","76.92307692","77.17948718","77.69230769","79.74358974","79.74358974","79.74358974","80","81.02564103","81.79487179","80.25641026","79.23076923","80","79.23076923","83.07692308","84.1025641","84.61538462","85.8974359","87.43589744","86.41025641","86.92307692","97.8125","97.5","97.8125","100","98.75","96.5625","96.5625","98.4375","99.0625","99.375","100","98.4375","93.4375","95.3125","94.375","94.375","91.5625","90","89.375","88.75","87.8125","87.1875","85.625","85.3125","90.9375","89.375","89.375","90.3125","90.3125","90.625","91.5625","92.5","93.125","94.0625","93.75","94.0625","94.6875","94.0625","95","95","95","94.6875","95.3125","96.25","95.9375","96.484375","96.484375","95.703125","96.484375","96.875","96.484375","97.265625","97.265625","97.265625",
"단독주택","세종","매매수급동향","","104","102","102","102","102","102","102","102","102","102","102","102","102","102","102","102","102","101","101","100","106","112","100","105","99","101","101","100","101","103","102.6086957","103.9130435","103.9130435","100.8695652","103.0434783","101.3043478","101.7391304","103.0434783","98.26086957","102.6086957","99.56521739","101.7391304","100.8695652","104.7826087","109.5652174","112.173913","112.6086957","111.3043478","110.8695652","108.2608696","116.9565217","112.173913","117.3913043","117.3913043","120.8695652","117.826087","121.3043478","118.6956522","112.6086957","119.1666667","119.5833333","119.5833333","118.3333333","127.5","115.8333333","117.5","121.6666667","117.0833333","126.25","120.4166667","117.9166667","109.5833333","120.4","118.4","120.4","116.4","106.4","107.6","116.8","122","119.6","122.4","117.6","114","114","114","114","113.6","112.4","112.4","118","114.8","127.6","130.4","125.6","130.4","125.6","113.2","119.2","116.8","97.6","96.8","104.2857143","100.7142857","101.4285714","100","100","104.2857143","105","103.5714286","105.7142857","103.5714286","102.1428571","104.2857143","100.7142857","110","112.1428571","105","87.14285714","83.57142857","88.57142857","94.28571429","95.71428571","100.7142857","99.28571429","102.8571429","99.28571429","98.57142857","101.4285714","102.1428571","101.4285714","102.1428571","101.4285714","102.8571429","103.5714286","103.5714286","103.5714286","103.5714286","102.1428571","102.8571429","101.4285714","100.7142857","101.4285714","102.1428571","101.4285714","100.7142857","100.7142857","100.8928571","101.7857143","100.8928571429","101.7857143","101.7857143","102.6785714","103.5714286","104.4642857","103.5714286",
"단독주택","강원","매매수급동향","","94.19354839","97.41935484","100.6451613","100.9677419","99.67741935","97.09677419","100.9677419","100.3225806","100.3225806","100.3225806","100.3225806","100.3225806","100","100.6451613","95.48387097","97.4025974","96.1038961","95.77922078","95.77922078","95.12987013","94.48051948","94.48051948","94.48051948","94.48051948","94.51612903","94.83870968","95.80645161","94.83870968","94.51612903","94.51612903","95.78947368","96.05263158","96.05263158","96.05263158","97.36842105","97.36842105","96.84210526","96.84210526","97.10526316","97.36842105","97.63157895","97.89473684","98.15789474","98.94736842","99.21052632","100.5263158","100.7894737","100.2631579","100.2631579","100.2631579","100.5263158","99.73684211","98.94736842","100","103.6842105","103.6842105","108.1578947","110","104.4736842","101","100.8","101.6","101.6","103.6","103.6","102.6","103.8","102.6","102.6","101.2","101.4","101.2","99.8","99.6","99","99.6","100.6","100.4","100.2","99.8","97.6","98.4","100.2","101","102.6","103","103.2","102.6","103.4","105","107","108.2","105","105.2","107.2","108.4","108.8","110.2","110.6","112","111.8","111","99.47368421","101.5789474","103.6842105","101.754386","105.2631579","104.5614035","105.6140351","103.3333333","104.9122807","104.0350877","105.2631579","106.1403509","105.9649123","105.6140351","105.0877193","103.5087719","102.8070175","102.4561404","102.1052632","101.2280702","97.89473684","98.59649123","99.47368421","100.5263158","99.12280702","100","99.64912281","99.29824561","101.4035088","100.1754386","99.12280702","100.3508772","101.9298246","102.8070175","101.754386","103.8596491","100.5263158","101.0526316","102.1052632","101.2280702","101.2280702","100.877193","101.4035088","101.754386","101.4035088","100.8733624","101.0917031","99.7816593886","100.6550218","100.8733624","100.8733624","100","101.5283843","101.3100437",
"단독주택","충북","매매수급동향","","100.3703704","100.3703704","101.1111111","102.238806","100.3731343","100.3731343","100.3731343","102.238806","100.3731343","100.3731343","100.3759398","101.8796992","100.7462687","100.7462687","101.8656716","101.119403","101.119403","101.119403","100.6711409","101.0067114","100.6711409","100.6711409","100.3355705","100.3355705","100.3333333","100.3333333","100.3333333","100.3333333","100.3333333","100.3333333","100.25","100","100","100","100","100","100.75","101","100.75","101.75","101.5","100.5","99.5","99.75","99","99.5","98.75","99.75","99.75","100.75","99.25","98.25","98.25","99.25","99.25","100","100.25","100.25","100","95.41666667","95.625","96.25","98.125","101.4583333","102.2916667","102.9166667","102.7083333","102.7083333","103.3333333","103.75","104.5833333","103.9583333","98.125","96.875","97.91666667","98.54166667","98.54166667","98.75","98.95833333","98.95833333","98.95833333","99.16666667","98.95833333","97.91666667","98.125","98.125","98.33333333","98.54166667","98.54166667","99.58333333","99.58333333","101.4583333","101.875","101.6666667","101.875","102.2916667","101.875","101.875","101.25","101.6666667","102.0833333","101.875","94.90909091","101.4545455","101.0909091","96","95.81818182","96.54545455","100.1818182","100","100.1818182","100.5454545","100","99.09090909","99.63636364","98","99.27272727","98.54545455","98.36363636","97.45454545","97.27272727","95.09090909","97.09090909","97.45454545","95.63636364","95.27272727","96","96.90909091","98","98.72727273","99.81818182","98.54545455","97.81818182","96.18181818","99.63636364","100.1818182","99.81818182","98.90909091","99.81818182","96.18181818","96.90909091","98","98.90909091","102.1818182","98.36363636","97.63636364","97.27272727","99.32432432","97.74774775","98.6486486486","101.1261261","99.54954955","97.2972973","98.87387387","99.77477477","99.54954955",
"단독주택","충남","매매수급동향","","100","100","101.5923567","99.04458599","99.68152866","100.6369427","100","100.3184713","100.955414","102.5477707","102.5641026","100","99.36305732","98.40764331","98.08917197","96.17834395","98.72611465","98.40764331","94.9044586","97.13375796","98.40764331","98.72611465","99.68152866","100.955414","98.10126582","101.5822785","99.6835443","100.6329114","101.2658228","102.2151899","102.6829268","100.7317073","99.51219512","100.2439024","100.2439024","100.9756098","98.04878049","99.75609756","102.6829268","100.9756098","100.9756098","102.4390244","102.6829268","102.6829268","101.4634146","101.2195122","100.9756098","101.4634146","99.75609756","98.53658537","98.53658537","98.53658537","99.75609756","100.4878049","101.4634146","103.902439","105.3658537","106.5853659","100.9756098","97.45098039","97.25490196","96.8627451","102.1568627","101.5686275","101.1764706","98.03921569","97.84313725","99.80392157","100.3921569","98.62745098","99.21568627","98.03921569","97.2","99.8","99.8","99.8","101.2","98.6","100.4","98.6","96.6","96.8","98","104.4","100.2","100.6","100.4","100.2","100.6","104","107.2","107.4","108.6","108.6","109.2","108.2","108.4","110.2","112.2","110.4","109.6","110.2","95.5","98","101.8333333","102.1666667","101.6666667","99.33333333","99.5","100.3333333","100.1666667","101.5","104.180602","102.1666667","105","102.8428094","101.3333333","101.8333333","97.16666667","96.16666667","95.5","95","95.16666667","95.83333333","95.83333333","97.33333333","99.16666667","99.33333333","99.33333333","100.1666667","99.5","100","99.5","98.83333333","99","99.33333333","100.3333333","100.6666667","100.5","100.6666667","100.6666667","97.66666667","97","100","99.16666667","99.33333333","98.33333333","97.86821705","98.8372093","97.480620155","98.4496124","99.6124031","98.8372093","99.2248062","100","102.1317829",
"단독주택","전북","매매수급동향","","98.57142857","99.14285714","101.1428571","102.3121387","101.734104","100.2890173","99.71098266","100.867052","99.71098266","99.42196532","99.12790698","99.12790698","102.3121387","100","97.38372093","96.80232558","99.41860465","93.31395349","91.86046512","93.60465116","92.73255814","93.60465116","91.27906977","96.80232558","97.71428571","94.85714286","97.42857143","94.85714286","96.57142857","95.42857143","96.75","97","96.25","95","99.25","101.75","102.75","101.5","102.5","102.5","101.25","99","100.5","100.25","100.25","100.25","101.5","101.5","100.25","102.5","103","103.5","105.75","106","104.75","107.5","109.75","110.75","110.25","102.826087","101.7391304","101.3043478","100.4347826","104.5652174","102.826087","104.5652174","103.6956522","103.4782609","103.9130435","101.3043478","101.3043478","101.0869565","98.66666667","101.3333333","102.6666667","105.3333333","109.5555556","107.5555556","110.8888889","111.3333333","113.5555556","111.7777778","110","111.7777778","110.6666667","110.4444444","112.2222222","112","110.6666667","110.8888889","111.7777778","114.2222222","112.6666667","110.8888889","113.3333333","114","112.8888889","112.8888889","113.3333333","111.3333333","111.3333333","110.2222222","93.72881356","97.28813559","100","100","100.6779661","101.3559322","101.8644068","100.8503401","101.3559322","103.559322","105.0847458","103.8983051","104.9152542","102.7210884","100.3389831","98.98305085","95.59322034","93.55932203","91.86440678","91.86440678","89.66101695","89.15254237","87.28813559","86.94915254","90","90.50847458","94.06779661","91.69491525","90.84745763","90.6779661","92.20338983","93.38983051","92.71186441","94.57627119","94.06779661","95.93220339","94.57627119","97.96610169","96.94915254","98.98305085","96.77966102","97.28813559","96.44067797","97.11864407","97.28813559","98.7654321","98.35390947","96.2962962963","97.5308642","97.73662551","100.617284","101.0288066","99.38271605","98.35390947",
"단독주택","전남","매매수급동향","","90.24390244","91.2195122","90","89.75609756","88.53658537","88.7804878","88.1773399","87.93103448","87.87128713","88.11881188","88.61386139","87.87128713","92.89215686","95.34313725","97.79411765","97.05882353","97.54901961","97.54901961","98.03921569","98.28431373","98.28431373","98.28431373","98.28431373","98.52941176","98.53658537","97.80487805","98.04878049","98.29268293","99.26829268","99.26829268","99.01960784","99.01960784","99.01960784","99.01960784","99.01960784","99.41176471","99.41176471","98.62745098","98.62745098","98.43137255","98.43137255","96.2745098","96.47058824","95.49019608","95.09803922","95.88235294","96.47058824","97.64705882","98.03921569","98.23529412","98.03921569","99.41176471","101.1764706","101.372549","101.7647059","103.1372549","102.9411765","104.3137255","103.5294118","103.1034483","103.9655172","104.137931","103.7931034","104.4827586","106.2068966","108.1034483","105.1724138","106.2068966","112.4137931","113.7931034","118.6206897","116.8965517","112.4137931","112.0689655","112.4137931","112.0689655","111.8965517","111.5517241","108.6206897","112.9310345","112.9310345","111.7241379","112.2413793","116.2068966","115.862069","114.4827586","116.0344828","112.9310345","115.862069","113.2758621","111.5517241","114.137931","113.2758621","114.137931","117.2413793","119.4827586","114.8275862","116.3793103","114.4827586","113.6206897","114.4827586","115","105.3521127","104.5070423","102.8169014","101.1267606","100.1408451","101.1267606","101.2676056","100.8474576","103.5211268","102.2535211","103.8135593","102.3943662","102.8169014","101.8309859","100.2816901","100.5633803","97.88732394","95.91549296","93.66197183","93.94366197","94.36619718","96.47887324","96.61971831","97.32394366","97.88732394","98.02816901","99.01408451","100.7042254","100.9859155","101.5492958","98.73239437","100.1408451","100.5633803","101.1267606","100.5633803","100.7042254","101.2676056","101.1267606","99.15492958","98.87323944","99.43661972","98.45070423","98.02816901","97.46478873","97.18309859","97.28813559","97.11864407","97.2881355932","98.98305085","99.15254237","97.79661017","97.45762712","99.3220339","99.49152542",
"단독주택","경북","매매수급동향","","106.6666667","105","107.5","99.16201117","99.44134078","105.3072626","105.3072626","98.32402235","100.2793296","102.7932961","103.0898876","103.0898876","98.88268156","97.19101124","98.03370787","96.34831461","96.62921348","97.19101124","98.03370787","98.03370787","96.34831461","100.5617978","99.71910112","97.47191011","96.38888889","96.94444444","97.77777778","97.77777778","98.05555556","102.7777778","101.3207547","103.0188679","106.7924528","98.30188679","99.05660377","98.11320755","96.98113208","95.66037736","100","99.81132075","99.81132075","99.62264151","100.1886792","100.3773585","101.1320755","103.2075472","104.3396226","106.2264151","103.5849057","103.5849057","105.4716981","107.9245283","107.9245283","107.9245283","108.6792453","109.4339623","110","110.754717","108.6792453","93.65079365","95.23809524","98.88888889","99.36507937","103.3333333","105.7142857","106.8253968","106.1904762","106.1904762","105.8730159","105.8730159","106.984127","107.4603175","103.2258065","105.483871","107.5806452","108.5483871","109.0322581","104.6774194","106.6129032","105.8064516","105.3225806","105.9677419","104.516129","103.0645161","106.1290323","106.6129032","104.6774194","102.7419355","103.5483871","104.3548387","106.4516129","109.0322581","109.516129","108.8709677","109.8387097","111.6129032","110.483871","110.9677419","110.6451613","109.3548387","109.0322581","107.9032258","99.62025316","102.6582278","101.0126582","101.1392405","101.2658228","100.2531646","100.2531646","101.1392405","101.0126582","101.7721519","101.5189873","100.5063291","101.5267176","101.3924051","100.8860759","100.7594937","99.36708861","98.73417722","97.34177215","97.34177215","97.84810127","97.59493671","97.97468354","98.86075949","99.61538462","100.1282051","100.6410256","100.3846154","101.1538462","100.7692308","100.7692308","100.6410256","100.8974359","100.3846154","100.5128205","100.6410256","99.87179487","99.61538462","100.2564103","100.3846154","100.1282051","100.5128205","100.2564103","100","100","99.8447205","99.53416149","100","100.1552795","99.8447205","99.53416149","99.8447205","100.1552795","99.68944099",
"단독주택","경남","매매수급동향","","98.46153846","101.9230769","103.8461538","106.1538462","106.9767442","106.9767442","105.4263566","102.7131783","105.8139535","110.0775194","107.3643411","106.2015504","107.6923077","103.8461538","106.9230769","102.3076923","103.4615385","105.3846154","105.7692308","106.1538462","105","105.7692308","106.5384615","106.9230769","106.9230769","104.6153846","110.7692308","105","105","106.5384615","102.6666667","102.2222222","103.5555556","102.8888889","101.3333333","101.1111111","101.7777778","103.1111111","104.6666667","103.5555556","102.2222222","99.77777778","99.33333333","102.8888889","101.3333333","100.8888889","100.8888889","100.6666667","101.1111111","102.2222222","100.6666667","102.4444444","101.3333333","102","102.8888889","102","101.5555556","102.4444444","102.8888889","96.5625","95.9375","97.1875","95.3125","96.40625","95.78125","93.125","90.78125","87.1875","85.15625","85.3125","85.9375","83.4375","83.33333333","80.47619048","79.68253968","77.14285714","74.76190476","74.6031746","80.15873016","79.68253968","78.25396825","78.41269841","78.25396825","77.14285714","79.52380952","82.22222222","81.9047619","80.63492063","79.52380952","83.17460317","90","91.74603175","86.34920635","84.44444444","83.80952381","86.66666667","93.49206349","95.07936508","99.84126984","100.6349206","102.5396825","102.6984127","98.57142857","101.038961","100.2597403","100.9090909","102.0779221","101.1688312","100.3896104","100.9090909","101.4285714","101.2987013","101.1688312","101.1688312","98.83116883","99.87012987","99.35064935","99.35064935","96.1038961","95.06493506","94.54545455","94.67532468","94.80519481","96.36363636","96.1038961","96.36363636","96.36363636","96.1038961","95.97402597","97.14285714","96.88311688","96.88311688","97.01298701","96.1038961","97.01298701","97.01298701","97.27272727","97.27272727","97.53246753","96.88311688","97.92207792","99.35064935","99.09090909","98.83116883","100.2597403","98.31168831","97.4025974","99.02912621","98.38187702","98.2200647249","98.38187702","96.92556634","95.95469256","95.63106796","96.27831715","95.95469256",
"단독주택","제주","매매수급동향","","100","100","100.5882353","100.5882353","100","100","100","99.41176471","99.41176471","99.41176471","101.1764706","104.1176471","104.1176471","104.1176471","104.1176471","104.1176471","104.1176471","104.1176471","104.1176471","104.7058824","102.3529412","102.3529412","102.9411765","107.0588235","109.4117647","111.7647059","109.4117647","109.4117647","109.4117647","109.4117647","140.4761905","140","139.5238095","140.952381","142.8571429","148.0952381","150.4761905","142.3809524","133.8095238","135.7142857","97.61904762","95.71428571","97.61904762","99.04761905","105.5172414","109.6551724","111.7241379","115.1724138","117.2413793","116.8965517","117.2413793","117.2413793","111.7241379","105.862069","111.7241379","112.4137931","115.5172414","116.5517241","117.2413793","101.4814815","102.962963","103.7037037","105.5555556","106.6666667","106.2962963","109.6296296","105.9259259","104.0740741","103.3333333","101.8518519","101.8518519","100","95.86206897","100.3448276","100.3448276","100.6896552","99.65517241","92.75862069","90","88.96551724","88.96551724","86.55172414","82.75862069","80","78.27586207","75.86206897","74.48275862","73.44827586","73.10344828","71.37931034","71.03448276","70.68965517","70","71.37931034","71.37931034","70.68965517","72.06896552","74.82758621","75.86206897","76.20689655","77.5862069","78.96551724","97.69230769","103.8461538","104.1025641","100","100","101.025641","101.5384615","101.5384615","100.7692308","100","101.2820513","104.3589744","102.5641026","99.48717949","101.5384615","97.69230769","94.1025641","93.07692308","91.28205128","90","92.05128205","92.56410256","95.12820513","92.56410256","93.07692308","94.61538462","95.12820513","95.38461538","93.07692308","94.87179487","95.12820513","94.1025641","93.33333333","92.82051282","92.82051282","94.61538462","95.12820513","94.1025641","93.33333333","87.43589744","89.74358974","91.28205128","91.53846154","90","91.28205128","91.66666667","93.26923077","92.9487179487","91.66666667","91.34615385","92.94871795","93.91025641","94.23076923","92.94871795",
