"주택유형별","지역별","항목","단위","2015.07 월","2015.08 월","2015.09 월","2015.10 월","2015.11 월","2015.12 월","2016.01 월","2016.02 월","2016.03 월","2016.04 월","2016.05 월","2016.06 월","2016.07 월","2016.08 월","2016.09 월","2016.10 월","2016.11 월","2016.12 월","2017.01 월","2017.02 월","2017.03 월","2017.04 월","2017.05 월","2017.06 월","2017.07 월","2017.08 월","2017.09 월","2017.10 월","2017.11 월","2017.12 월","2018.01 월","2018.02 월","2018.03 월","2018.04 월","2018.05 월","2018.06 월","2018.07 월","2018.08 월","2018.09 월","2018.10 월","2018.11 월","2018.12 월","2019.01 월","2019.02 월","2019.03 월","2019.04 월","2019.05 월","2019.06 월","2019.07 월","2019.08 월","2019.09 월","2019.10 월","2019.11 월","2019.12 월","2020.01 월","2020.02 월","2020.03 월","2020.04 월","2020.05 월","2020.06 월","2020.07 월","2020.08 월","2020.09 월","2020.10 월","2020.11 월","2020.12 월","2021.01 월","2021.02 월","2021.03 월","2021.04 월","2021.05 월","2021.06 월","2021.07 월","2021.08 월","2021.09 월","2021.10 월","2021.11 월","2021.12 월","2022.01 월","2022.02 월","2022.03 월","2022.04 월","2022.05 월","2022.06 월","2022.07 월","2022.08 월","2022.09 월","2022.10 월","2022.11 월","2022.12 월","2023.01 월","2023.02 월","2023.03 월","2023.04 월","2023.05 월","2023.06 월","2023.07 월","2023.08 월","2023.09 월","2023.10 월","2023.11 월","2023.12 월","2024.01 월","2024.02 월","2024.03 월","2024.04 월","2024.05 월","2024.06 월","2024.07 월","2024.08 월","2024.09 월","2024.10 월","2024.11 월","2024.12 월","2025.01 월","2025.02 월","2025.03 월","2025.04 월","2025.05 월","2025.06 월","2025.07 월","2025.08 월","2025.09 월","2025.10 월","2025.11 월","2025.12 월",
"종합","전국","월세수급동향","","94.82581156","94.61005542","95.20981789","95.54631829","95.34639747","94.42750812","94.67141726","94.41409343","94.50514648","94.61401425","94.33491686","94.16666667","94.19239905","93.93903405","94.06293892","93.94146453","94.19090288","94.0059978","94.03446836","94.19483479","94.38938255","94.32176656","94.2882216","94.34084336","94.30435113","94.19183286","93.94158089","94.22835872","93.32054545","93.25134973","92.98755342","92.97255755","92.62202894","89.95463747","88.53002924","87.93581765","87.66214291","87.79335683","88.19449651","87.56841868","86.97045812","86.1981705","84.08661188","82.50672678","81.73223766","81.52498","81.47952876","81.34135699","82.83942986","84.49749109","85.19636364","85.73090909","87.08363636","89.23351029","90.42425526","91.0178584","91.31608668","90.55332063","90.47392194","92.78355971","97.25092576","98.70040557","101.1988717","102.9407616","104.7672779","107.6287024","107.2161495","106.7824401","105.7775035","104.2824401","103.5948519","105.377292","105.6042885","107.1431666","107.4756335","109.5884774","103.2791856","100.1451976","99.94041687","99.70971795","100.092087","100.7940291","100.9039475","100.7528163","100.4842484","101.0487313","99.64262508","98.7275287","95.5544726","92.52328352","90.56765328","90.45454545","90.86257928","91.45560254","92.37420719","92.85835095","93.29915433","94.22938689","95.06342495","95.44608879","95.64164905","95.14693446","95.27714345","95.9570272","96.06082624","96.12725763","96.71891219","96.75108989","97.22337554","97.67905335","97.95931077","98.17936475","98.14303508","98.13784513","98.15030102","98.34129126","98.62570064","98.41187461","98.56134524","98.7803612207","99.03155491","99.35021798","99.78202201","100.6113764","100.9840149","101.417895",
"종합","수도권","월세수급동향","","91.29624926","90.89831513","91.42324951","92.80331894","92.55355177","91.75768352","92.29531792","92.50275167","92.68055203","93.04461942","93.32401998","93.57378715","93.5483871","93.23088646","92.89943228","93.33333333","93.56748864","93.83617194","93.91321979","93.91321979","94.44849959","94.90417411","95.40042407","95.26307229","95.24254489","94.90830899","94.70545278","95.09087958","94.46608244","94.63230721","94.58650707","94.69920721","93.80537852","90.43214674","88.60174102","89.03311052","89.05642779","90.15622571","91.34929271","90.42437432","89.98911861","89.00979325","86.58914143","83.56490221","82.42090161","82.44355509","83.34214302","83.70082308","85.72453372","89.06214604","90.62381995","91.49233442","92.69315006","95.86574039","96.36962502","96.9378891","97.50253366","97.01838182","96.37791287","99.34510457","103.3480367","104.9135874","107.8218752","109.9038531","110.9773729","113.0557363","112.5243982","111.9677583","110.3629003","108.490566","107.7568134","110.420733","109.2933492","110.6797003","110.6774164","111.709757","103.4076375","99.23228077","99.50884086","98.57221182","99.27797834","100.9297757","100.8891429","100.7812143","100.0890899","100.8934284","99.30111456","97.7297643","93.58898228","89.74968025","87.3321736","87.36116687","88.3224051","89.39292564","91.15259378","91.95102369","92.55096124","93.71292208","94.86150141","95.09121727","95.40568268","95.00200723","94.93424789","95.72938966","95.87137927","96.57914282","97.7019529","97.77622439","99.16990694","99.61335139","100.1376207","100.4478134","100.1419896","99.75752545","99.60242911","99.88422386","100.3385906","100.030307","100.4329567","100.8529246222","101.0715677","101.1559943","101.9050093","102.8120535","103.3056241","103.4116985",
"종합","지방","월세수급동향","","97.92549632","97.86973009","98.53520708","97.95523831","97.79909287","96.77251432","96.75812328","96.09264629","96.10751729","95.99226708","95.22269314","94.68733735","94.75797457","94.5609339","95.0867052","94.47655748","94.73947181","94.1554271","94.14115464","94.44285714","94.33733219","93.80938773","93.31038933","93.52958008","93.47872721","93.5611742","93.26929944","93.46925659","92.31236164","91.96480301","91.4976825","91.3637022","91.51940904","89.50970452","88.46320973","86.91338355","86.36297798","85.59168598","85.25492468","84.90730012","84.15773465","83.57836037","81.76239568","81.52394979","81.09264324","80.67185637","79.74963181","79.15001052","80.15989901","80.25808261","80.15639245","80.38081212","81.87460551","83.0738481","84.76718556","85.38567493","85.43044077","84.40082645","84.8553719","86.54137409","91.44637202","92.78535041","94.89226957","96.31031872","98.85385833","102.4609348","102.1614924","101.8448406","101.4111654","100.2753493","99.63172025","100.5747918","102.2777824","103.9541972","104.5885164","107.6756734","103.1633578","100.9686328","100.3296658","100.7353244","100.8261568","100.671611","100.9172988","100.7272053","100.8406824","101.1887593","99.95057253","99.62723453","97.32679792","95.02430184","93.48297898","93.24183112","93.15140067","93.31417548","93.47494072","93.67589727","93.97331297","94.694747","95.24536795","95.76584542","95.85426631","95.277521","95.58759543","96.16312646","96.2323484","95.71812824","95.82888335","95.82295004","95.46101816","95.92777184","95.98710494","96.12554883","96.33321467","96.67141331","96.83556821","96.94434556","97.07487837","96.92099071","96.83723527","96.8711362821","97.15231524","97.68675468","97.82634707","98.58413433","98.84537152","99.58122283",
"종합","6대광역시","월세수급동향","","96.89119171","96.89904224","97.54278537","98.12372429","98.02951798","96.8283875","97.50353274","96.35735594","96.59287172","96.89119171","96.67922751","97.15810959","96.85978961","96.68707803","96.38197816","96.23027913","96.22269417","95.93446602","95.72208738","95.86180714","95.94779177","96.00789314","95.77368261","95.60164084","95.29018535","95.76502732","95.24893746","95.24134791","94.62659381","92.44346387","91.712631","91.98152234","91.98841699","89.38223938","87.70683949","86.74158853","85.84528406","84.99034749","84.76282405","84.48703806","83.87341423","83.23910645","81.56688242","81.47249191","81.55339806","80.73759439","80.32632147","79.86785329","80.35329018","80.77804746","81.49946063","82.19390507","84.82335491","86.23247033","87.08102402","88.39403537","88.49300607","87.23937714","87.54288731","88.38743732","91.29057799","92.8939034","96.30558121","98.30452566","101.8538066","105.5482254","104.8951049","105.0270484","103.8593482","102.8895633","103.0478955","104.1034437","101.9497713","105.2194496","107.4660997","110.6073979","104.2766589","100.9755902","99.570626","100.4333868","99.71905603","100.6661316","100.4817729","99.49843512","99.45822297","99.85152488","98.02615743","96.95498676","93.48872663","91.10567279","89.76736875","89.13077649","90.22712983","90.27428482","90.54542597","90.84407419","90.7376856","91.59399796","92.24998036","92.65064027","92.65456831","92.30104486","92.7425545","93.28753454","93.78262204","93.84402825","94.262358","93.92462389","93.70970218","94.43122505","94.7574455","95.24869512","95.59794289","95.75529628","95.71691741","95.92032545","95.95486644","95.71045576","95.71428571","95.0785139793","95.5227882","96.26579854","96.81348142","97.65990042","98.38759096","99.48678667",
"종합","5대광역시","월세수급동향","","97.80176644","97.75269872","98.51815505","98.58684985","98.46908734","96.94798822","97.26202159","95.86849853","96.14327772","96.51619235","96.22178606","96.40824338","96.19234544","96.31010795","96.35711589","96.06455266","96.30049075","95.95130238","95.66817667","96.02154602","96.1095373","96.13713638","95.60887709","95.40468986","94.99810893","95.31545145","94.88099736","94.80544012","94.16320363","91.85846788","90.96530402","91.2572999","91.30024047","88.81827551","87.71040879","86.61971831","85.8210237","85.10821024","84.65304019","84.11198901","83.14153212","82.29989694","80.3646446","80.47386994","80.73433036","79.65888086","78.94471517","78.53301966","78.49100991","78.99512687","78.81028399","79.52444967","82.54074945","83.97748278","85.69778951","86.58858463","86.04420983","84.32035632","85.04618938","86.2339162","89.97030683","91.53744639","94.92825334","96.71779647","100.5690252","105.1789543","104.387267","103.8017483","102.6636978","101.6246083","101.5338941","102.2513607","102.3146272","105.1458671","106.1993517","109.6535656","103.8594003","100.4004461","99.20466059","100.3444782","100.1114714","100.1013069","99.90875912","98.79951373","98.89035266","98.98165974","97.38654781","96.62175851","93.39546191","90.80733387","89.13324067","88.33895949","89.60980937","89.83816521","90.200556","90.58280381","90.51801131","91.65426218","91.91227548","92.32906619","92.43822566","91.94204624","92.52549781","92.89460903","93.25886353","93.17144245","93.26372025","93.0160272","92.73433706","93.17144245","93.23943662","93.50169985","93.93394852","93.96308888","94.24477902","94.7353084","94.81301603","94.80412171","95.13463595","94.6826091183","94.68746962","95.23670652","95.6206863","96.56362399","97.13716341","98.2161952",
"종합","9개도","월세수급동향","","95.25194478","94.7508585","95.09426028","95.59184246","95.36758007","93.94757132","94.00098115","94.11661644","94.16917794","94.16567384","93.81175976","93.33169809","93.54194407","93.67509987","93.94777163","93.70794751","93.96907904","93.81453601","93.83119046","94.10196601","94.2619127","94.16905731","94.08436558","94.11686144","94.21368948","94.0429362","93.64042397","94.11705886","93.02713152","94.34273288","94.10506382","94.05246178","93.88764203","91.16285594","90.28264834","89.55323327","89.11488287","89.35334549","89.4725768","88.58886239","88.08738954","87.64903914","86.05556301","85.14964434","84.09944974","83.77399007","83.64984566","83.39820158","84.44168568","85.57240639","86.06040268","86.16778523","86.76174497","88.28680714","89.42075361","89.85308521","90.30235747","89.38295788","89.6604636","92.13171464","97.18796894","98.55157565","100.4892368","102.0808871","103.3757339","105.8382257","105.6849315","105.3783431","105.1304631","103.7508154","102.654925","104.3803001","107.4326423","108.4284494","107.4986412","109.833838","103.4552372","100.3145998","100.6680649","100.0912444","101.182708","102.0563905","101.9469164","101.895072","101.681684","102.1342292","100.5668142","99.59624194","96.56611538","93.53016539","91.57677605","91.62787177","91.66004315","92.23912797","93.22508611","93.63763673","94.42004846","95.32101757","96.36394609","96.83903695","97.00181708","96.41694428","96.53824679","97.33482226","97.09287177","96.88256095","97.19895775","97.14684534","97.80197283","98.3435697","98.52968546","98.74371859","98.67671692","98.81444258","98.87027731","98.96519635","99.29462125","99.01792702","99.04028922","99.3999478215","99.65152249","99.7912862","99.96645671","100.5534643","100.7994484","101.0062987",
"종합","8개도","월세수급동향","","98.08992986","98.14003006","98.65981964","97.68286573","97.48246493","96.76146329","96.55561122","96.33016032","96.12975952","95.63502004","94.56412826","93.51828657","93.75626253","93.43061122","94.02660218","93.27690447","93.46800532","92.85973398","93.02297461","93.35672798","93.43538238","92.75248244","92.37545565","92.55396556","92.57149782","92.20527717","91.80784124","92.11035818","90.68247822","91.62958115","91.35471204","91.23691099","91.36125654","89.59424084","88.65837696","86.86518325","86.42015707","85.58900524","85.22905759","84.71858639","84.04450262","83.56675393","81.6959212","81.3865387","80.5215305","80.81197121","79.83331229","79.20191943","80.86879657","80.70463442","80.5215305","80.41419371","80.71094835","81.75274656","83.42867803","83.77471093","84.26582121","83.743628","84.04824071","86.10386383","91.39023481","92.65747298","93.943347","95.23543297","96.97477948","99.55273947","99.59001118","99.41607653","99.80742949","98.90669648","98.2855013","99.50304386","102.4886878","103.2464268","103.609136","106.4713065","102.9268118","101.7500359","101.4553687","101.4042523","101.7567179","101.4767174","101.9552872","102.313717","102.4398132","102.9424445","101.9284637","101.9895138","100.2621561","98.27623357","96.7386745","96.67225951","95.84032438","95.75293624","95.79138702","95.81935123","96.42982027","96.91237149","97.58724386","98.16770404","98.3110707","97.68864956","97.87175235","98.61802101","98.52819237","97.87175235","97.8752073","98.0134052","97.70936982","98.18269762","98.10668878","98.23452184","98.22070205","98.75967385","98.84604754","98.71130459","98.86677722","98.37489493","98.01064724","98.3468758756","98.85822359","99.36256655","99.28551415","99.83538806","99.8669095","100.385262",
"종합","서울","월세수급동향","","90.19285042","90.7925682","92.02728128","91.56867357","91.25117592","92.42709313","92.72107244","92.53292568","92.45061148","92.54468485","92.46237065","92.30950141","92.16839135","90.62793979","90.32596042","90.83818393","91.26891735","91.42025611","91.87427241","91.79278231","92.89871944","93.15691303","93.85409336","93.70613009","93.32167832","91.91707431","92.23153972","92.17330538","91.59096203","90.67040266","90.83644666","91.05437941","89.39393939","86.57119137","83.98713159","84.5890411","85.62681611","86.96554587","89.02034039","88.11747613","87.12121212","84.9833956","80.20855057","74.44212722","73.31595412","74.79666319","75.79770594","76.725756","81.02189781","86.42335766","87.57038582","89.27007299","90.90719499","96.25651721","97.97055312","97.86112216","98.02108194","98.46918489","96.7693837","100.8348241","105.0248262","106.673287","109.7696585","111.8546465","112.9368546","115.2601271","114.3566322","112.5794281","109.9384432","107.7640985","107.7442415","111.0305798","106.054112","106.3822663","107.9024913","107.5341548","101.4934369","98.82707775","98.63362358","97.84967846","97.69591427","97.40790355","98.61315825","99.31681179","98.44587353","99.64481973","99.43075275","99.06241629","95.67372087","91.7425663","88.58169935","88.37908497","89.37908497","90.5751634","92.4248366","93.39869281","93.68627451","94.95424837","95.22875817","95.22875817","95.99346405","95.60130719","95.34329512","95.89720469","96.63789772","98.00979003","99.65219632","100.5474688","101.8098673","101.4942677","101.7969857","101.7325776","101.0240886","100.1932243","100.1416978","100.7020482","101.2366353","100.823257","101.7043993","102.7977874968","102.7784924","102.9521482","104.0198096","105.5248263","105.7370723","105.8721379",
"종합","강북권역","월세수급동향","","88.64042934","88.72987478","91.79338104","91.21198569","90.72003578","91.8157424","91.92754919","91.74865832","90.63059034","90.47406082","90.11627907","89.53488372","89.55724508","88.99821109","90.15084295","89.52972493","89.19698314","89.79591837","90.32830524","90.57231588","91.1934339","92.02930728","92.36607143","92.19653179","90.97376612","88.76554174","88.78774423","88.41030195","88.03285968","84.96180137","85.4845195","85.96702855","85.4845195","82.8106152","79.77482911","79.59388822","80.65942903","81.46361078","81.72496984","81.46361078","80.84036992","80.69963812","75.66693614","72.73645918","72.06952304","73.14066289","73.52465643","73.72675829","79.04203719","82.57881973","83.64995958","85.08488278","86.03476152","88.78334681","90.36167757","92.13158907","92.36831988","94.21820976","93.08490204","98.94393241","102.8417819","104.6658986","108.5604607","110.3838772","111.0556622","114.4337812","113.5508637","112.1113244","109.7504798","108.5412668","108.925144","113.1285988","109.1397849","110.125448","109.4086022","107.9237071","102.5857655","99.19354839","98.51510497","98.23348694","97.93854033","98.43790013","99.82069672","99.79513444","100.1152074","101.8950064","102.2017409","101.344086","98.2078853","93.97081413","93.21018472","93.27259111","93.68447329","93.38492262","94.60808787","94.9326011","95.64403395","96.36794808","96.48027958","96.03095357","96.40539191","95.94358462","95.51597052","96.42506143","97.23587224","99.33660934","101.1547912","101.7813268","102.3710074","102.002457","102.2113022","101.8181818","101.2162162","100.0614251","100.1351351","100.3808354","100.8230958","100.5899705","101.4380531","102.8761061947","103.1096362","102.7286136","104.3018682","105.653884","105.8136676","106.0594887",
"종합","도심권","월세수급동향","","84.59530026","84.59530026","86.68407311","86.68407311","87.46736292","87.72845953","87.72845953","87.72845953","87.72845953","87.72845953","87.72845953","87.72845953","88.12010444","87.07571802","95.16971279","95.82245431","95.5613577","94.25587467","95.5613577","94.77806789","94.77806789","98.30287206","97.91122715","99.34725849","98.95561358","96.60574413","97.78067885","99.47780679","98.56396867","98.88888889","99.11111111","99.33333333","100","91.66666667","90.22222222","96.44444444","96.55555556","100.5555556","100.7777778","101.7777778","100.5555556","101","94.29824561","86.29385965","86.40350877","86.40350877","86.18421053","87.39035088","82.89473684","85.0877193","86.73245614","88.04824561","88.37719298","95.06578947","95.96273292","97.92960663","100.2061856","96.30390144","94.86652977","100.6160164","101.026694","102.1560575","108.6065574","113.3196721","114.5491803","116.9057377","113.7295082","110.8606557","108.5040984","107.5819672","107.0696721","115.0614754","106.4250412","105.4365733","101.5650741","104.2009885","104.6128501","98.68204283","97.28171334","97.8583196","96.62273476","98.51485149","96.86468647","97.03459638","98.51729819","98.51729819","99.17627677","98.76441516","96.95222405","94.72817133","94.55128205","94.07051282","95.83333333","92.94871795","92.86858974","94.07051282","94.71153846","94.95192308","95.59294872","95.11217949","94.63141026","94.47115385","93.05993691","93.45425868","93.84858044","94.87381703","98.65930599","100.4731861","101.0252366","101.4984227","101.1829653","101.4984227","100.8675079","101.1829653","101.1829653","101.8927445","102.1293375","101.9809826","102.2187005","103.2488114105","101.9809826","101.5055468","103.7242472","106.6561014","107.0522979","106.9730586",
"종합","동북권","월세수급동향","","94.73898858","94.90212072","98.93964111","97.22675367","95.63621533","97.63458401","97.83849918","97.51223491","93.51549755","93.23001631","92.94453507","92.08809135","92.08809135","91.55791191","91.41821112","91.33763094","91.33763094","91.33763094","91.37792103","91.17647059","91.29734085","91.94198227","91.89739414","89.72491909","87.09546926","85.79499596","85.23002421","84.46327684","84.22114609","81.05107328","80.38490007","80.16284234","78.97853442","78.9415248","76.68393782","76.86898594","77.38712065","76.49888971","75.90673575","75.75869726","75.68467802","75.90673575","71.41238671","70.8836858","70.8081571","72.28096677","72.77190332","73.22507553","78.47432024","81.08006042","82.28851964","83.5347432","84.32779456","85.95166163","87.75216138","89.26512968","89.0129683","94.27233429","92.39913545","101.2598992","107.8833693","110.7991361","114.9028078","114.5788337","114.6148308","119.8344132","118.7904968","117.4946004","114.0028798","112.275018","112.9229662","118.1785457","110.5584642","112.8708551","112.3254799","109.7294939","102.617801","99.4982548","99.21465969","98.95287958","98.71235268","98.53839442","101.6797557","101.2439983","101.1998255","101.6150153","100.9380454","101.9197208","99.06195462","94.32809773","93.52364721","93.2680017","93.52364721","94.03493822","95.12143161","95.50489987","95.95227951","97.0387729","96.63400085","96.54878568","96.59139327","96.59139327","96.60092321","98.00671423","98.42635334","101.888376","103.1263114","103.1263114","103.5879144","102.9584557","103.0843475","102.2031053","101.4897188","99.74821653","99.79018044","100.020982","100.5035669","100.0840689","101.3030685","103.1736023539","104.0983607","103.1736024","104.5607398","105.8638083","106.5153426","107.1668768",
"종합","서북권","월세수급동향","","79.18660287","79.18660287","80.94098884","82.2169059","83.09409888","82.93460925","82.93460925","82.93460925","86.76236045","86.76236045","86.0446571","85.64593301","85.48644338","85.16746411","84.6031746","82.14285714","81.11111111","84.04761905","85.07936508","86.82539683","88.80952381","88.37579618","89.90461049","92.6984127","93.73015873","89.84126984","90.31746032","89.44444444","89.12698413","83.52769679","86.58892128","88.62973761","88.7755102","84.62099125","79.00874636","73.90670554","76.67638484","78.71720117","80.6851312","79.37317784","78.06122449","76.82215743","71.54178674","67.36311239","65.05763689","66.06628242","66.6426513","65.70605187","77.59365994","83.78962536","84.22190202","86.09510086","87.75216138","90.05763689","91.62087912","93.75","93.54395604","92.71978022","93.20054945","93.40659341","94.43681319","94.64285714","96.42857143","100.4120879","101.9230769","102.4725275","103.4340659","102.6785714","102.4725275","102.0604396","102.5412088","102.1978022","107.5471698","106.7030785","107.4975174","106.0575968","101.2909633","98.80834161","97.66633565","96.82224429","96.97120159","98.16285998","97.36580517","98.16285998","98.60973188","104.5680238","106.9016882","101.5888779","97.02085402","92.70109235","91.69082126","92.80193237","92.75362319","92.17391304","94.49275362","94.15458937","95.50724638","95.70048309","96.66666667","95.41062802","97.0531401","95.36231884","94.53941121","94.63437797","96.58119658","96.24881292","98.19563153","99.52516619","100.4273504","100.1424501","100.8547009","101.1396011","100.8072175","100.0949668","100.2849003","100.2849003","100.7597341","100.8979206","101.2759924","101.9848771267","101.5595463","102.4574669","104.0642722","104.584121","103.4971645","103.0245747",
"종합","강남권역","월세수급동향","","91.91468254","93.08035714","92.28670635","91.96428571","91.84027778","93.10515873","93.60119048","93.40277778","94.46924603","94.84126984","95.06448413","95.38690476","95.06448413","92.43551587","90.51935326","92.28319451","93.55707986","93.21411073","93.58157766","93.14061734","94.78196962","94.40353461","95.5017301","95.38271605","95.9088682","95.3944145","96.03135718","96.32533072","95.51690348","96.76104676","96.54654655","96.48219648","93.56499356","90.58344058","88.48133848","89.91848992","90.92664093","92.83569284","96.8039468","95.21664522","93.82239382","89.55383955","85.04954761","76.26023266","74.64454976","76.5618268","78.22059457","79.92244722","83.13227057","90.52132701","91.74924601","93.73115037","96.10081861","104.222318","106.118665","103.9967037","104.07911","103.0284302","100.7210548","102.8636176","107.363225","108.8235294","111.0654052","113.430687","114.9526944","116.1456191","115.220074","113.0810366","110.1398601","106.931304","106.4788153","108.7823941","102.6685393","102.2752809","106.25","107.1067416","100.2949438","98.42431064","98.76369767","97.42833052","97.42977528","96.27808989","97.2885642","98.79213483","96.61326588","97.17379078","96.39044944","96.55898876","92.89325843","89.29775281","83.49341383","82.99945115","84.64599341","87.48627881","90.02469813","91.71240395","91.53402854","93.40010977","93.85290889","94.34687157","95.54061471","95.22502744","95.15299215","95.31546168","95.97887896","96.54752234","97.99620904","99.18765232","101.1914433","100.9341998","101.3403737","101.6382345","100.8123477","100.3384782","100.1489304","101.056052","101.692391","101.0793308","101.996762","102.7118186724","102.4150027","103.1975175","103.7101997","105.3831624","105.6529951","105.6664868",
"종합","서남권","월세수급동향","","89.44652908","91.65103189","91.0412758","91.27579737","90.94746717","93.71482176","94.7467167","94.37148218","96.38836773","96.81050657","97.04502814","97.27954972","96.85741088","95.12195122","92.64569843","95.60592044","97.91859389","98.19611471","98.24236818","98.14986124","98.47363552","98.84366327","99.49026877","99.58371878","99.53746531","99.3987049","100.1387604","100.1850139","99.12118409","97.68160742","97.17928903","97.7202473","94.70633694","92.77434312","91.96290572","93.27666151","94.31993818","94.97681607","96.44513138","97.25656878","97.0633694","93.04482226","88.11728395","78.125","75.27006173","75.46296296","75.34722222","78.16358025","80.43981481","86.99845679","89.3132716","91.62808642","95.10030864","105.5555556","106.3556209","104.8493755","103.2696547","102.38795","98.75091844","100.5878031","103.0492285","105.9147686","108.6333578","111.3886848","113.4827333","114.9155033","114.0337987","112.4173402","109.9191771","107.2373255","106.3556209","106.2454078","101.9258898","102.8766455","105.3388591","102.7791321","99.19551438","98.92578125","100.4631887","99.00048757","99.00048757","98.00097513","98.7810824","98.73232569","98.46266471","98.43978547","97.73281326","98.07411019","93.83227694","89.54168698","84.92629577","83.95149786","85.92486923","87.7318117","89.70518307","90.63242986","92.05896339","94.62672373","96.6000951","97.19448407","97.52734189","97.31336186","96.98823529","98.25882353","98.37647059","98.91764706","100.4941176","102.1882353","103.6235294","103.0588235","103.4823529","103.0823529","102.3529412","101.9294118","101.3411765","102.3058824","102.7529412","102.4659465","103.2409582","103.7106622828","103.7341475","104.4621888","104.7205261","106.1766087","106.4819164","106.5054016",
"종합","동남권","월세수급동향","","94.68421053","94.68421053","93.68421053","92.73684211","92.84210526","92.42105263","92.31578947","92.31578947","92.31578947","92.63157895","92.84210526","93.26315789","93.05263158","89.42105263","88.125","88.54166667","88.64583333","87.60416667","88.33333333","87.5","90.625","89.38284519","90.94279661","90.5720339","91.82291667","90.88541667","91.40625","91.97916667","91.45833333","95.6123433","95.75699132","94.93731919","92.14079074","87.84956606","84.13693346","85.72806172","86.69238187","90.16393443","97.25168756","92.67116683","89.77820636","85.19768563","81.17073171","73.90243902","73.85365854","77.95121951","81.85365854","82.14634146","86.53658537","94.97560976","94.82926829","96.3902439","97.36585366","102.5365854","105.8161351","102.9080675","105.1125704","103.8461538","103.2363977","105.7692308","112.8504673","112.5233645","114.1588785","116.0280374","116.8224299","117.7102804","116.728972","113.9252336","110.4205607","106.5420561","106.635514","112.0093458","103.6779324","101.4579192","107.4884029","112.9887343","101.7892644","97.74236388","96.45225464","95.28865295","95.29489728","93.93638171","95.25862069","98.87342611","94.10205434","95.44850498","94.56593771","94.49966865","91.61696488","88.96620278","81.53796236","81.70019468","82.90071382","87.15120052","90.46073978","93.1862427","90.81765088","91.72615185","90.10382868","90.46073978","92.8293316","92.37508112","92.66581633","91.32653061","92.72959184","93.33545918","94.61096939","95.12117347","97.89540816","98.05484694","98.4375","99.68112245","98.7244898","98.18239796","98.53316327","99.3622449","100.255102","99.20735574","100.3170577","101.3633481294","100.6341154","101.4901712","102.346227","104.3119848","104.5339252","104.5339252",
"종합","경기","월세수급동향","","91.64677804","90.44550517","90.56483691","92.93556086","92.68098648","90.37390613","90.7557677","91.30469372","91.67859984","92.2991249","92.85600636","93.09466985","93.26968974","93.98568019","93.85106067","94.23676012","94.58376614","94.98590714","94.8227266","95.01557632","95.27518172","95.90699747","96.18195377","96.03209987","96.22936189","96.29657117","95.88837762","96.57859581","95.90322102","97.4758162","97.28014506","97.30281052","96.80417044","92.97370807","92.15775159","92.65639166","92.22574796","93.69900272","94.3714113","93.05681475","92.75460864","92.36174071","90.99957039","89.41715595","88.1569526","87.13303738","87.97794644","88.1569526","88.49348418","91.09265359","92.3435038","92.69445638","93.62555508","95.69669197","96.04647965","96.57590759","96.98074278","95.62018702","95.86771177","98.80363036","103.5998901","105.0700742","107.7255871","109.6483999","110.451861","112.7867051","112.4227441","111.9695097","111.0149705","109.105892","107.4852355","109.7720093","113.2488382","114.5247148","112.0743557","113.7896071","104.0768906","98.62672188","99.74222448","98.54643793","100.5072709","102.7381053","101.9370665","101.4027379","100.7901631","101.183432","98.96493452","96.78073511","92.21799747","87.94676806","85.48320541","85.67302137","86.72526203","88.09111166","90.19559297","91.0621441","92.04836181","93.44309648","94.92035983","95.27110671","95.45679624","94.91623339","94.98103768","95.83635924","95.41676753","95.72742677","96.40926329","96.13491487","97.91011055","98.53142903","99.02364238","99.33833616","99.20923102","98.8783991","98.89857177","99.26167998","99.79423868","99.74910394","100.2110713","100.5973715651","100.5535643","100.2787734","100.7407407","101.3699721","101.8598168","101.7124652",
"종합","경부1권","월세수급동향","","88.95853423","90.06750241","88.33172613","94.84088717","95.85342334","88.18707811","87.36740598","93.24975892","93.24975892","93.1051109","93.39440694","93.49083896","93.39440694","95.41947927","94.64459591","94.6932814","97.80915287","100.6329114","101.2658228","101.8500487","101.4118793","101.3631938","101.5092502","102.1908471","100.4868549","100.292113","100.2434275","101.0223953","100.4868549","94.79452055","94.88584475","94.29223744","92.37442922","88.44748858","86.89497717","86.84931507","86.48401826","86.57534247","90.1369863","90.2739726","89.9543379","89.04109589","85.79040853","81.8383659","78.55239787","75.79928952","76.82060391","79.04085258","83.61456483","87.1669627","91.74067496","91.42984014","92.31793961","96.53641208","96.53812445","94.25942156","94.04031551","90.22787029","91.14811569","93.68974584","106.9991251","109.623797","111.4610674","113.9982502","113.1233596","118.9851269","118.6351706","118.5914261","114.5231846","108.0927384","105.6430446","108.7489064","109.4960212","110.4774536","110.9549072","112.2281167","96.31299735","95.57029178","94.45623342","95.99469496","98.16976127","100.5039788","101.0344828","102.4933687","101.6976127","103.7971322","102.8116711","103.0503979","94.19098143","88.96551724","86.3780359","86.58922914","87.51319958","90.54910243","93.34741288","95.35374868","97.04329461","98.44244984","98.91763464","98.97043295","99.04963041","97.43928194","97.0984456","97.40932642","98.41968912","98.13471503","98.29015544","96.34715026","100.6994819","101.1917098","101.7098446","101.7098446","102.3834197","101.2694301","102.0984456","103.5751295","103.3419689","103.432377","104.7643443","106.6854508197","104.9180328","104.4057377","104.6875","105.3278689","106.2243852","104.7131148",
"종합","경부2권","월세수급동향","","92.0212766","96.56673114","97.63056093","104.1102515","104.303675","96.13152805","96.66344294","96.95357834","96.66344294","94.24564797","93.95551257","94.24564797","94.68085106","96.13152805","95.59183673","95.71428571","95.79591837","96.16326531","96.36734694","96.97959184","97.71428571","98.28571429","98.16026165","98","99.30612245","99.06122449","98.28571429","99.83673469","99.02040816","99.47411003","98.82686084","98.46278317","98.01779935","97.08737864","95.95469256","93.56796117","94.9433657","94.4579288","95.67152104","94.90291262","94.33656958","93.81067961","94.2498096","88.91850724","85.60548363","82.93983244","84.50114242","83.09215537","81.34044174","86.6717441","86.40517898","86.0624524","87.85224676","92.53617669","95.55473916","96.98750918","96.58339456","93.01983835","93.57090375","101.0653931","104.4452608","108.9272594","116.6054372","117.340191","117.4504041","118.4790595","117.707568","117.0830272","116.385011","113.4459956","112.8214548","111.5723733","115.9728309","111.4592463","111.9412796","113.9570552","105.8063103","99.0797546","100.8987286","99.40841367","102.4122807","103.8124452","101.6703297","98.64154251","98.53198948","99.05701754","99.29886065","98.22524102","91.82734443","88.82559159","84.38303342","85.60411311","86.46101114","88.83890317","90.63838903","92.03084833","92.95201371","95.20137104","96.18680377","96.55098543","97.19365895","96.74378749","97.06379383","97.57076468","96.85255598","96.78918462","97.2539079","96.59907055","98.03548796","98.66920152","98.85931559","98.50021124","97.84537389","97.63413604","98.14110689","98.39459231","98.43683988","98.17275748","98.77491694","99.3147840532","100.1868771","100.3737542","100.7267442","100.7267442","101.2666113","101.8272425",
"종합","서해안권","월세수급동향","","92.96097934","92.96097934","93.26702372","94.1469013","89.70925784","89.82402448","90.62739097","89.44146901","89.86228003","94.07039021","96.17444529","96.7482785","96.78653405","97.85768936","97.41506647","98.22747415","98.11669129","98.33825702","98.26440177","97.82127031","96.82422452","97.71048744","97.95994065","96.82422452","97.00886263","97.56277696","96.38109306","96.67651403","96.04874446","99.73154362","99.39678284","99.0616622","98.42493298","91.65549598","90.28150134","93.6997319","94.83914209","101.1058981","100.3686327","97.1849866","96.07908847","96.21313673","93.85964912","91.88596491","91.72932331","91.5726817","93.0764411","93.42105263","93.60902256","96.39724311","98.43358396","99.71804511","101.4724311","101.754386","100.14828","99.43653618","100.5938242","99.76275208","99.3772242","102.1352313","103.6729858","104.1172986","105.450237","109.3601896","108.6196682","109.478673","108.5308057","109.2120853","109.8341232","109.1232227","108.1161137","111.3151659","112.2856201","116.0620053","112.0217678","118.8159631","108.426781","99.71947195","101.5666227","101.0059367","103.512533","105.990099","106.2293457","103.4630607","102.3251979","103.2816623","100.3298153","97.7737467","94.29419525","91.47427441","88.2183908","88.04278416","88.93678161","91.01213282","93.50255428","94.60408685","96.36015326","97.58939974","99.31353768","99.13793103","99.40932312","99.93614304","100.9147287","101.0387597","100.5271318","101.1472868","100.8992248","100.0620155","101.0232558","101.1007752","101.2713178","101.2093023","100.9767442","100.496124","99.50387597","99.20930233","99.24031008","99.67968273","99.28309945","99.557657108","100.2593045","100.4575961","101.128737","101.8913972","102.0744356","101.7083588",
"종합","동부1권","월세수급동향","","85.33178114","84.45867288","84.28405122","84.98253783","86.78696158","86.67054715","87.66006985","87.54365541","87.77648428","88.41676368","88.8242142","88.8242142","88.88242142","88.64959255","89.20903955","89.26553672","91.1299435","91.46892655","91.1299435","92.03389831","92.09039548","93.7286203","96.17142857","96.99205448","96.95752009","96.15819209","96.15819209","97.06214689","96.44067797","98.35234474","97.59188847","97.46514575","97.46514575","95.18377693","94.86692015","94.99366286","93.02915082","94.16983523","95.56400507","94.99366286","95.12040558","94.93029151","92.1875","95.13888889","95.37037037","95.71759259","95.65972222","95.77546296","94.38657407","96.23842593","98.03240741","98.49537037","98.49537037","98.66898148","97.23451327","97.12389381","97.34513274","97.78761062","99.88938053","102.5442478","108.6092715","109.4370861","110.209713","110.0441501","112.6379691","115.5077263","115.0662252","110.98234","107.3399558","107.781457","106.7328918","112.2516556","109.9644128","115.8362989","114.519573","115.8007117","102.455516","97.97153025","98.64768683","98.82394868","99.85765125","102.3843416","103.3807829","103.6298932","102.1011396","103.2407407","97.65124555","93.38078292","92.95373665","86.15658363","86.73469388","87.43842365","88.10696692","89.02181562","90.88669951","90.18296974","90.25334272","92.50527797","94.68684025","95.17945109","95.63687544","94.2294159","91.97105445","93.21157822","92.31564438","92.97036527","95.69262578","95.62370779","97.62232943","98.75947622","99.75878704","100.8270159","100.4135079","100.6547209","99.58649207","100.103377","101.9986216","101.4021888","102.7701778","101.5731874145","101.4705882","100.752394","101.6415869","102.7359781","103.5567715","103.8303694",
"종합","동부2권","월세수급동향","","86.04395604","86.04395604","86.37362637","86.04395604","85.6043956","85.82417582","85.71428571","86.26373626","87.91208791","88.9010989","90","90.32967033","91.0989011","91.0989011","90.16563147","91.61490683","90.47619048","88.30227743","88.92339545","89.02691511","90.57971014","88.71635611","89.33747412","89.33747412","89.44099379","89.7515528","90.89026915","94.30641822","91.40786749","100","100","99.73753281","99.21259843","94.48818898","94.35695538","94.61942257","94.75065617","95.14435696","95.14435696","88.45144357","88.71391076","88.05774278","87.24747475","86.23737374","82.1969697","83.45959596","83.45959596","86.74242424","88.38383838","88.38383838","89.84771574","89.97461929","90.10152284","90.02525253","90.29126214","91.99029126","90.77669903","91.62621359","91.38349515","91.74757282","92.23300971","91.86893204","92.11165049","91.26213592","91.01941748","95.50970874","95.87378641","96.60194175","96.72330097","96.96601942","98.05825243","98.30097087","106.4229249","107.2134387","103.9525692","105.3359684","106.027668","104.2490119","105.0395257","100.4940711","105.1383399","106.4229249","104.6442688","106.2376238","107.0158103","102.4703557","100.2964427","99.01185771","94.86166008","84.38735178","81.80952381","81.52380952","80.85714286","80.76190476","83.71428571","86.28571429","85.23809524","86.57142857","87.42857143","86.95238095","85.42857143","82.66666667","83.14500942","84.18079096","85.59322034","85.31073446","84.65160075","89.73634652","91.33709981","94.44444444","95.0094162","96.32768362","95.0094162","94.82109228","94.91525424","96.89265537","98.11676083","96.08030593","96.65391969","98.2791586998","98.47036329","98.47036329","97.80114723","96.94072658","95.69789675","95.98470363",
"종합","경의권","월세수급동향","","100.6526104","90.36144578","90.21084337","90.562249","91.41566265","91.01405622","91.51606426","91.66666667","92.2188755","92.2188755","92.2188755","92.26907631","92.01807229","91.81726908","94.07265774","94.78967495","92.95977011","92.82982792","94.55066922","93.88145315","94.7418738","96.31226054","95.36679537","94.78967495","95.93690249","96.65391969","96.08030593","94.8374761","94.98087954","91.98924731","92.41935484","94.51612903","95.05376344","87.74193548","87.79569892","88.87096774","84.19354839","84.13978495","82.90322581","82.74193548","83.06451613","82.25806452","82.31707317","85.56910569","86.07723577","86.2804878","87.5","86.78861789","87.09349593","90.29471545","89.48170732","90.14227642","90.04065041","92.02235772","93.66537718","96.17988395","98.74274662","99.17794971","99.51644101","101.4023211","103.7234043","103.7234043","105.8341369","107.3770492","110.8968177","112.343298","111.5718419","110.2217936","109.2092575","106.123433","104.7251688","108.0038573","121.3871155","121.5612304","116.3087638","109.8665119","104.2367963","98.14277423","100.3482298","95.67614626","96.10011641","98.66511898","95.53105049","96.92396982","97.12710389","97.38827626","93.76088218","88.972722","84.88102147","81.07951248","79.05670971","79.87085907","82.22908478","81.80797305","84.16619876","83.91353172","84.69960696","85.00842223","85.82257159","86.5524986","86.77709152","86.74901741","86.95890411","89.36986301","89.06849315","89.15068493","90.21917808","91.12328767","92.57534247","93.7260274","94.60273973","95.83561644","96.46575342","96.63013699","97.31506849","98.10958904","99.20547945","99.15897992","99.10472056","98.9148128052","97.36842105","95.93054802","96.17471514","96.82582746","97.58545849","98.10092241",
"종합","경원권","월세수급동향","","91.12227806","87.10217755","89.11222781","88.27470687","89.53098827","93.13232831","93.71859296","90.87102178","91.8760469","91.95979899","91.79229481","92.04355109","92.96482412","92.79731993","90.91539528","90.63800277","90.63800277","90.56865465","85.4368932","85.99167822","87.30929265","87.58668516","87.58765778","87.44740533","87.51743375","87.51743375","87.37796374","87.93584379","87.44769874","98.27338129","98.41726619","98.41726619","98.41726619","99.28057554","99.28057554","99.28057554","99.28057554","99.13669065","99.42446043","99.42446043","99.71223022","99.71223022","99.57386364","97.01704545","97.58522727","95.73863636","94.53125","93.60795455","92.82670455","89.91477273","88.99147727","89.13352273","89.70170455","91.19318182","91.89373297","95.29972752","94.55040872","93.86920981","91.82561308","90.59945504","96.59400545","96.9346049","99.04632153","102.3160763","105.1089918","107.1525886","109.1280654","110.8310627","113.4196185","115.2588556","109.1280654","110.3542234","111.0778443","114.2215569","108.0339321","109.3313373","102.5948104","98.95209581","99.35","97.50499002","97.60479042","100.2994012","98.90219561","101.5469062","100.8991009","97.75449102","96.95608782","95.75848303","93.36327345","89.47105788","89.27184466","86.65048544","88.00970874","86.31067961","86.11650485","86.21359223","86.3592233","87.03883495","91.21359223","93.25242718","92.76699029","92.18446602","92.29323308","93.84398496","91.30639098","92.81015038","94.97180451","95.30075188","95.95864662","95.58270677","96.28759398","96.71052632","96.28759398","95.86466165","96.71052632","95.53571429","96.89849624","97.38292011","98.16345271","98.3011937557","99.58677686","99.72451791","100.4591368","102.1120294","102.6170799","102.1120294",
"종합","인천","월세수급동향","","93.24960754","93.48508634","93.64207221","96.27158556","96.27158556","96.35007849","98.46938776","98.31240188","98.39089482","98.39089482","98.50863422","100.1569859","99.52904239","98.19466248","96.48377125","96.90880989","95.90417311","95.86553323","95.94281298","95.20865533","95.28593509","95.47913447","96.44513138","96.4064915","96.48377125","97.60432767","96.75425039","97.02472952","96.52241113","94.82517483","94.75524476","94.93006993","94.79020979","91.67832168","87.69230769","87.23776224","85.94405594","84.51048951","85.20979021","86.01398601","86.85314685","87.06293706","86.45051195","85.52901024","84.88054608","85.11945392","85.93856655","85.29010239","87.91808874","88.02047782","92.42320819","93.03754266","94.09556314","95.39249147","92.6121372","95.61345646","98.28496042","98.9116095","97.52638522","96.99868074","96.56992084","98.31794195","101.8139842","104.6503958","106.9920844","107.025066","106.9261214","109.9274406","108.6411609","107.9485488","109.1029024","111.5105541","100.5596295","105.499807","112.2925511","114.2416056","105.8664608","103.1660232","100.965251","100.7722008","98.22393822","102.8196215","102.6640927","102.1621622","101.6209958","103.1648012","100.4631416","98.2246237","93.84407565","92.24237746","92.17571644","92.13800905","92.57164404","91.9306184","91.85520362","91.83634992","91.57239819","91.36500754","93.5331825","93.87254902","93.47662142","93.66515837","93.56019027","94.76765459","95.75557995","96.37760703","98.02414929","97.34723747","97.3838273","99.17672887","100.4756678","101.8294914","101.8660812","102.5064032","101.2623491","100.3841932","100.2561288","99.07875723","97.86849711","96.5498554913","98.62716763","100.0903179","101.2463873","101.734104","103.0346821","104.208815",
"종합","부산","월세수급동향","","95.28585757","95.3109328","96.41424273","96.1885657","95.88766299","96.06318957","95.86258776","94.23269809","96.26379137","96.3891675","95.4112337","96.43931795","96.21364092","98.26980943","99.6257485","99.32634731","99.12674651","97.28043912","97.10578842","96.40718563","96.33233533","96.83133733","96.60462777","96.95","95.3046953","96.003996","95.07992008","93.90609391","94.00599401","88.25109917","87.78700537","87.17635564","87.46946751","82.99951148","81.85148999","79.45774304","78.13873962","76.62432829","74.93893503","72.91157792","70.10258915","68.68588178","61.93375548","61.73891866","60.95957136","59.23039454","59.27910375","58.8650755","57.84218217","56.72187043","57.30638091","57.42815392","63.56551388","66.00097418","69.07706946","70.24262607","70.43292103","66.88867745","68.50618459","69.24357755","75.547098","77.85442436","79.93342844","80.88445078","86.13884926","91.8212078","91.84498336","90.96528768","90.44222539","90.10936757","92.48692344","94.72182596","97.79585799","101.8195266","103.8017751","109.0976331","104.4378698","100.0147973","99.51168985","101.5537141","102.3527671","102.7522936","103.374778","101.4497041","100.3848431","100.8136095","99.9112426","98.77218935","95.0591716","92.5591716","91.5875755","89.77566868","91.28559103","92.04774231","92.57981018","91.60195571","91.80327869","93.31320104","93.0543572","93.42824274","92.66609146","91.71699741","92.04737733","92.04737733","92.76649746","93.49971799","93.90862944","94.24703892","94.54314721","95.20586576","95.60067682","95.68527919","95.78398195","95.20586576","95.3750705","95.99548787","96.13649182","95.84857867","95.79228821","95.4686180692","96.62257247","97.14325922","97.80467211","98.3675767","98.76160991","99.59189417",
"종합","중부산권","월세수급동향","","91.82242991","92.52336449","93.16588785","91.0046729","90.36214953","89.60280374","92.99065421","92.52336449","93.3411215","93.10747664","92.64018692","92.46495327","92.23130841","96.37850467","98.71495327","98.4228972","99.29906542","99.35747664","98.53971963","97.89719626","96.72897196","96.32009346","95.93160377","95.657277","94.73067916","96.07728337","96.83840749","96.66276347","95.84309133","88.08139535","88.43023256","88.08139535","89.36046512","78.08139535","76.27906977","74.01162791","73.54651163","72.84883721","72.5","70.58139535","66.86046512","66.1627907","67.84452297","68.66902238","67.37338045","65.54770318","65.01766784","64.66431095","62.77974087","60.9540636","62.07302709","61.83745583","71.73144876","72.14369847","77.43972445","78.24339839","78.30080367","72.15843858","73.3065442","72.84730195","80.76923077","82.26176808","84.09873708","82.54879449","90.98737084","92.0206659","90.81515499","90.47072331","90.52812859","88.3467279","90.1836969","92.19288175","99.34687954","100.5079826","104.1364296","110.0870827","103.7735849","101.4150943","100.3631082","102.3965142","102.6143791","101.2708787","101.4534884","99.81857765","102.6124819","101.6328012","101.161103","98.94775036","95.75471698","93.287373","94.63910301","91.90609671","94.77925718","93.41275403","93.93833217","92.43167484","93.34267694","93.44779257","92.6419061","92.67694464","91.97617379","91.55571128","91.8715847","91.2568306","90.33469945","90.50546448","91.46174863","92.69125683","92.55464481","93.1352459","93.98907104","93.71584699","94.74043716","94.12568306","94.74043716","95.25273224","95.56010929","94.9594046","95.63599459","95.9404600812","96.61705007","97.02300406","97.76725304","98.47767253","99.08660352","100.7104195",
"종합","동부산권","월세수급동향","","97.35042735","98.20512821","101.4529915","97.94871795","97.35042735","97.43589744","96.92307692","96.92307692","98.11965812","97.52136752","96.06837607","97.26495726","96.92307692","99.74358974","100.8547009","102.7350427","101.6239316","95.2991453","95.12820513","95.47008547","96.15384615","96.06837607","96.23931624","95.55555556","92.22222222","92.90598291","92.39316239","88.29059829","88.20512821","84.28063943","82.59325044","82.23801066","81.26110124","79.39609236","78.15275311","77.97513321","77.88632327","75.75488455","70.95914742","69.09413854","66.25222025","64.29840142","53.19516408","52.15889465","53.54058722","54.23143351","53.88601036","52.84974093","52.59067358","52.15889465","52.24525043","52.24525043","58.63557858","66.06217617","67.71186441","67.79661017","67.03389831","63.81355932","67.54237288","68.13559322","75","76.86440678","80.20304569","84.26395939","88.5786802","98.30795262","99.66159052","99.49238579","98.81556684","97.96954315","95.26226734","96.10829103","97.07012488","102.7857829","106.1959654","110.6147935","105.907781","100.625","99.95196926","100.192123","100.4322767","101.8251681","102.4495677","100.5763689","94.70644851","97.83861671","96.7339097","98.27089337","94.38040346","92.45917387","89.0858209","87.17350746","87.96641791","90.85820896","91.27798507","90.53171642","90.85820896","92.77052239","92.67723881","93.61007463","93.65671642","92.02425373","92.52978918","92.39230064","93.72135655","93.90467461","94.27131072","93.26306141","93.49220898","93.76718607","93.8588451","93.72135655","93.03391384","92.80476627","93.12557287","93.49220898","93.58386801","93.79595588","94.02573529","93.75","94.99080882","95.77205882","96.64522059","97.24264706","97.33455882","97.65625",
"종합","서부산권","월세수급동향","","98.46292948","96.5641953","96.11211573","102.3508137","102.8933092","104.6112116","99.18625678","94.03254973","98.82459313","100.2712477","99.00542495","101.7179024","101.6274864","99.63833635","99.73357016","97.15808171","96.26998224","96.18117229","96.98046181","95.11545293","95.91474245","98.40142096","98.01801802","100.3552398","99.37833037","99.11190053","95.20426288","95.55950266","97.24689165","92.06730769","91.58653846","90.38461538","90.46474359","93.02884615","92.86858974","88.30128205","84.69551282","82.61217949","81.89102564","79.56730769","78.04487179","76.12179487","62","61.2","59.12","55.28","56.48","56.56","56","55.2","55.52","56.24","57.04","57.6","58.97035881","61.6224649","62.87051482","62.55850234","62.87051482","65.36661466","68.95475819","72.77691108","74.024961","75.50702028","77.30109204","85.56942278","86.0374415","83.77535101","82.60530421","85.2574103","93.05772231","96.8798752","96.35796046","102.653486","100.7284079","106.0353798","103.798127","97.34651405","97.81477627","101.8210198","104.0582726","105.8792924","107.1279917","104.7346514","103.3298647","102.8616025","101.5608741","99.06347555","94.79708637","91.62330905","89.87730061","89.5194274","89.82617587","91.3599182","92.02453988","91.56441718","90.59304703","93.71165644","94.06952965","94.32515337","92.58691207","91.61554192","91.77598385","92.83551968","95.30776993","97.47729566","97.12411705","97.62865792","98.63773966","99.84863774","99.89909183","100.7568113","100.3531786","99.44500505","98.78910192","99.84863774","99.79818365","99.44275583","97.97365755","96.6565349544","98.4295846","98.83485309","99.13880446","99.44275583","99.84802432","100.0506586",
"종합","대구","월세수급동향","","99.4374121","99.29676512","100.2109705","100.4922644","101.4064698","98.52320675","98.94514768","98.2419128","99.29676512","100","97.89029536","97.74964838","98.8045007","97.89029536","98.74504624","98.87714663","98.94319683","99.73579921","99.00924703","99.20739762","99.9339498","99.33949802","98.14569536","97.55614267","98.34874505","99.27344782","100.0660502","100.5944518","100.5284016","99.66960352","99.11894273","99.28414097","92.24643755","90.40234702","90.31852473","89.89941324","89.6898575","90.23470243","91.91114837","94.04861693","94.13243923","93.88097234","96.875","99.10714286","99.95941558","100.7711039","98.21428571","98.37662338","100.6087662","102.6785714","100.5275974","103.1655844","103.2873377","103.7337662","106.28","106.64","103.12","101.88","102.44","104.12","104.52","105.28","109.72","112.92","115.96","120.48","119.96","120.64","118.2","113.72","111.08","109.8","108.261851","108.8261851","108.7810384","106.4559819","99.95485327","98.3972912","97.13318284","98.03611738","94.71066908","94.58239278","92.7765237","92.50564334","93.87985547","93.02168022","91.4221219","90.42889391","87.13318284","84.58239278","81.22783688","81.80407801","84.59663121","83.13386525","82.53546099","82.8679078","83.50287483","84.49800973","84.94029191","85.31623176","85.62582928","84.21052632","83.9070568","83.64888124","83.2616179","83.30464716","83.4767642","82.68072289","82.74526678","82.65920826","82.44406196","82.72375215","83.82099828","84.48795181","84.87521515","85.73580034","85.47762478","85.53137004","85.5527102","84.7204438754","82.71446863","83.09859155","82.94921041","83.88817755","84.52838242","85.97951344",
"종합","광주","월세수급동향","","96.93113772","96.78143713","96.48203593","96.55688623","97.45508982","97.45508982","97.45508982","97.15568862","97.45508982","98.50299401","98.72754491","98.05389222","98.12874251","97.75449102","98.22161423","98.22161423","98.22161423","98.63201094","98.90560876","99.10344828","99.45130316","98.7654321","98.68965517","98.55570839","98.4137931","97.87379973","97.94238683","100.2057613","98.8340192","101.2851897","101.1015912","101.1627907","101.1627907","101.7135863","100.7343941","100.9179927","100.8567931","100.7955936","101.4075887","99.87760098","99.51040392","99.51040392","100.5733945","98.85321101","100.2293578","97.24770642","95.12614679","94.3233945","93.23394495","93.4059633","94.61009174","94.61009174","95.29816514","95.12614679","95.27027027","96.05855856","95.27027027","95.72072072","95.83333333","95.77702703","96.00225225","98.14189189","96.11486486","97.24099099","102.5900901","106.7567568","103.7725225","103.5472973","102.3085586","100.2815315","100.2252252","100.3378378","101.5645372","102.9335072","106.4211213","107.5293351","103.5853977","102.4771838","101.5003262","101.2393999","101.2385919","101.4993481","101.3046314","100.9778357","98.95629485","99.02152642","96.83833116","96.25162973","93.18774446","90.58018253","89.25143954","90.08317338","90.05118362","90.91490723","91.84261036","94.75367882","95.5534229","95.93730006","96.83301344","97.60076775","99.13627639","98.20857326","98.4082397","100.2808989","100.1872659","100.2496879","99.0948814","99.15730337","98.31460674","98.97003745","98.75156055","98.65792759","99.56304619","99.62546816","99.75031211","99.28214732","99.03245943","98.74371859","101.0992462","100.3768844221","100","100.6909548","100.8165829","103.6746231","103.9258794","104.5226131",
"종합","대전","월세수급동향","","100.7984032","100.499002","101.1477046","100.998004","100.499002","97.10578842","96.00798403","94.96007984","92.01596806","91.91616766","93.56287425","93.96207585","92.81437126","93.21357285","92.04655674","90.25218235","92.48302619","92.87099903","92.72550921","94.61165049","94.51456311","95.38386783","96.01554908","95.72400389","95.96695821","95.3443259","94.4228904","95.00484966","93.25897187","90.9891031","91.40821459","91.91114837","99.77973568","98.95374449","99.55947137","98.78854626","99.83480176","99.7246696","100.1101322","101.9273128","101.0462555","100.1651982","99.89094875","99.56379498","100.2181025","99.34569248","99.61832061","98.63685932","99.45474373","101.9629226","101.308615","100.436205","100.5997819","101.3631407","100.861141","101.5069968","102.3681378","101.1302476","101.2917115","104.1980624","105.32831","106.9429494","109.6878364","109.6340151","110.5489774","113.2938644","113.2938644","112.9709365","111.1948332","112.540366","109.9569429","109.6878364","101.2916383","108.0217539","106.1862678","119.0006798","105.5064582","96.42370572","94.52753229","95.07138001","95.95513256","96.90686608","96.9047619","94.93541808","100.2719239","99.2182189","97.51869477","97.28076139","94.62950374","91.50237933","90.15353805","87.98397864","88.81842457","90.38718291","91.52202937","93.05740988","92.52336449","95.5941255","96.39519359","97.09612817","96.86248331","97.32977303","100.6535948","101.3071895","102.1895425","99.60784314","100.0326797","99.05228758","96.56862745","97.15686275","96.76470588","97.77777778","97.67973856","97.87581699","98.16993464","98.59477124","98.62745098","98.42001317","97.33377222","96.5766951942","96.24753127","97.16919026","98.12376564","99.11125741","100.2304147","102.0408163",
"종합","울산","월세수급동향","","99.79166667","100.0694444","100.9027778","101.875","100.8333333","97.15277778","101.0416667","98.125","97.22222222","97.98611111","98.19444444","96.875","96.45833333","92.29166667","89.5483871","90.58064516","89.67741935","90.38709677","89.5483871","90.90322581","90.77419355","89.74193548","87.16129032","85.93548387","86.4516129","87.22580645","87.03225806","86.12903226","85.16129032","84.42240373","79.63827305","82.1470245","80.74679113","77.47957993","73.10385064","72.63710618","69.60326721","67.79463244","65.40256709","63.12718786","64.41073512","63.36056009","59.80615735","59.92018244","60.2622577","59.74914481","60.20524515","59.97719498","59.17901938","59.52109464","59.40706956","61.17445838","66.24857469","69.04218928","70.71668533","72.06047032","72.73236282","71.94848824","72.00447928","73.01231803","81.57894737","81.91489362","93.00111982","97.36842105","100.6159015","105.2071669","103.4714446","101.1758119","101.1758119","101.7917133","102.0156775","103.5834267","106.0534591","106.918239","107.822327","108.4512579","107.5471698","107.0189274","104.6383648","106.1713836","106.9968553","104.677673","104.9290221","104.563336","101.9654088","104.1699449","101.572327","101.3757862","98.70283019","96.46226415","95.07042254","94.24882629","94.28794992","93.70109546","93.70109546","93.42723005","90.92331768","89.94522692","89.86697966","89.71048513","90.49295775","92.25352113","92.42072699","92.73008507","93.42614076","93.61948956","93.85150812","93.46481052","94.27687548","94.58623357","95.16627997","95.43696829","95.63031709","95.93967517","96.51972158","97.25444702","98.22119103","99.6875","100.8203125","101.40625","102.7734375","103.0859375","103.3203125","102.890625","103.59375","104.4140625",
"종합","세종","월세수급동향","","96.08108108","93.64864865","96.08108108","95.13513514","95.40540541","94.59459459","94.18918919","94.05405405","95.13513514","96.48648649","95.67567568","96.21621622","96.62162162","94.86486486","99.66292135","97.86516854","99.7752809","96.85393258","96.74157303","95.84269663","90","85.73033708","83.37078652","89.3258427","92.24719101","97.86516854","101.2359551","102.8089888","100.5617978","101.1560694","103.6127168","95.95375723","98.69942197","99.27745665","96.82080925","92.91907514","94.21965318","93.78612717","95.95375723","102.4566474","103.7572254","105.3468208","104.4987147","100.3856041","98.20051414","93.31619537","90.35989717","87.53213368","91.2596401","90.48843188","93.31619537","92.80205656","95.37275064","96.14395887","97.10843373","99.03614458","99.03614458","98.31325301","97.71084337","99.51807229","114.0963855","113.4939759","112.7710843","111.2048193","110.2409639","119.1566265","119.5180723","120.3614458","114.2168675","107.1084337","97.95180723","96.86746988","95.44513458","100","99.89648033","101.9668737","95.75569358","90.0621118","90.89026915","89.44099379","88.61283644","89.13043478","91.58004158","94.40993789","94.61697723","95.75569358","95.34161491","92.96066253","93.06418219","87.47412008","88.01980198","93.86138614","87.62376238","93.56435644","93.16831683","94.65346535","93.36633663","92.57425743","95.44554455","96.33663366","94.45544554","93.56435644","92.60700389","92.50972763","91.14785992","86.08949416","89.59143969","90.36964981","86.77042802","87.6459144","91.34241245","89.29961089","91.24513619","92.12062257","92.12062257","91.43968872","91.92607004","98.92156863","98.33333333","99.7058823529","99.11764706","100.1960784","101.4705882","104.3137255","104.7058824","104.6078431",
"종합","강원","월세수급동향","","87.24304716","87.84764208","87.96856106","88.33131802","88.21039903","87.42442563","87.96856106","88.08948005","89.54050786","89.66142684","89.54050786","88.27085852","87.78718259","87.42442563","89.39929329","89.75265018","89.22261484","87.45583039","88.16254417","88.51590106","90.10600707","88.63368669","89.98822144","90.93050648","97.17314488","98.40989399","98.40989399","98.64546525","90.93050648","95.76612903","96.23655914","97.58064516","98.05107527","97.17741935","96.57258065","92.80913978","93.6827957","92.87634409","91.59946237","89.71774194","88.97849462","88.70967742","87.14859438","87.61713521","85.27443106","83.73493976","81.86077644","81.52610442","80.38821954","79.98661312","79.58500669","79.51807229","78.91566265","79.91967871","81.63804491","82.74044796","82.60869565","81.94993412","82.41106719","86.89064559","90.25032938","92.22661397","92.68774704","94.33465086","95.3886693","100.4611331","101.1198946","100.85639","101.1857708","100.2635046","99.73649539","99.34123847","102.5915688","102.4187975","101.796821","101.9695923","102.9716655","103.5294118","103.5294118","102.2805805","102.7988943","102.9045643","102.8066528","104.0774015","102.6952315","102.739251","102.3842433","102.073255","100.0691085","99.723566","99.27488464","98.45088991","96.70402109","96.20962426","94.2649967","94.52867502","94.10019776","96.04482531","96.63810152","98.25313118","97.2972973","96.80290046","97.84735812","100.0326158","97.94520548","98.43444227","98.17351598","98.76060013","101.0437052","99.64122635","99.60861057","99.15198956","98.20613177","98.46705806","98.8258317","99.28245271","99.64122635","99.03333333","97.86666667","98.2333333333","97.76666667","98.46666667","99.13333333","99.26666667","98.83333333","98.63333333",
"종합","충북","월세수급동향","","100.3846154","99.12087912","99.34065934","99.34065934","99.34065934","99.23076923","99.56043956","99.34065934","99.50549451","100.3846154","100.8241758","99.89010989","100.2197802","100","98.2832618","96.94206009","97.21030043","96.83476395","96.56652361","96.62017167","96.51287554","96.62017167","96.7062635","96.65948276","96.49784483","93.22580645","92.91845494","93.18669528","93.40128755","96.0359408","96.19450317","96.67019027","97.46300211","95.03171247","95.13742072","95.45454545","95.0845666","95.0845666","94.82029598","93.71035941","92.12473573","92.86469345","82.56467942","82.90213723","82.84589426","84.30821147","84.36445444","84.0832396","83.63329584","83.40832396","83.5208099","83.68953881","83.18335208","83.23959505","83.64434687","85.07135016","85.29088913","85.34577387","86.11416026","90.12074643","90.61470911","90.66959385","95.27991218","95.22502744","95.93852909","97.74972558","97.20087816","97.69484083","99.12184413","98.40834248","97.80461032","100.0548847","101.8087855","100.1937984","101.8087855","105.6524548","104.1989664","101.6472868","103.2967033","102.1640827","102.8423773","102.5839793","102.8100775","101.7118863","103.1976744","100.4198966","99.93540052","101.0981912","99.51550388","98.09431525","96.88679245","96.13207547","97.04402516","97.45283019","97.73584906","97.26415094","97.57861635","98.14465409","99.27672956","100.3144654","99.33962264","97.32704403","99.25187032","101.1221945","100.6546135","100.7481297","101.0286783","100.436409","100.0935162","100.2182045","99.78179551","99.78179551","101.2157107","100.5610973","101.5897756","101.9326683","102.0885287","101.2373096","101.4911168","100.8883248731","101.8083756","101.4593909","100.5076142","100.8248731","100.4758883","99.61928934",
"종합","충남","월세수급동향","","96.4516129","96.4516129","97.55760369","95.71428571","94.37788018","92.76497696","92.48847926","93.13364055","94.37788018","91.75115207","91.10599078","89.9078341","89.58525346","88.66359447","94.04031551","95.04820333","92.6754386","92.55039439","94.04031551","92.86343612","93.1277533","92.42290749","92.55978742","92.49779347","92.45366284","93.06409131","93.28358209","93.32748025","91.08867428","92.55707763","92.73972603","91.59817352","95.38812785","91.82648402","91.46118721","88.81278539","90.63926941","91.78082192","92.10045662","91.50684932","91.68949772","91.96347032","92.1942758","95.14310494","94.36253252","94.79618387","95.27320035","94.79618387","95.14310494","94.49262793","94.05897658","94.53599306","94.05897658","95.31656548","96.34565778","97.33447979","96.38865004","93.33619948","95.39982803","96.40718563","100.1283148","102.9512404","106.3301967","107.3567151","108.1266039","110.7356715","110.2224123","109.1103507","108.8109495","109.6663815","107.6133447","106.1591104","109.1714435","110.1354872","111.54247","111.9854091","103.6737884","102.4491923","99.81732777","99.76550287","102.1365294","99.24400417","99.76550287","100","100.54716","102.2407504","101.2767066","101.6154247","99.42678478","95.80510683","95.25267994","95.04849413","93.7468096","94.20622767","95.76314446","96.5798877","97.7539561","97.54977029","96.45227157","97.90709546","99.71924451","98.9280245","97.54707631","99.33102081","98.36471754","97.91873142","97.79484638","98.14172448","97.47274529","97.47274529","97.72051536","97.94350842","97.96828543","98.61248761","98.38949455","97.59663033","97.74529237","97.48892171","96.50418513","97.3904480551","97.88281635","98.91678976","98.27671098","99.75381585","99.87690793","99.90152634",
"종합","전북","월세수급동향","","100.389755","100.7238307","102.8396437","100.5011136","100.77951","101.7817372","100.7238307","100.389755","101.55902","102.4498886","102.2828508","101.3919822","102.3942094","101.7260579","101.8374165","101.2249443","101.7817372","101.9487751","101.7817372","103.3407572","103.8418708","103.674833","103.1879195","102.4049217","100.9486607","100.1670379","100.5567929","101.3363029","101.3919822","99.54751131","99.6040724","98.98190045","98.64253394","98.81221719","98.02036199","97.85067873","97.34162896","96.88914027","97.05882353","96.21040724","95.36199095","95.19230769","94.83758701","94.31554524","93.73549884","92.11136891","92.45939675","92.16937355","91.99535963","91.93735499","90.31322506","90.48723898","89.84918794","90.42923434","93.04597701","92.75862069","93.90804598","94.13793103","93.67816092","94.77011494","93.85057471","94.65517241","94.71264368","94.31034483","95.34482759","97.93103448","96.20689655","96.20689655","95.8045977","95.91954023","96.20689655","97.93103448","100.2475248","102.3824257","103.5272277","111.5717822","101.6398515","100.2165842","98.42105263","101.4232673","102.5061881","102.0730198","104.0841584","103.2178218","101.9492574","103.0012376","101.1138614","101.4851485","96.19430693","94.18316832","90.54380665","92.35649547","88.09667674","89.12386707","89.45619335","89.66767372","91.17824773","92.11480363","95.55891239","95.01510574","94.38066465","94.04833837","93.76872379","94.8472139","96.13541043","95.80587178","95.38645896","95.77591372","95.62612343","98.53205512","96.58478131","98.38226483","96.52486519","97.96285201","98.50209706","99.6405033","99.97004194","98.78123096","99.32967703","99.6039000609","100.5179768","101.7672151","101.8586228","101.889092","102.4070689","103.1687995",
"종합","전남","월세수급동향","","101.8987342","101.2171373","100.2434275","100.2434275","97.95520935","100.6815969","98.29600779","96.54333009","96.29990263","97.27361246","97.6630964","96.39727361","96.88412853","97.80915287","98.00947867","96.96682464","98.29383886","98.67298578","98.53080569","100.1895735","100.3791469","99.85781991","99.09952607","98.81516588","98.67298578","99.76303318","100","100.1421801","100.2369668","99.76580796","100.8782201","100.6440281","100","98.30210773","97.65807963","96.2529274","95.84309133","97.59953162","99.29742389","99.82435597","100","99.29742389","100","101.1705686","102.0624303","103.6789298","101.6164994","99.88851728","99.1638796","97.4916388","98.77369008","97.54738016","100.3901895","100.3344482","100.1109878","98.27968923","98.44617092","99.05660377","99.33407325","100.3884573","100.6104329","98.94561598","99.44506104","102.2752497","103.9955605","104.5504994","105.327414","105.9378468","104.6614872","104.2175361","104.4950055","106.5482797","100.9751177","103.2952253","102.2528581","103.3624748","100.0336247","99.79770735","99.42837929","98.5205111","97.03504043","98.55413584","98.31309042","98.6204576","98.78869448","97.57738896","96.70477471","95.69603228","93.91392065","91.45931406","91.09324759","92.31511254","92.82958199","93.05466238","94.21221865","94.34083601","95.01607717","95.53054662","96.36655949","96.91318328","98.84244373","97.78135048","97.2555205","97.69716088","98.13880126","98.07570978","97.06624606","96.37223975","95.67823344","95.70977918","95.36277603","95.48895899","96.05678233","96.5615142","96.78233438","96.30914826","97.31861199","96.94337194","97.71557272","97.7155727156","97.84427284","97.74774775","97.42599743","98.45559846","97.90862291","99.29214929",
"종합","경북","월세수급동향","","99.57597173","100.9893993","101.2367491","99.29328622","99.08127208","94.62897527","93.8869258","94.13427562","92.29681979","91.90812721","91.09540636","90.77738516","90.98939929","89.22261484","88.56548857","85.16978517","85.70437196","86.65973666","84.996535","85.1004851","85.51628552","84.1995842","83.06731437","84.66342817","83.17140874","83.34489938","82.30395559","82.68563498","81.54059681","85.91253154","84.2724979","84.10428932","82.75862069","80.36164844","78.51135408","76.78721615","75.65180824","72.11942809","72.24558452","73.88561817","72.87636669","70.98402019","70.75242718","65.57443366","65.85760518","66.05987055","65.29126214","65.65533981","66.62621359","68.85113269","69.41747573","68.85113269","69.70064725","69.9433657","75.55732484","78.18471338","80.0955414","80.45382166","80.85191083","81.4888535","89.8089172","92.03821656","92.03821656","94.10828025","94.94426752","97.37261146","97.73089172","99.20382166","98.92515924","98.56687898","98.48726115","99.60191083","103.2432432","104.1216216","102.3648649","105.0900901","104.8198198","103.8063063","103.1081081","103.5150969","103.6036036","102.5710419","103.1996395","104.4409378","105.5480379","106.7117117","107.2072072","107.4324324","105.990991","104.954955","104.1739895","103.5149385","103.4929701","102.8339192","102.043058","101.7794376","101.0347864","100.5284016","100.4403347","99.88991634","99.62571554","100.1761339","100.3078276","100.1978892","100.5936675","99.62620932","99.6701847","99.80211082","98.76868953","98.96657872","98.81266491","98.41688654","98.59278804","98.85664028","99.01055409","98.26297274","98.57080035","98.1967943","97.39536955","96.7943009795","97.23953695","97.12822796","96.460374","96.95013357","96.3935886","96.70525378",
"종합","경남","월세수급동향","","98.66984993","97.37380628","97.98772169","96.79399727","96.65757162","96.89631651","95.60027285","96.96452933","96.75989086","96.75989086","95.4638472","93.11050477","92.93997271","92.87175989","92.91497976","92.67881242","92.98245614","90.48582996","91.02564103","91.90283401","91.39676113","90.78590786","89.3877551","88.61788618","88.24324324","86.21621622","84.93243243","85.06756757","84.22297297","80.79872204","79.71246006","79.6485623","78.49840256","77.50798722","76.10223642","73.13099042","71.72523962","70.3514377","67.8913738","66.23003195","65.04792332","64.31309904","63.40621404","62.60069045","59.83889528","60.73072497","58.1127733","57.27848101","64.90218642","64.26927503","63.69390104","64.03912543","64.64326812","67.98043728","69.08936652","68.69343891","69.79638009","69.1459276","68.58031674","71.91742081","86.34049774","88.26357466","89.22511312","90.97850679","95.55995475","98.52941176","98.52941176","96.52149321","98.69909502","95.02262443","93.18438914","95.50339367","101.2857602","101.6714883","102.8608165","106.316297","102.7161684","100.4826255","101.6403988","101.2054002","101.5117401","102.0893603","102.4758842","103.6346092","103.363373","104.9341048","102.7322404","102.2982964","101.7679203","99.66248795","96.24960605","96.20233218","95.90293098","96.0447526","95.83989915","95.35140246","96.59628112","97.19508352","98.12480303","98.80239521","98.67633155","98.03025528","98.0349345","97.61384903","97.86338116","96.84965689","97.47348721","97.83218964","97.13038054","98.42482845","99.14223331","99.5165315","99.78165939","100.577043","100.2027449","99.98440424","99.96880848","99.5593327","98.91406988","100.2203336481","100.6767391","101.7469311","102.6912181","103.210576","103.7928864","105.0361977",
"종합","제주","월세수급동향","","97.33146067","101.1235955","102.5280899","103.9325843","111.0955056","108.3333333","120.2247191","112.7808989","106.6011236","97.47191011","82.44382022","84.83146067","87.35955056","90.58988764","90.31914894","91.38297872","94.25531915","91.59574468","94.14893617","92.34042553","89.36170213","88.93617021","89.91416309","91.27659574","89.57446809","90.74468085","89.78723404","90.63829787","90.31914894","95.8677686","95.45454545","95.31680441","95.17906336","92.56198347","90.49586777","89.80716253","86.08815427","81.26721763","81.81818182","82.23140496","83.19559229","82.36914601","83.24937028","85.01259446","85.01259446","84.50881612","84.76070529","81.86397985","82.87153652","82.49370277","81.98992443","80.85642317","80.10075567","78.71536524","78.55421687","75.6626506","74.3373494","73.73493976","72.89156627","72.04819277","71.68674699","71.56626506","70.72289157","70.96385542","71.08433735","73.85542169","76.86746988","78.79518072","78.6746988","79.51807229","82.40963855","84.57831325","95.56521739","98","99.13043478","101.4782609","101.826087","103.4782609","103.1304348","102.9565217","99.2173913","100.6980803","100.6097561","98.86759582","99.91304348","100.9565217","99.39130435","100.4347826","103.1304348","99.2173913","101.0362694","98.70466321","97.15025907","91.88255613","92.0552677","93.35060449","94.73229706","95.33678756","94.21416235","95.07772021","96.02763385","95.33678756","98.28473413","98.19897084","98.28473413","92.45283019","93.22469983","93.82504288","93.73927959","92.53859348","94.25385935","91.85248714","91.59519726","92.96740995","91.42367067","90.82332762","87.99313894","88.38475499","88.20326679","88.4754990926","91.01633394","90.19963702","89.38294011","88.9292196","90.38112523","92.10526316",
"아파트","전국","월세수급동향","","95.4356983","95.59365539","96.46900092","96.75200737","96.29788074","95.29686677","95.2909043","95.1592734","95.23825194","95.26457812","95.15269185","94.98157167","94.81045149","94.26089246","94.63048499","94.39312292","94.62910678","94.21349756","94.44765204","94.76117103","94.92297818","94.62655868","94.35170807","94.3499549","94.12408289","93.93063584","93.37914205","93.93783714","92.68558952","92.90480987","92.43358932","92.40840992","92.11884678","88.36082085","86.35276344","85.86805993","85.64774015","85.72327836","86.19539217","85.40224097","84.63426917","83.76557976","81.1407767","79.23543689","78.09466019","77.78519417","77.94296117","77.97936893","79.93932039","82.02669903","83.21398228","84.0544969","86.16640369","89.1717233","90.68250641","91.53080238","91.81707033","90.82838514","90.52276167","93.96240689","100.2908668","102.3763816","106.1896451","108.4002327","111.1634671","115.3344968","114.4328098","113.4089587","111.6084933","109.3513671","108.214078","110.5700989","107.7371429","108.9771429","109.1785714","112.4385714","104.3128571","100.301644","100.1257574","99.70424346","100.1357764","101.0245492","101.1168631","100.8872443","100.6359869","101.4006003","99.59428571","98.59571429","94.86714286","91.75714286","89.54027778","89.35138889","89.98333333","90.72638889","91.87638889","92.54027778","93.03055556","94.14305556","95.1","95.49861111","95.77777778","95.22222222","95.39945652","96.15081522","96.19157609","96.2826087","96.96195652","96.8763587","97.44565217","97.89809783","98.13994565","98.48505435","98.45788043","98.41168478","98.40217391","98.58288043","98.93206522","98.61107419","98.82240357","99.0164544512","99.22645472","99.58531593","100.1156331","101.0486722","101.5098753","101.9391797",
"아파트","수도권","월세수급동향","","91.65406713","92.21348654","92.92410039","94.43604475","93.64983369","93.19625038","93.77078923","94.17901421","94.23949199","94.64771696","95.07106138","95.47928636","95.34321137","94.61747808","94.324564","94.85663612","94.97338853","95.32958912","95.57345551","95.71386343","96.30505469","96.75651659","96.94029851","96.58449658","96.30782918","95.72485207","95.0443787","95.84319527","94.8964497","94.7651535","94.4386149","94.63536201","93.76967471","89.23137461","86.43756558","87.56558237","87.67051417","88.53620147","90.03147954","88.90346275","88.30010493","87.26390346","84.15286624","80.67515924","78.99363057","78.77707006","80.44585987","81.14649682","83.8089172","88.12738854","90.49439348","91.73037717","93.45056065","97.70700637","98.0954677","98.7403568","99.34321523","98.37951807","97.43373494","101.8373494","107.6089574","109.6978088","113.6768601","116.5181796","118.0953528","121.1052251","119.9012762","118.7695642","115.8740669","113.1772213","112.0695882","115.6332771","111.6604478","112.6865672","112.5842561","115.0999037","104.51974","99.1419281","99.72912779","98.48010594","99.156982","101.2822828","101.114525","100.8907078","100.1685529","101.2825145","99.11831969","97.41514203","92.61254213","88.62542128","85.98114423","85.91087428","87.20501259","88.54599754","90.72729402","91.63494759","92.38742168","93.70791123","95.04596826","95.26556187","95.67546993","95.30069684","95.28204835","96.07361262","96.19649083","97.02520432","98.26827456","98.16254215","99.82282677","100.1114477","100.6001029","101.0458936","100.6601132","100.1371664","99.89140996","100.1257358","100.614391","100.2067848","100.6734477","101.0702509361","101.3189515","101.3720449","102.263455","103.2275191","103.8366959","103.8702286",
"아파트","지방","월세수급동향","","98.35081585","98.1993007","99.2016317","98.53729604","98.33916084","96.91653066","96.46270396","95.91491841","96.00815851","95.74009324","95.21561772","94.5979021","94.3997669","93.98601399","94.86510995","94.03763319","94.36507937","93.3575153","93.58422127","94.02951192","93.86203767","92.99341358","92.37094564","92.63768776","92.44939732","92.553916","92.10167953","92.47616886","90.98955969","91.1885742","90.58339385","90.35342532","90.59549746","87.55749213","86.2745098","84.30162188","83.78116679","83.12757202","82.65553135","82.17138707","81.25151295","80.53740015","78.400927","77.92584009","77.2769409","76.8829664","75.66628042","75.09849363","76.41946698","76.4774044","76.59327926","77.07415991","79.54229432","81.40787949","83.75394322","84.79387249","84.7826087","83.76886686","84.06172561","86.60513282","93.44889689","95.53129221","99.18955425","100.8104457","104.6825754","109.9392166","109.3201261","108.3971184","107.6204412","105.7744259","104.6094102","105.836335","104.1911445","105.624456","106.1004134","110.033181","104.1258703","101.3501742","100.4843537","100.8105756","101.0202971","100.7916213","101.1189763","100.8841132","101.0586186","101.5073189","100.0244778","99.66275022","96.90491732","94.58768494","92.75220631","92.45627015","92.49061988","92.69407599","92.91338583","93.35729007","93.61094964","94.53575015","95.14876077","95.70892565","95.87010516","95.15140305","95.50587992","96.2207947","96.18712117","95.60949075","95.77785836","95.71051132","95.29088743","95.89183029","95.90996218","96.16380873","96.46168989","96.84764026","97.05227167","97.18437549","97.40713879","97.16364189","97.14336409","97.153502991","97.32839907","97.96461523","98.16739329","99.07229038","99.39927","100.1875697",
"아파트","6대광역시","월세수급동향","","98.36695485","98.34293948","99.13544669","99.47166186","99.47166186","97.81460134","98.39097022","97.16618636","97.4543708","97.76657061","97.57444765","98.34293948","97.71853987","97.57444765","97.2392638","96.50778669","96.62576687","96.20103823","95.9886739","96.38468809","96.36449481","96.41001417","95.94017094","95.64806055","95.17502365","95.25271611","94.59140293","94.68587624","94.09541804","92.33102253","91.4644714","91.91941075","92.22270364","88.25823224","86.43847487","85.03032929","84.05545927","83.5355286","83.18890815","83.0372617","82.5389948","81.99740035","80.00839983","79.71440571","79.86140277","79.10541789","78.45443091","77.99244015","78.70642587","78.79042419","80.02939941","81.22637547","85.02729945","86.93826123","87.83041887","89.83326556","89.75193168","88.45058967","88.33875559","89.6095974","93.72712485","96.14680765","101.3115087","103.5685238","108.956893","113.7962586","112.6982513","112.7389183","111.0207401","109.4855632","109.49573","111.0410736","102.7125506","106.3663968","109.0384615","113.3451417","105.242915","101.1852902","99.40277356","100.3239522","99.44815715","100.8503746","100.4608528","99.25101215","99.35702714","99.83804029","97.6417004","96.47267206","92.40384615","90.13663968","88.67719645","88.00098717","89.30898322","89.36821323","89.87166831","90.32576505","90.22211254","91.24876604","92.07305035","92.41855874","92.47285291","92.04837117","92.6158718","93.20122829","93.70501871","93.73380674","94.32396123","93.89214087","93.61865464","94.47749736","94.66461952","95.34113809","95.75856444","95.91689857","95.88811055","96.08003071","96.05124268","95.82317645","95.85130321","95.1434464654","95.56534783","96.26382899","96.85449091","97.95612226","98.92180761","100.1171948",
"아파트","5대광역시","월세수급동향","","98.55286474","98.43473125","99.37979917","99.40933255","99.40933255","97.34199646","97.25339634","95.7767277","96.16066155","96.54459539","96.27879504","96.57412877","96.04252806","96.36739516","96.54069767","95.81395349","96.13372093","95.61046512","95.34883721","95.92312172","95.840605","95.89639115","95.16695958","94.83965015","94.22740525","94.26658906","93.71362049","93.59720605","93.04423749","91.60762943","90.49046322","90.98092643","91.38964578","87.82016349","86.73024523","85.23160763","84.38692098","84.0599455","83.56948229","83.02452316","82.1253406","81.25340599","78.98627244","78.95987328","79.40865892","78.43189018","77.21752904","76.7687434","76.39915523","76.84794087","76.92713833","78.19429778","82.60295671","84.63569166","86.73076923","88.08974359","87.06410256","85.24358974","85.57692308","87.3974359","92.91025641","95.29487179","100.6025641","102.5512821","108.4230769","114.5","113.2692308","112.2179487","110.5512821","108.9871795","108.6153846","109.6666667","103.2559928","106.4607102","107.5246763","112.1971542","104.6852968","100.455537","98.95526215","100.1474359","99.89099769","100.0769132","99.76908275","98.43609794","98.65974093","98.72435897","96.8401487","96.03896936","92.22535572","89.68721959","87.8097622","87.02753442","88.64205257","88.91739675","89.48685857","90.08135169","89.9436796","91.25782228","91.57697121","91.9649562","92.12140175","91.6020025","92.35645496","92.77703279","93.13056199","92.99646471","93.16713398","92.85017676","92.51493356","93.03913202","92.96598805","93.36218457","93.89247836","94.00219432","94.34353285","94.88601731","94.93477996","94.94630072","95.36396181","94.8866348449","94.72553699","95.27446301","95.70405728","96.87947494","97.69689737","98.86038186",
"아파트","9개도","월세수급동향","","95.36327762","95.46773445","96.0132312","96.59354689","95.96680594","94.47991642","94.0865831","94.57404828","94.63207985","94.53922934","94.39995357","93.70357474","93.8312442","93.52367688","94.36047823","93.99954884","94.31279621","93.79652605","94.23640875","94.66139955","94.86455982","94.35775667","94.01592719","94.13363533","93.95243488","93.73164671","92.99909666","93.76693767","92.26513098","93.77349624","93.38736199","93.26990839","93.02325581","89.1237961","87.87878788","87.30326521","86.82170543","87.03312192","86.96264975","85.79985906","85.04815598","84.51961475","82.54832259","81.2708287","79.63785825","78.84914463","79.02688291","78.96023106","80.34881138","82.20395468","83","83.25","84.31666667","86.75294379","88.44542329","89.10311493","89.83351235","88.61976369","88.97422127","92.77050236","99.95170637","101.8566216","105.0386349","107.1420906","108.9879803","112.5509766","112.0251127","111.0592402","110.2865422","108.2099163","106.4928096","108.9396866","110.4381575","110.8415892","109.1410479","112.5983046","104.4734961","100.4598406","101.0627427","100.178763","101.4894487","102.5311606","102.4056652","102.21422","102.0334134","102.6517474","100.7226024","99.64252885","96.15207844","92.94760494","90.77583213","90.76839129","90.98665608","91.72578005","92.88407163","93.50662235","94.33999702","95.45612382","96.61689568","97.15263654","97.36594077","96.74587033","96.82578262","97.73964612","97.37993389","97.22195217","97.51118024","97.33618511","98.15525958","98.70941085","98.88440599","99.23196578","99.1468987","99.25627066","99.27085359","99.32675481","99.81285242","99.39481678","99.48025441","99.8647237517","100.0640782","100.2634327","100.5600911","101.1771407","101.4215872","101.5711031",
"아파트","8개도","월세수급동향","","98.37519936","98.33532695","99.19258373","98.13596491","97.65749601","96.65935381","95.94298246","96.04266348","95.86323764","95.1854067","94.38795853","93.07216906","93.17185008","92.24481659","93.39659179","92.52517428","92.87098024","91.71185128","92.31216112","92.84606437","93.07871268","91.82841615","91.49102264","91.63424125","91.37193937","91.09775019","90.50019387","91.08181466","89.16246607","90.59139785","90.16577061","89.87455197","89.78494624","87.09677419","85.75268817","83.64695341","83.33333333","82.37007168","81.58602151","80.75716846","79.70430108","79.03225806","76.81779299","76.24037639","74.8716852","75.2566296","74.14456801","73.69546621","76.06928999","75.83404619","75.79127459","75.69503849","76.48631309","78.19717707","80.67516722","81.33096532","82.14584204","81.79063936","82.12494776","85.21494157","92.28923205","94.27170284","96.79674457","98.42445743","100.8868948","104.8518364","104.6640234","103.9545075","104.3510017","102.765025","101.5755426","103.1406511","105.1136918","105.0551381","105.1478482","108.553723","103.9718942","102.412345","101.9974604","101.7421433","102.3674705","101.8500439","102.5498242","103.0118129","103.1689453","103.8472805","102.6300381","102.6885918","100.6294525","98.52639797","96.63452448","96.52108149","95.67498582","95.59935716","95.56626962","95.83569673","96.47381358","97.13556438","97.83512951","98.53942144","98.73794668","97.89185101","98.02551923","98.99878923","98.74266555","98.03948962","98.02551923","98.12331191","97.78336593","98.41668995","98.31889727","98.57036416","98.59364813","99.16177703","99.27354009","99.11986588","99.45981187","98.74703845","98.40532167","98.7652633497","99.22088573","99.89520685","99.87242573","100.5057408","100.4465099","101.0069255",
"아파트","서울","월세수급동향","","90.38461538","91.41323792","93.29159213","92.57602862","91.5921288","93.6940966","94.09660107","93.6940966","93.29159213","93.33631485","93.29159213","93.24686941","92.93381038","90.6529517","89.98234775","91.26213592","91.43865843","91.8799647","92.25507502","92.36540159","93.77758164","94.25287356","95.12522361","93.98931434","93.23607427","91.65194346","91.51943463","91.87279152","90.81272085","90.75342466","90.29680365","90.63926941","88.81278539","85.69254186","81.01217656","82.95281583","84.8173516","85.46423135","88.62252664","87.21461187","85.73059361","83.02891933","76.43137255","69.68627451","68.15686275","70.94117647","72.82352941","74.58823529","80.35294118","87.17647059","89.37254902","91.76470588","94.19607843","101.2941176","102.6870007","101.8881627","101.3425254","101.6678753","98.8759971","104.9673677","110.8254888","113.1788559","117.0890659","120.0941347","121.5785663","125.4525706","123.4974656","120.5648081","115.8580739","112.5271542","112.3823316","116.2925416","107.7566321","107.266436","110.0442138","110.6016917","102.4894271","98.71054657","98.63487791","97.51057286","97.25052874","96.71217074","98.3073668","99.51941561","98.33653846","100.0865718","99.38485198","99.14455978","94.89619377","90.58054594","86.60380881","86.29574309","87.86407767","89.50709485","91.93427931","93.04518297","93.55862584","94.8935773","95.08961912","95.08961912","96.11650485","95.61239731","95.55473916","96.07825129","96.89566495","98.51212344","100.5143277","101.3776635","102.9665687","102.1950771","102.4430566","102.3603968","101.4878766","100.3765614","100.3214548","101.0102866","101.5429831","100.8888083","101.9771449","103.1561763105","103.0473426","103.2831489","104.5075277","106.1944495","106.4937421","106.6025757",
"아파트","강북권역","월세수급동향","","88.07017544","87.89473684","92.54385965","92.28070175","90.70175439","92.89473684","93.24561404","92.80701754","90.96491228","90.78947368","90.43859649","90","90","88.94736842","90.27777778","89.0625","88.45486111","90.19097222","90.234375","90.625","91.40625","92.53472222","93.42105263","91.55052265","89.28571429","87.13043478","87.04347826","87.04347826","86.60869565","84.34579439","83.87850467","84.50155763","83.72274143","81.77570093","76.09034268","77.88161994","79.59501558","79.12772586","79.12772586","78.66043614","77.3364486","77.02492212","70.41800643","67.76527331","67.1221865","69.1318328","70.41800643","70.73954984","78.37620579","81.75241158","83.68167203","86.33440514","87.29903537","91.39871383","92.92035398","95.20648968","94.69808542","96.91176471","94.85294118","103.5294118","109.7794118","112.3529412","117.7941176","120.4411765","121.8382353","127.3529412","125.0735294","123.0147059","118.0147059","116.1764706","116.3235294","121.5441176","112.8134796","113.5579937","112.8526646","111.9122257","104.2711599","99.15752351","98.19749216","97.55094044","97.29517836","97.8243826","99.68627451","100.1371473","100.6661442","103.1347962","102.9388715","102.3315047","98.15830721","92.98589342","92.10026586","92.19521458","92.82187619","92.7838967","94.2461071","94.30307634","95.76528675","96.65780479","96.790733","96.20205089","96.790733","96.25902013","95.82401193","96.99850858","97.81879195","100.5592841","102.9642058","103.2252051","103.9522744","103.0201342","103.0947054","102.4235645","101.808352","100.2982849","100.2237136","100.4660701","100.9134974","100.5899705","101.5117994","103.1895280236","103.5951327","103.0420354","104.9225664","106.3606195","106.6740413","106.9137168",
"아파트","도심권","월세수급동향","","82.52427184","82.52427184","86.40776699","86.40776699","87.86407767","88.34951456","88.34951456","88.34951456","88.34951456","88.34951456","88.34951456","88.34951456","88.34951456","86.40776699","96.11650485","97.08737864","96.60194175","96.60194175","98.05825243","96.60194175","96.60194175","103.3980583","103.8834951","105.3398058","105.8252427","102.4271845","103.8834951","106.7961165","105.3398058","102.1505376","102.1505376","102.688172","104.3010753","95.69892473","89.24731183","102.1505376","102.1505376","101.0752688","101.6129032","103.7634409","97.31182796","97.84946237","93.22916667","89.58333333","90.10416667","90.10416667","89.58333333","91.66666667","81.77083333","84.375","87.5","89.58333333","90.10416667","102.0833333","100.9090909","105","108.1081081","103.5714286","97.76785714","106.6964286","105.8035714","107.1428571","118.75","125","126.7857143","133.0357143","125","120.0892857","113.8392857","112.5","111.1607143","123.2142857","110.6811146","109.4427245","100.1547988","108.0495356","111.6099071","98.60681115","96.90402477","97.21362229","95.04643963","98.44720497","95.34161491","96.28482972","97.9876161","96.59442724","98.29721362","97.67801858","94.73684211","91.79566563","92.04204204","91.29129129","94.44444444","91.74174174","91.44144144","92.64264264","93.54354354","94.29429429","95.64564565","93.84384384","94.44444444","94.44444444","93.08823529","94.26470588","94.41176471","95.14705882","100","101.3235294","103.0882353","103.0882353","102.2058824","102.7941176","102.3529412","102.5","101.7647059","102.5","102.7941176","102.7456647","102.8901734","104.3352601156","102.4566474","101.734104","104.3352601","107.0809249","107.2254335","107.5144509",
"아파트","동북권","월세수급동향","","92.40687679","92.12034384","97.70773639","96.13180516","93.12320917","96.70487106","97.27793696","96.56160458","92.40687679","92.12034384","91.83381089","91.26074499","91.26074499","90.40114613","90.2266289","90.2266289","90.2266289","90.2266289","90.29745042","90.08498584","90.08498584","90.65155807","90.63400576","86.89458689","82.62108262","81.53409091","80.53977273","80.39772727","80.11363636","80.4400978","79.3398533","78.97310513","77.26161369","77.1393643","73.71638142","73.9608802","74.93887531","73.59413203","72.73838631","72.61613692","72.49388753","72.8606357","66.07142857","65.17857143","64.92346939","67.34693878","68.36734694","69.13265306","76.78571429","78.95408163","80.86734694","83.16326531","84.18367347","87.11734694","89.0736342","91.09263658","89.78622328","94.89311164","92.51781473","104.0380048","113.8954869","117.4584323","121.7339667","121.2589074","121.7339667","128.3847981","126.3657957","124.7030879","118.5273159","116.152019","116.5083135","122.2090261","112.6047904","114.9700599","116.497006","112.994012","103.502994","99.58083832","99.25149701","98.77245509","98.77171959","98.17365269","102.2754491","102.1257485","101.3473054","102.0958084","101.257485","102.6946108","98.95209581","93.56287425","92.73204904","92.81961471","92.99474606","93.54932866","94.80443666","95.06713368","95.91360187","97.34384121","96.9352014","96.81844717","96.87682428","96.99357852","96.84270953","98.39265212","98.70838117","103.1572905","104.6785304","104.5063146","104.9368542","103.6452354","103.7313433","102.4971297","101.7508611","99.65556831","99.65556831","99.97129736","100.315729","99.77220957","101.167426","103.3599088838","104.4703872","103.3314351","105.0398633","106.5205011","107.4031891","108.0580866",
"아파트","서북권","월세수급동향","","80.08474576","80.08474576","82.62711864","86.01694915","86.01694915","85.59322034","85.59322034","85.59322034","88.98305085","88.98305085","88.13559322","87.71186441","87.71186441","86.86440678","85.41666667","78.75","76.25","84.58333333","83.33333333","87.08333333","90.83333333","88.75","92.5","93.33333333","94.58333333","90.41666667","91.66666667","89.58333333","89.58333333","83.92857143","85","88.57142857","88.92857143","86.07142857","74.28571429","73.21428571","78.21428571","80.71428571","82.85714286","79.64285714","78.21428571","75.35714286","66.79104478","59.70149254","57.08955224","59.32835821","62.68656716","60.44776119","80.59701493","88.05970149","89.17910448","93.28358209","94.40298507","96.26865672","97.95918367","99.65986395","98.63945578","97.61904762","99.31972789","99.65986395","101.0204082","101.7006803","105.7823129","114.6258503","118.3673469","120.0680272","121.4285714","120.4081633","119.7278912","119.047619","119.7278912","118.3673469","114.6690519","111.7173524","109.3023256","110.9123435","102.3255814","98.21109123","95.7960644","94.09660107","94.18604651","96.42218247","94.44444444","96.42218247","100.1788909","110.0178891","110.6440072","103.9355993","97.76386404","91.94991055","90.28960818","90.88586031","91.39693356","91.14139693","94.20783646","93.0153322","96.59284497","95.99659284","97.01873935","95.74105622","97.87052811","95.14480409","94.41666667","94.5","97.16666667","96.08333333","99.66666667","100.5833333","101.5833333","101.1666667","101.75","102","101.6666667","100.9166667","101","100.75","101.5833333","101.7213115","101.7213115","102.0491803279","101.7213115","102.9508197","104.9180328","105.4918033","104.2622951","103.2786885",
"아파트","강남권역","월세수급동향","","92.7919708","95.0729927","94.06934307","92.88321168","92.51824818","94.52554745","94.98175182","94.61678832","95.71167883","95.98540146","96.25912409","96.62408759","95.98540146","92.4270073","89.67684022","93.53680431","94.52423698","93.62657092","94.34470377","94.16517056","96.22980251","96.03603604","96.89781022","96.53916211","97.3070018","96.31956912","96.14003591","96.85816876","95.15260323","96.875","96.42857143","96.50297619","93.67559524","89.43452381","85.71428571","87.79761905","89.80654762","91.51785714","97.69345238","95.38690476","93.75","88.76488095","82.15926493","71.51607963","69.1424196","72.66462481","75.11485452","78.25421133","82.23583461","92.34303216","94.79326187","96.93721286","100.7656968","110.719755","112.1602289","108.3690987","107.7968526","106.2947067","102.7896996","106.3662375","111.8402282","113.9800285","116.4051355","119.7574893","121.3266762","123.6091298","121.9686163","118.1883024","113.7660485","108.9871612","108.5592011","111.1982882","102.8867925","101.2075472","107.3396226","109.3396226","100.7735849","98.27912254","99.05624764","97.47169811","97.20754717","95.64150943","96.97999245","98.9245283","96.09138973","97.14663643","95.96226415","96.0754717","91.75471698","88.26415094","81.28901946","80.59125964","83.07014322","86.33859714","89.69886155","91.82886522","91.42489901","93.18766067","93.44473008","94.0139552","95.46456115","94.98714653","95.29326575","95.18464881","95.99927589","96.52425778","98.13540912","99.58363505","102.0094135","101.3939175","101.8102824","102.2990587","101.1766836","100.4525706","100.416365","101.53874","102.1542361","101.1781507","102.4277044","103.123884327","102.5169582","103.5166012","104.1056765","106.0335594","106.3191717","106.301321",
"아파트","서남권","월세수급동향","","90.15873016","94.12698413","93.80952381","93.17460317","92.38095238","96.50793651","97.46031746","96.82539683","98.73015873","98.88888889","99.04761905","99.04761905","98.25396825","95.07936508","91.84952978","97.80564263","99.52978056","99.37304075","99.21630094","99.21630094","99.68652038","99.37304075","100.4716981","100.6269592","100.6269592","100.4702194","100.4702194","100.6269592","99.05956113","97.69021739","96.875","97.69021739","93.88586957","91.16847826","89.67391304","91.71195652","94.1576087","93.88586957","96.4673913","97.01086957","96.875","93.3423913","86.87845304","75.27624309","70.3038674","71.13259669","70.99447514","76.51933702","79.55801105","88.95027624","93.50828729","95.02762431","100.8287293","113.3977901","111.8925831","108.8235294","106.1381074","104.7314578","98.72122762","101.9181586","105.1150895","108.9514066","112.6598465","117.1355499","119.0537084","122.3785166","120.7161125","117.9028133","114.3222506","110.6138107","109.2071611","108.3120205","101.5353805","102.9706275","105.9078772","103.5046729","99.49933244","98.66220736","101.0013351","99.23230975","99.26568758","97.83044059","99.03204272","98.69826435","98.29545455","98.8317757","97.89719626","98.23097463","93.02403204","88.61815754","83.43079922","82.58609487","85.28265107","87.5568551","90.09096816","90.90318389","92.2677063","94.54191033","96.78362573","97.43339831","97.59584146","97.43339831","97.39549839","98.585209","98.52090032","98.97106109","100.5787781","102.6045016","104.3086817","103.4083601","104.1157556","103.6977492","102.6688103","102.0900322","101.5434084","102.7974277","103.2154341","102.7954257","103.8119441","104.1613722999","103.9390089","105.1143583","105.3049555","106.8614994","107.0838628","107.0520966",
"아파트","동남권","월세수급동향","","96.35193133","96.35193133","94.42060086","92.48927039","92.70386266","91.84549356","91.63090129","91.63090129","91.63090129","92.06008584","92.48927039","93.34763948","92.91845494","88.84120172","86.76470588","87.81512605","87.81512605","85.92436975","87.81512605","87.39495798","91.59663866","91.52542373","91.95652174","90.86956522","92.85714286","90.75630252","90.33613445","91.80672269","89.91596639","95.88815789","95.88815789","95.06578947","93.42105263","87.33552632","80.92105263","83.05921053","84.53947368","88.65131579","99.17763158","93.42105263","89.96710526","83.22368421","76.28865979","66.83848797","67.6975945","74.57044674","80.24054983","80.41237113","85.56701031","96.56357388","96.39175258","99.31271478","100.6872852","107.3883162","112.5","107.7922078","109.9025974","108.2792208","107.9545455","112.012987","120.3225806","120.3225806","121.1290323","123.0645161","124.1935484","125.1612903","123.5483871","118.5483871","113.0645161","106.9354839","107.7419355","114.8387097","104.6440972","98.91493056","109.2013889","116.9270833","102.4305556","97.78067885","96.52476108","95.18229167","94.53125","92.79513889","94.30929626","99.21875","93.22916667","94.94773519","93.44618056","93.27256944","90.10416667","87.80381944","78.50506757","77.99831081","80.19425676","84.75506757","89.18918919","93.03209459","90.32939189","91.42736486","89.10472973","89.56925676","92.69425676","91.80743243","92.58492129","90.8036454","92.75062138","93.37199669","94.98757249","95.69179785","99.04722452","98.7986744","98.84009942","100.4971002","99.25434963","98.34299917","98.96437448","99.91714996","100.7870754","99.10350448","100.6519967","101.792991035","100.6927465","101.4669927","102.5672372","104.9714751","105.3382233","105.3382233",
"아파트","경기","월세수급동향","","91.16666667","91.47222222","91.58333333","94.44444444","93.61111111","91.44444444","91.5","92.52777778","92.91666667","93.63888889","94.41666667","94.58333333","94.75","95.30555556","95.70502431","96.05618585","96.32432432","96.70448406","96.92058347","97.19070773","97.35278228","97.88732394","97.54500818","97.61517615","97.55700326","97.40400216","96.48458626","97.51216874","96.59275284","97.2826087","96.9382716","97.01234568","96.59259259","91.35802469","90.22222222","91.33333333","90.66666667","92.17283951","92.88888889","91.35802469","90.9382716","90.56790123","88.74248729","86.70827554","84.78964401","82.73231623","84.30420712","84.65094776","84.97457235","89.08922792","90.79555967","91.4199815","92.78445883","96.00092464","96.6622458","97.32537577","97.96640141","95.8443855","96.22015915","100.7736516","108.0645161","109.8873177","113.7649138","116.3720725","117.565179","120.7026072","119.8188246","118.5815289","116.5709236","113.9748122","111.699072","115.0795404","116.2828066","117.1933583","113.5243706","117.0380289","105.0241028","98.31779706","100.0374973","98.46244509","100.5253002","103.2786885","102.2473718","101.3390466","100.7875281","101.3396206","98.62881628","96.2988752","91.23727906","86.82378147","84.30748356","84.41707546","85.8104582","87.44911805","89.9227638","90.93518422","91.98413527","93.60192047","95.27189229","95.62154264","95.85116376","95.48063876","95.51601423","96.36502288","95.89222166","96.32943569","96.94966955","96.47686833","98.5612608","99.02897814","99.50177936","99.95424504","99.75088968","99.3594306","99.26792069","99.5526182","100.1982715","100.0990688","100.6489003","101.0600356648","100.9807807","100.6637606","101.3077075","101.9070735","102.4816723","102.184466",
"아파트","경부1권","월세수급동향","","90.90909091","92.63322884","89.96865204","94.20062696","94.20062696","86.67711599","85.42319749","94.82758621","94.82758621","94.51410658","94.51410658","94.67084639","94.51410658","95.14106583","94.42675159","95.06369427","98.08917197","100.955414","101.910828","102.866242","102.388535","102.2292994","101.7515924","102.866242","100.7961783","100.6369427","100.477707","101.7515924","100.955414","95.77656676","95.77656676","94.95912807","93.05177112","88.01089918","85.83106267","86.10354223","85.69482289","85.83106267","90.73569482","91.00817439","90.32697548","89.23705722","84.16886544","79.15567282","73.74670185","69.65699208","71.10817942","74.53825858","81.39841689","86.4116095","92.48021108","92.48021108","93.27176781","98.28496042","98.17708333","94.921875","94.79166667","88.54166667","89.84375","94.27083333","112.890625","115.1041667","118.2291667","120.0520833","119.921875","127.2135417","126.8229167","123.9583333","117.1875","109.6354167","106.5104167","110.9375","109.0968161","110.331384","110.9161793","114.2949968","95.41910331","94.70435348","93.43729695","95.0617284","97.43339831","100.0324886","100.9096816","102.4041585","101.6569201","104.0013012","102.9239766","103.3463288","93.5022742","88.01169591","85.5620155","85.72351421","87.04780362","90.34237726","93.60465116","95.54263566","97.02842377","98.51421189","99.06330749","99.35400517","99.51550388","97.83591731","97.94563843","97.88242731","98.89380531","98.64096081","98.57774968","97.34513274","101.1694058","101.2958281","101.8015171","101.8647282","102.4020228","101.5802781","102.4020228","103.3817952","103.3501896","103.8675743","105.259901","107.3329207921","105.6621287","104.950495","105.3836634","105.7858911","107.0544554","105.4764851",
"아파트","경부2권","월세수급동향","","88.81401617","95.68733154","97.03504043","106.1994609","106.4690027","99.73045822","100.4043127","100.8086253","100.4043127","96.90026954","96.63072776","96.63072776","97.16981132","98.65229111","99.6031746","99.07407407","99.20634921","99.86772487","100.1322751","101.0582011","102.5132275","103.1746032","102.1220159","102.5132275","102.5132275","101.3227513","99.47089947","101.7195767","100.5291005","99.16666667","98.0952381","97.73809524","97.85714286","95.95238095","94.64285714","92.14285714","93.57142857","93.57142857","94.28571429","93.0952381","92.14285714","92.26190476","92.1875","84.93303571","80.58035714","77.00892857","79.12946429","77.23214286","75.22321429","82.70089286","82.25446429","81.69642857","83.92857143","91.18303571","95.80645161","97.74193548","96.88172043","92.15053763","92.68817204","102.3655914","107.5268817","113.172043","122.4731183","124.3010753","124.4086022","125.9139785","124.7311828","124.1935484","123.2258065","119.3010753","118.2258065","116.3978495","118.7960042","113.0651945","113.0651945","116.7192429","106.9400631","98.89589905","101.2098895","99.21135647","102.5789474","104.2586751","102.005277","98.18611987","97.89695058","98.78947368","98.71188223","97.81808623","90.77287066","88.170347","82.67352185","83.95886889","85.32133676","88.27763496","90.64267352","91.6966581","92.46786632","95.01285347","96.06683805","96.50385604","97.24935733","96.99228792","97.23910841","97.72036474","96.83383992","96.93515704","97.44174265","96.60587639","98.4295846","98.91084093","99.0881459","98.80952381","98.10030395","97.61904762","98.50557244","98.60688956","98.83485309","98.49679645","99.01429276","99.5317890586","100.2957122","100.6899951","101.2074914","101.084278","101.774273","102.3903401",
"아파트","서해안권","월세수급동향","","92.71523179","92.71523179","93.48785872","94.26048565","87.85871965","88.0794702","88.85209713","87.63796909","88.18984547","93.598234","96.68874172","97.35099338","97.35099338","98.34437086","97.6744186","98.8372093","98.73150106","99.04862579","98.94291755","98.30866808","96.93446089","98.09725159","98.5106383","96.82875264","96.93446089","97.6744186","96.51162791","96.93446089","95.77167019","99.69135802","99.28131417","98.87063655","98.04928131","90.45174538","88.50102669","93.73716632","95.68788501","101.1293634","100","95.17453799","94.25051335","94.55852156","91.91729323","89.7556391","89.66165414","88.81578947","90.97744361","91.44736842","91.35338346","95.39473684","98.02631579","99.81203008","102.3496241","102.537594","100.4385965","99.12280702","100.3508772","99.38596491","98.94736842","102.7192982","105.1663748","105.6042032","107.3555166","112.5218914","111.7338004","112.6970228","111.3835377","112.5218914","113.2224168","112.3467601","110.5078809","115.4991243","115.0590151","118.8237688","113.7566138","123.1583232","110.1750102","99.9389002","102.1978022","101.3634514","104.0903541","107.2505092","107.2827417","103.8665039","102.5844526","103.8258038","100.2645503","96.96784697","93.18274318","90.04884005","87.44622605","86.99648025","88.11106766","90.71177161","93.35158389","95.07235041","96.83222526","97.86859601","99.96089167","99.35471255","99.62847086","100.4693","101.3794407","101.5117158","100.718065","101.5684051","101.095994","99.82993197","101.4172336","101.4739229","101.5684051","101.814059","101.5306122","100.9637188","99.69765684","99.18745276","99.13076342","99.57658321","99.18998527","99.5765832106","100.2209131","100.5338733","101.4543446","102.1170839","102.2827688","101.5832106",
"아파트","동부1권","월세수급동향","","81.8452381","81.8452381","80.95238095","82.44047619","86.30952381","85.41666667","86.9047619","86.60714286","87.20238095","88.39285714","89.28571429","89.28571429","89.28571429","88.69047619","89.36781609","87.64367816","91.37931034","90.8045977","89.94252874","92.24137931","91.37931034","95","96.74556213","99.12790698","98.20359281","96.26436782","96.26436782","98.56321839","97.70114943","99.52606635","98.1042654","97.86729858","97.86729858","93.83886256","93.36492891","93.60189573","90.04739336","91.94312796","93.83886256","93.36492891","93.36492891","92.89099526","89.59183673","94.48979592","95.10204082","95.30612245","96.12244898","96.32653061","92.24489796","96.53061224","99.18367347","100","100","100.4081633","98.45559846","98.45559846","99.22779923","99.80694981","103.4749035","107.7220077","115.6370656","116.7953668","116.988417","115.4440154","119.3050193","123.9382239","122.2007722","114.2857143","107.3359073","108.1081081","106.5637066","114.2857143","112.1673004","118.5361217","115.351711","119.1539924","103.3745247","97.43346008","98.57414449","98.61904762","98.90684411","102.8992395","104.0874525","103.3269962","101.9980971","102.9942966","96.43536122","91.87262357","91.68250951","84.98098859","85.48539114","86.2393968","87.13477851","87.88878417","89.39679548","88.59566447","90.19792648","93.02544769","95.38171536","95.33459001","95.90009425","94.58058435","91.45220588","93.01470588","92.41727941","92.83088235","95.63419118","95.03676471","97.84007353","98.94301471","100","101.0110294","100.5055147","100.5514706","99.67830882","100.2757353","102.4356618","101.3063063","103.018018","101.8918918919","101.8918919","100.8108108","102.0720721","103.5135135","104.0540541","104.2342342",
"아파트","동부2권","월세수급동향","","88.31168831","88.96103896","88.96103896","88.96103896","88.31168831","88.96103896","88.96103896","89.61038961","90.90909091","90.25974026","90.25974026","90.25974026","88.96103896","88.96103896","88.31168831","91.55844156","88.96103896","81.81818182","83.76623377","83.76623377","86.36363636","81.81818182","83.11688312","83.11688312","83.11688312","83.11688312","85.06493506","90.90909091","88.31168831","100","100","99.30555556","98.61111111","92.36111111","92.36111111","93.05555556","95.13888889","95.13888889","95.13888889","92.36111111","93.05555556","91.66666667","88.73239437","85.91549296","75.35211268","78.87323944","79.57746479","85.91549296","88.02816901","88.02816901","91.42857143","92.85714286","93.57142857","92.25352113","91.66666667","97.22222222","93.75","96.52777778","95.83333333","96.52777778","97.91666667","97.22222222","97.91666667","96.52777778","96.52777778","106.9444444","108.3333333","110.4166667","110.4166667","111.1111111","113.8888889","113.8888889","109.4594595","108.6872587","105.7915058","109.2664093","108.3011583","105.4054054","110.03861","101.1583012","108.1081081","111.1969112","106.5637066","108.4942085","112.1621622","104.6332046","100","99.03474903","95.94594595","81.85328185","79.12087912","78.75457875","77.83882784","77.47252747","81.86813187","87.17948718","81.13553114","84.24908425","84.43223443","84.7985348","82.6007326","79.85347985","79.42238267","81.22743682","83.39350181","83.03249097","82.31046931","88.0866426","90.433213","94.0433213","94.58483755","96.3898917","94.76534296","94.58483755","94.76534296","97.11191336","99.63898917","97.21254355","97.56097561","99.4773519164","98.7804878","99.65156794","98.7804878","97.38675958","95.47038328","95.6445993",
"아파트","경의권","월세수급동향","","100.3745318","92.69662921","92.32209738","92.88389513","94.00749064","93.44569288","93.6329588","93.6329588","94.56928839","94.56928839","94.56928839","94.00749064","94.00749064","93.6329588","97.13261649","98.38709677","95.14388489","95.34050179","98.56630824","97.31182796","98.74551971","98.56115108","95.80291971","95.8781362","98.2078853","98.92473118","96.95340502","94.80286738","95.16129032","90.80267559","91.47157191","94.48160535","95.31772575","84.44816054","84.7826087","86.62207358","79.43143813","79.43143813","77.42474916","77.25752508","77.59197324","76.42140468","77.40384615","82.53205128","83.33333333","81.08974359","82.8525641","81.89102564","81.57051282","86.53846154","85.41666667","86.37820513","86.53846154","90.22435897","92.68292683","96.18902439","99.84756098","100","100.152439","103.2012195","106.8597561","106.554878","110.0609756","112.195122","116.7682927","118.445122","117.5304878","115.2439024","114.0243902","109.9085366","107.7743902","112.804878","126.7590618","126.2260128","118.4079602","111.8692253","105.2238806","97.83226724","101.0305615","95.66453447","96.14835949","98.86282871","94.91826581","96.83724236","97.15707178","97.93887704","93.95877754","89.16133618","84.64818763","80.52594172","78.52233677","79.45017182","82.06185567","81.64948454","84.50171821","84.32989691","85.395189","85.91065292","86.73539519","87.45704467","87.90378007","88.00687285","87.85953177","90.53511706","90.56856187","90.50167224","91.73913043","92.54180602","94.11371237","95.05016722","95.85284281","97.2909699","97.79264214","98.1270903","98.16053512","99.19732441","100.4013378","100.0327654","100.2621232","99.9017038008","98.29619921","96.75622543","96.88728702","97.50982962","98.23066841","98.72214941",
"아파트","경원권","월세수급동향","","88.27586207","84.48275862","87.5862069","85.17241379","87.93103448","95.86206897","93.10344828","87.93103448","88.96551724","89.65517241","89.31034483","90","91.72413793","91.72413793","91.02564103","89.74358974","89.74358974","89.74358974","84.29487179","84.93589744","85.57692308","85.57692308","85.85526316","85.85526316","86.03896104","86.03896104","86.03896104","87.33766234","86.03896104","96.44970414","96.74556213","96.74556213","96.74556213","98.52071006","98.52071006","98.52071006","98.52071006","98.22485207","98.81656805","98.81656805","99.40828402","99.40828402","99.14772727","95.17045455","96.59090909","94.03409091","93.75","92.89772727","92.89772727","86.64772727","84.65909091","84.94318182","86.07954545","89.20454545","90.48913043","96.19565217","96.4673913","96.19565217","92.93478261","91.84782609","103.8043478","105.1630435","110.5978261","117.1195652","120.6521739","123.6413043","124.1847826","127.173913","128.8043478","131.25","123.0978261","124.7282609","117.1766342","120.6536857","110.0834492","112.6564673","103.7552156","98.67872045","100.2781641","98.12239221","97.70514604","100.4172462","98.67872045","102.0862309","101.6713092","96.94019471","95.4798331","94.36717663","91.51599444","86.50904033","86.72506739","83.22102426","84.97304582","82.41239892","82.88409704","82.74932615","82.95148248","84.29919137","89.69002695","93.05929919","91.91374663","91.10512129","92.36739974","93.59637775","90.4915912","93.07891332","95.34282018","95.53686934","96.31306598","95.92496766","96.89521345","97.54204398","96.95989651","96.18369987","96.50711514","95.92496766","97.54204398","97.83950617","99.01234568","98.950617284","100.4938272","100","101.1111111","103.2098765","104.1358025","103.1481481",
"아파트","인천","월세수급동향","","97.55784062","97.94344473","98.07197943","99.74293059","99.74293059","99.8714653","103.3419023","103.2133676","103.0848329","103.0848329","103.2133676","106.0411311","105.0128535","102.8277635","100.2506266","99.49874687","98.74686717","98.74686717","98.74686717","98.37092732","98.62155388","98.62155388","99.2481203","99.12280702","99.2481203","99.49874687","98.37092732","99.37343358","98.62155388","95.13742072","95.24312896","95.5602537","95.45454545","89.9577167","85.30655391","84.24947146","82.76955603","81.50105708","81.71247357","83.08668076","84.14376321","84.88372093","83.9835729","82.64887064","81.62217659","81.724846","83.26488706","82.75154004","87.67967146","86.3449692","92.09445585","93.01848049","94.45585216","95.89322382","92.043222","96.51277014","100.0491159","100.7367387","98.9194499","98.08447937","96.85658153","99.41060904","104.0275049","107.4656189","111.0019646","111.1001965","110.5108055","114.7347741","112.8192534","111.3948919","112.8683694","116.3064833","100.6734007","106.012506","114.7186147","117.6527177","107.3352573","103.9220404","101.0827719","100.9865255","97.78633301","103.7554165","103.0558229","102.3088023","101.972102","104.016354","100.6493506","98.1000481","93.07359307","91.82299182","91.91588785","91.63551402","91.79906542","91.05140187","91.30841121","91.23831776","91.26168224","91.21495327","93.92523364","94.11214953","93.78504673","93.71495327","93.57529306","94.77006312","95.82957619","96.46077547","98.60234445","97.74571686","97.7006312","99.79711452","100.9467989","102.6600541","102.6600541","102.9981966","101.600541","100.4959423","100.1803427","99.0376203","97.63779528","96.084864392","98.64391951","99.89063867","101.071741","101.9028871","103.4120735","104.7244094",
"아파트","부산","월세수급동향","","96.03658537","95.96036585","97.33231707","97.10365854","96.95121951","97.10365854","96.41768293","94.13109756","97.40853659","97.4847561","96.03658537","97.40853659","97.10365854","99.61890244","101.4372163","100.8320726","100.4538578","98.18456884","97.88199697","97.20121029","96.82299546","97.42813918","97.1669219","97.34446131","95.07575758","95.22727273","94.01515152","92.1969697","92.8030303","87.47993579","86.91813804","86.35634029","87.07865169","79.93579454","78.81219904","75.68218299","73.83627608","71.82985554","69.5024077","67.09470305","63.88443018","62.27929374","54.15335463","53.514377","52.47603834","51.59744409","51.19808307","51.03833866","49.60063898","48.48242812","49.44089457","49.9201278","59.10543131","62.77955272","66.43625192","68.43317972","68.58678955","64.74654378","65.59139785","66.8202765","76.11367127","79.87711214","83.1797235","84.79262673","93.01075269","100.8448541","100.7680492","99.07834101","98.23348694","97.5422427","100.7680492","103.7634409","98.17737693","102.1420519","104.472003","111.574596","105.5993987","100.1315789","99.64299136","101.841413","102.6493799","103.1754979","104.0992854","101.7098835","100.2632569","100.9958662","100.0563698","98.87260428","94.23149192","91.82638106","90.86119186","88.44476744","90.47965116","91.31540698","92.13299419","91.20639535","91.04287791","92.89607558","92.49636628","92.71438953","91.91497093","90.93386628","91.50106458","91.53655075","92.35273243","93.31085877","93.87863733","94.41092974","94.81902058","95.45777147","95.65294535","95.99006388","96.07877928","95.59971611","95.81263307","96.5046132","96.682044","96.44351464","96.37377964","96.1820083682","97.21059972","97.71617852","98.43096234","99.32008368","99.84309623","100.6276151",
"아파트","중부산권","월세수급동향","","93.15789474","93.50877193","94.38596491","91.05263158","90.52631579","89.64912281","93.68421053","92.98245614","94.56140351","94.03508772","93.15789474","92.80701754","92.28070175","96.49122807","100.3508772","99.64912281","101.0526316","101.2280702","100","99.12280702","97.54385965","97.01754386","96.44128114","95.93639576","94.54225352","95.07042254","96.3028169","95.95070423","94.71830986","86.70411985","87.2659176","87.07865169","89.51310861","73.78277154","72.09737828","70.78651685","70.2247191","69.85018727","69.47565543","66.85393258","62.54681648","61.79775281","64.92248062","65.50387597","63.17829457","61.62790698","60.65891473","60.46511628","57.55813953","55.42635659","56.97674419","57.17054264","71.51162791","71.70542636","78.43866171","79.55390335","79.55390335","72.30483271","72.86245353","72.30483271","84.3866171","86.05947955","88.47583643","86.61710037","100","101.3011152","98.14126394","97.21189591","97.39776952","93.866171","96.65427509","99.44237918","100.0934579","100.3271028","104.6261682","112.9906542","104.8130841","101.8691589","100.4672897","103.0373832","103.317757","101.3084112","101.8726592","99.71962617","102.8504673","101.8224299","101.3084112","98.87850467","95.42056075","92.94392523","94.61883408","90.89686099","94.75336323","93.04932735","93.90134529","92.37668161","92.69058296","93.04932735","91.83856502","91.56950673","90.67264574","90.0896861","90.65217391","90.47826087","89.60869565","89.91304348","91.13043478","92.7826087","92.30434783","93.13043478","93.65217391","93.47826087","94.86956522","94.04347826","94.7826087","95.39130435","95.73913043","95.12711864","95.93220339","96.313559322","96.90677966","97.41525424","98.1779661","99.36440678","100.1271186","101.6949153",
"아파트","동부산권","월세수급동향","","98.39572193","99.73262032","104.8128342","99.46524064","98.6631016","98.6631016","97.86096257","97.86096257","100","98.6631016","96.52406417","97.86096257","97.86096257","102.6737968","102.9411765","105.6149733","103.4759358","95.18716578","94.9197861","95.45454545","96.52406417","95.98930481","96.25668449","95.18716578","90.90909091","91.71122995","91.44385027","86.09625668","86.09625668","82.77777778","80.27777778","79.72222222","78.33333333","75.27777778","73.33333333","73.05555556","73.05555556","70.27777778","63.05555556","61.94444444","58.88888889","56.94444444","42.28723404","40.95744681","43.08510638","45.74468085","45.4787234","44.68085106","44.41489362","44.41489362","44.68085106","44.68085106","54.25531915","65.42553191","67.01030928","67.01030928","66.2371134","63.91752577","65.46391753","67.01030928","76.03092784","79.89690722","85.30927835","90.97938144","97.42268041","109.5360825","113.1443299","112.628866","111.5979381","110.3092784","106.9587629","108.2474227","97.19169719","103.6019536","108.4859585","113.4920635","107.5091575","101.1002445","100.6105006","100.0610501","99.57264957","101.8925519","102.6251526","100.6105006","93.02325581","97.25274725","96.33699634","98.53479853","92.7960928","91.08669109","87.5147232","84.98233216","86.57243816","89.87043581","90.45936396","90.04711425","90.2237927","92.75618375","92.46171967","93.22732627","93.3451119","91.69611307","92.74193548","92.16589862","93.43317972","93.60599078","94.29723502","93.26036866","93.9516129","93.72119816","93.66359447","93.77880184","92.74193548","92.79953917","92.97235023","93.31797235","93.5483871","93.97042093","94.25483504","94.2548350398","95.221843","95.90443686","96.87144482","97.66780432","97.83845279","98.17974972",
"아파트","서부산권","월세수급동향","","98.09782609","95.92391304","94.29347826","104.076087","105.1630435","107.0652174","99.18478261","92.11956522","99.18478261","101.6304348","100","104.076087","103.8043478","101.3586957","101.5873016","97.88359788","96.56084656","96.56084656","97.61904762","96.03174603","96.03174603","99.47089947","99.18918919","101.5873016","100","98.94179894","93.12169312","92.59259259","96.56084656","93.46590909","93.18181818","92.04545455","92.32954545","94.03409091","94.60227273","85.79545455","80.11363636","76.42045455","76.13636364","72.72727273","71.02272727","68.46590909","51.11111111","49.44444444","46.94444444","43.33333333","43.61111111","44.16666667","43.61111111","42.77777778","43.61111111","45","46.38888889","47.22222222","48.67021277","53.9893617","55.31914894","54.78723404","55.31914894","58.77659574","64.36170213","71.0106383","73.40425532","75.79787234","78.45744681","91.22340426","91.75531915","87.76595745","85.63829787","89.62765957","100.2659574","105.3191489","96.56735751","103.1088083","100","107.5777202","104.6632124","96.69689119","97.47409326","102.0725389","104.9870466","107.1243523","108.7435233","105.634715","104.3393782","103.8212435","102.2668394","99.22279793","94.10621762","91.06217617","89.14974619","88.70558376","88.64213198","90.41878173","91.43401015","90.79949239","89.59390863","92.82994924","93.46446701","93.78172589","92.1319797","91.3071066","91.375","92.375","95.125","97.875","97.375","98","99.375","100.6875","100.6875","102","101.4375","100.875","100.375","101.5625","101.4375","101.0506799","99.32014833","98.0840543881","99.81458591","100.1236094","100.4944376","101.0506799","101.6069221","101.7305315",
"아파트","대구","월세수급동향","","99.77973568","99.55947137","100.660793","100.2202643","101.5418502","98.01762115","98.6784141","98.45814978","98.89867841","100","96.69603524","97.13656388","98.45814978","97.35682819","99.15254237","98.51694915","98.51694915","99.36440678","98.94067797","99.15254237","100","99.57627119","97.87234043","97.03389831","97.88135593","99.15254237","100.4237288","100.6355932","101.2711864","99.25925926","98.33333333","98.7037037","90.66193853","88.41607565","88.17966903","87.58865248","87.35224586","88.17966903","90.66193853","93.73522459","93.49881797","93.14420804","96.40449438","99.1011236","100.2247191","101.5730337","98.31460674","98.31460674","100.3370787","102.1348315","100.6741573","104.0449438","104.0449438","104.8314607","108.1497797","108.8105727","103.9647577","102.4229075","102.9735683","105.2863436","106.0572687","106.8281938","112.9955947","116.2995595","120.9251101","126.7621145","125.660793","126.8722467","123.7885463","117.8414097","114.0969163","112.3348018","109.5656954","110.7476636","110.5552501","107.8064871","99.86256185","98.21330401","96.59153381","97.58108851","93.97026432","93.73282023","91.39637163","91.0940077","93.15181518","91.47883452","89.60967565","88.45519516","84.46948873","81.52831226","77.98387097","79.22043011","82.25806452","80.53763441","79.91935484","80.61827957","81.4516129","82.74193548","83.33333333","83.65591398","84.13978495","82.58064516","82.63130525","82.29329173","82.03328133","81.87727509","82.13728549","81.22724909","81.30525221","81.30525221","81.01924077","81.38325533","82.60530421","83.43733749","84.06136245","85.10140406","84.65938638","84.96978852","84.96978852","84.0634441088","82.02416918","82.47734139","82.27593152","83.4592145","84.29003021","86.10271903",
"아파트","광주","월세수급동향","","99.15254237","98.94067797","98.51694915","98.51694915","99.36440678","99.36440678","99.36440678","98.94067797","99.15254237","100","100","99.15254237","99.15254237","98.72881356","99.15254237","99.15254237","99.15254237","99.36440678","99.78813559","100","100","99.14893617","97.63948498","97.43589744","96.78111588","95.74468085","95.95744681","99.14893617","97.0212766","101.0238908","100.8532423","101.0238908","101.0238908","101.7064846","100.6825939","100.8532423","101.3651877","101.3651877","101.5358362","99.82935154","100","99.82935154","100.9677419","98.70967742","100.3225806","96.29032258","93.38709677","92.41935484","90.80645161","90.48387097","91.77419355","91.77419355","92.74193548","92.58064516","92.9245283","94.02515723","92.9245283","93.55345912","93.71069182","93.71069182","94.65408805","97.32704403","96.3836478","96.5408805","103.4591195","109.1194969","105.3459119","104.7169811","103.4591195","101.572327","101.4150943","102.0440252","101.9685039","103.503937","107.7165354","109.0944882","104.6456693","103.3070866","101.9291339","101.4972419","101.5354331","101.6929134","101.1417323","101.023622","98.7391647","98.66036249","96.1023622","95.59055118","92.08661417","89.80314961","87.99227799","88.996139","89.11196911","90.19305019","91.08108108","94.24710425","95.25096525","95.48262548","96.56370656","97.2972973","99.26640927","98.33976834","98.42460615","100.7126782","100.60015","100.60015","99.36234059","99.24981245","98.53713428","99.32483121","98.94973743","98.98724681","100.0750188","100.2250563","100.3750938","99.81245311","99.36234059","98.89462049","101.5475313","100.515843773","100.2947679","100.8474576","100.8843036","103.9793662","104.642594","105.0847458",
"아파트","대전","월세수급동향","","100.5633803","100.1408451","100.9859155","101.1267606","100.7042254","96.47887324","95.07042254","93.8028169","90.14084507","90","92.3943662","92.95774648","90.84507042","91.54929577","89.91712707","87.01657459","90.33149171","90.46961326","90.60773481","92.81767956","92.67955801","93.90581717","94.73684211","94.32132964","94.73684211","93.78453039","92.40331492","93.2320442","91.43646409","89.0070922","89.59810875","90.07092199","99.44444444","98.33333333","99.25925926","98.33333333","100.1851852","100.3703704","100.7407407","103.1481481","102.037037","100.7407407","100.5415162","99.63898917","100.9025271","99.09747292","99.81949458","98.37545126","98.73646209","101.4440433","101.2635379","100.7220217","101.0830325","101.4440433","101.3250883","102.385159","103.0918728","102.385159","101.5017668","106.6254417","108.3922261","110.8657244","114.5759717","114.2226148","115.8127208","120.0530035","120.229682","119.3462898","116.3427562","118.2862191","114.3109541","114.4876325","102.2890485","110.4129264","108.0789946","125","107.0466786","95.36453645","93.3572711","93.76122083","94.92818671","96.67863555","96.40933573","93.98563734","100.5385996","99.19210054","96.99281867","97.08258528","94.43447038","91.56193896","89.70201578","87.59859772","88.73794917","90.7537248","92.55039439","94.4347064","93.82120947","97.15162138","98.42243646","99.12357581","98.64154251","98.99211218","102.8583618","103.4129693","104.052901","101.0665529","101.5784983","100.3412969","97.09897611","97.99488055","97.22696246","98.33617747","98.42150171","98.42150171","98.63481229","99.23208191","99.40273038","98.95309883","97.90619765","97.0686767169","95.85427136","96.85929648","98.15745394","99.12060302","100.7537688","102.5544389",
"아파트","울산","월세수급동향","","100.913242","101.369863","102.5114155","103.652968","102.5114155","96.57534247","99.543379","97.71689498","96.11872146","97.03196347","98.85844749","96.57534247","95.43378995","90.86757991","87.33333333","88.88888889","87.11111111","88.44444444","87.11111111","89.55555556","89.33333333","87.33333333","84.66666667","83.33333333","84.44444444","85.55555556","85.55555556","85.11111111","83.55555556","86.50442478","79.20353982","83.18584071","82.52212389","77.87610619","72.78761062","71.23893805","67.03539823","68.14159292","65.26548673","61.0619469","64.15929204","63.9380531","57.83898305","58.26271186","58.89830508","58.26271186","58.68644068","58.47457627","57.20338983","57.62711864","56.99152542","60.16949153","69.49152542","74.36440678","76.02459016","77.66393443","78.68852459","77.25409836","77.45901639","78.48360656","93.03278689","94.26229508","113.3196721","118.647541","124.1803279","128.6885246","125.8196721","121.5163934","121.3114754","121.9262295","122.1311475","124.795082","108.3244397","109.7118463","109.3916756","111.4727855","108.6979723","107.9314041","104.2155816","106.0832444","107.203842","105.4429029","105.8949625","105.1760939","102.4546425","105.8697972","102.5613661","102.0811099","99.14621131","97.06510139","95.7537155","94.9044586","95.11677282","94.47983015","94.74522293","94.47983015","91.507431","90.33970276","90.02123142","90.18046709","90.76433121","93.15286624","93.10344828","93.4169279","93.93939394","93.93939394","94.30512017","93.52142111","94.25287356","94.67084639","95.50679206","95.76802508","95.97701149","96.44723093","97.02194357","97.59665622","98.79832811","100.4615385","101.8461538","102.6153846154","104.1538462","104.4615385","104.8205128","104.4102564","105.2820513","106.4615385",
"아파트","세종","월세수급동향","","93.82022472","89.88764045","96.06741573","93.25842697","97.19101124","96.06741573","96.06741573","94.94382022","97.19101124","96.06741573","98.31460674","100","97.75280899","97.75280899","103.2110092","101.8348624","101.8348624","96.78899083","95.87155963","92.20183486","81.19266055","74.7706422","69.26605505","81.65137615","89.90825688","100","104.587156","107.7981651","101.8348624","100","107.8125","89.0625","96.09375","96.09375","91.40625","80.46875","82.03125","82.8125","93.75","107.03125","110.15625","112.5","109.6385542","101.8072289","96.38554217","87.34939759","83.13253012","76.5060241","86.74698795","86.14457831","91.56626506","90.36144578","95.78313253","98.19277108","100","104.1666667","104.1666667","103.125","101.5625","105.2083333","133.3333333","131.7708333","130.2083333","125","123.4375","144.2708333","145.3125","141.6666667","129.6875","115.625","98.95833333","95.3125","97.76785714","103.5714286","102.0833333","104.9107143","95.83333333","89.73214286","89.88095238","87.79761905","86.16071429","85.11904762","88.77245509","92.85714286","92.41071429","94.79166667","94.49404762","91.51785714","91.96428571","88.24404762","88.30985915","93.52112676","84.22535211","91.12676056","90.98591549","93.23943662","90.84507042","90.84507042","95.49295775","95.63380282","94.78873239","93.38028169","92.14876033","91.87327824","89.66942149","82.78236915","88.29201102","88.98071625","84.29752066","85.67493113","91.184573","88.29201102","91.4600551","92.69972452","92.56198347","91.87327824","92.56198347","100.4032258","100","100.6720430108","100.1344086","101.6129032","103.3602151","106.1827957","106.8548387","105.9139785",
"아파트","강원","월세수급동향","","86.30952381","87.3015873","87.5","88.0952381","87.8968254","87.5","88.49206349","88.69047619","91.07142857","91.26984127","91.07142857","89.88095238","89.08730159","88.29365079","91.06463878","90.30418251","88.97338403","86.121673","87.26235741","87.83269962","89.92395437","87.45247148","89.7338403","91.25475285","98.09885932","99.42965779","99.42965779","99.61977186","89.7338403","93.18181818","94.94949495","96.71717172","97.47474747","95.95959596","95.45454545","91.16161616","92.42424242","90.4040404","88.38383838","85.60606061","84.84848485","84.34343434","82.39795918","83.41836735","79.08163265","76.78571429","74.74489796","74.48979592","72.70408163","72.19387755","71.93877551","71.68367347","71.93877551","73.46938776","76.3681592","78.21782178","77.97029703","77.72277228","78.71287129","84.9009901","90.59405941","92.07920792","94.55445545","96.28712871","97.02970297","104.7029703","106.1881188","104.950495","104.2079208","102.2277228","101.4851485","100.2475248","104.0952381","102.2380952","101.5714286","102.5714286","103.7142857","104.2461832","104.3416031","102.4761905","103.3809524","103.2380952","103.0114723","104.7142857","102.8571429","103.062201","102.7619048","102.6190476","100","99.71428571","99.28379588","98.11996419","96.50850492","95.70277529","92.97224709","93.28558639","92.25604297","95.1656222","96.01611459","97.5828111","96.46374217","95.74753805","97.04324801","99.86760812","96.95498676","97.66107679","97.61694616","98.14651368","101.6769638","99.3380406","99.29390997","98.49955869","97.52868491","97.79346867","98.19064431","98.85260371","99.3380406","98.7012987","97.22943723","97.7489177489","96.92640693","97.92207792","98.83116883","98.83116883","98.31168831","98.18181818",
"아파트","충북","월세수급동향","","101.1070111","98.89298893","99.07749077","99.07749077","99.07749077","98.89298893","99.44649446","99.07749077","99.44649446","100.9225092","101.8450185","100.5535055","101.1070111","100.9225092","98.40425532","98.58156028","99.29078014","98.58156028","98.40425532","98.22695035","97.87234043","98.04964539","98.38709677","98.21428571","98.21428571","94.30604982","93.79432624","93.97163121","94.32624113","97.5862069","97.5862069","97.5862069","97.5862069","93.79310345","94.13793103","94.48275862","93.79310345","93.96551724","93.79310345","92.06896552","90","90.68965517","75.89641434","75.29880478","75.09960159","77.68924303","78.28685259","77.88844622","77.88844622","77.68924303","77.68924303","77.88844622","77.68924303","78.68525896","79.38931298","81.87022901","82.2519084","82.2519084","83.20610687","89.50381679","90.07633588","90.07633588","98.28244275","98.47328244","99.42748092","102.0992366","100.9541985","101.5267176","103.8167939","102.480916","101.1450382","103.8167939","105.4159445","100.5199307","102.5563258","107.5823224","105.6325823","102.1230503","104.4232437","102.6429809","103.812825","103.3795494","103.7694974","102.339688","104.5060659","100.5199307","99.95667244","101.5164645","99.61005199","98.44020797","97.0735786","95.86120401","96.90635452","97.24080268","97.909699","97.32441472","98.1187291","99.1638796","100.4180602","101.5886288","99.87458194","97.36622074","99.91728701","102.4813896","101.8196857","101.8610422","102.1091811","101.6129032","100.9511993","101.3234078","100.4549214","100.3308519","102.2746071","101.8610422","102.8949545","103.18445","103.6393714","101.9870235","102.7169505","101.9059205191","102.919708","102.595296","101.946472","101.6626115","101.216545","100.6082725",
"아파트","충남","월세수급동향","","96.41909814","96.94960212","98.54111406","95.49071618","93.63395225","91.64456233","91.90981432","92.5729443","94.16445623","90.0530504","89.25729443","87.5331565","88.06366048","85.67639257","92.96875","94.40104167","91.27604167","91.796875","94.140625","92.65091864","93.04461942","92.25721785","92.32804233","91.97368421","92.10526316","93.08093995","93.21148825","93.60313316","90.46997389","92.71428571","93.42857143","91.42857143","95","89.57142857","89","86.28571429","88.28571429","89.71428571","90.28571429","89.28571429","89.42857143","90","90.60846561","94.04761905","93.25396825","93.78306878","94.44444444","94.84126984","95.10582011","94.84126984","93.51851852","93.91534392","93.12169312","95.5026455","96.99738903","99.08616188","97.25848564","94.51697128","96.86684073","99.09326425","104.1450777","108.1606218","112.3056995","112.8238342","113.9896373","117.746114","117.4870466","115.2849741","113.8601036","115.9326425","113.4715026","110.880829","111.7626886","112.3799726","113.7860082","114.6433471","104.6982167","103.1893004","100.0343643","99.69135802","102.8806584","98.83321894","99.65706447","100.0342936","100.3772291","102.914952","101.2345679","101.611797","99.48559671","95.23319616","95.16021362","94.79305741","93.35781041","93.99198932","95.82777036","97.19626168","98.59813084","98.43124166","96.79572764","98.59813084","100.9345794","99.69959947","97.91131105","99.83933162","98.74678663","98.29691517","98.13624679","98.29691517","97.52570694","97.68637532","98.03984576","98.45758355","98.5218509","99.26092545","98.68251928","97.8470437","98.10411311","97.98136646","96.92546584","97.9192546584","98.47826087","99.7515528","98.81987578","100.5900621","100.5900621","100.8074534",
"아파트","전북","월세수급동향","","100.5119454","101.1945392","104.9488055","102.7303754","102.559727","102.559727","100.6825939","100.3412969","101.5358362","103.0716724","103.2423208","102.559727","103.5836177","102.3890785","102.559727","100.6825939","102.0477816","102.21843","102.21843","104.0955631","105.2901024","104.9488055","104.1237113","103.4364261","101.7123288","100.5119454","100.3412969","101.8771331","101.7064846","100.3597122","100.5395683","99.64028777","98.92086331","99.28057554","97.84172662","97.6618705","96.94244604","96.22302158","96.4028777","95.14388489","94.42446043","94.42446043","94.17293233","93.60902256","92.85714286","90.22556391","90.03759398","89.66165414","89.47368421","88.90977444","86.84210526","87.31203008","86.56015038","87.31203008","91.11111111","90.74074074","92.59259259","92.96296296","92.40740741","94.44444444","92.77777778","94.07407407","94.44444444","94.07407407","95.18518519","99.44444444","97.22222222","97.03703704","96.48148148","96.66666667","97.22222222","99.81481481","103.5980149","105.3349876","106.120761","115.5086849","102.2332506","100.3308519","97.93046358","101.7783292","103.2258065","103.1430935","105.3763441","104.2597188","102.6468156","103.9288668","101.8196857","102.4813896","96.02977667","94.78908189","89.80738363","92.01444623","87.56019262","88.88443018","89.64686998","90.32905297","91.57303371","92.49598716","96.06741573","95.34510433","95.34510433","94.54253612","94.28117554","95.83002383","97.37887212","96.70373312","95.90945195","96.38602065","95.71088165","99.16600477","97.299444","99.52343129","97.4980143","99.00714853","99.52343129","100.8339952","101.3899921","99.57098284","100.4290172","100.5070202808","100.8580343","102.2230889","102.3790952","102.3400936","102.6911076","103.5881435",
"아파트","전남","월세수급동향","","103.220339","102.0338983","100.3389831","100.3389831","96.44067797","101.1864407","97.79661017","95.25423729","95.42372881","97.11864407","97.45762712","96.61016949","96.94915254","98.47457627","98.86731392","96.92556634","98.86731392","99.02912621","98.70550162","101.2944984","101.7799353","100.6472492","99.8381877","99.51456311","99.35275081","100.8090615","100.4854369","100.6472492","100.8090615","100.2617801","101.3089005","101.0471204","100.2617801","98.95287958","96.59685864","94.5026178","95.81151832","100","100.7853403","101.0471204","100.7853403","100","100.9569378","102.3923445","104.5454545","105.5023923","101.4354067","99.28229665","98.0861244","93.77990431","97.36842105","94.73684211","99.76076555","99.5215311","99.28909953","96.20853081","96.44549763","97.86729858","96.91943128","98.34123223","99.28909953","99.28909953","100","102.3696682","105.450237","107.1090047","107.8199052","108.7677725","107.5829384","106.8720379","107.1090047","110.4265403","106.7456231","109.2687951","106.23069","104.6858908","100.4634398","100.2585315","99.63954686","98.2492276","95.76883385","97.73429454","97.51809721","98.29896907","97.98969072","96.39175258","95.72605561","94.23274974","92.27600412","89.59835221","88.81897386","90.56147144","91.38431752","91.52952565","92.59438529","92.78799613","93.70764763","94.43368829","95.74056147","96.46660213","99.0803485","97.43465634","96.84557439","97.64595104","97.88135593","97.92843691","96.79849341","95.62146893","94.91525424","95.05649718","94.67984934","95.10357815","95.43314501","95.95103578","96.46892655","95.9039548","97.69303202","97.51838235","98.57536765","98.5753676471","98.66727941","98.98897059","98.25367647","99.44852941","98.89705882","99.90808824",
"아파트","경북","월세수급동향","","99.77375566","100.678733","101.2443439","100.4524887","100.4524887","94.45701357","92.87330317","94.11764706","90.61085973","89.59276018","88.80090498","88.12217195","87.33031674","85.0678733","84.64912281","81.35964912","82.08791209","82.01754386","81.03070175","81.25","81.90789474","79.71491228","78.57142857","80.76923077","78.46153846","79.23076923","78.24175824","79.45054945","77.91208791","84.98583569","82.01133144","82.01133144","80.02832861","75.63739377","73.37110482","71.38810198","69.54674221","65.01416431","64.73087819","67.98866856","66.14730878","63.31444759","65.56728232","58.83905013","58.97097625","59.36675462","58.31134565","59.36675462","61.21372032","63.98416887","65.03957784","64.37994723","65.83113456","66.22691293","73.07197943","76.54241645","79.62724936","80.14138817","80.65552699","81.55526992","90.55269923","94.53727506","94.79434447","97.87917738","99.03598972","102.377892","103.0205656","105.9768638","105.2056555","103.9203085","103.5347044","105.2056555","105.3333333","106.2121212","103.6969697","106.7575758","106.3636364","105.2121212","104.2727273","104.7301395","104.8181818","103.4304797","104.2753184","105.9162621","107.342233","108.6969697","109.3333333","109.6363636","107.8181818","106.5454545","105.6798117","104.9146557","104.8852266","104.0317834","103.0017657","102.9429076","101.942319","101.3243084","100.9417304","100.2648617","99.97057092","100.6474397","100.7050529","100.5287897","100.9988249","99.73560517","99.70622797","99.88249119","98.32549941","98.47238543","98.38425382","97.91421857","98.09048179","98.44300823","98.85428907","97.88484136","98.32549941","97.96094199","96.92705342","96.2377943711","96.63986215","96.46754739","95.69213096","96.35267088","95.57725445","95.97932223",
"아파트","경남","월세수급동향","","99.85148515","98.16831683","98.76237624","96.98019802","97.07920792","97.37623762","95.79207921","97.07920792","96.78217822","96.98019802","95.59405941","92.82178218","92.32673267","90.99009901","91.52046784","91.0331384","91.8128655","88.88888889","89.5711501","90.93567251","90.64327485","89.01960784","87.17948718","86.07843137","85.64453125","83.984375","82.421875","82.51953125","81.640625","79.46257198","78.11900192","78.11900192","77.15930902","76.00767754","74.28023033","71.01727447","69.7696737","68.33013436","64.77927063","62.18809981","60.55662188","59.4049904","58.62354892","57.87728027","54.06301824","55.6384743","53.39966833","52.07296849","60.77943615","60.11608624","59.95024876","60.44776119","61.44278607","65.25704809","66.82847896","65.85760518","67.31391586","66.66666667","66.10032362","70.06472492","87.05501618","88.67313916","91.18122977","93.85113269","99.75728155","103.5598706","102.5889968","99.11003236","102.0226537","96.5210356","93.44660194","96.44012945","101.9367589","101.9367589","103.5177866","107.7272727","103.3794466","101.0482595","102.0767405","101.284585","101.7009494","102.312253","102.9062871","104.1122974","104.0973872","106.1462451","103.4782609","102.7865613","102.2924901","99.90118577","95.90483619","96.04134165","95.55382215","95.78783151","95.33931357","95.02730109","96.47035881","97.1723869","98.16692668","99.06396256","98.77145086","98.16692668","98.22325222","97.56662804","97.64387795","96.38856701","97.18037852","97.50869061","96.89069139","98.51293936","99.30475087","99.63306296","100","100.9269988","100.4248745","100.2124372","100.2317497","99.43052392","98.78511769","100.2277904328","100.9301443","102.0690964","103.1700835","103.9483675","104.5937737","105.808656",
"아파트","제주","월세수급동향","","93.15068493","102.0547945","106.1643836","109.5890411","119.1780822","112.5","122.6027397","118.4931507","112.3287671","95.89041096","82.19178082","84.24657534","88.35616438","93.83561644","92.68292683","95.73170732","101.8292683","92.07317073","99.3902439","95.73170732","87.80487805","87.19512195","91.875","92.07317073","83.53658537","84.14634146","83.53658537","85.36585366","84.14634146","89.21568627","88.23529412","88.23529412","87.25490196","79.41176471","74.50980392","71.56862745","67.64705882","56.8627451","61.76470588","62.74509804","64.70588235","63.7254902","67.85714286","70.53571429","70.53571429","68.75","69.64285714","67.85714286","70.53571429","72.32142857","71.42857143","71.42857143","74.10714286","73.21428571","75.86206897","71.55172414","70.68965517","71.55172414","70.68965517","69.82758621","68.96551724","68.96551724","67.24137931","68.10344828","68.10344828","79.31034483","87.06896552","88.79310345","87.93103448","90.51724138","98.27586207","105.1724138","100.4444444","100.8888889","98.22222222","103.7777778","105.5555556","105.5555556","105.7777778","105.1111111","100.2222222","101.1111111","102.6785714","97.77777778","100","100.8888889","100.2222222","101.5555556","105.5555556","99.11111111","104.6666667","98","96.88888889","87.11111111","87.11111111","91.55555556","93.11111111","93.55555556","92.22222222","94.88888889","96.88888889","96","97.57709251","99.11894273","98.45814978","91.85022026","92.07048458","93.39207048","94.27312775","93.39207048","94.9339207","94.05286344","93.39207048","92.07048458","91.18942731","89.86784141","84.36123348","86.36363636","86.36363636","86.5800865801","89.61038961","88.74458874","88.96103896","88.96103896","90.25974026","92.64069264",
"연립다세대","전국","월세수급동향","","93.8825009","93.1189364","93.30758175","93.98131513","94.08911247","92.79554438","93.40639598","92.78656126","92.97520661","93.19978441","92.69673015","92.75961193","93.10097018","93.21775063","93.21008403","92.98319328","93.29299042","93.28571429","92.91596639","92.94839469","93.06606152","93.44317418","93.72057835","94.02420575","93.97377711","93.88235294","94","93.8907563","93.48739496","92.93241887","93.04115089","93.1498829","92.41385079","90.78287053","90.23084644","89.28571429","88.71696219","89.33589829","89.68718635","89.43626631","88.96788223","88.00602208","86.91551113","85.39987101","84.90003225","84.84359884","84.28732667","83.87616898","84.62592712","86.16575298","86.37536279","86.60109642","86.90744921","88.08448887","88.97650213","89.44961363","89.7539044","89.3786469","89.80444725","90.40523494","92.27738377","92.64775414","93.80314961","95.04724409","95.41732283","96.42519685","96.85826772","97.30708661","97.49606299","97.00787402","97.09448819","98.07874016","99.7480315","102.6771654","103.023622","100.7401575","99.66929134","99.34635376","99.07844991","99.41723106","99.76374232","99.85032299","100.0945031","100.2362949","99.66929134","99.60611312","99.60629921","98.7007874","97.2992126","93.92913386","92.35339506","92.75462963","92.57716049","92.65432099","92.92438272","92.81635802","93.02469136","93.62654321","94.02006173","94.49074074","94.45216049","93.97376543","93.9389313","94.44274809","94.75572519","94.59541985","95.01526718","95.69465649","96.02290076","96.61068702","97.16793893","96.96183206","97.0610687","97.26717557","97.24427481","97.51908397","97.79389313","97.60036221","97.60036221","97.8871113794","98.32478117","98.35496529","98.64926049","99.28312708","99.42650166","99.8038032",
"연립다세대","수도권","월세수급동향","","90.56750857","89.08637356","89.52291862","90.86373558","91.23791706","89.63205488","90.09978173","89.99064546","90.505145","90.91050826","90.86373558","91.12878079","91.25350795","91.7056439","91.35968853","91.4195867","92.01856843","92.06349206","91.83887391","91.67415394","92.15333932","92.74797723","93.67695535","93.90353505","93.87357699","93.62084456","93.96525906","93.66576819","93.5309973","93.67386489","94.14451827","94.213732","93.17552602","91.19601329","90.90531561","90.33776301","90.14396456","92.01273533","92.64950166","92.31727575","92.10963455","91.05758583","89.66024612","86.81112895","86.2894596","86.47672552","86.16907437","86.00856073","87.25254147","89.52648475","90.02140182","90.42268593","90.86409845","92.73675762","93.56884058","94.26759834","94.74365614","95.00517598","94.92753623","95.65329884","97.11737332","97.81540848","99.52221074","100.7618802","100.8522727","101.7561983","102.2081612","102.5051653","102.8409091","102.1823347","102.0919421","103.4349174","101.6454749","104.9239591","104.4751932","101.0595861","99.77561705","99.37671404","98.82793017","98.81575667","99.80054849","99.85041137","100.1371229","100.361596","99.47643979","99.45123472","99.6758913","98.47918225","96.69658439","92.93193717","91.23129752","91.67279863","91.66053471","91.99166053","92.27373068","92.71523179","92.75202355","93.56144224","93.92935982","94.37086093","94.34633309","93.80672063","93.66367822","94.51175188","94.59655924","94.71771262","95.57790162","96.45020596","96.89847347","97.96462321","98.60673613","98.46135207","98.64308214","98.59462079","98.66731282","99.21250303","99.63653986","99.31818182","99.50956938","99.9401913876","100.0239234","100.2272727","100.5502392","101.3038278","101.4832536","101.854067",
"연립다세대","지방","월세수급동향","","98.38914794","98.60110216","98.45273421","98.21958457","97.96523951","97.09622721","97.90165324","96.58753709","96.33319203","96.31199661","95.18863925","94.97668504","95.61254769","95.27342094","95.57640751","94.98276522","94.92337165","94.84871697","94.29337419","94.57854406","94.23371648","94.33167369","93.77633091","94.17847568","94.10187668","94.21677518","94.04442742","94.17847568","93.43163539","91.80050719","91.3567202","91.52578191","91.25105664","90.15215554","89.20118343","87.67962806","86.53846154","85.24936602","85.16483516","85.03803888","84.17159763","83.34742181","82.75162338","83.25892857","82.79220779","82.36607143","81.43262987","80.64123377","80.64123377","81.06737013","80.84415584","80.80357143","80.90503247","81.02678571","81.81267662","81.93379088","81.97416229","80.60153411","81.81267662","82.2163908","84.71941865","84.57811869","84.86682809","86.11783697","86.92493947","88.0952381","88.49878935","89.18482647","89.14447135","88.92251816","89.28571429","89.7094431","96.4942283","98.82428388","100.5344164","100.1923899","99.48696024","99.29426861","99.5081266","100.4491018","99.7005988","99.85017123","100.0213858","100.0213858","100","99.8716852","99.48696024","99.08080376","98.33262078","95.63916204","94.25717853","94.59009571","94.13233458","93.77861007","94.02829796","92.98793175","93.48730753","93.73699542","94.17394923","94.69413233","94.63171036","94.25717853","94.40775898","94.32521667","95.02682625","94.3871234","94.05695419","94.40775898","94.53157243","94.3045811","94.71729261","94.40775898","94.36648783","95.00619067","94.82047049","94.63475031","94.65538589","94.66475879","94.33769419","94.378577269","95.42109567","95.15535568","95.40065413","95.82992641","95.91169256","96.30008177",
"연립다세대","6대광역시","월세수급동향","","95.75510204","95.79591837","96.12244898","97.26530612","96.81632653","95.91836735","97.51020408","96","96.04081633","96.20408163","95.79591837","95.71428571","96.32653061","95.59183673","95.3125","95.72172619","95.38690476","95.34970238","94.90327381","94.97393894","94.93670886","95.1264881","95.23809524","95.64732143","95.4985119","96.83779762","96.50297619","96.61458333","95.79613095","92.89232935","92.08304011","92.39971851","91.55524279","90.67558058","88.84588318","88.59957776","87.08655876","85.4679803","85.60872625","85.08092892","83.6382829","82.54750176","82.64320221","83.09178744","82.67770876","81.33195307","81.02139406","80.46928916","80.33126294","81.60800552","81.60800552","81.64251208","82.19461698","82.67770876","83.57388316","83.74570447","83.88316151","82.74914089","84.74226804","84.94845361","85.8419244","85.8419244","86.81318681","88.46153846","88.73626374","90.59065934","91.00274725","91.14010989","91.10576923","90.96840659","91.75824176","91.7239011","98.31299354","101.2203877","101.8305815","100.2153625","99.89231874","99.78463747","99.85632184","100.6824713","100.5387931","99.35344828","100.5384063","100.2514368","99.42569993","99.8204023","99.71284996","98.74371859","97.66690596","94.47236181","92.87749288","92.6994302","92.98433048","93.3048433","92.52136752","91.88034188","91.55982906","91.95156695","91.77350427","92.52136752","92.23646724","92.52136752","91.96175637","92.20963173","93.09490085","93.20113314","92.7407932","92.81161473","93.20113314","93.37818697","94.54674221","94.44050992","94.90084986","95.32577904","95.04249292","95.00708215","95.50283286","94.87359551","94.83848315","94.4873595506","94.90870787","95.92696629","96.38342697","96.03230337","95.82162921","96.55898876",
"연립다세대","5대광역시","월세수급동향","","97.6016684","97.65380605","97.96663191","98.33159541","97.75808133","96.61105318","98.64442127","96.81960375","96.66319082","96.8717414","96.35036496","96.29822732","97.08029197","96.14181439","95.96474954","96.33580705","96.15027829","96.33580705","95.6864564","96.00742804","96.00742804","96.05751391","95.82560297","96.19666048","95.87198516","97.07792208","96.89239332","97.30983302","96.38218924","93.03460515","92.1472937","92.50221828","91.61490683","89.97338066","88.55368234","87.88819876","86.42413487","84.56078083","84.64951198","83.98402839","82.03194321","81.05590062","81.228223","81.79442509","81.14111498","79.57317073","79.3989547","78.96341463","79.26829268","79.92160279","79.31184669","79.3554007","80.0087108","80.18292683","81.42981691","81.51700087","81.64777681","79.81691369","82.60680035","82.65039233","83.26068003","83.30427201","83.92857143","85.45296167","85.97560976","88.41463415","88.58885017","88.80662021","88.67595819","88.19686411","89.02439024","89.02439024","97.75910364","100.0933707","101.4939309","100.0466853","100","99.57983193","99.62616822","100.9813084","100.7476636","99.71962617","100.5135387","99.90662932","99.20634921","99.95327103","99.71988796","98.87955182","98.08590103","94.95798319","93.11460259","92.60628466","92.32902033","92.88354898","92.28280961","91.49722736","91.54343808","92.09796673","92.4676525","92.79112754","92.74491682","92.51386322","91.85832567","91.72033119","92.68629255","92.96228151","92.27230911","92.22631095","92.54829807","92.59429623","93.60625575","93.37626495","93.65225391","93.65225391","93.51425943","93.33026679","93.65225391","93.47627737","93.61313869","93.2481751825","93.97810219","94.79927007","94.75364964","94.61678832","94.1149635","94.98175182",
"연립다세대","9개도","월세수급동향","","94.97101943","93.41970678","93.41970678","94.45959768","94.88578248","92.84009547","93.30037504","92.73781111","92.7719059","93.01056938","92.3627685","92.48210024","92.7719059","93.87998636","93.55555556","93.31746032","93.48999682","93.57142857","92.79365079","92.84126984","92.88888889","93.3968254","93.6031746","93.66666667","93.82539683","93.50793651","93.55555556","93.50793651","93.04761905","94.29678848","94.27833149","94.33370247","94.07530454","92.6910299","92.303433","90.90070137","90.42081949","91.12218531","91.5282392","91.17755629","91.23292728","90.55001846","89.80836237","89.45993031","89.09407666","89.93031359","88.97212544","88.34494774","88.41463415","88.64111498","89.04181185","88.97212544","88.81533101","88.95470383","89.18010753","89.54973118","89.47545393","89.0625","89.14650538","89.60013441","91.57435381","91.82611615","92.45472837","93.5110664","93.9637827","95.02012072","95.52313883","96.39503689","97.03219316","96.52917505","96.49564051","96.96512408","99.49113592","102.4458306","103.8575181","101.4773473","100.0328299","99.68801314","99.24466338","99.57321077","100.0984898","100.4434954","100.2463054","101.0180624","100.574524","100.2955665","99.85226527","98.80170716","96.93040053","93.69665135","91.73052363","92.41698595","92.09770115","91.81034483","92.54469987","92.20945083","93.05555556","93.4706258","94.12515964","94.68390805","94.74776501","93.72605364","94.3655303","94.85479798","94.83901515","94.09722222","94.71275253","95.3125","95.54924242","96.35416667","96.70138889","96.32260101","96.54356061","96.79608586","96.875","97.33270202","97.33270202","97.13216958","96.85162095","96.9763092269","97.74002494","97.27244389","97.24127182","97.94264339","98.28553616","98.53491272",
"연립다세대","8개도","월세수급동향","","99.01738473","99.35752079","98.94179894","98.29931973","98.56386999","97.80801209","97.95918367","96.93877551","96.48526077","96.14512472","94.59561602","94.29327286","94.63340892","95.16250945","95.21463758","94.44053483","93.94366197","93.84236453","93.13863476","93.10344828","92.85714286","93.0330753","92.04785362","92.57565095","93.0330753","92.1182266","91.94229416","91.62561576","90.99225897","89.87730061","89.92112182","89.96494303","90.09640666","89.48290973","89.00087642","86.45924628","85.49517967","84.66257669","84.92550394","84.83786152","84.92550394","83.91761613","82.67651888","83.33333333","83.04597701","83.94909688","82.43021346","81.28078818","81.23973727","81.40394089","81.44499179","81.32183908","80.91133005","80.95238095","81.37175325","81.53409091","81.49350649","80.4788961","80.31655844","81.08766234","85.06493506","84.61850649","84.74025974","85.6737013","86.85064935","87.33766234","87.82467532","88.35227273","88.55519481","88.75811688","88.75811688","89.52922078","96.13769941","98.61460957","100.4617968","100.9235936","99.53820319","99.95798319","100.1259446","100.6717045","99.16036944","100.0420521","99.70588235","100.210084","100.6717045","100","99.53820319","99.62216625","98.86649874","97.27120067","96.01128122","96.33360193","95.60838034","94.23851732","95.24576954","93.91619662","94.80257857","95.08460919","95.64867043","96.25302176","96.33360193","95.76954069","96.65338645","96.65338645","97.25099602","95.77689243","95.89641434","96.45418327","96.45418327","96.09561753","96.01593625","95.57768924","95.37848606","96.4940239","96.21513944","96.05577689","95.81673307","95.82018927","95.14984227","95.1892744479","96.68769716","95.50473186","95.97791798","96.52996845","97.20031546","97.1214511",
"연립다세대","서울","월세수급동향","","89.55672427","89.74455297","90.30803907","89.81968445","90.04507889","89.93238167","90.19534185","90.23290759","90.79639369","90.90909091","90.68369647","90.79639369","90.79639369","89.96994741","90.0297619","89.80654762","90.55059524","90.55059524","90.99702381","90.625","91.48065476","91.80327869","92.2876304","93.14966493","93.07520477","91.85267857","92.59672619","91.85267857","92.0014881","90.45714286","91.57142857","91.62857143","90.08571429","87.4","87.65714286","86.77142857","86.77142857","89.11428571","89.91428571","89.71428571","89.17142857","87.65714286","84.92997199","79.9719888","79.18767507","78.93557423","78.93557423","78.99159664","81.76470588","85.65826331","85.68627451","86.55462185","87.42296919","90.86834734","92.82560706","93.73620309","94.81236203","95.11589404","94.86754967","96.05626034","98.31770546","99.11748483","101.4332966","102.6185226","102.9768467","103.5556781","103.8037486","103.3902977","103.1422271","102.508269","102.2601985","104.9062845","101.9083969","104.9345692","103.1624864","100.3271538","99.23664122","99.04580153","98.66412214","98.60959651","98.88222465","99.29116685","99.5910578","98.9912759","98.30970556","98.41789416","99.29116685","98.71864776","97.7917121","94.49291167","93.42811159","93.29399142","92.94527897","93.32081545","93.61587983","94.28648069","93.80364807","95.09120172","95.52038627","95.57403433","95.65450644","95.4667382","94.70619375","95.47379566","95.97670725","96.58549497","97.458973","98.65007941","99.12652197","99.76177872","100.2382213","100.2117522","99.92059291","99.81471678","99.78824775","100.026469","100.6087877","100.6276151","101.1767782","101.9874476987","101.9874477","102.1443515","102.8504184","103.8702929","104.001046","104.2887029",
"연립다세대","강북권역","월세수급동향","","87.94579173","88.58773181","90.01426534","88.80171184","88.80171184","88.37375178","88.37375178","88.44507846","88.58773181","88.58773181","88.0171184","87.94579173","87.94579173","87.87446505","88.89674682","89.03818953","88.96746818","88.7553041","89.88684583","90.02828854","90.45261669","91.34751773","91.4893617","93.13031161","92.70538244","90.38189533","90.38189533","89.17963225","88.89674682","85.28784648","87.26012793","87.42004264","87.47334755","83.20895522","83.36886994","81.23667377","81.71641791","84.06183369","84.80810235","84.80810235","84.86140725","85.02132196","81.53439153","77.88359788","76.87830688","76.82539683","76.24338624","76.45502646","79.57671958","83.28042328","83.7037037","83.91534392","84.86772487","85.87301587","87.7348643","89.50939457","90.65762004","91.85803758","92.11899791","94.21272158","95.72471324","96.92387904","99.53125","100.3645833","99.84375","101.0416667","101.6145833","100.9895833","101.40625","100.9375","100.8854167","104.0625","101.8653321","104.3676069","102.9572338","100.2274795","99.54504095","99.1810737","99.1810737","99.59053685","99.45404914","100.0909918","100.6369427","99.40855323","98.72611465","99.54462659","100.6369427","99.36305732","98.45313922","95.95086442","95.61717352","95.34883721","95.43828265","94.90161002","95.48300537","96.42218247","95.61717352","96.15384615","96.19856887","95.97495528","95.7960644","95.34883721","94.92497793","95.41041483","96.16063548","96.82259488","97.61694616","99.20564872","99.42630185","99.95586937","100.5295675","100.6178288","100.1323919","99.69108561","100.0882613","100.3971756","100.8384819","100.6538797","101.4821273","102.3539668701","102.005231","102.048823","102.9642546","104.097646","104.097646","104.4027899",
"연립다세대","도심권","월세수급동향","","87.05357143","87.05357143","87.05357143","87.05357143","87.05357143","87.05357143","87.05357143","87.05357143","87.05357143","87.05357143","87.05357143","87.05357143","87.05357143","87.05357143","93.30357143","93.30357143","93.30357143","93.30357143","93.75","93.75","93.75","93.75","93.75","93.75","92.41071429","90.625","90.625","90.625","91.07142857","97.88359788","97.88359788","97.88359788","97.88359788","88.0952381","91.00529101","92.85714286","93.12169312","101.3227513","101.3227513","101.5873016","105.026455","105.5555556","94.70899471","81.74603175","81.48148148","81.48148148","81.21693122","82.53968254","81.48148148","83.06878307","84.65608466","85.18518519","84.39153439","87.56613757","90.69148936","91.75531915","93.35106383","89.36170213","92.81914894","94.14893617","96.27659574","97.60638298","100","103.968254","105.026455","103.968254","105.026455","103.7037037","105.2910053","104.4973545","104.7619048","108.2010582","100","100.8928571","102.0089286","99.55357143","97.09821429","99.10714286","98.88392857","99.55357143","99.55357143","99.55357143","99.55357143","98.4375","100.2232143","102.2321429","100.8928571","100.6696429","100","98.4375","98.26839827","97.83549784","97.83549784","95.02164502","94.58874459","95.67099567","96.32034632","95.88744589","95.45454545","96.53679654","94.37229437","93.93939394","92.30769231","91.88034188","92.30769231","93.58974359","96.36752137","99.57264957","98.5042735","99.57264957","99.78632479","99.57264957","98.93162393","99.57264957","100.4273504","101.2820513","101.7094017","101.2658228","101.6877637","102.3206751055","101.6877637","101.4767932","102.9535865","106.1181435","107.1729958","106.7510549",
"연립다세대","동북권","월세수급동향","","97.66763848","98.97959184","101.0204082","98.54227405","98.54227405","97.66763848","97.66763848","97.81341108","94.3148688","94.3148688","94.02332362","93.87755102","93.87755102","93.73177843","93.71428571","93.85714286","93.85714286","93.85714286","93.85714286","93.57142857","93.57142857","94.42857143","94.55587393","94.41260745","93.83954155","92.14285714","92.14285714","89.71428571","89.42857143","81.96125908","81.96125908","82.08232446","82.08232446","81.96125908","81.8401937","81.96125908","81.71912833","81.59806295","81.47699758","81.3559322","81.11380145","81.11380145","80.11904762","80","79.88095238","79.76190476","79.52380952","79.52380952","81.78571429","85.23809524","85.35714286","85.23809524","85.71428571","85.35714286","86.7370892","87.79342723","89.20187793","94.60093897","94.01408451","97.65807963","99.41451991","101.6393443","106.323185","105.7377049","104.2154567","107.4941452","107.7283372","107.4941452","107.4941452","106.9086651","106.557377","112.1779859","105.2313883","108.9537223","101.1066398","100.7042254","100.3018109","98.99396378","98.69215292","99.19517103","98.5915493","100.1006036","100.7042254","99.0945674","100.7042254","100.4032258","100","100","99.49698189","96.37826962","95.67779961","94.10609037","94.59724951","95.48133595","96.07072692","97.15127701","96.16895874","96.56188605","96.26719057","96.26719057","96.16895874","95.67779961","96.12403101","97.28682171","97.96511628","98.35271318","98.93410853","99.32170543","99.90310078","100.7751938","101.1627907","101.1627907","100.6782946","100","100.0968992","100.1937984","101.1627907","100.9560229","101.8164436","102.4856596558","102.7724665","102.4856597","103.0592734","103.9196941","104.1108987","104.5889101",
"연립다세대","서북권","월세수급동향","","74.79674797","74.79674797","76.01626016","76.01626016","76.01626016","76.01626016","76.01626016","76.01626016","81.30081301","81.30081301","80.08130081","80.08130081","80.08130081","80.08130081","80","80.20408163","80","79.3877551","82.44897959","83.26530612","84.48979592","85.80246914","86.06557377","91.02040816","91.2244898","87.75510204","87.75510204","87.75510204","87.14285714","82.29166667","87.79761905","88.0952381","88.24404762","81.99404762","80.95238095","73.80952381","75.29761905","77.38095238","79.61309524","79.61309524","78.125","78.27380952","75.89285714","73.06547619","70.53571429","70.53571429","69.3452381","69.19642857","75.74404762","80.95238095","81.10119048","81.54761905","84.07738095","85.56547619","87.35465116","90.40697674","90.98837209","89.8255814","89.38953488","89.97093023","90.84302326","90.69767442","90.84302326","91.71511628","91.56976744","91.4244186","92.15116279","91.4244186","91.71511628","91.56976744","91.71511628","91.71511628","98.54497354","100.3968254","105.952381","100","100","99.47089947","100","100.1322751","100.5291005","100.3968254","101.1904762","100.3968254","95.23809524","96.82539683","101.3227513","97.75132275","96.16402116","93.91534392","93.91534392","95.5026455","95.10582011","94.04761905","95.23809524","95.8994709","94.44444444","95.76719577","96.56084656","95.23809524","96.16402116","95.76719577","94.90861619","95.03916449","96.08355091","96.73629243","96.60574413","98.82506527","99.34725849","99.08616188","100.1305483","100.5221932","100.1305483","99.34725849","99.8694517","100.1305483","99.8694517","99.87080103","100.9043928","102.1963824289","101.1627907","101.8087855","102.8423773","103.1007752","102.1963824","102.7131783",
"연립다세대","강남권역","월세수급동향","","91.34920635","91.03174603","90.63492063","90.95238095","91.42857143","91.66666667","92.22222222","92.22222222","93.25396825","93.49206349","93.65079365","93.96825397","93.96825397","92.3015873","91.28728414","90.65934066","92.30769231","92.54317111","92.22919937","91.28728414","92.62166405","92.30769231","93.1711146","93.1711146","93.48508634","93.48508634","95.05494505","94.81946625","95.44740973","96.42857143","96.55172414","96.49014778","93.10344828","92.24137931","92.61083744","93.16502463","92.61083744","94.95073892","95.81280788","95.3817734","94.15024631","90.70197044","88.75","82.32142857","81.78571429","81.30952381","81.96428571","81.8452381","84.22619048","88.33333333","87.91666667","89.52380952","90.29761905","96.48809524","98.53629977","98.47775176","99.47306792","98.7704918","97.95081967","98.1264637","101.2295082","101.5807963","103.5714286","105.1522248","106.498829","106.381733","106.264637","106.088993","105.0936768","104.2740047","103.8056206","105.8548009","101.9727891","105.7823129","103.4693878","100.4761905","98.7755102","98.84353741","97.89115646","97.14285714","98.02721088","98.0952381","98.02721088","98.36734694","97.68707483","96.73469388","97.27891156","97.75510204","96.80272109","92.31292517","90.14745308","90.21447721","89.20911528","90.95174263","90.81769437","91.08579088","91.08579088","93.49865952","94.50402145","94.97319035","95.44235925","95.64343164","94.37830688","95.56878307","95.7010582","96.23015873","97.22222222","97.81746032","98.67724868","99.47089947","99.8015873","99.6031746","99.6031746","100","99.33862434","99.47089947","100.2645503","100.5882353","100.7189542","101.4379084967","101.9607843","102.2875817","102.6797386","103.5294118","103.8562092","104.1176471",
"연립다세대","서남권","월세수급동향","","87.96992481","87.21804511","86.46616541","87.21804511","88.34586466","88.90977444","90.22556391","90.22556391","92.66917293","92.85714286","93.23308271","93.98496241","93.98496241","93.98496241","92.49084249","91.39194139","94.87179487","95.6043956","95.6043956","95.6043956","95.23809524","97.61904762","97.98534799","97.8021978","97.61904762","97.06959707","98.9010989","98.71794872","98.9010989","97.43303571","97.32142857","97.76785714","95.3125","94.86607143","94.64285714","95.08928571","93.86160714","96.42857143","96.54017857","97.99107143","97.65625","92.41071429","88.74458874","81.06060606","81.06060606","79.97835498","80.19480519","79.11255411","80.95238095","84.41558442","83.65800866","86.9047619","87.44588745","96.32034632","99.78678038","100","99.68017058","99.25373134","98.93390192","98.82729211","100.3198294","101.8123667","102.9850746","103.9445629","106.1833689","105.2238806","105.2238806","104.6908316","103.6247335","102.8784648","102.6652452","103.7313433","103.4598214","102.9017857","104.4642857","100.6696429","98.21428571","99.66517857","98.77232143","97.99107143","97.99107143","98.10267857","97.65625","98.66071429","98.66071429","96.875","96.875","97.32142857","96.875","92.07589286","89.32461874","87.90849673","87.69063181","88.23529412","88.77995643","89.86928105","90.74074074","94.44444444","95.64270153","96.18736383","96.94989107","96.84095861","95.69892473","97.41935484","97.95698925","98.70967742","100.2150538","101.1827957","101.827957","102.3655914","101.827957","101.3978495","101.6129032","101.7204301","100.9677419","100.8602151","101.5053763","101.4861996","101.8046709","102.4416135881","103.1847134","102.7600849","103.3970276","104.670913","105.2016985","105.5201699",
"연립다세대","동남권","월세수급동향","","93.81868132","93.81868132","93.68131868","93.68131868","93.68131868","93.68131868","93.68131868","93.68131868","93.68131868","93.95604396","93.95604396","93.95604396","93.95604396","91.07142857","90.38461538","90.10989011","90.38461538","90.24725275","89.6978022","88.04945055","90.65934066","88.32417582","89.56043956","89.6978022","90.38461538","90.7967033","92.17032967","91.8956044","92.85714286","95.19230769","95.6043956","94.91758242","90.38461538","89.01098901","90.10989011","90.7967033","91.07142857","93.13186813","94.91758242","92.17032967","89.83516484","88.5989011","88.75661376","83.86243386","82.67195767","82.93650794","84.12698413","85.18518519","88.22751323","93.12169312","93.12169312","92.72486772","93.78306878","96.69312169","97.01298701","96.62337662","99.22077922","98.18181818","96.75324675","97.27272727","102.3376623","101.2987013","104.2857143","106.6233766","106.8831169","107.7922078","107.5324675","107.7922078","106.8831169","105.974026","105.1948052","108.4415584","99.65156794","110.2787456","101.9163763","100.174216","99.65156794","97.56097561","96.51567944","95.81881533","98.08362369","98.08362369","98.60627178","97.90940767","96.16724739","96.51567944","97.90940767","98.43205575","96.68989547","92.68292683","91.46341463","93.90243902","91.63763066","95.29616725","94.07665505","93.03135889","91.63763066","91.98606272","92.68292683","93.03135889","93.03135889","93.728223","92.26804124","92.61168385","92.09621993","92.26804124","92.43986254","92.43986254","93.64261168","94.84536082","96.56357388","96.73539519","96.39175258","97.25085911","96.73539519","97.25085911","98.28178694","99.14965986","98.97959184","99.8299319728","100","101.5306122","101.5306122","101.7006803","101.7006803","101.8707483",
"연립다세대","경기","월세수급동향","","91.64596273","88.54037267","88.88198758","91.30434783","91.86335404","88.75776398","89.47204969","89.28571429","89.72049689","90.43478261","90.52795031","90.99378882","91.24223602","92.82608696","92.19201851","92.39444766","93.11740891","93.34875651","92.51012146","92.62579526","92.91497976","93.69577791","94.88143436","94.56333141","94.47657606","94.65008676","94.88143436","95.05494505","94.73684211","97.5127551","97.44897959","97.5127551","96.97066327","95.0255102","94.70663265","94.13265306","94.00510204","95.82270408","96.33290816","95.79081633","95.82270408","95.37627551","95.06658596","93.97699758","93.55326877","94.3401937","93.79539952","93.55326877","93.70460048","93.97699758","94.64285714","94.6125908","94.64285714","94.85472155","94.69610092","95.21215596","95.12055109","95.12614679","95.38417431","95.61353211","96.16485404","96.90898683","97.88571429","99.02857143","98.97142857","100.4285714","100.9428571","102.0571429","103","102","101.9428571","102.2","101.6442049","104.9056604","106.0377358","101.8328841","100.3504043","99.5148248","98.6785329","98.86792453","100.7008086","100.7008086","100.5929919","101.5363881","100.5121294","100.4854369","100.0539084","98.27493261","95.68733154","91.40161725","88.92120571","89.84664199","89.79375992","90.2168165","90.77207827","91.0893707","91.90904283","92.41142253","93.12533051","93.65415124","93.70703332","92.38498149","92.86461056","93.67485625","93.25666492","92.99529535","93.93622582","94.56351281","94.95556717","96.52378463","97.15107162","96.81129117","97.30789336","96.99424987","97.30789336","98.17041296","98.32723471","97.98969072","97.96391753","98.1443298969","98.42783505","98.42783505","98.06701031","98.86597938","98.99484536","99.45876289",
"연립다세대","경부1권","월세수급동향","","86.56462585","86.56462585","86.2244898","97.61904762","100","90.81632653","90.6462585","90.81632653","90.81632653","90.81632653","91.15646259","91.15646259","91.15646259","96.59863946","95.40816327","94.3877551","98.46938776","100.6802721","100.5102041","100.5102041","99.82993197","99.48979592","101.1904762","101.1904762","99.65986395","99.65986395","100","100","99.82993197","91.55844156","91.55844156","91.55844156","90.47619048","88.74458874","88.52813853","87.87878788","87.44588745","87.66233766","88.31168831","88.0952381","88.74458874","87.87878788","88.23529412","87.39495798","88.23529412","87.60504202","87.81512605","87.60504202","88.23529412","88.86554622","90.96638655","89.91596639","90.96638655","92.64705882","93.41563786","93.00411523","92.38683128","93.62139918","94.03292181","93.20987654","94.69387755","97.55102041","97.34693878","102.244898","99.79591837","104.2857143","103.6734694","110","110.6122449","106.3265306","105.7142857","105.7142857","112.593985","113.1578947","111.6541353","103.9473684","100.3759398","99.43609023","99.06015038","100.3759398","101.1278195","101.8796992","101.5037594","103.0075188","102.0676692","102.8195489","102.443609","101.8796992","98.12030075","93.79699248","90.97744361","91.35338346","90.22556391","92.29323308","93.04511278","94.92481203","97.18045113","98.12030075","97.55639098","96.2406015","96.42857143","94.92481203","92.91044776","94.7761194","95.70895522","95.14925373","96.45522388","90.85820896","97.57462687","100.1865672","100.9328358","100.1865672","102.4253731","99.44029851","100","103.9179104","103.5447761","100.5535055","101.1070111","102.2140221402","100.9225092","102.0295203","101.1070111","103.5055351","102.398524","101.2915129",
"연립다세대","경부2권","월세수급동향","","97.25274725","96.7032967","97.52747253","99.72527473","99.45054945","84.61538462","84.61538462","84.61538462","84.61538462","84.89010989","84.34065934","85.71428571","85.98901099","87.36263736","88.0952381","88.88888889","89.15343915","88.35978836","88.35978836","89.15343915","88.35978836","88.88888889","89.68253968","89.41798942","89.41798942","89.94708995","90.47619048","90.47619048","90.47619048","100.2164502","100.2164502","100.2164502","98.48484848","99.78354978","99.35064935","96.32034632","96.96969697","95.23809524","98.05194805","97.18614719","97.83549784","96.32034632","98.41269841","96.03174603","95.03968254","94.24603175","95.03968254","93.65079365","92.26190476","94.04761905","93.84920635","94.04761905","93.84920635","94.04761905","93.42105263","94.17293233","94.17293233","93.79699248","94.36090226","97.36842105","97.55639098","98.4962406","103.1954887","102.2556391","103.0075188","103.3834586","103.1954887","103.0075188","103.0075188","101.8796992","101.8796992","101.8796992","100.3571429","101.9642857","102.8571429","100","100","99.82142857","99.10714286","100.7142857","101.9642857","102.1428571","99.46428571","100.7142857","101.7857143","100.1785714","102.3214286","100","96.60714286","90.53571429","91.69550173","93.42560554","91.69550173","91.34948097","89.96539792","93.07958478","94.80968858","96.36678201","96.88581315","97.05882353","97.40484429","95.5017301","96.41638225","97.44027304","97.44027304","96.58703072","96.92832765","97.6109215","96.92832765","98.63481229","99.48805461","98.46416382","98.12286689","98.97610922","95.221843","96.75767918","96.24573379","96.46464646","96.8013468","97.6430976431","99.49494949","98.65319865","97.64309764","98.48484848","98.14814815","98.31649832",
"연립다세대","서해안권","월세수급동향","","93.23308271","93.23308271","93.04511278","93.42105263","93.60902256","93.60902256","94.92481203","93.04511278","93.42105263","95.67669173","95.4887218","95.86466165","96.05263158","97.36842105","97.43589744","97.43589744","97.43589744","97.43589744","97.43589744","97.43589744","97.25274725","97.25274725","97.25274725","97.25274725","97.61904762","97.8021978","97.06959707","96.88644689","96.88644689","99.73544974","99.47089947","99.33862434","99.07407407","94.04761905","93.65079365","93.65079365","93.12169312","101.1904762","100.6613757","100.5291005","99.86772487","99.73544974","98.85204082","96.81122449","96.17346939","97.57653061","97.83163265","98.08673469","97.70408163","98.08673469","98.85204082","99.23469388","99.48979592","99.87244898","98.89162562","99.87684729","101.2376238","100.4926108","100.2463054","100.862069","100.6157635","101.2315271","101.6009852","103.3251232","102.0935961","102.7093596","102.7093596","102.4630542","102.7093596","102.7093596","103.817734","102.955665","100","104.5054945","103.8461538","100.3296703","101.2087912","98.46153846","99.45054945","99.56043956","101.4285714","100.6593407","102.0879121","102.1978022","101.3186813","100.989011","100.7692308","101.3186813","99.34065934","97.03296703","90","91.53846154","91.86813187","91.64835165","93.18681319","91.53846154","93.62637363","95.49450549","96.04395604","98.57142857","98.68131868","97.91208791","99.45533769","99.56427015","100.2178649","99.78213508","100.6535948","101.8518519","99.01960784","99.78213508","100.1089325","98.583878","98.47494553","98.47494553","98.80174292","100","100.3267974","100.1077586","99.89224138","99.4612068966","100.4310345","99.78448276","99.03017241","100.3232759","100.5387931","101.7241379",
"연립다세대","동부1권","월세수급동향","","86.26373626","84.24908425","84.7985348","85.16483516","85.8974359","86.63003663","86.996337","86.996337","86.996337","87.54578755","87.36263736","87.36263736","87.36263736","88.64468864","89.19860627","89.72125436","90.76655052","91.98606272","91.98606272","91.98606272","92.68292683","93.37979094","96.8641115","97.03832753","98.08362369","97.73519164","97.73519164","97.90940767","97.38675958","96.77419355","96.77419355","96.77419355","96.77419355","96.31336406","96.08294931","96.08294931","95.85253456","96.5437788","97.46543779","97.00460829","96.77419355","96.77419355","95.53571429","96.42857143","95.53571429","96.875","95.08928571","94.86607143","97.09821429","95.3125","96.20535714","96.20535714","96.20535714","96.20535714","95.35864979","94.93670886","94.092827","94.51476793","95.14767932","95.56962025","99.3697479","99.15966387","101.6806723","102.7310924","103.1512605","104.4117647","105.4621849","106.512605","108.1932773","106.9327731","107.7731092","109.4537815","103.4798535","108.4249084","112.4542125","105.6776557","99.63369963","99.45054945","98.9010989","99.26739927","103.6630037","101.4652015","101.2820513","104.2124542","101.4652015","104.7794118","101.6483516","97.43589744","96.33699634","89.01098901","89.64285714","90.53571429","90.71428571","92.32142857","94.82142857","95","90.89285714","90.89285714","92.67857143","95","95.17857143","93.75","93.99293286","94.16961131","91.69611307","92.93286219","94.87632509","96.28975265","96.81978799","98.40989399","98.93992933","100.3533569","100.5300353","101.2367491","99.64664311","99.82332155","100.3533569","101.7361111","101.9097222","100.3472222222","100","100.3472222","100.3472222","100.1736111","102.2569444","102.6041667",
"연립다세대","동부2권","월세수급동향","","78.57142857","78.57142857","78.96825397","78.17460317","76.98412698","76.58730159","76.19047619","76.58730159","80.15873016","83.73015873","85.71428571","86.50793651","90.47619048","90.47619048","88.63636364","89.93506494","88.63636364","88.63636364","88.63636364","88.63636364","89.28571429","88.31168831","88.31168831","88.31168831","88.31168831","88.31168831","88.96103896","90.90909091","88.31168831","100","100","100","99.10714286","92.41071429","91.96428571","92.41071429","92.41071429","92.85714286","92.85714286","89.28571429","89.28571429","88.83928571","90.75630252","90.75630252","89.91596639","89.91596639","89.07563025","92.01680672","94.95798319","94.11764706","95.79831933","94.95798319","94.95798319","95.37815126","96.2406015","95.4887218","95.4887218","94.73684211","95.11278195","95.11278195","95.11278195","94.73684211","95.11278195","94.36090226","93.60902256","95.4887218","95.4887218","95.86466165","95.86466165","95.4887218","96.2406015","96.9924812","102.7210884","105.4421769","101.3605442","101.3605442","101.7006803","102.3809524","100","99.65986395","102.7210884","101.3605442","101.7006803","103.4013605","100.6802721","99.65986395","100.3401361","99.31972789","93.53741497","84.69387755","82.56578947","82.89473684","83.22368421","83.55263158","86.18421053","84.86842105","89.47368421","87.5","88.81578947","86.51315789","85.52631579","81.90789474","83.44155844","82.79220779","83.11688312","82.79220779","81.81818182","88.63636364","89.28571429","93.18181818","93.50649351","94.48051948","93.50649351","93.50649351","93.50649351","94.48051948","94.80519481","93.26923077","94.23076923","95.8333333333","97.43589744","98.07692308","98.3974359","96.79487179","95.83333333","96.15384615",
"연립다세대","경의권","월세수급동향","","101.0452962","88.85017422","88.85017422","89.3728223","90.06968641","90.06968641","90.41811847","90.94076655","91.11498258","91.11498258","91.11498258","92.16027875","91.28919861","91.28919861","92.37012987","92.20779221","91.88311688","91.07142857","91.07142857","91.07142857","91.07142857","94.64285714","95.94155844","93.99350649","93.66883117","94.48051948","95.45454545","95.45454545","95.45454545","93.40659341","93.40659341","94.23076923","94.23076923","93.13186813","92.58241758","92.03296703","92.03296703","91.75824176","91.75824176","91.48351648","91.75824176","91.48351648","88.57142857","88.57142857","88.57142857","94.04761905","94.04761905","93.57142857","95","95.23809524","94.76190476","95.23809524","94.04761905","92.85714286","93.42105263","94.29824561","95.1754386","96.27192982","97.36842105","97.14912281","97.14912281","98.02631579","97.61904762","98.48484848","101.0822511","101.7316017","101.5151515","101.9480519","100.8658009","98.91774892","98.91774892","99.35064935","97.83549784","101.9480519","107.5757576","101.2987013","99.78354978","99.35064935","96.53679654","94.58874459","95.45454545","97.18614719","97.61904762","96.32034632","95.67099567","93.07359307","91.12554113","85.4978355","83.54978355","81.38528139","79.46058091","80.08298755","81.32780083","80.49792531","80.29045643","79.87551867","79.46058091","79.04564315","79.87551867","80.49792531","79.46058091","78.83817427","81.2244898","83.06122449","81.02040816","81.42857143","81.42857143","82.85714286","83.26530612","85.51020408","87.14285714","87.75510204","90","89.18367347","93.87755102","93.87755102","94.08163265","94.17670683","92.77108434","93.1726907631","92.1686747","90.562249","90.96385542","91.96787149","93.17269076","93.7751004",
"연립다세대","경원권","월세수급동향","","94.23076923","89.56043956","91.48351648","90.93406593","90.65934066","92.03296703","95.87912088","95.6043956","96.15384615","95.6043956","95.6043956","95.6043956","95.87912088","95.87912088","91.07142857","91.96428571","91.96428571","91.07142857","84.82142857","85.04464286","87.72321429","88.61607143","88.61607143","88.83928571","88.83928571","88.83928571","88.83928571","88.83928571","89.0625","100","100","100","100","100","100","100","100","100","100","100","100","100","100","98.15668203","97.69585253","96.08294931","92.62672811","91.24423963","88.70967742","89.40092166","89.63133641","89.63133641","89.63133641","89.40092166","89.82683983","91.55844156","89.17748918","88.52813853","87.87878788","85.71428571","84.63203463","84.63203463","83.76623377","83.76623377","84.63203463","86.36363636","90.25974026","90.90909091","96.32034632","98.05194805","95.02164502","95.88744589","93.84236453","97.29064039","100.9852217","100.7389163","99.50738916","99.75369458","97.02970297","96.55172414","97.29064039","99.75369458","99.26108374","100.2463054","99.01477833","100","100","99.26108374","97.53694581","96.30541872","94.71153846","94.71153846","95.43269231","96.15384615","93.75","94.71153846","94.95192308","93.99038462","94.95192308","93.50961538","94.71153846","94.23076923","92.41706161","93.83886256","92.89099526","91.46919431","94.07582938","94.78672986","95.26066351","94.54976303","94.54976303","93.83886256","94.07582938","93.83886256","97.1563981","94.31279621","95.02369668","95.11627907","94.88372093","95.3488372093","95.34883721","97.44186047","97.6744186","98.13953488","97.20930233","98.60465116",
"연립다세대","인천","월세수급동향","","89.09774436","89.09774436","89.47368421","93.42105263","93.42105263","93.42105263","93.42105263","93.04511278","93.79699248","93.79699248","93.79699248","93.60902256","93.60902256","93.60902256","92.66917293","93.23308271","92.29323308","91.35338346","91.72932331","90.78947368","90.60150376","91.35338346","92.85714286","93.42105263","93.98496241","95.86466165","94.92481203","93.79699248","93.42105263","92.34693878","91.83673469","92.00680272","91.32653061","93.36734694","89.96598639","91.32653061","89.62585034","88.94557823","89.28571429","89.28571429","89.79591837","88.26530612","88.03986711","88.03986711","88.53820598","88.03986711","87.20930233","86.21262458","84.38538206","88.03986711","90.3654485","90.3654485","90.53156146","92.19269103","91.55844156","92.04545455","92.20779221","93.66883117","92.69480519","93.50649351","95.45454545","95.29220779","97.56493506","99.67532468","99.02597403","98.7012987","100","99.83766234","100.1623377","101.2987013","101.9480519","101.7857143","100.1552795","104.9689441","102.9503106","100.7763975","99.53416149","100.4658385","100.621118","99.68944099","99.8447205","98.13664596","100.621118","101.4018692","100.1552795","99.37888199","99.68944099","98.29192547","96.27329193","92.85714286","92.08074534","93.01242236","95.1863354","94.72049689","93.32298137","93.16770186","91.61490683","91.45962733","89.44099379","91.61490683","90.52795031","92.54658385","92.30769231","93.84615385","94.46153846","94","94.30769231","94.76923077","95.38461538","96","97.69230769","98","99.07692308","100.9230769","100.1538462","100.6153846","101.6923077","99.54268293","98.93292683","98.6280487805","98.01829268","99.69512195","101.8292683","100.7621951","101.5243902","101.8292683",
"연립다세대","부산","월세수급동향","","95.28061224","95.0255102","95.53571429","95.40816327","94.89795918","94.3877551","96.17346939","95.79081633","95.79081633","95.91836735","95.53571429","96.04591837","96.17346939","96.68367347","96.42857143","96.93877551","96.42857143","95.0255102","95.15306122","95.28061224","94.64285714","94.77040816","94.64285714","95.40816327","94.64285714","97.57653061","97.06632653","97.70408163","96.42857143","89.70588235","89.28571429","88.65546218","88.1302521","85.81932773","84.76890756","83.19327731","82.45798319","80.98739496","81.19747899","79.83193277","76.47058824","75.42016807","73.42436975","74.26470588","72.37394958","68.48739496","68.90756303","67.75210084","67.43697479","66.38655462","66.59663866","66.07142857","67.75210084","67.64705882","70.21052632","69.68421053","69.57894737","66.21052632","71.89473684","71.36842105","73.89473684","73.89473684","74.57983193","73.7394958","74.57983193","77.20588235","77.10084034","77.83613445","77.94117647","78.67647059","80.46218487","81.61764706","95.73560768","101.1727079","101.5991471","99.78678038","100","98.93390192","98.5042735","100.4273504","100.8547009","101.1752137","100.6396588","100.533049","101.0660981","100.2132196","99.04051173","98.50746269","98.08102345","95.41577825","94.10526316","95.15789474","94.21052632","95.36842105","94.84210526","93.26315789","95.26315789","95.36842105","95.68421053","96.42105263","95.05263158","94.84210526","93.82845188","93.51464435","94.24686192","94.66527197","94.24686192","93.93305439","93.72384937","94.14225941","95.81589958","94.66527197","95.18828452","94.56066946","94.66527197","94.35146444","94.45606695","93.87966805","94.19087137","93.4647302905","94.81327801","95.64315353","95.95435685","94.70954357","94.60580913","95.64315353",
"연립다세대","중부산권","월세수급동향","","88.50931677","88.81987578","89.44099379","89.7515528","88.81987578","88.19875776","91.92546584","91.92546584","91.92546584","91.92546584","91.92546584","92.23602484","92.23602484","94.40993789","93.16770186","93.78881988","93.16770186","93.16770186","93.47826087","93.78881988","93.16770186","93.16770186","93.16770186","92.85714286","92.85714286","98.75776398","98.75776398","99.06832298","99.06832298","91.83673469","91.83673469","91.07142857","90.56122449","81.37755102","80.35714286","76.78571429","76.02040816","74.48979592","74.23469388","72.95918367","67.85714286","67.60204082","66.50246305","68.22660099","66.50246305","65.02463054","64.5320197","63.54679803","63.54679803","62.80788177","64.28571429","63.54679803","66.99507389","66.99507389","70.93596059","70.93596059","70.93596059","66.99507389","70.19704433","69.7044335","71.67487685","72.4137931","73.89162562","72.16748768","72.90640394","73.6453202","75.61576355","76.3546798","76.3546798","76.10837438","76.60098522","77.5862069","94.58128079","101.7241379","103.4482759","100","100","99.26108374","100","100.2475248","100.2475248","101.7326733","100","100.2463054","102.7093596","101.2315271","100.7389163","99.01477833","97.04433498","94.82758621","94.68599034","96.1352657","94.68599034","95.41062802","94.68599034","92.99516908","96.85990338","95.65217391","96.37681159","96.37681159","95.89371981","97.10144928","96.1722488","93.77990431","93.06220096","93.54066986","93.54066986","92.82296651","93.77990431","93.06220096","96.1722488","95.215311","95.45454545","96.41148325","96.1722488","95.93301435","95.45454545","95.02369668","95.26066351","95.7345971564","96.68246445","97.1563981","97.39336493","95.26066351","95.49763033","96.91943128",
"연립다세대","동부산권","월세수급동향","","99.6031746","98.80952381","98.80952381","98.80952381","98.80952381","98.80952381","98.80952381","98.80952381","98.41269841","99.6031746","98.41269841","100","98.80952381","98.80952381","99.6031746","100.7936508","100","96.03174603","96.03174603","96.03174603","96.03174603","96.03174603","96.03174603","96.03174603","94.04761905","94.04761905","92.46031746","91.26984127","90.87301587","85.71428571","85.33834586","85.33834586","84.58646617","84.96240602","84.96240602","84.96240602","84.96240602","83.83458647","83.08270677","81.57894737","79.69924812","77.81954887","71.80451128","71.80451128","70.30075188","65.41353383","64.66165414","62.03007519","61.65413534","60.15037594","59.39849624","59.39849624","60.15037594","60.15037594","61.36363636","61.36363636","60.22727273","54.92424242","70.45454545","68.56060606","73.48484848","72.72727273","72.55639098","72.55639098","73.68421053","79.32330827","74.81203008","74.81203008","74.81203008","75.18796992","75.18796992","75.18796992","96.93877551","99.65986395","96.59863946","100","100","97.61904762","96.2585034","100.3401361","102.3809524","101.0204082","101.7006803","100.3401361","100.6802721","99.65986395","96.59863946","97.61904762","100","97.61904762","94.59459459","95.94594595","93.24324324","95.27027027","95.27027027","92.90540541","93.58108108","93.58108108","94.59459459","96.28378378","94.59459459","93.24324324","91.21621622","92.22972973","94.25675676","95.27027027","93.58108108","93.24324324","91.55405405","93.24324324","94.25675676","92.56756757","93.91891892","92.56756757","93.91891892","93.91891892","93.58108108","92.95302013","93.2885906","91.610738255","93.2885906","94.63087248","94.96644295","94.63087248","94.29530201","94.63087248",
"연립다세대","서부산권","월세수급동향","","100.4761905","100","100.952381","100","99.52380952","98.57142857","99.52380952","98.0952381","98.57142857","97.61904762","97.61904762","97.14285714","99.04761905","97.61904762","97.61904762","97.14285714","97.14285714","96.66666667","96.66666667","96.66666667","95.23809524","95.71428571","95.23809524","98.57142857","98.0952381","100","100","103.3333333","99.04761905","90.47619048","89.45578231","88.43537415","88.0952381","92.5170068","90.47619048","90.13605442","88.7755102","87.07482993","88.7755102","87.41496599","85.03401361","83.67346939","85","85.35714286","82.85714286","76.42857143","79.28571429","79.28571429","78.57142857","77.5","76.78571429","76.07142857","76.07142857","75.71428571","77.5","75.71428571","76.42857143","75.71428571","75.71428571","76.42857143","77.5","77.14285714","77.5","77.14285714","77.85714286","80.35714286","81.42857143","82.85714286","83.21428571","85.71428571","91.07142857","93.57142857","96.21848739","102.1008403","104.6218487","99.15966387","100","100","98.7394958","100.8403361","100","100.4201681","100.4201681","101.2605042","98.7394958","99.15966387","99.15966387","98.7394958","97.4789916","93.69747899","92.5","92.5","94.58333333","95.41666667","94.58333333","94.16666667","94.58333333","97.08333333","95.83333333","96.66666667","94.16666667","92.91666667","92.97520661","94.62809917","96.28099174","95.8677686","96.28099174","96.69421488","96.28099174","97.10743802","97.10743802","96.28099174","96.28099174","93.80165289","92.97520661","92.14876033","93.80165289","93.03278689","93.44262295","91.8032786885","93.44262295","94.26229508","94.67213115","93.85245902","93.44262295","94.67213115",
"연립다세대","대구","월세수급동향","","99.31972789","100.3401361","99.31972789","101.0204082","100.6802721","97.61904762","97.61904762","96.59863946","98.29931973","98.29931973","98.97959184","97.61904762","97.95918367","97.27891156","98.85714286","100.2857143","100.2857143","102","99.71428571","99.71428571","99.71428571","98.85714286","98.57142857","98","98.85714286","99.42857143","98.85714286","100.2857143","99.14285714","100","100.2463054","100","96.59863946","94.55782313","95.23809524","95.23809524","95.23809524","94.55782313","93.87755102","94.21768707","94.89795918","94.89795918","98.29931973","100.3401361","100.6802721","100.6802721","99.31972789","100.6802721","103.7414966","105.4421769","101.0204082","102.7210884","102.3809524","102.0408163","102.3809524","102.0408163","102.0408163","101.0204082","101.7006803","102.3809524","101.0204082","101.3605442","102.0408163","105.7823129","104.0816327","107.1428571","108.5034014","107.4829932","105.7823129","104.4217687","104.4217687","103.7414966","104.9689441","100","100.621118","100.621118","99.37888199","98.44720497","100.310559","100.310559","96.58385093","97.82608696","98.13664596","98.44720497","91.92546584","99.37888199","99.68944099","98.44720497","98.44720497","95.96273292","93.47826087","89.44099379","91.61490683","92.85714286","91.92546584","89.7515528","87.88819876","86.95652174","86.02484472","87.26708075","86.95652174","85.71428571","83.54037267","82.91925466","81.98757764","83.54037267","82.60869565","82.29813665","84.16149068","83.85093168","82.91925466","82.91925466","84.7826087","83.85093168","82.91925466","81.67701863","83.22981366","83.64197531","83.64197531","82.4074074074","80.24691358","80.24691358","80.24691358","80.86419753","80.24691358","78.7037037",
"연립다세대","광주","월세수급동향","","89.56043956","89.56043956","89.56043956","90.10989011","90.65934066","90.65934066","90.65934066","90.65934066","91.75824176","92.30769231","93.95604396","93.40659341","93.40659341","93.40659341","96.1038961","96.1038961","96.1038961","97.4025974","97.4025974","97.4025974","98.7012987","98.37662338","101.2987013","102.9220779","103.5714286","103.8961039","103.8961039","104.5454545","104.5454545","104.3956044","104.3956044","103.8461538","103.8461538","103.8461538","103.8461538","104.3956044","100.5494505","99.45054945","103.8461538","100.5494505","97.25274725","98.35164835","99.55357143","99.55357143","99.55357143","99.55357143","99.10714286","98.66071429","98.66071429","101.7857143","103.125","103.125","103.125","103.125","102.6785714","102.6785714","102.6785714","102.6785714","102.6785714","103.125","100","101.3392857","96.42857143","103.5714286","106.6964286","105.8035714","106.25","107.1428571","105.8035714","99.55357143","99.55357143","97.32142857","100","100","100.5952381","100","98.80952381","100","100","100","100","100.5952381","105.952381","100.5952381","101.7857143","101.7857143","100.5952381","99.4047619","98.21428571","94.04761905","92.04545455","93.18181818","90.90909091","90.34090909","91.47727273","95.45454545","94.88636364","96.02272727","97.15909091","96.02272727","97.15909091","96.02272727","95.50561798","95.50561798","95.50561798","97.75280899","95.50561798","95.50561798","92.13483146","92.69662921","96.06741573","96.06741573","96.06741573","96.62921348","96.62921348","96.62921348","96.62921348","96.11111111","96.66666667","98.3333333333","96.11111111","98.88888889","98.33333333","98.88888889","97.22222222","100.5555556",
"연립다세대","대전","월세수급동향","","105.4421769","105.4421769","105.4421769","105.1020408","104.0816327","101.7006803","100.6802721","98.97959184","94.89795918","94.89795918","94.55782313","94.55782313","96.93877551","96.2585034","97.27891156","96.93877551","96.59863946","98.63945578","96.59863946","98.97260274","98.97260274","98.97959184","99.31972789","99.31972789","98.97959184","98.97959184","99.31972789","99.31972789","97.27891156","95.91836735","95.91836735","97.27891156","100","100","100","99.26108374","98.76847291","98.27586207","98.52216749","100.2463054","99.26108374","99.50738916","99.26108374","99.01477833","99.26108374","99.75369458","99.01477833","98.52216749","98.76847291","102.2167488","100.4926108","100","99.75369458","100.9852217","100.2463054","100.4926108","100.9852217","99.26108374","101.4778325","100.4926108","100","100.2463054","101.9704433","102.7093596","102.4630542","102.7093596","103.2019704","102.7093596","103.2019704","102.7093596","102.955665","101.9704433","97.52747253","99.72527473","100.5494505","100.2747253","101.0989011","99.45054945","97.52747253","98.9010989","98.9010989","95.6043956","98.62637363","96.42857143","98.62637363","99.17582418","101.6483516","99.45054945","98.35164835","93.95604396","91.75824176","89.83516484","89.83516484","89.83516484","88.18681319","88.46153846","88.73626374","90.93406593","91.20879121","92.30769231","94.23076923","95.32967033","95.90163934","95.90163934","99.18032787","96.44808743","95.6284153","95.90163934","95.6284153","94.80874317","95.35519126","96.72131148","95.35519126","96.99453552","96.44808743","96.44808743","95.6284153","95.94594595","95.13513514","95.1351351351","98.10810811","98.91891892","98.10810811","100.5405405","98.91891892","101.3513514",
"연립다세대","울산","월세수급동향","","98.9010989","98.9010989","100.2747253","101.0989011","100","99.45054945","107.1428571","100.5494505","101.0989011","101.6483516","98.62637363","98.62637363","100.2747253","95.32967033","91.66666667","91.66666667","91.9047619","91.66666667","91.42857143","91.19047619","91.42857143","92.38095238","89.28571429","89.04761905","87.85714286","87.85714286","88.0952381","87.38095238","87.38095238","86.9047619","82.85714286","85.71428571","82.61904762","80.47619048","74.76190476","75.23809524","71.19047619","65.95238095","64.28571429","63.33333333","62.38095238","58.80952381","59.76190476","59.76190476","60","59.76190476","59.76190476","59.76190476","59.76190476","59.52380952","59.76190476","60.47619048","60.71428571","60.95238095","62.61904762","64.28571429","64.76190476","64.76190476","64.52380952","66.19047619","66.9047619","65.95238095","68.33333333","71.42857143","72.14285714","77.61904762","77.14285714","77.38095238","77.85714286","78.33333333","78.57142857","78.57142857","95.71428571","97.71428571","103.4285714","100","100","102.2857143","104","105.7142857","106.5714286","101.4285714","101.7142857","102.8571429","100.2857143","99.71264368","99.14285714","99.42857143","97.42857143","94.28571429","92.04545455","91.19318182","91.19318182","90.625","90.34090909","89.48863636","86.07954545","87.21590909","88.63636364","86.93181818","88.06818182","87.78409091","88.06818182","88.63636364","90.05681818","90.90909091","90.625","91.19318182","94.03409091","94.03409091","94.31818182","94.60227273","94.60227273","95.17045455","95.45454545","96.30681818","97.44318182","97.45762712","98.02259887","98.0225988701","98.8700565","99.43502825","99.43502825","98.58757062","98.8700565","98.58757062",
"연립다세대","세종","월세수급동향","","97.4025974","97.4025974","96.1038961","95.45454545","90.25974026","90.90909091","87.66233766","87.66233766","89.61038961","92.20779221","90.90909091","90.25974026","94.15584416","86.36363636","96.42857143","88.83928571","95.53571429","93.30357143","95.53571429","99.55357143","94.64285714","94.19642857","95.98214286","95.08928571","90.625","93.30357143","93.30357143","96.42857143","95.98214286","100","98.97959184","98.46938776","100.5102041","100","98.97959184","99.48979592","100","100","93.87755102","99.48979592","100","103.0612245","101.5306122","99.48979592","98.97959184","95.40816327","92.85714286","92.34693878","89.28571429","90.30612245","91.32653061","91.32653061","91.32653061","91.83673469","91.83673469","91.83673469","91.83673469","91.32653061","91.32653061","91.32653061","97.44897959","98.97959184","97.44897959","99.48979592","98.97959184","93.87755102","95.91836735","104.0816327","102.0408163","99.48979592","98.97959184","100","84.41558442","84.41558442","88.31168831","90.90909091","91.55844156","85.06493506","88.31168831","89.61038961","93.50649351","98.7012987","98.05194805","98.7012987","100.6493506","96.75324675","95.45454545","93.50649351","93.50649351","79.87012987","82.5","94.375","95.625","98.75","98.75","98.75","99.375","95","94.375","96.25","93.75","94.375","93.82716049","93.20987654","91.97530864","91.97530864","89.50617284","91.97530864","91.35802469","89.50617284","89.50617284","90.12345679","88.27160494","90.12345679","90.74074074","90.12345679","90.12345679","92.68292683","91.46341463","96.9512195122","95.12195122","94.51219512","95.12195122","101.2195122","100","101.2195122",
"연립다세대","강원","월세수급동향","","93.60902256","93.60902256","93.60902256","93.60902256","93.60902256","91.35338346","91.35338346","91.35338346","91.72932331","92.10526316","92.48120301","91.35338346","90.97744361","91.35338346","92.10526316","92.48120301","92.10526316","92.10526316","92.10526316","92.10526316","93.23308271","93.60902256","93.23308271","93.23308271","96.61654135","96.9924812","96.9924812","96.9924812","92.85714286","98.97959184","97.95918367","98.97959184","99.48979592","99.48979592","100.5102041","92.85714286","94.3877551","94.3877551","94.3877551","92.85714286","92.85714286","92.34693878","91.42857143","90.47619048","90","88.0952381","87.14285714","86.19047619","86.19047619","84.76190476","84.76190476","84.76190476","84.76190476","84.28571429","84.28571429","83.80952381","83.80952381","80.95238095","80.47619048","86.66666667","85.23809524","87.61904762","85.71428571","85.71428571","87.14285714","90.47619048","89.04761905","90.47619048","91.42857143","91.9047619","91.9047619","92.85714286","95.53571429","100.4464286","100.8928571","100.4464286","100","101.3392857","100.8928571","100.8928571","99.55357143","101.7857143","100.8928571","101.7857143","101.3392857","101.3392857","101.3392857","100","99.55357143","100","96.52173913","96.95652174","96.08695652","96.52173913","96.08695652","96.08695652","98.26086957","96.08695652","96.95652174","99.13043478","99.13043478","100","100","100.8695652","100.4347826","99.56521739","97.39130435","99.56521739","98.26086957","100","100","102.173913","100","100.4347826","100.4347826","100.8695652","101.7391304","101.2931034","99.13793103","99.5689655172","100.862069","100.4310345","100","100.4310345","101.2931034","100.4310345",
"연립다세대","충북","월세수급동향","","99.70238095","100","100.297619","100.297619","100.297619","100.297619","100.297619","99.70238095","100","99.70238095","99.4047619","98.80952381","98.80952381","98.51190476","98.51190476","94.64285714","93.45238095","93.45238095","92.26190476","92.26190476","92.55952381","92.55952381","92.26190476","92.55952381","92.55952381","88.0952381","88.0952381","88.0952381","88.0952381","90.87301587","91.26984127","93.25396825","93.65079365","93.65079365","91.66666667","92.06349206","92.06349206","91.66666667","91.26984127","90.47619048","90.47619048","89.68253968","76.8707483","81.63265306","81.63265306","81.97278912","80.27210884","79.93197279","78.23129252","77.89115646","78.57142857","78.91156463","76.53061224","76.19047619","76.8707483","76.8707483","76.8707483","77.21088435","78.23129252","79.59183673","80.95238095","80.95238095","80.27210884","79.25170068","79.93197279","81.29251701","82.65306122","83.33333333","84.01360544","84.3537415","84.69387755","87.41496599","90.75630252","97.89915966","99.57983193","100","100","100","100","102.5210084","100","100","100","100","98.31932773","100","100","101.2605042","99.15966387","96.63865546","92.43697479","96.21848739","95.37815126","95.79831933","96.63865546","94.95798319","93.69747899","92.85714286","93.27731092","95.79831933","96.21848739","97.05882353","95.83333333","96.66666667","96.66666667","96.25","96.25","95.83333333","96.25","95.41666667","96.66666667","96.66666667","97.5","93.75","97.08333333","97.91666667","95.83333333","98.34710744","95.8677686","97.520661157","97.9338843","95.04132231","94.62809917","97.10743802","96.28099174","92.97520661",
"연립다세대","충남","월세수급동향","","95.63492063","94.84126984","93.65079365","95.23809524","96.03174603","92.46031746","90.87301587","92.46031746","91.26984127","93.65079365","93.25396825","91.66666667","85.31746032","90.87301587","94.3452381","94.64285714","93.41317365","90.47619048","91.36904762","90.77380952","90.77380952","89.58333333","89.88095238","91.07142857","89.58333333","89.58333333","90.47619048","88.98809524","88.98809524","88.92857143","87.85714286","88.57142857","92.5","93.92857143","93.92857143","90.71428571","92.85714286","95","94.28571429","94.64285714","93.92857143","93.21428571","92.17687075","96.59863946","94.21768707","94.89795918","91.49659864","90.13605442","89.45578231","87.75510204","91.49659864","91.15646259","90.81632653","89.11564626","90.81632653","89.11564626","89.11564626","84.3537415","84.01360544","81.97278912","84.69387755","87.07482993","91.83673469","94.21768707","94.89795918","94.21768707","92.17687075","95.23809524","96.2585034","95.91836735","93.19727891","95.23809524","107.1428571","108.3850932","112.1118012","106.2111801","100","101.242236","100.310559","100.310559","99.06832298","100","100.310559","99.37888199","104.3478261","100","102.484472","101.552795","98.75776398","97.20496894","93.16770186","92.85714286","91.61490683","90.68322981","92.54658385","92.23602484","90.99378882","90.99378882","91.92546584","93.16770186","94.40993789","94.09937888","93.82716049","95.98765432","95.67901235","93.20987654","94.13580247","95.98765432","95.98765432","93.51851852","94.13580247","93.20987654","93.20987654","94.13580247","95.67901235","94.75308642","94.44444444","93.55828221","92.63803681","94.1717791411","93.86503067","92.63803681","93.86503067","94.17177914","95.70552147","92.94478528",
"연립다세대","전북","월세수급동향","","102.2321429","101.3392857","99.10714286","95.08928571","92.85714286","98.66071429","99.10714286","100","101.3392857","101.7857143","101.3392857","100","100.8928571","101.7857143","101.3392857","103.125","102.2321429","101.7857143","101.3392857","103.5714286","101.7857143","101.3392857","101.3392857","101.3392857","100","99.10714286","99.55357143","98.66071429","100","99.48979592","99.48979592","99.48979592","99.48979592","99.48979592","99.48979592","99.48979592","99.48979592","99.48979592","99.48979592","98.97959184","99.48979592","98.97959184","97.61904762","97.14285714","95.71428571","93.33333333","94.76190476","93.80952381","90.47619048","92.38095238","90.95238095","91.42857143","90.95238095","90.47619048","92.38095238","92.38095238","92.38095238","92.38095238","90.95238095","90","90","90","90.47619048","89.04761905","91.9047619","91.42857143","88.57142857","89.04761905","89.04761905","89.04761905","89.04761905","88.57142857","91.51785714","92.85714286","93.30357143","99.55357143","99.55357143","99.55357143","100.4464286","100","100","96.42857143","100.8928571","99.55357143","100","100.4464286","99.10714286","98.21428571","95.08928571","91.51785714","92.54385965","91.66666667","85.96491228","87.28070175","87.28070175","83.33333333","87.28070175","91.66666667","94.73684211","96.49122807","88.59649123","89.9122807","91.30434783","89.56521739","90","91.73913043","91.73913043","90","92.17391304","94.7826087","89.56521739","88.69565217","86.95652174","92.17391304","92.17391304","93.04347826","93.47826087","92.67241379","93.53448276","92.2413793103","99.13793103","100","100.4310345","100.862069","102.5862069","101.7241379",
"연립다세대","전남","월세수급동향","","100","100","100","100","99.72527473","99.72527473","97.25274725","96.42857143","95.6043956","95.87912088","96.97802198","95.87912088","96.97802198","97.8021978","97.52747253","97.25274725","97.25274725","97.52747253","97.52747253","98.35164835","97.8021978","98.07692308","98.35164835","98.07692308","97.8021978","98.62637363","100","100","99.72527473","99.45054945","100.5494505","100.5494505","99.45054945","94.50549451","96.15384615","95.05494505","94.23076923","93.13186813","95.6043956","98.35164835","98.35164835","96.97802198","98.41269841","99.73544974","98.94179894","104.2328042","103.4391534","101.3227513","100","100.7936508","99.73544974","100","102.3809524","103.1746032","101.8518519","100.2645503","100.7936508","101.0582011","102.1164021","102.6455026","101.3227513","93.38624339","94.97354497","99.73544974","100.2645503","101.3227513","105.5555556","105.5555556","102.9100529","103.968254","103.1746032","102.6455026","101.552795","102.173913","103.7267081","101.552795","98.44720497","96.89440994","97.82608696","97.82608696","97.82608696","99.37888199","97.8125","97.20496894","99.06832298","99.06832298","97.82608696","95.65217391","95.96273292","93.16770186","94.31137725","95.20958084","94.91017964","91.91616766","95.20958084","94.91017964","96.40718563","96.40718563","96.40718563","96.40718563","98.20359281","97.60479042","97.02380952","95.23809524","97.32142857","97.02380952","95.23809524","96.72619048","95.83333333","95.53571429","94.64285714","94.3452381","97.32142857","97.61904762","97.02380952","97.32142857","96.72619048","93.85964912","95.02923977","94.4444444444","93.56725146","88.30409357","93.2748538","95.02923977","94.44444444","96.78362573",
"연립다세대","경북","월세수급동향","","100.5639098","103.0075188","101.3157895","99.62406015","98.30827068","95.4887218","96.2406015","94.54887218","93.98496241","93.04511278","93.42105263","93.79699248","95.11278195","93.79699248","92.66917293","88.90977444","88.53383459","91.35338346","88.34586466","88.72180451","88.53383459","88.72180451","86.65413534","87.96992481","88.15789474","86.84210526","86.09022556","85.15037594","84.02255639","83.33333333","84.22619048","82.44047619","81.54761905","83.63095238","81.54761905","77.67857143","75.89285714","71.42857143","72.91666667","71.42857143","71.13095238","68.45238095","66.96428571","60.11904762","61.9047619","62.79761905","61.60714286","59.82142857","59.52380952","64.28571429","63.39285714","62.20238095","61.9047619","62.20238095","65.17857143","70.53571429","70.83333333","71.72619048","72.61904762","73.51190476","82.73809524","80.6547619","79.46428571","80.95238095","81.54761905","83.33333333","83.33333333","81.8452381","83.03571429","84.52380952","85.11904762","85.41666667","91.14285714","92.57142857","95.14285714","100","100.2857143","100.2857143","100","99.71428571","99.71428571","99.71428571","100.2857143","100.2857143","100.5714286","100.2857143","100.5714286","100.8571429","100.5714286","99.71428571","99.17582418","98.62637363","98.35164835","98.07692308","98.07692308","96.42857143","96.7032967","96.42857143","97.25274725","96.7032967","96.42857143","96.7032967","97.52747253","97.8021978","98.07692308","97.8021978","98.35164835","98.35164835","99.17582418","100","99.45054945","99.17582418","98.9010989","98.62637363","97.52747253","97.25274725","97.52747253","97.54098361","97.54098361","97.2677595628","98.90710383","99.18032787","98.63387978","98.90710383","99.18032787","99.72677596",
"연립다세대","경남","월세수급동향","","97.18614719","96.96969697","98.26839827","97.61904762","98.05194805","98.48484848","96.96969697","97.18614719","97.61904762","97.4025974","95.67099567","94.80519481","96.53679654","97.4025974","96.32034632","97.4025974","96.1038961","93.72294372","93.50649351","92.64069264","91.77489177","93.93939394","93.29004329","93.07359307","93.50649351","90.47619048","89.82683983","90.04329004","89.82683983","72.90640394","72.4137931","72.16748768","71.18226601","70.19704433","69.7044335","65.7635468","63.30049261","64.03940887","63.79310345","62.80788177","63.05418719","62.56157635","65.43778802","66.58986175","66.8202765","67.51152074","64.28571429","65.20737327","69.12442396","67.51152074","67.05069124","66.8202765","66.12903226","67.97235023","67.28110599","68.43317972","68.43317972","67.05069124","65.89861751","67.05069124","81.56682028","84.79262673","83.1797235","83.87096774","86.40552995","85.48387097","86.40552995","85.94470046","86.86635945","86.40552995","87.78801843","88.47926267","97.44897959","100","99.48979592","99.23469388","99.48979592","97.43589744","99.48979592","102.0408163","100.7653061","102.0408163","100","104.6153846","100.255102","100","100","100","99.48979592","98.21428571","97.76785714","98.4375","98.88392857","97.09821429","98.66071429","97.09821429","97.99107143","97.54464286","97.76785714","97.54464286","98.4375","95.98214286","96.76724138","96.98275862","98.06034483","98.49137931","98.70689655","99.13793103","98.27586207","97.62931034","96.98275862","97.84482759","96.98275862","98.92241379","98.70689655","98.27586207","98.49137931","100","98.71794872","99.358974359","98.93162393","100","100","100.2136752","100.2136752","101.4957265",
"연립다세대","제주","월세수급동향","","103.8095238","103.8095238","103.3333333","103.3333333","110.952381","108.5714286","117.6190476","108.0952381","103.3333333","98.0952381","80.47619048","85.23809524","87.61904762","86.66666667","90.99378882","91.30434783","92.85714286","93.78881988","93.47826087","91.92546584","91.92546584","90.99378882","86.64596273","88.19875776","91.30434783","93.78881988","91.61490683","92.23602484","91.61490683","97.61904762","97.61904762","97.22222222","97.61904762","96.42857143","94.44444444","93.65079365","88.88888889","85.71428571","84.12698413","84.92063492","86.11111111","85.71428571","85.35714286","87.14285714","87.14285714","87.85714286","87.14285714","83.92857143","84.64285714","83.57142857","83.57142857","83.57142857","81.42857143","80.35714286","79.54545455","77.27272727","75.97402597","74.67532468","73.37662338","73.37662338","73.37662338","73.37662338","73.05194805","71.75324675","72.07792208","71.42857143","72.4025974","74.02597403","74.02597403","73.05194805","73.7012987","74.35064935","90.96774194","93.22580645","97.74193548","100","98.70967742","103.8709677","102.5806452","102.2580645","96.4516129","100","98.06451613","98.06451613","100.9677419","99.35483871","95.16129032","99.35483871","101.2903226","100.3225806","99.37106918","98.42767296","99.37106918","94.02515723","94.02515723","92.45283019","94.02515723","96.22641509","95.28301887","94.96855346","96.85534591","94.33962264","100","99.06832298","100","90.68322981","93.16770186","93.47826087","93.78881988","91.30434783","95.34161491","91.30434783","90.37267081","94.09937888","90.0621118","88.81987578","87.88819876","88.7195122","87.80487805","85.9756097561","91.46341463","89.02439024","87.19512195","86.2804878","89.02439024","89.93902439",
"단독주택","전국","월세수급동향","","93.93333333","93.13333333","93.31111111","93.41111111","93.68888889","93.51111111","94.14444444","93.91111111","93.92222222","94.16666667","93.6","93.15555556","93.45555556","93.74444444","93.27783559","93.6628512","93.88137357","94.22476587","94.07908429","93.90218522","94.29760666","94.42247659","94.78668054","94.70343392","95.29656608","95.421436","95.69198751","95.58792924","95.17169615","94.79209979","94.75051975","94.61538462","94.54261954","94.18918919","93.60706861","93.08731809","93.004158","92.71309771","92.94178794","92.4012474","92.2037422","91.98544699","90.5186722","89.96887967","90.093361","90.04149378","89.95850622","89.5746888","90.45643154","90.79875519","90.45643154","90.34232365","90.44605809","90.92323651","91.40900602","91.25337207","91.58539116","91.11848931","91.18074289","91.70989832","92.95643154","93.55809129","93.14315353","93.86929461","94.27385892","94.906639","95.12448133","95.63278008","95.89211618","95.78838174","95.6846473","96.47302905","97.83195021","99.70954357","100.9751037","100.5497925","100.5290456","100.0622407","99.7301785","100.1349108","100.2075119","100.3631459","100.4254878","100.4568106","100.4565263","100.3942727","100.0414938","99.71991701","98.24688797","96.23443983","95.84024896","95.60165975","95.12448133","95.29045643","95.3526971","95.29045643","95.67427386","95.6846473","96.19294606","96.33817427","96.22406639","96.16182573","96.16182573","96.53526971","96.83609959","97.02282158","97.17842324","97.23029046","97.15767635","97.45850622","97.65560166","97.5","97.20954357","97.23029046","97.45850622","97.61410788","97.41701245","97.87261146","97.68152866","98.025477707","98.3566879","98.77707006","98.49681529","98.66242038","98.57324841","99.14649682",
"단독주택","수도권","월세수급동향","","91.28140704","89.44723618","89.49748744","90.50251256","91.03015075","90.40201005","90.92964824","90.9798995","91.00502513","91.15577889","91.48241206","91.18090452","91.28140704","91.08040201","90.87640449","91.57303371","91.61797753","91.95505618","91.97752809","91.79775281","92.24719101","92.51685393","93.34831461","93.30337079","94.06741573","94.35955056","94.78651685","94.94382022","94.56179775","96.13496933","96.25766871","96.07361963","95.36809816","94.35582822","93.6196319","93.00613497","93.12883436","93.6196319","94.63190184","93.34355828","93.19018405","92.63803681","91.20845921","89.93957704","89.93957704","90.72507553","90.69486405","90.60422961","91.35951662","92.44712991","92.59818731","92.77945619","93.2326284","94.19939577","94.25634825","94.13542926","94.70979444","94.89117291","94.46795647","95.46553809","96.52567976","97.49244713","97.85498489","98.09667674","98.94259819","99.09365559","99.63746224","99.96978852","100.3021148","99.72809668","99.36555891","100.6042296","102.4505929","102.56917","105.2964427","100.9486166","100.3162055","99.96047431","98.77373418","99.01029295","99.20948617","99.72332016","100.3162055","100.6730008","100.9881423","100.3557312","100.513834","99.48616601","96.56126482","94.42687747","93.00395257","93.04347826","92.64822134","92.45059289","93.28063241","93.75494071","94.11067194","94.2687747","95.37549407","95.05928854","95.17786561","94.82213439","94.2687747","94.94071146","95.53359684","96.48221344","96.79841897","96.75889328","97.54940711","98.1027668","98.73517787","98.65612648","97.86561265","98.30039526","98.65612648","98.73517787","98.81422925","99.85351563","100","100.78125","101.0253906","101.171875","101.171875","101.7089844","101.4648438","101.7578125",
"단독주택","지방","월세수급동향","","96.03585657","96.05577689","96.33466135","95.71713147","95.79681275","95.97609562","96.69322709","96.23505976","96.23505976","96.55378486","95.27888446","94.72111554","95.17928287","95.85657371","95.34883721","95.46511628","95.83333333","96.18217054","95.89147287","95.71705426","96.06589147","96.06589147","96.02713178","95.91085271","96.35658915","96.3372093","96.47286822","96.14341085","95.69767442","94.10377358","93.97798742","93.86792453","94.11949686","94.10377358","93.60062893","93.12893082","92.94025157","92.24842767","92.0754717","91.91823899","91.69811321","91.6509434","90.15797788","89.98420221","90.17377567","89.68404423","89.57345972","89.03633491","89.98420221","89.93680885","89.33649289","89.06793049","88.98894155","89.21011058","89.92101106","89.74723539","89.95260664","89.14691943","89.4628752","89.74723539","91.09004739","91.50078989","90.6793049","91.65876777","91.83254344","92.71721959","92.76461295","93.36492891","93.58609795","93.72827804","93.75987362","94.31279621","96.18846695","98.69198312","99.4374121","100.4078762","100.604782","100.0984529","100.0703433","100.5344585","100.5627462","100.5908835","100.4643963","100.3799606","100.2673044","100.407991","99.87341772","99.80309423","98.8466948","96.87763713","96.84950774","96.51195499","96.00562588","96.30098453","96.09001406","95.83684951","96.23066104","96.18846695","96.4838256","96.79324895","96.59634318","96.63853727","96.83544304","97.10267229","97.29957806","97.21518987","97.31364276","97.39803094","97.01828411","97.22925457","97.27144866","97.08860759","96.97609001","96.84950774","97.0323488","97.21518987","96.91983122","97.17338849","96.86315064","97.0527404343","97.41468459","97.93174767","97.55256808","97.58703895","97.55256808","98.22475009",
"단독주택","6대광역시","월세수급동향","","92.04081633","92.14285714","92.55102041","93.46938776","93.41836735","93.7755102","93.7244898","93.36734694","93.62244898","94.03061224","93.97959184","93.92857143","93.87755102","94.28571429","94.20792079","95.74257426","95.64356436","95.59405941","95.69306931","94.85148515","95.54455446","95.4950495","95.79207921","95.34653465","95.4950495","96.48514851","96.33663366","95.74257426","95.2970297","92.34567901","92.22222222","91.72839506","91.60493827","92.1399177","91.19341564","91.06995885","91.19341564","89.95884774","89.75308642","89.30041152","89.218107","88.7654321","86.43153527","86.47302905","86.8879668","86.47302905","86.8879668","86.5560166","86.8879668","87.63485477","87.17842324","86.68049793","87.17842324","87.71784232","88.25726141","88.13278008","88.92116183","87.71784232","87.67634855","87.55186722","87.9253112","88.13278008","87.34439834","88.71369295","88.71369295","89.95850622","89.8340249","90.33195021","90.04149378","90.37344398","90.37344398","90.74688797","99.87394958","100.3781513","101.0084034","100.0420168","101.3865546","100.6302521","100.6307822","101.0504202","101.0084034","100.6722689","100.5892256","100.6728343","100.3361345","100","99.24369748","98.86554622","97.60504202","95.21008403","95.37815126","94.53781513","94.78991597","94.41176471","93.94957983","94.03361345","94.14225941","94.10041841","94.30962343","94.76987448","94.68619247","94.18410042","94.76987448","95.31380753","95.27196653","95.56485356","95.52301255","95.52301255","95.10460251","95.27196653","95.81589958","95.39748954","95.0209205","94.85355649","95.0209205","95.60669456","95.64853556","95.69948187","95.49222798","95.2331606218","95.95854922","96.78756477","96.99481865","96.78756477","96.26943005","96.83937824",
"단독주택","5대광역시","월세수급동향","","94.66666667","94.8","95.33333333","95.2","95.13333333","95.6","95.53333333","95.06666667","95.4","95.93333333","95.8","95.8","95.73333333","96.26666667","96.08974359","96.79487179","97.24358974","96.92307692","97.05128205","96.47435897","97.43589744","97.30769231","97.24358974","96.79487179","97.17948718","97.5","97.24358974","96.66666667","96.02564103","91.46341463","91.36585366","90.87804878","90.63414634","91.12195122","90.29268293","90.19512195","90.29268293","89.46341463","88.53658537","88.14634146","88","87.41463415","84.5320197","84.63054187","85.22167488","84.33497537","84.87684729","84.63054187","85.41871921","85.96059113","85.27093596","84.67980296","85.17241379","85.81280788","86.55172414","86.55172414","87.09359606","85.86206897","85.7635468","85.81280788","86.25615764","86.40394089","85.56650246","87.04433498","86.89655172","88.32512315","88.12807882","88.42364532","88.1773399","88.52216749","88.4729064","88.71921182","99.85","100.3","100.9","100.1","101.55","100.85","100.7007007","101.2","101.15","100.7","100.3507014","100.4504505","100.35","99.94994995","99.15","98.75","97.5","95.1","95.4","94.2","94.4","93.9","93.65","93.6","93.9800995","94.32835821","93.9800995","94.72636816","94.62686567","94.02985075","94.62686567","95.12437811","94.92537313","94.82587065","95.12437811","95.2238806","94.72636816","94.87562189","95.07462687","94.7761194","94.57711443","93.9800995","94.22885572","95.02487562","95.07462687","95.12946979","94.82120838","94.512946979","95.25277435","95.4377312","95.93094945","95.93094945","95.4377312","95.93094945",
"단독주택","9개도","월세수급동향","","95.20220588","93.91544118","93.98897059","93.63970588","93.98897059","93.45588235","94.48529412","94.15441176","94.20955882","94.22794118","93.51102941","93.06985294","93.45588235","93.93382353","93.13856427","93.25542571","93.4557596","94.12353923","93.72287145","93.77295492","93.92320534","94.42404007","94.79131886","94.5409015","95.39232053","95.52587646","95.62604341","95.79298831","95.25876461","95.98023064","95.96375618","95.99670511","96.14497529","95.51894563","95.22240527","94.66227348","94.38220758","94.28336079","94.67874794","94.10214168","93.80560132","93.83855025","92.92079208","92.59075908","92.62376238","92.57425743","92.34323432","91.89768977","92.83828383","92.67326733","92.32673267","92.17821782","92.07920792","92.21122112","92.65434137","92.45625619","92.55529878","92.04357874","92.27467811","92.65434137","94.20792079","95","94.40594059","94.95049505","95.37953795","95.84158416","96.18811881","96.74917492","97.24422442","97.14521452","96.91419142","97.65676568","96.35782748","99.15335463","100.7667732","100.6709265","100.4153355","100.0159744","99.5845318","100.0479233","100.3195909","100.6551614","100.7348243","100.7512788","100.5592841","100.686901","100.2875399","100.0798722","98.80191693","97.01277955","96.58146965","96.37380192","95.55910543","95.97444089","96.10223642","95.91054313","96.304","96.304","96.976","96.976","96.912","96.992","96.848","97.184","97.488","97.472","97.664","97.76","97.76","97.952","98.048","97.984","97.744","97.952","98.256","98.24","97.872","98.2778865","98.16046967","98.6105675147","98.64970646","99.06066536","98.49315068","98.6888454","98.8258317","99.45205479",
"단독주택","8개도","월세수급동향","","96.47416413","96.56534954","96.80851064","95.80547112","96.07902736","96.23100304","97.29483283","96.71732523","96.65653495","96.59574468","95.07598784","94.25531915","94.83282675","95.65349544","94.95548961","94.59940653","94.89614243","95.54896142","95.10385757","95.13353116","95.0148368","95.34124629","95.34124629","95.34124629","95.84569733","95.66765579","95.69732938","95.66765579","95.07418398","94.88943489","94.76658477","94.93857494","95.52825553","95.13513514","94.84029484","94.15233415","93.71007371","93.16953317","93.39066339","93.34152334","93.07125307","93.31695332","92.37037037","92.09876543","92.04938272","91.75308642","91.40740741","90.66666667","91.72839506","91.5308642","90.88888889","90.7654321","90.34567901","90.44444444","91.18518519","90.91358025","90.96296296","90.34567901","90.86419753","91.25925926","93.11111111","93.72839506","92.79012346","93.50617284","93.87654321","94.44444444","94.74074074","95.40740741","95.90123457","95.95061728","96.2962963","96.96296296","94.7082495","98.00804829","98.77263581","100.5432596","100.2414487","99.87927565","99.85915493","100.362173","100.4830918","100.6239936","100.583501","100.4428341","100.2818035","100.6237425","100.1810865","100.2414487","99.41649899","97.72635815","97.54527163","97.48490946","96.65995976","97.16297787","97.0221328","96.70020121","97.05645161","96.875","97.5","97.54032258","97.47983871","97.78225806","97.82258065","97.96370968","98.24596774","98.20564516","98.22580645","98.3266129","98.02419355","98.22580645","98.24596774","98.125","98.04435484","98.16532258","98.3266129","98.28629032","97.84274194","97.95968535","97.6647001","98.058013766","98.2546706","98.89380531","98.18092429","98.2792527","98.40216323","99.06588004",
"단독주택","서울","월세수급동향","","90.80291971","90.80291971","91.24087591","91.67883212","92.48175182","93.13868613","93.13868613","93.21167883","92.91970803","93.13868613","93.21167883","92.18978102","92.33576642","91.82481752","92.04379562","91.45985401","92.11678832","91.60583942","92.33576642","92.18978102","92.77372263","92.18978102","92.77372263","93.86861314","94.08759124","92.91970803","93.86861314","93.79562044","93.35766423","91.02272727","91.13636364","91.25","90.11363636","88.52272727","87.15909091","85.68181818","85.90909091","87.38636364","87.84090909","87.15909091","87.27272727","86.02272727","82.82608696","79.34782609","79.13043478","80.10869565","80.10869565","79.7826087","81.84782609","85.2173913","84.89130435","85.97826087","86.19565217","89.23913043","90","90","90.76086957","92.5","91.63043478","94.89130435","96.63043478","97.39130435","98.69565217","98.80434783","100.326087","100.2173913","101.0869565","100.8695652","101.1956522","99.89130435","101.5217391","103.5869565","103.1395349","101.8604651","102.2093023","101.1627907","99.06976744","99.30232558","98.48837209","98.71495327","98.02325581","97.79069767","98.13953488","98.25174825","100.3488372","99.53488372","100.5813953","99.53488372","96.04651163","94.06976744","92.20930233","93.02325581","92.79069767","91.97674419","93.37209302","93.95348837","94.76744186","95.11627907","95.69767442","95.46511628","95.93023256","96.04651163","95.46511628","95.46511628","96.27906977","97.90697674","98.37209302","98.37209302","98.95348837","100.2325581","100.4651163","100.4651163","100","99.53488372","99.41860465","99.76744186","100.1162791","100.8595989","100.286533","101.5759312321","102.8653295","102.1489971","102.722063","104.0114613","103.2951289","103.008596",
"단독주택","강북권역","월세수급동향","","91.51898734","91.39240506","92.78481013","92.40506329","94.17721519","94.81012658","94.43037975","94.55696203","93.29113924","92.91139241","92.91139241","91.01265823","91.13924051","91.13924051","92.02531646","91.7721519","91.7721519","90.50632911","91.39240506","91.39240506","91.89873418","91.7721519","90.88607595","92.40506329","92.78481013","90.63291139","91.01265823","91.01265823","90.63291139","86.79245283","86.98113208","87.9245283","86.98113208","86.41509434","84.90566038","82.0754717","82.0754717","83.58490566","83.39622642","83.20754717","83.58490566","83.20754717","79.12280702","77.36842105","77.71929825","78.42105263","78.07017544","77.71929825","80.1754386","83.85964912","83.33333333","83.50877193","84.38596491","87.01754386","87.01754386","86.31578947","87.01754386","89.29824561","87.89473684","92.98245614","93.68421053","94.03508772","94.9122807","96.14035088","97.36842105","97.89473684","98.77192982","97.54385965","98.42105263","97.71929825","100.7017544","103.5087719","103.7254902","100.5882353","102.745098","101.1764706","98.82352941","99.60784314","98.82352941","99.21568627","97.84313725","97.45098039","97.64705882","98.03149606","100.5882353","99.60784314","101.5686275","100","97.64705882","95.29411765","94.11764706","95.29411765","94.90196078","92.94117647","94.50980392","94.90196078","94.50980392","94.31372549","94.50980392","94.50980392","95.09803922","95.29411765","94.90196078","94.90196078","95.88235294","97.64705882","97.84313725","98.03921569","98.82352941","100.3921569","100.3921569","100.7843137","99.80392157","99.21568627","99.41176471","99.41176471","99.80392157","100.2392344","100.2392344","101.6746411483","102.8708134","102.3923445","103.5885167","105.0239234","104.0669856","104.0669856",
"단독주택","도심권","월세수급동향","","86.92307692","86.92307692","86.92307692","86.92307692","86.92307692","86.92307692","86.92307692","86.92307692","86.92307692","86.92307692","86.92307692","86.92307692","89.23076923","89.23076923","95.38461538","96.15384615","96.15384615","88.46153846","90.76923077","90.76923077","90.76923077","90","86.15384615","90","88.46153846","88.46153846","90.76923077","91.53846154","90","93.33333333","94.66666667","94.66666667","94.66666667","90.66666667","90.66666667","91.33333333","91.33333333","97.33333333","97.33333333","97.33333333","97.33333333","97.33333333","96","89.33333333","89.33333333","89.33333333","90","88.66666667","89.33333333","92","90","91.33333333","94","96","94.66666667","92.66666667","94","92","91.33333333","98.66666667","98.66666667","98.66666667","100","102","102","101.3333333","102","101.3333333","100.6666667","100.6666667","100.6666667","108","107.5","100.8333333","107.5","100.8333333","95","97.5","93.33333333","95","94.16666667","95","95","95.83333333","95","95","97.5","97.5","97.5","96.66666667","94.16666667","95","95.83333333","91.66666667","94.16666667","95.83333333","95","95","95.83333333","96.66666667","96.66666667","96.66666667","95.83333333","95","96.66666667","98.33333333","100","99.16666667","99.16666667","100","100.8333333","101.6666667","100","100","100.8333333","100.8333333","100","100","100","100","100","100","103.125","106.25","105.2083333","104.1666667",
"단독주택","동북권","월세수급동향","","98.10810811","97.83783784","99.72972973","98.91891892","99.72972973","101.0810811","100.2702703","100.5405405","96.21621622","95.40540541","95.13513514","91.89189189","91.89189189","91.89189189","91.62162162","90.81081081","90.81081081","90.81081081","90.81081081","90.81081081","91.62162162","92.16216216","91.62162162","91.62162162","91.35135135","90","90","90","90","82.08333333","82.08333333","81.66666667","80","80.83333333","79.16666667","79.16666667","79.16666667","78.75","78.33333333","77.91666667","78.75","78.75","75.83333333","76.25","77.5","78.33333333","77.91666667","77.91666667","77.91666667","80.41666667","80.83333333","80","80.41666667","80.41666667","82.08333333","81.66666667","82.91666667","88.75","85.83333333","94.58333333","95.83333333","96.66666667","97.5","99.16666667","101.6666667","103.75","105","102.5","105.4166667","104.1666667","110.4166667","111.25","104.4","100.4","101.2","102","100","100.4","100.8","100.4","98.4","97.2","97.6","97.98387097","101.2","100","100.4","99.2","98.8","96.4","95.6","96","96.4","94.8","95.6","94.8","95.6","94.8","94","94","94.4","94.8","95.2","95.6","96.4","98.8","98.8","99.6","100","102.4","102","102.4","101.2","100","100.4","100","100.4","101","101","103.5","104.5","104","104","104.5","103.5","105",
"단독주택","서북권","월세수급동향","","85.17241379","85.17241379","86.55172414","86.55172414","90.34482759","90.34482759","90.34482759","90.34482759","92.4137931","92.4137931","92.75862069","91.72413793","91.03448276","91.03448276","91.03448276","91.03448276","91.03448276","91.03448276","92.4137931","92.4137931","92.75862069","92.06896552","92.06896552","94.48275862","96.55172414","92.4137931","92.4137931","92.06896552","91.72413793","87.85714286","87.14285714","91.42857143","90.71428571","91.42857143","88.57142857","77.14285714","77.14285714","77.14285714","77.14285714","77.14285714","77.14285714","75.71428571","69.44444444","68.88888889","68.33333333","69.44444444","68.33333333","68.33333333","75.55555556","81.66666667","81.11111111","81.66666667","81.66666667","88.33333333","87.22222222","87.22222222","86.66666667","87.77777778","87.77777778","86.11111111","86.66666667","86.66666667","87.22222222","87.22222222","87.77777778","87.22222222","87.77777778","87.77777778","87.22222222","86.66666667","87.77777778","89.44444444","99.28571429","100.7142857","101.4285714","100","100","100","100","100.7142857","100","100","100","100","104.2857143","102.8571429","107.1428571","103.5714286","95.71428571","92.14285714","91.42857143","94.28571429","91.42857143","90.71428571","92.85714286","94.28571429","92.14285714","92.85714286","94.28571429","93.57142857","95","95","93.57142857","93.57142857","94.28571429","95","94.28571429","94.28571429","96.42857143","97.14285714","97.14285714","97.14285714","97.14285714","97.14285714","96.42857143","97.14285714","98.57142857","99.18032787","99.18032787","100","102.4590164","101.6393443","103.2786885","104.9180328","104.0983607","102.4590164",
"단독주택","강남권역","월세수급동향","","89.82758621","90","89.13793103","90.68965517","90.17241379","90.86206897","91.37931034","91.37931034","92.4137931","93.44827586","93.62068966","93.79310345","93.96551724","92.75862069","92.06896552","91.03448276","92.5862069","93.10344828","93.62068966","93.27586207","93.96551724","92.75862069","95.34482759","95.86206897","95.86206897","96.03448276","97.75862069","97.5862069","97.06896552","97.42857143","97.42857143","96.28571429","94.85714286","91.71428571","90.57142857","91.14285714","91.71428571","93.14285714","94.57142857","93.14285714","92.85714286","90.28571429","88.85714286","82.57142857","81.42857143","82.85714286","83.42857143","83.14285714","84.57142857","87.42857143","87.42857143","90","89.14285714","92.85714286","94.85714286","96","96.85714286","97.71428571","97.71428571","98","101.4285714","102.8571429","104.8571429","103.1428571","105.1428571","104","104.8571429","106.2857143","105.7142857","103.4285714","102.8571429","103.7142857","102.2857143","103.7142857","101.4285714","101.1428571","99.42857143","98.85714286","98","97.97687861","98.28571429","98.28571429","98.85714286","98.57142857","100","99.42857143","99.14285714","98.85714286","93.71428571","92.28571429","89.42857143","89.71428571","89.71428571","90.57142857","91.71428571","92.57142857","95.14285714","96.28571429","97.42857143","96.85714286","97.14285714","97.14285714","96.28571429","96.28571429","96.85714286","98.28571429","99.14285714","98.85714286","99.14285714","100","100.5714286","100","100.2857143","100","99.42857143","100.2857143","100.5714286","101.7857143","100.3571429","101.4285714286","102.8571429","101.7857143","101.4285714","102.5","102.1428571","101.4285714",
"단독주택","서남권","월세수급동향","","89.11764706","89.41176471","87.94117647","90.58823529","89.70588235","90.88235294","91.76470588","91.76470588","93.52941176","95.29411765","95.58823529","95.88235294","96.17647059","97.05882353","95.88235294","94.11764706","96.76470588","97.94117647","98.82352941","98.23529412","99.11764706","98.82352941","98.23529412","98.52941176","98.52941176","99.11764706","100.8823529","100.8823529","99.70588235","98.63636364","98.63636364","97.72727273","97.72727273","95","96.36363636","96.36363636","97.27272727","96.36363636","95.90909091","95.90909091","95.90909091","93.63636364","93.63636364","84.54545455","83.63636364","85","83.63636364","85","84.09090909","85","85.45454545","89.09090909","89.54545455","92.72727273","95","97.27272727","98.18181818","99.09090909","98.18181818","98.63636364","100","101.8181818","104.0909091","102.2727273","105","103.1818182","104.0909091","106.3636364","105.4545455","101.8181818","101.8181818","102.2727273","100.952381","101.4285714","100.952381","101.4285714","99.04761905","99.52380952","100","100","99.52380952","100","100","99.52380952","100","99.52380952","99.04761905","99.04761905","92.38095238","91.9047619","87.61904762","86.66666667","87.61904762","88.0952381","88.0952381","90","94.76190476","96.66666667","98.0952381","98.0952381","99.04761905","97.61904762","96.66666667","97.14285714","98.0952381","99.04761905","100.4761905","100.4761905","101.4285714","100.952381","101.4285714","101.4285714","100.952381","100.4761905","100","101.4285714","101.4285714","101.7857143","100.5952381","102.380952381","102.9761905","101.7857143","101.1904762","101.7857143","102.3809524","101.7857143",
"단독주택","동남권","월세수급동향","","90.83333333","90.83333333","90.83333333","90.83333333","90.83333333","90.83333333","90.83333333","90.83333333","90.83333333","90.83333333","90.83333333","90.83333333","90.83333333","86.66666667","86.66666667","86.66666667","86.66666667","86.25","86.25","86.25","86.66666667","84.16666667","91.25","92.08333333","92.08333333","91.66666667","93.33333333","92.91666667","93.33333333","95.38461538","95.38461538","93.84615385","90","86.15384615","80.76923077","82.30769231","82.30769231","87.69230769","92.30769231","88.46153846","87.69230769","84.61538462","80.76923077","79.23076923","77.69230769","79.23076923","83.07692308","80","85.38461538","91.53846154","90.76923077","91.53846154","88.46153846","93.07692308","94.61538462","93.84615385","94.61538462","95.38461538","96.92307692","96.92307692","103.8461538","104.6153846","106.1538462","104.6153846","105.3846154","105.3846154","106.1538462","106.1538462","106.1538462","106.1538462","104.6153846","106.1538462","104.2857143","107.1428571","102.1428571","100.7142857","100","97.85714286","95","94.85294118","96.42857143","95.71428571","97.14285714","97.14285714","100","99.28571429","99.28571429","98.57142857","95.71428571","92.85714286","92.14285714","94.28571429","92.85714286","94.28571429","97.14285714","96.42857143","95.71428571","95.71428571","96.42857143","95","94.28571429","96.42857143","95.71428571","95","95","97.14285714","97.14285714","96.42857143","95.71428571","98.57142857","99.28571429","97.85714286","99.28571429","99.28571429","98.57142857","98.57142857","99.28571429","101.7857143","100","100","102.6785714","101.7857143","101.7857143","103.5714286","101.7857143","100.8928571",
"단독주택","경기","월세수급동향","","93.25581395","89.86046512","89.6744186","90.3255814","90.79069767","89.20930233","90.18604651","90.23255814","90.46511628","90.60465116","91.11627907","91.25581395","91.34883721","91.30232558","90.80152672","91.52671756","91.60305344","92.29007634","91.94656489","92.02290076","92.51908397","93.24427481","94.08396947","93.51145038","94.80916031","95.34351145","95.53435115","95.95419847","95.49618321","98.2","98.4","98.15","97.4","96.3","96","95.7","95.75","96.55","97.3","95.65","95.3","94.9","94.02985075","93.58208955","93.78109453","94.22885572","94.22885572","94.37810945","95.07462687","94.97512438","95.2238806","95.02487562","95.5721393","95.77114428","95.61752988","95.56772908","95.76693227","95.46812749","95.11952191","95.46812749","96.41791045","97.56218905","97.66169154","97.86069652","98.4079602","98.65671642","99.10447761","99.45273632","99.95024876","99.55223881","98.15920398","99.05472637","102.7131783","103.5658915","108.4496124","101.1627907","101.0852713","100.5426357","98.52484472","98.8372093","99.68992248","100.7751938","101.3178295","101.9409938","101.627907","100.9302326","100.6976744","99.45736434","96.43410853","94.26356589","92.86821705","92.09302326","91.31782946","91.39534884","92.55813953","92.86821705","93.41085271","94.10852713","94.96124031","94.80620155","94.72868217","93.95348837","93.10077519","94.18604651","94.57364341","94.65116279","95.50387597","95.58139535","96.74418605","96.89922481","97.28682171","97.44186047","96.58914729","97.13178295","97.98449612","98.0620155","97.98449612","99.52015355","100.0959693","100.7677543186","100.1919386","99.71209213","99.71209213","100.2879079","100.4798464","100.9596929",
"단독주택","경부1권","월세수급동향","","83.80952381","84.28571429","84.28571429","90.95238095","94.28571429","90","90","90.47619048","90.47619048","90.95238095","92.85714286","92.85714286","92.85714286","93.80952381","93.80952381","93.33333333","94.28571429","98.57142857","99.52380952","99.52380952","100","101.4285714","100.952381","100.952381","100.952381","100","99.52380952","99.52380952","99.52380952","95","95.76923077","95.38461538","91.92307692","90.38461538","90","89.23076923","89.23076923","88.84615385","90","90","90","90","90.76923077","87.30769231","88.84615385","90","90","89.61538462","88.07692308","88.46153846","88.84615385","88.07692308","89.23076923","93.46153846","92.69230769","92.69230769","92.69230769","93.84615385","93.46153846","91.15384615","95.38461538","100","98.07692308","100.3846154","98.07692308","98.07692308","98.46153846","103.0769231","106.1538462","102.3076923","100.3846154","101.5384615","106.875","104.375","109.375","100","100","99.375","98.75","99.375","102.5","105","101.875","102.5","101.25","103.125","101.875","101.25","94.375","91.25","86.875","87.5","87.5","88.75","89.375","93.125","96.875","98.125","100.625","100.625","98.75","98.125","94.375","96.875","98.125","98.125","98.75","95","101.875","102.5","102.5","103.75","101.875","101.25","103.125","106.25","102.5","104.6153846","107.6923077","109.2307692308","103.0769231","100.7692308","102.3076923","101.5384615","101.5384615","100",
"단독주택","경부2권","월세수급동향","","105","102.2727273","101.8181818","97.27272727","97.72727273","90.90909091","91.36363636","91.36363636","91.36363636","91.81818182","91.81818182","92.27272727","92.27272727","93.63636364","89.82142857","91.25","91.07142857","91.42857143","91.60714286","91.25","91.07142857","91.42857143","93.21428571","91.60714286","97.32142857","99.10714286","100.3571429","101.0714286","100.7142857","100","100.6060606","99.6969697","98.18181818","99.09090909","97.87878788","96.96969697","99.09090909","97.87878788","99.39393939","100.9090909","100.6060606","98.18181818","99.09090909","99.6969697","98.48484848","97.87878788","97.57575758","98.78787879","97.87878788","96.96969697","97.57575758","97.57575758","100","97.57575758","97.57575758","97.27272727","98.78787879","96.66666667","97.27272727","99.6969697","98.18181818","101.8181818","105.1515152","102.4242424","101.5151515","100.9090909","101.5151515","99.6969697","99.39393939","99.09090909","100","100","106","107.5","116","100.5","100.5","100.5","100","99.5","100.5","100","101.5","101.5","101.5","101","102","101","98.5","96.5","96.5","95","93.5","92.5","92.5","95.5","97","95.5","96.5","96","95.5","95.5","95.5","95","95.5","94.5","94.5","93.5","93.5","94","92.5","92.5","92","94","99.5","99","97","96.34146341","100","100","100","98.7804878","100","100","100","100.6097561",
"단독주택","서해안권","월세수급동향","","94.07407407","94.07407407","92.22222222","94.81481481","94.44444444","94.07407407","94.07407407","94.44444444","94.07407407","94.07407407","94.07407407","94.44444444","94.44444444","95.55555556","95.55555556","95.55555556","95.18518519","95.18518519","95.18518519","95.18518519","95.18518519","95.92592593","95.55555556","95.92592593","96.2962963","96.2962963","94.07407407","94.44444444","96.2962963","100","100","99.64285714","99.28571429","93.57142857","93.57142857","93.57142857","93.57142857","100.7142857","102.1428571","102.1428571","98.57142857","98.21428571","94.64285714","94.28571429","95","95.71428571","95.71428571","95.35714286","99.28571429","99.28571429","100.3571429","100.3571429","100.3571429","101.0714286","101.4285714","100.7142857","100.7142857","100.7142857","100.3571429","101.0714286","100.3571429","100.3571429","101.0714286","101.0714286","102.1428571","102.8571429","102.1428571","101.7857143","102.8571429","101.4285714","101.0714286","101.4285714","102.0833333","103.3333333","107.5","100","100","100","96.66666667","99.16666667","99.58333333","100.4166667","100.4166667","100","100.8333333","100.8333333","100","100.8333333","97.91666667","99.58333333","97.91666667","97.08333333","95.41666667","95","97.91666667","96.25","96.66666667","99.58333333","97.91666667","96.66666667","97.5","96.25","96.25","96.25","97.5","97.08333333","97.5","98.33333333","100","97.91666667","99.16666667","97.91666667","98.33333333","97.91666667","97.91666667","96.66666667","97.5","100.5102041","98.97959184","99.4897959184","100.5102041","101.5306122","102.0408163","103.0612245","103.5714286","105.1020408",
"단독주택","동부1권","월세수급동향","","89","88.2","88.2","88.2","88.4","88.4","89.4","89.4","89.4","89.4","89.8","89.8","90","88.6","89","91","91.2","91.8","91.8","91.8","92.4","92.4","94.6","94","94","94.2","94.2","94","93.6","97.33333333","97.33333333","97.33333333","97.33333333","97.33333333","97.33333333","97.33333333","97.33333333","97","97.66666667","96.66666667","97.66666667","98","95.66666667","95.33333333","96","95.33333333","95","95.33333333","97.33333333","96.66666667","97","97","97","96.66666667","95.97315436","95.97315436","95.97315436","95.97315436","94.96644295","95.63758389","99","100.3333333","100.3333333","103","104.6666667","104","105.6666667","106.6666667","106","108","105.6666667","109.6666667","103.125","105.625","110.625","106.25","100","100","98.75","100","99.375","98.75","101.25","105.625","105.625","101.25","100","99.375","98.125","91.875","93.125","92.5","91.875","92.5","96.875","94.375","88.75","91.25","92.5","93.75","93.75","91.25","91.875","92.5","93.125","95","99.375","101.25","97.5","97.5","99.375","100","98.75","100","98.125","98.75","101.875","101.5625","102.34375","101.5625","100.78125","101.5625","100","100.78125","100.78125","102.34375",
"단독주택","동부2권","월세수급동향","","89.42857143","88.85714286","89.42857143","89.14285714","89.42857143","89.71428571","89.71428571","90.28571429","90.85714286","91.42857143","92.85714286","93.14285714","93.42857143","93.42857143","93.14285714","93.14285714","93.42857143","93.71428571","93.71428571","94","95.42857143","95.14285714","95.71428571","95.71428571","96","96.85714286","97.71428571","100.2857143","96.85714286","100","100","100","100","98.8","98.8","98.4","96.4","97.2","97.2","83.2","83.2","83.2","82.59259259","82.59259259","82.59259259","82.59259259","82.59259259","82.96296296","82.96296296","83.7037037","82.96296296","82.59259259","82.22222222","82.96296296","82.96296296","82.96296296","82.96296296","83.33333333","82.96296296","83.33333333","83.33333333","83.33333333","82.96296296","82.59259259","82.59259259","83.33333333","82.96296296","82.59259259","82.96296296","83.33333333","82.96296296","82.96296296","104","106","103","101","106.5","104","99.5","100","101","101.5","104","104.5454545","103","101","101","98.5","94","90.5","88","87","85.5","85.5","85","86","90","91.5","93.5","93.5","93","91.5","93","94.5","95.5","95.5","95.5","96","97","97.5","98.5","99","98","97.5","97.5","100","99","97.5","98.125","98.75","99.375","95","93.125","95.625","96.25","96.875",
"단독주택","경의권","월세수급동향","","100.8571429","85.71428571","86","85.42857143","85.71428571","85.14285714","86.85714286","86.85714286","86.85714286","86.85714286","86.85714286","87.14285714","87.14285714","87.14285714","87.5","88.05555556","88.05555556","88.05555556","88.05555556","88.05555556","88.61111111","92.22222222","93.05555556","92.77777778","92.77777778","93.33333333","94.44444444","93.88888889","93.61111111","95","95","95","95","94.33333333","94","94","93.66666667","93.66666667","94","94","94.33333333","94.33333333","94","94","94","97","97.66666667","97.66666667","99","99","99","98.66666667","99","98.33333333","98.33333333","99","99.33333333","100","100","100","100","100","100","100","100.3333333","102","101","101","101","100.6666667","100.3333333","100.3333333","96.47058824","97.64705882","105.2941176","100","100","100","99.41176471","98.82352941","97.05882353","99.41176471","100","100","100.5882353","100","97.64705882","95.29411765","92.35294118","89.41176471","87.05882353","86.47058824","87.64705882","88.23529412","89.41176471","88.23529412","87.64705882","86.47058824","87.05882353","88.23529412","88.23529412","87.64705882","87.64705882","87.05882353","85.88235294","87.64705882","88.82352941","90","92.35294118","94.11764706","94.11764706","93.52941176","91.76470588","91.76470588","92.35294118","91.17647059","92.94117647","97.79411765","96.32352941","97.7941176471","95.58823529","97.05882353","99.26470588","99.26470588","99.26470588","100",
"단독주택","경원권","월세수급동향","","93.2","89.6","89.2","91.6","91.6","88.4","92","90.8","92.4","92","92","91.6","91.6","90.8","90.54054054","90.54054054","90.54054054","91.35135135","88.10810811","88.91891892","89.72972973","89.72972973","89.18918919","88.37837838","88.37837838","88.37837838","87.83783784","87.83783784","87.83783784","100","100","100","100","100","100","100","100","100","100","100","100","100","100","100","100","99.62962963","99.62962963","99.25925926","99.25925926","99.25925926","99.25925926","99.25925926","99.25925926","99.25925926","99.25925926","99.25925926","98.51851852","96.66666667","95.55555556","95.55555556","97.40740741","95.55555556","93.7037037","93.7037037","97.77777778","97.77777778","100.3703704","100.3703704","100.7407407","101.1111111","95.18518519","95.92592593","100","99.375","107.5","101.25","100","99.375","96.83544304","94.375","97.5","100.625","100","100","98.75","99.375","102.5","99.375","99.375","98.75","98.75","97.5","96.875","96.875","96.25","96.25","95.625","94.375","95.625","94.375","95.625","96.875","91.25","96.25","95","93.75","93.75","94.375","94.375","95","95","96.25","95.625","98.125","97.5","95","95.625","99.21875","98.4375","100","102.34375","103.90625","101.5625","101.5625","101.5625","100.78125",
"단독주택","인천","월세수급동향","","83.47826087","83.47826087","83.47826087","87.82608696","87.82608696","87.82608696","87.82608696","87.82608696","87.82608696","87.82608696","88.04347826","87.82608696","87.82608696","87.82608696","87.82608696","92.17391304","90.2173913","91.08695652","91.08695652","89.34782609","89.13043478","89.34782609","90.86956522","90.43478261","89.7826087","93.04347826","93.26086957","92.60869565","92.82608696","97.10526316","96.84210526","96.31578947","96.84210526","97.63157895","96.05263158","95.78947368","96.05263158","92.63157895","96.31578947","95.52631579","95.78947368","96.05263158","96.57894737","96.31578947","95.78947368","97.89473684","97.63157895","96.84210526","94.73684211","96.57894737","97.36842105","97.36842105","97.89473684","97.89473684","97.36842105","96.57894737","98.68421053","97.63157895","97.89473684","96.84210526","96.84210526","97.36842105","96.84210526","97.63157895","98.42105263","98.68421053","98.94736842","100.5263158","100","100.2631579","100.5263158","101.5789474","100","100.7894737","101.5789474","99.73684211","100.5263158","99.47368421","100.2631579","100.2631579","100.2631579","100.5263158","101.8421053","101.8421053","100.2631579","100.2631579","99.73684211","99.47368421","98.15789474","95.78947368","95.26315789","96.31578947","96.84210526","97.10526316","95.52631579","96.31578947","95","92.89473684","96.05263158","95","95","95","95.52631579","96.31578947","97.10526316","99.47368421","97.63157895","97.10526316","97.10526316","97.36842105","99.73684211","98.68421053","97.36842105","99.47368421","99.21052632","98.68421053","98.68421053","98.7012987","99.02597403","99.025974026","99.67532468","103.8961039","102.5974026","101.2987013","100.6493506","101.6233766",
"단독주택","부산","월세수급동향","","91.89655172","92.75862069","93.44827586","93.10344828","92.4137931","93.62068966","92.93103448","92.5862069","91.72413793","92.06896552","92.4137931","92.5862069","92.24137931","94.31034483","95.68965517","95.68965517","96.72413793","96.20689655","96.20689655","94.31034483","96.37931034","96.89655172","96.72413793","97.24137931","97.24137931","97.4137931","97.24137931","96.55172414","96.20689655","89.07692308","88.92307692","88.15384615","88","90.61538462","89.23076923","88.46153846","88.30769231","88.61538462","86.61538462","85.07692308","84.61538462","83.38461538","75.07692308","75.07692308","76.92307692","75.07692308","76.30769231","76","75.53846154","74.30769231","74","73.69230769","74.61538462","76","78","78.30769231","79.07692308","76.46153846","75.23076923","75.84615385","75.69230769","75.53846154","74.76923077","75.69230769","75.53846154","77.07692308","77.69230769","77.69230769","77.53846154","77.07692308","76.92307692","77.69230769","97.6","99.6","100.8","100.2","100.4","100.8","100","100.6","102","101.2","100.8","100.4","100.4","100","100","98.2","98.2","95","94.8","94.2","94.6","93.8","93.2","92.8","93.6","94","94.2","95.6","96.4","94.4","94.8","95","94.6","93.4","93.6","93","93","94.4","94.6","94.2","93.6","92","91.8","93.4","93.2","92.1182266","91.37931034","90.1477832512","92.61083744","92.61083744","93.34975369","93.59605911","93.34975369","94.33497537",
"단독주택","중부산권","월세수급동향","","90","92.8","92.4","92.4","91.6","91.2","91.2","91.2","89.6","90.4","91.2","91.2","92","98.4","98.4","98.8","99.2","98.8","98.4","97.6","97.6","97.2","97.2","98","98","97.2","96.8","96.8","96.8","88.07692308","88.07692308","87.69230769","86.92307692","90.76923077","87.30769231","83.07692308","83.46153846","82.69230769","82.30769231","82.30769231","83.07692308","81.92307692","81.53846154","81.92307692","85.38461538","81.92307692","83.07692308","83.07692308","82.30769231","80","78.84615385","77.69230769","80","81.92307692","83.46153846","84.23076923","84.61538462","79.61538462","80","80","80","81.92307692","81.92307692","81.92307692","81.92307692","82.30769231","84.23076923","84.61538462","84.23076923","84.61538462","84.61538462","85","100.952381","100","100.4761905","100","100.4761905","100.952381","100","100","100","100","100","100","100","100.4761905","100.4761905","99.52380952","96.66666667","93.80952381","94.76190476","94.28571429","95.23809524","93.33333333","92.85714286","91.9047619","93.33333333","93.33333333","93.80952381","97.14285714","98.0952381","96.19047619","96.66666667","94.76190476","92.85714286","90.95238095","90.95238095","91.42857143","92.85714286","93.33333333","93.33333333","93.33333333","91.9047619","90.47619048","91.42857143","92.38095238","93.80952381","92.52873563","92.52873563","91.3793103448","92.52873563","91.37931034","93.10344828","94.25287356","93.67816092","96.55172414",
"단독주택","동부산권","월세수급동향","","89.41176471","90.58823529","90.58823529","90","89.41176471","90","90","90","89.41176471","89.41176471","90.58823529","90.58823529","90","88.23529412","93.52941176","92.94117647","95.88235294","94.70588235","94.70588235","94.70588235","94.70588235","96.47058824","96.47058824","96.47058824","95.29411765","96.47058824","96.47058824","93.52941176","93.52941176","89.28571429","89.28571429","89.28571429","90","90","90","90","89.28571429","88.57142857","88.57142857","82.14285714","78.57142857","76.42857143","76.42857143","75","77.85714286","78.57142857","78.57142857","79.28571429","79.28571429","78.57142857","79.28571429","79.28571429","79.28571429","80.71428571","83.57142857","84.28571429","84.28571429","80","73.57142857","73.57142857","72.14285714","67.85714286","66.42857143","69.28571429","67.85714286","72.14285714","72.14285714","73.57142857","73.57142857","72.85714286","68.57142857","68.57142857","96","100","100","100","100","101.3333333","100","101.3333333","106","102.6666667","102","100.6666667","101.3333333","100.6666667","101.3333333","96.66666667","100.6666667","97.33333333","96","94.66666667","93.33333333","93.33333333","92.66666667","91.33333333","92.66666667","91.33333333","91.33333333","92.66666667","95.33333333","93.33333333","92.66666667","95.33333333","96","94.66666667","95.33333333","93.33333333","92","95.33333333","95.33333333","95.33333333","94.66666667","93.33333333","93.33333333","94.66666667","94","93.33333333","92.5","91.6666666667","95.83333333","96.66666667","97.5","97.5","97.5","97.5",
"단독주택","서부산권","월세수급동향","","97.5","95","98.125","97.5","96.875","101.25","98.75","97.5","97.5","97.5","96.25","96.875","95","94.375","93.75","93.75","93.75","93.75","94.375","88.75","96.25","96.875","96.25","96.875","98.125","98.75","98.75","99.375","98.125","90","89.6","88","88","90.8","90.8","93.2","92.8","94.8","90","89.6","89.6","88.8","67.6","68","67.6","66","68","66.8","66.4","66","66","66.4","66.4","67.2","69.2","68.8","70.4","71.2","71.2","72.8","73.2","73.2","72","72.8","73.2","74.4","74","72.8","72.8","71.6","73.6","75.2","94.28571429","98.57142857","102.1428571","100.7142857","100.7142857","100","100","100.7142857","100.7142857","101.4285714","100.7142857","100.7142857","100","98.57142857","97.85714286","97.85714286","97.85714286","94.28571429","93.57142857","93.57142857","95","95","94.28571429","95.71428571","95","97.85714286","97.85714286","96.42857143","95","92.85714286","94.28571429","95","95.71428571","95.71428571","95.71428571","95","94.28571429","95","95.71428571","94.28571429","95","92.85714286","90.71428571","93.57142857","91.42857143","90.17857143","88.39285714","86.6071428571","89.28571429","90.17857143","89.28571429","88.39285714","88.39285714","87.5",
"단독주택","대구","월세수급동향","","98.18181818","96.81818182","99.54545455","100.9090909","101.8181818","101.8181818","101.8181818","99.54545455","102.2727273","102.2727273","101.3636364","100.4545455","101.3636364","100.9090909","96.81818182","98.18181818","98.63636364","97.72727273","98.18181818","98.63636364","100","99.09090909","98.63636364","99.09090909","99.54545455","99.54545455","100.4545455","100.9090909","99.54545455","100.6060606","100.3030303","100.3030303","95.75","95.75","95.75","95.75","95.5","95.75","95.75","95.25","96.25","96.25","97.94871795","98.20512821","98.20512821","97.17948718","96.92307692","96.92307692","99.48717949","103.0769231","99.48717949","99.48717949","100.5128205","100","100.5128205","100","100","100","100.5128205","100","100","101.025641","100.2564103","102.5641026","101.7948718","101.2820513","102.0512821","101.5384615","101.5384615","101.5384615","102.0512821","102.5641026","100.4255319","100","100.6382979","100","101.0638298","99.78723404","99.14893617","100","99.14893617","98.93617021","99.78723404","99.36170213","100.8510638","100.6410256","99.78723404","100.212766","100","100.4255319","98.5106383","97.0212766","98.29787234","97.0212766","96.80851064","95.95744681","96.45833333","96.45833333","96.66666667","96.875","96.25","95.83333333","94.375","95","93.95833333","94.58333333","94.79166667","94.58333333","93.33333333","92.70833333","93.54166667","93.33333333","92.91666667","93.33333333","92.70833333","93.54166667","93.54166667","92.82051282","93.07692308","93.3333333333","91.79487179","91.79487179","92.05128205","90.76923077","90.51282051","90.76923077",
"단독주택","광주","월세수급동향","","93.33333333","93.33333333","93.33333333","93.33333333","94.76190476","94.76190476","94.76190476","94.76190476","94.76190476","97.14285714","97.14285714","97.14285714","97.61904762","97.14285714","97.14285714","97.14285714","97.14285714","97.14285714","97.14285714","97.61904762","98.0952381","97.61904762","99.52380952","97.14285714","98.0952381","98.57142857","98.0952381","98.57142857","98.57142857","100.3571429","100","100","100","100.3571429","98.92857143","98.92857143","98.92857143","99.28571429","99.28571429","99.64285714","98.92857143","98.92857143","99.64285714","98.92857143","100.3571429","99.64285714","99.64285714","99.28571429","99.64285714","99.64285714","100.3571429","100.3571429","100.3571429","100","100","100","100","100","100","99.28571429","98.92857143","99.28571429","94.64285714","95.35714286","95.35714286","96.78571429","94.64285714","95.35714286","94.28571429","95","95.35714286","95","99.44444444","100.2777778","100","100","98.33333333","97.77777778","99.16201117","100","99.72222222","100.5555556","100.2793296","100.8333333","99.16666667","100.2777778","100.2777778","99.44444444","98.61111111","94.44444444","96.94444444","96.38888889","96.38888889","96.38888889","97.5","98.05555556","98.05555556","99.16666667","98.61111111","100.5555556","99.16666667","98.33333333","99.72222222","99.44444444","99.44444444","98.88888889","98.88888889","100.2777778","99.72222222","99.44444444","98.61111111","97.5","97.5","96.66666667","96.66666667","96.66666667","97.77777778","98.96551724","99.65517241","100.3448275862","99.65517241","100.3448276","101.7241379","103.7931034","101.3793103","101.7241379",
"단독주택","대전","월세수급동향","","97.24137931","97.24137931","97.5862069","96.20689655","95.86206897","95.51724138","95.86206897","96.55172414","98.27586207","98.27586207","98.27586207","98.27586207","98.27586207","98.27586207","96.875","98.75","98.4375","98.4375","98.75","98.75","98.75","98.75","98.75","98.75","98.75","99.0625","99.0625","99.0625","97.8125","95.75","95.75","95.75","100.6060606","99.6969697","100","99.6969697","100","99.39393939","100","100","100","99.09090909","98.4375","100","99.0625","99.6875","99.6875","99.6875","102.8125","103.4375","102.5","100","100","101.5625","100","99.6875","101.5625","99.0625","100.3125","100.3125","101.25","101.5625","102.1875","102.1875","102.1875","102.8125","101.5625","103.4375","103.125","104.6875","103.4375","102.5","98.85714286","101.4285714","100","100.2857143","100.2857143","100","98.85714286","99.42857143","99.42857143","99.71428571","98.27586207","99.42857143","100.2857143","99.42857143","96.57142857","96.28571429","92","88.57142857","91.42857143","88.57142857","88.28571429","88.57142857","88.28571429","88.85714286","88","90.28571429","88.57142857","88.85714286","88","88.57142857","90.85714286","92.85714286","92.85714286","93.14285714","94.28571429","93.71428571","94","94","95.14285714","95.14285714","95.14285714","95.14285714","96.85714286","96.57142857","96.57142857","97.14285714","95.35714286","94.2857142857","97.14285714","97.5","97.85714286","97.14285714","97.5","98.57142857",
"단독주택","울산","월세수급동향","","96.5","96.5","95","95.5","95","95.5","96.5","95.5","95","95.5","94.5","95","94","93","94.34782609","95.2173913","95.65217391","95.65217391","95.65217391","95.65217391","95.2173913","94.34782609","93.04347826","90.43478261","91.73913043","92.60869565","90.86956522","87.82608696","87.39130435","76.92307692","77.17948718","75.8974359","74.61538462","73.33333333","72.05128205","73.07692308","73.84615385","68.97435897","66.92307692","67.69230769","67.17948718","66.92307692","64.61538462","64.1025641","63.84615385","63.33333333","64.35897436","63.84615385","63.33333333","64.1025641","64.87179487","64.35897436","64.35897436","64.87179487","66.15384615","66.41025641","66.41025641","66.41025641","66.41025641","66.66666667","68.71794872","68.20512821","68.71794872","72.05128205","72.30769231","76.15384615","75.8974359","75.8974359","75.8974359","76.66666667","76.92307692","77.43589744","104.0625","100.625","103.4375","100","109.0625","106.875","107.8125","107.1875","106.25","103.75","102.8125","102.8301887","100.9375","99.0625","98.4375","99.375","97.5","95.3125","94.375","93.75","92.8125","92.5","91.25","91.5625","92.8125","90.625","90.3125","90","91.5625","91.875","93.125","93.125","94.0625","94.6875","94.6875","95.625","94.6875","94.6875","94.0625","94.375","94.6875","93.75","94.6875","96.25","95.625","96.875","96.875","96.875","97.65625","97.65625","97.265625","97.265625","97.265625","96.875",
"단독주택","세종","월세수급동향","","98.69565217","96.95652174","96.08695652","97.82608696","96.08695652","94.7826087","95.65217391","96.95652174","95.65217391","100","94.7826087","94.34782609","96.52173913","96.08695652","96.08695652","99.13043478","100","100.4347826","99.56521739","99.13043478","102.173913","98.26086957","97.82608696","98.26086957","98.26086957","98.26086957","102.6086957","99.56521739","102.6086957","103.3333333","102.9166667","101.25","100","102.0833333","100.8333333","100.8333333","102.5","100.4166667","100","100","100","99.58333333","100","99.2","100","99.6","98","98.4","98.8","96.4","97.2","97.2","98","96.8","96.8","96.8","96.8","96.4","96.8","97.2","97.6","96.8","98","99.2","98.8","100.4","98.4","100.4","100","100","95.6","96.8","96.42857143","100","102.1428571","100","100","97.14285714","98.57142857","97.14285714","95","97.85714286","97.85714286","97.14285714","98.57142857","99.28571429","99.28571429","99.28571429","97.85714286","92.14285714","92.85714286","95","95.71428571","100","97.85714286","97.14285714","99.28571429","98.57142857","96.42857143","100","93.57142857","93.57142857","93.57142857","95","97.85714286","96.42857143","96.42857143","95.71428571","94.28571429","95.71428571","94.28571429","93.57142857","93.57142857","91.42857143","91.42857143","90.71428571","90.71428571","98.21428571","97.32142857","97.3214285714","98.21428571","99.10714286","98.21428571","96.42857143","97.32142857","100.8928571",
"단독주택","강원","월세수급동향","","85.26315789","85.26315789","85.26315789","85.26315789","85.26315789","84.47368421","84.21052632","84.21052632","83.94736842","83.68421053","83.42105263","81.84210526","82.10526316","82.36842105","82.89473684","86.31578947","87.89473684","87.89473684","87.89473684","87.89473684","88.42105263","88.42105263","88.42105263","88.42105263","95","96.57894737","96.57894737","97.10526316","92.89473684","98.6","97.6","98.4","98.4","98.2","96.8","95.4","95.4","96.2","95.6","95","94","94.2","92.8","93","93","92.8","90.8","90.6","90","90.2","89.4","89.6","87.4","88.2","89","89.6","89.6","89.2","89.2","90.2","91.8","94.4","92.6","94.8","96.2","97.8","98","98.6","100.4","100.6","100.2","100.6","99.8245614","103.8596491","102.9824561","100.3508772","101.4035088","101.754386","101.5789474","102.1052632","101.9298246","102.1126761","102.8070175","102.6315789","102.6315789","102.1052632","101.4035088","100.877193","100.5263158","99.64912281","100.3508772","100.3508772","97.71929825","98.07017544","98.59649123","98.77192982","99.64912281","99.47368421","98.94736842","100.5263158","99.8245614","99.64912281","100.1754386","100.3508772","100.877193","101.0526316","100.7017544","100.877193","99.64912281","100.7017544","100.7017544","100.5263158","100.1754386","100.3508772","100.7017544","100.3508772","100","99.56331878","100.4366812","100","100.4366812","100.2183406","100.2183406","100.8733624","100.2183406","100",
"단독주택","충북","월세수급동향","","99","99","99.25","99.25","99.25","99.25","99.25","99.75","99.25","99.5","99.25","99","99","98.75","97.75","94.25","94.5","94.75","95","95.75","96","96","95.75","95.75","95","94.5","94.5","95.25","95.25","95","95.41666667","96.25","99.16666667","98.75","99.375","99.58333333","99.79166667","99.58333333","99.16666667","99.375","98.125","99.79166667","100","99.58333333","99.79166667","99.58333333","99.58333333","99.58333333","98.95833333","98.75","98.75","98.75","98.75","97.08333333","97.08333333","97.08333333","97.08333333","97.08333333","97.29166667","97.91666667","97.70833333","97.91666667","97.91666667","97.91666667","98.125","98.33333333","97.91666667","98.125","98.125","98.125","98.54166667","99.58333333","91.45454545","99.81818182","99.63636364","100","100","100.3636364","100","100","100","100.3636364","100","99.81818182","99.81818182","100.1818182","99.81818182","99.27272727","99.27272727","97.27272727","98","97.27272727","98.36363636","99.09090909","97.45454545","98","96.90909091","96","96.90909091","96.72727273","98.36363636","97.27272727","97.81818182","97.09090909","97.27272727","97.81818182","98.36363636","97.27272727","98","97.45454545","98.18181818","98.72727273","98.18181818","97.81818182","97.81818182","98.18181818","98","98.64864865","97.74774775","97.0720720721","97.74774775","98.64864865","95.72072072","98.1981982","98.64864865","97.74774775",
"단독주택","충남","월세수급동향","","97.07317073","95.6097561","96.34146341","96.82926829","96.09756098","97.07317073","95.6097561","95.6097561","97.07317073","96.82926829","96.58536585","97.56097561","97.80487805","98.29268293","97.80487805","97.80487805","97.31707317","97.07317073","95.85365854","95.36585366","95.36585366","95.36585366","95.6097561","95.6097561","96.09756098","95.85365854","95.85365854","95.85365854","95.12195122","94.11764706","93.52941176","93.7254902","98.03921569","96.8627451","96.8627451","94.70588235","95.88235294","95.68627451","95.88235294","95.88235294","96.66666667","96.66666667","97","97.6","97.8","97.8","100","97.4","98.6","97.4","97.2","98.4","98.8","98.4","97.6","96.8","98","95","97.6","96.6","96.8","96.2","96.4","98.2","97.8","98.8","98.4","98.2","100.6","98.4","98","98","97.66666667","100.1666667","100.3333333","102.1666667","100.6666667","99.5","98.5","99.83333333","100.1666667","100.8333333","100","100.1666667","99.33333333","100.1666667","100.8333333","101.6666667","99.5","97.83333333","96.83333333","97.5","96.83333333","97.16666667","97.16666667","95.83333333","97.16666667","96.66666667","97.16666667","97","96.5","97.66666667","97.66666667","98.5","97.83333333","98.5","98","98.5","98","98.5","98","97.83333333","97.66666667","97.66666667","98.33333333","97.83333333","97.66666667","96.89922481","96.31782946","96.1240310078","96.70542636","97.6744186","97.6744186","98.0620155","98.0620155","98.64341085",
"단독주택","전북","월세수급동향","","99","99","98.75","97","100","101.25","101.75","100.75","101.75","101","100","98.75","99.75","99.75","100","101.75","100.75","101.25","100.75","101","100.75","101.25","101.5","100","99.25","99.75","101.75","101.25","101.25","97.60869565","97.39130435","97.17391304","97.60869565","97.39130435","97.82608696","97.60869565","97.39130435","97.39130435","97.60869565","97.60869565","95.86956522","95.43478261","95.11111111","94.66666667","94.88888889","96","97.11111111","97.33333333","98.66666667","98.88888889","98.22222222","97.55555556","97.11111111","97.77777778","98","97.77777778","97.77777778","97.77777778","98","97.77777778","98.22222222","98.22222222","97.33333333","97.33333333","97.33333333","97.33333333","97.33333333","97.55555556","97.33333333","97.33333333","97.11111111","97.77777778","89.83050847","93.89830508","96.77966102","100","100","100","99.66101695","100.5084746","100.5084746","99.83050847","100","100.3389831","99.83050847","100.1694915","98.98305085","98.6440678","97.28813559","92.71186441","92.88135593","94.06779661","91.18644068","90.84745763","89.49152542","89.3220339","91.01694915","90.6779661","93.72881356","93.05084746","92.54237288","93.55932203","92.54237288","92.71186441","93.22033898","93.55932203","94.57627119","95.42372881","96.61016949","97.28813559","96.27118644","97.28813559","96.10169492","95.76271186","96.61016949","97.11864407","96.44067797","97.5308642","96.2962963","98.353909465","99.38271605","100.2057613","99.79423868","100","100.8230453","101.6460905",
"단독주택","전남","월세수급동향","","100.1960784","100.1960784","100.1960784","100.1960784","100.1960784","100.1960784","100.1960784","99.60784314","98.82352941","98.62745098","98.62745098","96.2745098","96.66666667","96.2745098","96.2745098","96.8627451","97.64705882","98.62745098","98.82352941","98.82352941","98.82352941","99.21568627","97.84313725","97.64705882","97.64705882","98.03921569","98.82352941","99.01960784","99.21568627","99.31034483","100.5172414","100.1724138","100","99.82758621","100","99.31034483","96.89655172","97.24137931","99.65517241","99.13793103","100","99.82758621","99.65517241","100.3448276","100.5172414","100.6896552","100.6896552","99.82758621","100.1724138","100.6896552","100.1724138","100","100","99.65517241","100.1724138","100","99.82758621","99.48275862","101.0344828","101.8965517","102.0689655","102.0689655","101.5517241","103.7931034","104.3103448","102.9310345","101.5517241","102.0689655","101.5517241","100.5172414","101.5517241","103.4482759","84.92957746","87.46478873","90.70422535","100.5633803","99.57746479","99.85915493","99.57746479","99.57746479","100.1412429","100.4225352","100.7042254","100.1408451","100.8450704","100.1408451","98.87323944","99.71830986","97.46478873","95.77464789","96.1971831","96.05633803","96.05633803","98.02816901","98.45070423","98.5915493","98.16901408","98.30985915","98.16901408","98.45070423","98.45070423","98.87323944","98.5915493","99.01408451","99.29577465","99.01408451","98.73239437","98.45070423","97.88732394","97.74647887","97.74647887","97.18309859","97.32394366","97.88732394","97.6056338","97.04225352","96.47887324","96.61016949","96.10169492","96.4406779661","97.28813559","98.6440678","96.77966102","96.77966102","96.27118644","98.47457627",
"단독주택","경북","월세수급동향","","97.9245283","100","101.1320755","95.09433962","95.28301887","94.33962264","94.90566038","93.77358491","96.22641509","98.49056604","96.41509434","96.60377358","99.05660377","98.49056604","97.9245283","94.52830189","95.28301887","97.9245283","95.28301887","94.71698113","94.90566038","95.09433962","94.90566038","94.71698113","94.33962264","93.96226415","92.45283019","91.32075472","91.50943396","89.36507937","89.36507937","89.68253968","89.52380952","89.20634921","88.41269841","88.41269841","89.20634921","88.41269841","88.73015873","88.41269841","88.88888889","89.52380952","85.48387097","85","84.83870968","84.19354839","84.35483871","84.19354839","83.70967742","83.22580645","83.38709677","83.38709677","83.38709677","83.22580645","87.41935484","86.4516129","86.29032258","85.96774194","85.80645161","85.64516129","91.77419355","91.93548387","91.93548387","91.77419355","91.93548387","92.41935484","92.25806452","91.61290323","91.77419355","92.74193548","93.06451613","93.22580645","99.87341772","100.5063291","100","100.3797468","100.3797468","99.49367089","99.62025316","100.1265823","100.2531646","100.2531646","100","100.1265823","100.2538071","101.2658228","101.2658228","101.1392405","100.7594937","100.6329114","100","99.74683544","99.87341772","99.87341772","99.74683544","99.24050633","99.1025641","98.97435897","99.74358974","99.74358974","99.61538462","99.74358974","99.87179487","99.87179487","100","100","100.1282051","100.1282051","100.5128205","100.6410256","100.3846154","100.2564103","100.6410256","100.7692308","100.3846154","100.3846154","100.1282051","99.8447205","99.8447205","99.5341614907","99.53416149","99.53416149","99.37888199","99.06832298","99.22360248","98.91304348",
"단독주택","경남","월세수급동향","","94.88888889","94.22222222","94.22222222","95.11111111","93.33333333","93.11111111","93.33333333","96.22222222","95.77777778","95.11111111","94.66666667","92.66666667","92","96.66666667","95.77777778","95.33333333","95.11111111","94.44444444","95.11111111","95.55555556","94.44444444","95.55555556","95.33333333","95.55555556","94.66666667","92","91.33333333","91.55555556","90.22222222","90.15625","89.53125","89.375","87.5","87.03125","86.09375","84.6875","83.4375","80.9375","80.625","81.5625","80.9375","81.40625","80.31746032","77.93650794","77.14285714","75.55555556","71.9047619","71.74603175","77.77777778","77.93650794","75.71428571","75.87301587","75.87301587","78.41269841","79.20634921","80","80.47619048","80.31746032","80.15873016","82.53968254","86.82539683","89.04761905","85.71428571","84.6031746","85.3968254","87.77777778","90.95238095","93.65079365","93.80952381","95.07936508","95.87301587","96.66666667","98.96103896","100.7792208","100.2597403","100.6493506","100","98.31168831","99.87012987","100.2597403","100.6493506","100.6493506","100.9090909","100","100.1298701","99.48051948","99.22077922","100.2597403","99.48051948","98.83116883","97.66233766","95.97402597","96.49350649","97.14285714","97.53246753","96.49350649","96.62337662","97.14285714","98.05194805","97.79220779","98.18181818","98.31168831","97.53246753","98.31168831","99.22077922","98.96103896","98.7012987","99.22077922","98.05194805","98.31168831","99.35064935","99.74025974","100","99.22077922","99.61038961","99.48051948","99.09090909","100.3236246","100.1618123","100.8090614887","99.8381877","100.3236246","100.6472492","99.19093851","99.6763754","101.1326861",
"단독주택","제주","월세수급동향","","96.66666667","97.14285714","96.66666667","96.66666667","100","102.3809524","119.5238095","109.5238095","101.9047619","99.04761905","84.76190476","85.23809524","85.71428571","90","86.89655172","86.55172414","87.24137931","88.62068966","88.96551724","88.96551724","88.27586207","88.62068966","91.37931034","93.79310345","94.48275862","94.82758621","94.82758621","94.82758621","95.86206897","99.25925926","98.88888889","98.88888889","98.88888889","98.88888889","98.88888889","100","97.40740741","95.55555556","94.81481481","94.44444444","94.44444444","93.33333333","93.10344828","94.13793103","94.13793103","93.44827586","94.13793103","90.68965517","90.68965517","89.31034483","88.62068966","85.51724138","83.44827586","81.37931034","79.65517241","77.24137931","75.51724138","74.48275862","74.13793103","72.4137931","72.06896552","71.72413793","71.03448276","72.4137931","72.4137931","72.06896552","73.44827586","75.86206897","76.20689655","77.5862069","78.96551724","78.96551724","93.58974359","98.46153846","101.2820513","100","100","100.7692308","100.5128205","101.025641","100.2564103","100.7692308","100.2564103","100.7731959","98.97435897","102.3076923","101.7948718","100","101.7948718","98.46153846","98.20512821","99.74358974","95.64102564","95.64102564","96.15384615","96.15384615","97.17948718","96.66666667","95.64102564","95.38461538","94.35897436","95.38461538","97.69230769","96.41025641","96.66666667","94.61538462","94.61538462","94.61538462","93.07692308","92.56410256","92.56410256","89.74358974","90.51282051","93.07692308","92.82051282","93.58974359","92.30769231","91.02564103","91.34615385","93.9102564103","92.62820513","93.58974359","92.30769231","91.66666667","91.98717949","93.58974359",
